wimp_definition,window_kind,window,start_year,end_year,field,Id,Label,node_type,subtype,domain,paper_count,degree,strength_prevalence,strength_positive_npmi,hits_score_prevalence,eigenvector_centrality_prevalence,core_number,target_type_count,type_participation,normalized_type_entropy,strength_candidate_percentile,hits_candidate_percentile,eigenvector_candidate_percentile,core_candidate_percentile,node_size_sqrt_strength,label_size_log_paper_count,spectral_role_score,role_spectral_percentile,node_size_role_spectral_percentile,label_size_role_spectral_percentile,is_focal_wimp
explicit_generic,full,2006-2025,2006,2025,pooled focal fields,dm_model:axion_alp,Axion + ALP,candidate,candidate,candidate,4540,250,0.6738069414316703,12.00232476249203,0.6306305201774564,0.6306305201774565,13,6,0.8824160010363995,0.8596158195961804,1.0,0.9714285714285714,0.9714285714285714,0.7571428571428571,40.0,24.0,0.6306305201774564,0.9714285714285714,39.08571428571429,23.542857142857144,False
explicit_generic,full,2006-2025,2006,2025,pooled focal fields,dm_model:neutralino,Neutralino,candidate,candidate,candidate,1844,110,0.5061686550976138,12.279065112540433,1.0,1.0,13,6,0.819157699529463,0.7700918131205583,0.9714285714285714,1.0,1.0,0.7571428571428571,35.637260215275305,21.826161321383772,1.0,1.0,40.0,24.0,False
explicit_generic,full,2006-2025,2006,2025,pooled focal fields,dm_model:generic_wimp,Generic WIMP,candidate,candidate,candidate,2199,168,0.39953904555314534,16.01109883748349,0.3969095943996587,0.39690959439965867,13,6,0.9789930670899037,0.970895679705775,0.9428571428571428,0.8857142857142857,0.8857142857142857,0.7571428571428571,32.472369714773265,22.250899375709945,0.3969095943996587,0.8857142857142857,36.34285714285714,22.17142857142857,True
explicit_generic,full,2006-2025,2006,2025,pooled focal fields,dm_model:pbh,PBH,candidate,candidate,candidate,1928,139,0.2992136659436009,14.887240690234279,0.14749607272712237,0.1474960727271224,13,6,0.9022146241856399,0.8614529868703587,0.9142857142857143,0.7142857142857143,0.7142857142857143,0.7571428571428571,29.079279352749428,21.933620052663088,0.14749607272712237,0.7142857142857143,30.857142857142858,19.42857142857143,False
explicit_generic,full,2006-2025,2006,2025,pooled focal fields,dm_model:lsp,LSP,candidate,candidate,candidate,860,80,0.239560737527115,9.464708425991486,0.4892709634507994,0.4892709634507995,13,6,0.7935049574206616,0.7385371455878215,0.8857142857142857,0.9428571428571428,0.9428571428571428,0.7571428571428571,26.78410659550658,19.98667155340904,0.4892709634507994,0.9428571428571428,38.17142857142857,23.085714285714285,False
explicit_generic,full,2006-2025,2006,2025,pooled focal fields,dm_model:higgsino,Higgsino,candidate,candidate,candidate,811,86,0.2323752711496746,11.318453110929532,0.468052426056359,0.4680524260563589,13,6,0.8349598134111421,0.7800010797381668,0.8571428571428571,0.9142857142857143,0.9142857142857143,0.7571428571428571,26.489159241215365,19.8452495597204,0.468052426056359,0.9142857142857143,37.25714285714285,22.628571428571426,False
explicit_generic,full,2006-2025,2006,2025,pooled focal fields,dm_model:sterile_nu,Sterile nu,candidate,candidate,candidate,1315,124,0.21183568329718,14.889817810279874,0.1733414489963006,0.17334144899630063,13,6,0.95161810944,0.9173518514136033,0.8285714285714286,0.7428571428571429,0.7428571428571429,0.7571428571428571,25.619935128111635,21.010653334457793,0.1733414489963006,0.7428571428571429,31.771428571428572,19.885714285714286,False
explicit_generic,full,2006-2025,2006,2025,pooled focal fields,dm_model:gravitino,Gravitino,candidate,candidate,candidate,859,87,0.21027657266811275,9.814938933806033,0.35608774010072297,0.3560877401007228,13,6,0.7650839852494242,0.7306702465129419,0.8,0.8571428571428571,0.8571428571428571,0.7571428571428571,25.552267304715667,19.98386668968694,0.35608774010072297,0.8571428571428571,35.42857142857143,21.714285714285715,False
explicit_generic,full,2006-2025,2006,2025,pooled focal fields,dm_model:bino,Bino,candidate,candidate,candidate,402,50,0.11659436008676788,8.522906961404768,0.23968383706449659,0.23968383706449656,13,5,0.8465808545159547,0.7782574070595266,0.7714285714285715,0.8285714285714286,0.8285714285714286,0.7571428571428571,20.882549060786225,18.154379360235197,0.23968383706449659,0.8285714285714286,34.51428571428572,21.25714285714286,False
explicit_generic,full,2006-2025,2006,2025,pooled focal fields,dm_model:wino,Wino,candidate,candidate,candidate,414,52,0.10256236442516267,7.688270904887108,0.20360534128564264,0.20360534128564267,13,6,0.8699509734755277,0.8196410351998041,0.7428571428571429,0.8,0.8,0.7571428571428571,20.036913091632726,18.225198669482662,0.20360534128564264,0.8,33.6,20.8,False
explicit_generic,full,2006-2025,2006,2025,pooled focal fields,dm_model:sneutrino,Sneutrino,candidate,candidate,candidate,378,53,0.09571583514099781,7.093882983698817,0.19207349033919702,0.19207349033919707,13,6,0.7776890112271184,0.7297997410432142,0.7142857142857143,0.7714285714285715,0.7714285714285715,0.7571428571428571,19.60328614955431,18.006184382293206,0.19207349033919702,0.7714285714285715,32.68571428571428,20.34285714285714,False
explicit_generic,full,2006-2025,2006,2025,pooled focal fields,dm_model:ula_fuzzy,ULA / Fuzzy,candidate,candidate,candidate,563,70,0.0823617136659436,13.429804981082857,0.032629101324071076,0.03262910132407108,13,6,0.7514545546918663,0.7139253874820836,0.6857142857142857,0.5142857142857142,0.5142857142857142,0.7571428571428571,18.71031961181255,18.965627960941227,0.032629101324071076,0.5142857142857142,24.457142857142856,16.228571428571428,False
explicit_generic,full,2006-2025,2006,2025,pooled focal fields,dm_model:dark_photon,Dark Photon,candidate,candidate,candidate,388,44,0.05267082429501085,5.061637271310923,0.060745049327483584,0.06074504932748357,13,6,0.9687074829931973,0.9594206424695901,0.6571428571428571,0.6571428571428571,0.6571428571428571,0.7571428571428571,16.417889967060646,18.069041709807088,0.060745049327483584,0.6571428571428571,29.02857142857143,18.514285714285712,False
explicit_generic,full,2006-2025,2006,2025,pooled focal fields,dm_model:asymmetric_dm,Asymmetric DM,candidate,candidate,candidate,317,43,0.04440075921908894,4.9004147800807205,0.05633139638990282,0.05633139638990272,13,6,0.96670730143931,0.9529665774143008,0.6285714285714286,0.6,0.6,0.7571428571428571,15.668726672741787,17.582636854259622,0.05633139638990282,0.6,27.2,17.6,False
explicit_generic,full,2006-2025,2006,2025,pooled focal fields,dm_model:vector_dm,Vector DM,candidate,candidate,candidate,189,28,0.034707158351409986,4.0387054368994555,0.052849787044530645,0.05284978704453065,13,6,0.9482025146484375,0.9178638794157141,0.6,0.5714285714285714,0.5714285714285714,0.7571428571428571,14.695053000227816,16.339574682722983,0.052849787044530645,0.5714285714285714,26.285714285714285,17.142857142857142,False
explicit_generic,full,2006-2025,2006,2025,pooled focal fields,dm_model:axino,Axino,candidate,candidate,candidate,159,32,0.03341919739696313,4.623285533626141,0.07196799551680759,0.07196799551680756,13,6,0.7336495932918877,0.7082099404131105,0.5714285714285714,0.6857142857142857,0.6857142857142857,0.7571428571428571,14.555903055196413,15.924799487020543,0.07196799551680759,0.6857142857142857,29.942857142857143,18.97142857142857,False
explicit_generic,full,2006-2025,2006,2025,pooled focal fields,dm_model:generic_composite,Generic Composite,candidate,candidate,candidate,235,29,0.03301247288503254,4.016181250504469,0.05672069729158541,0.05672069729158541,13,6,0.8739590755958832,0.8573407288367504,0.5428571428571428,0.6285714285714286,0.6285714285714286,0.7571428571428571,14.51140579093865,16.862858566245553,0.05672069729158541,0.6285714285714286,28.114285714285714,18.057142857142857,False
explicit_generic,full,2006-2025,2006,2025,pooled focal fields,dm_model:twin_higgs,Twin Higgs,candidate,candidate,candidate,120,17,0.01904826464208243,2.581213100468178,0.04190028711090009,0.04190028711090008,13,6,0.8780739858917694,0.8443539950682841,0.5142857142857142,0.5428571428571428,0.5428571428571428,0.7571428571428571,12.769618006584338,15.250484229004002,0.04190028711090009,0.5428571428571428,25.37142857142857,16.685714285714283,False
explicit_generic,full,2006-2025,2006,2025,pooled focal fields,dm_model:sfdm,SFDM,candidate,candidate,candidate,129,17,0.012066160520607374,4.013376535746265,0.004545896642256116,0.004545896642256117,9,5,0.6281782603206668,0.5752149446937888,0.4857142857142857,0.2,0.2,0.4,11.646279327789886,15.423644238831525,0.004545896642256116,0.2,14.4,11.2,False
explicit_generic,full,2006-2025,2006,2025,pooled focal fields,dm_model:mirror_dm,Mirror DM,candidate,candidate,candidate,117,17,0.011727223427331885,3.6470734036129464,0.009142069860822154,0.009142069860822158,10,6,0.9197768051054162,0.885308820084379,0.45714285714285713,0.34285714285714286,0.34285714285714286,0.45714285714285713,11.584318027046471,15.1898889553241,0.009142069860822154,0.34285714285714286,18.97142857142857,13.485714285714286,False
explicit_generic,full,2006-2025,2006,2025,pooled focal fields,dm_model:minimal_su_2_l,Minimal SU(2)L,candidate,candidate,candidate,88,16,0.011388286334056398,2.338306851618582,0.02081842000023409,0.0208184200002341,12,6,0.9467687074829932,0.9152614168808286,0.42857142857142855,0.4857142857142857,0.4857142857142857,0.4857142857142857,11.521454672743404,14.509141529356878,0.02081842000023409,0.4857142857142857,23.542857142857144,15.771428571428572,False
explicit_generic,full,2006-2025,2006,2025,pooled focal fields,dm_model:macho,MACHO,candidate,candidate,candidate,120,9,0.009151301518438177,3.6228034012002546,0.0009831370943672684,0.0009831370943672688,4,3,0.6521152263374486,0.49566199294378543,0.4,0.05714285714285714,0.05714285714285714,0.11428571428571428,11.080663894823305,15.250484229004002,0.0009831370943672684,0.05714285714285714,9.82857142857143,8.914285714285715,False
explicit_generic,full,2006-2025,2006,2025,pooled focal fields,dm_model:atomic_dm,Atomic DM,candidate,candidate,candidate,86,13,0.00711767895878525,2.3229325209438327,0.01012632749756964,0.01012632749756971,8,6,0.9473741496598638,0.9209327238685954,0.37142857142857144,0.37142857142857144,0.37142857142857144,0.32857142857142857,10.630197972361307,14.45428496436093,0.01012632749756964,0.37142857142857144,19.885714285714286,13.942857142857143,False
explicit_generic,full,2006-2025,2006,2025,pooled focal fields,dm_model:scotogenic_model,Scotogenic Model,candidate,candidate,candidate,71,10,0.0067787418655097615,1.3474029386247366,0.012040693714176756,0.012040693714176761,9,5,0.8956799999999999,0.8216716619602977,0.34285714285714286,0.42857142857142855,0.42857142857142855,0.4,10.549117095128189,13.99753331999947,0.012040693714176756,0.42857142857142855,21.714285714285715,14.857142857142858,False
explicit_generic,full,2006-2025,2006,2025,pooled focal fields,dm_model:inert_doublet_model,Inert Doublet Model,candidate,candidate,candidate,88,9,0.006710954446854663,1.0940704003700354,0.013063719517664498,0.013063719517664501,8,5,0.9452096724823997,0.8794317266795085,0.3142857142857143,0.45714285714285713,0.45714285714285713,0.32857142857142857,10.532659442324313,14.509141529356878,0.013063719517664498,0.45714285714285713,22.628571428571426,15.314285714285713,False
explicit_generic,full,2006-2025,2006,2025,pooled focal fields,dm_model:lkp_kaluza_klein,LKP Kaluza-Klein,candidate,candidate,candidate,58,10,0.0067109544468546625,1.562307627818704,0.01143141469882397,0.011431414698823968,9,5,0.8741965105601469,0.800290810845542,0.2857142857142857,0.4,0.4,0.4,10.532659442324313,13.516919344402648,0.01143141469882397,0.4,20.8,14.4,False
explicit_generic,full,2006-2025,2006,2025,pooled focal fields,dm_model:wimpzilla,WIMPzilla,candidate,candidate,candidate,68,8,0.004880694143167028,1.4078440656675355,0.005769479622895536,0.005769479622895537,7,4,0.8356481481481481,0.71894768110964,0.2571428571428571,0.2571428571428571,0.2571428571428571,0.2714285714285714,10.051792397790857,13.894812074682331,0.005769479622895536,0.2571428571428571,16.228571428571428,12.114285714285714,False
explicit_generic,full,2006-2025,2006,2025,pooled focal fields,dm_model:q_ball,Q-ball,candidate,candidate,candidate,70,9,0.004745119305856833,1.3002733449811066,0.008534655758395253,0.008534655758395253,7,4,0.6940408163265308,0.5925043867708535,0.22857142857142856,0.2857142857142857,0.2857142857142857,0.2714285714285714,10.012826054102705,13.963776336705052,0.008534655758395253,0.2857142857142857,17.142857142857142,12.571428571428571,False
explicit_generic,full,2006-2025,2006,2025,pooled focal fields,dm_model:quark_nugget_aqn,Quark Nugget / AQN,candidate,candidate,candidate,146,5,0.0037960954446854666,0.21672616377613577,0.0057035473993770625,0.005703547399377065,5,4,0.6053571428571429,0.5458750794889784,0.2,0.22857142857142856,0.22857142857142856,0.18571428571428572,9.72281860163111,15.720269332424813,0.0057035473993770625,0.22857142857142856,15.314285714285713,11.657142857142857,False
explicit_generic,full,2006-2025,2006,2025,pooled focal fields,dm_model:superwimp,SuperWIMP,candidate,candidate,candidate,29,5,0.0030504338394793926,0.9568203619757858,0.00862285190789557,0.00862285190789557,5,4,0.8971851851851852,0.7711343022068953,0.17142857142857143,0.3142857142857143,0.3142857142857143,0.18571428571428572,9.468327927342637,11.884515141491299,0.00862285190789557,0.3142857142857143,18.057142857142857,13.028571428571428,False
explicit_generic,full,2006-2025,2006,2025,pooled focal fields,dm_model:macroscopic_dm,Macroscopic DM,candidate,candidate,candidate,99,6,0.0027114967462039045,0.9990357157241062,0.002778222999151187,0.0027782229991511875,5,3,0.6375,0.502442468830035,0.14285714285714285,0.17142857142857143,0.17142857142857143,0.18571428571428572,9.342365305187814,14.790405795747487,0.002778222999151187,0.17142857142857143,13.485714285714286,10.742857142857144,False
explicit_generic,full,2006-2025,2006,2025,pooled focal fields,dm_model:superfluid_dm,Superfluid DM,candidate,candidate,candidate,27,5,0.002101409978308026,1.9890041218291208,0.0002546239384347339,0.00025462393843473405,5,2,0.5943808532778355,0.3842352914065921,0.11428571428571428,0.02857142857142857,0.02857142857142857,0.18571428571428572,9.093889563562554,11.717994984438022,0.0002546239384347339,0.02857142857142857,8.914285714285715,8.457142857142857,False
explicit_generic,full,2006-2025,2006,2025,pooled focal fields,dm_model:majoron,Majoron,candidate,candidate,candidate,18,3,0.0011523861171366593,0.6697985207186181,0.0016027016678622078,0.0016027016678622074,3,3,0.7972318339100346,0.611174591750473,0.08571428571428572,0.11428571428571428,0.11428571428571428,0.08571428571428572,8.619567496730697,10.78208993031023,0.0016027016678622078,0.11428571428571428,11.657142857142857,9.82857142857143,False
explicit_generic,full,2006-2025,2006,2025,pooled focal fields,dm_model:glueball,Glueball,candidate,candidate,candidate,13,2,0.0006778741865509761,0.23290043053917256,0.001915289593383821,0.0019152895933838212,2,2,0.6,0.3868528072345416,0.05714285714285714,0.14285714285714285,0.14285714285714285,0.05714285714285714,8.304100670758249,10.04502537351657,0.001915289593383821,0.14285714285714285,12.571428571428571,10.285714285714285,False
explicit_generic,full,2006-2025,2006,2025,pooled focal fields,dm_model:planckian_dm,Planckian DM,candidate,candidate,candidate,7,1,0.00040672451193058567,0.18585322412168195,0.001341520744584851,0.0013415207445848507,1,1,0.0,0.0,0.02857142857142857,0.08571428571428572,0.08571428571428572,0.02857142857142857,8.07007236394905,8.69434512368634,0.001341520744584851,0.08571428571428572,10.742857142857144,9.371428571428572,False
explicit_generic,stable,2006-2015,2006,2015,pooled focal fields,dm_model:neutralino,Neutralino,candidate,candidate,candidate,1210,90,0.9385496937364155,7.555228586033312,1.0,1.0,10,6,0.825977617728532,0.7837448779073587,1.0,1.0,1.0,0.8103448275862069,40.0,23.19533547825278,1.0,1.0,40.0,24.0,False
explicit_generic,stable,2006-2015,2006,2015,pooled focal fields,dm_model:generic_wimp,Generic WIMP,candidate,candidate,candidate,1161,103,0.5599683856945268,9.508308779189635,0.2903530716240752,0.29035307162407514,10,6,0.9626354843320521,0.949231193724184,0.9655172413793104,0.8620689655172413,0.8620689655172413,0.8103448275862069,32.47321658095131,23.077081683222172,0.2903530716240752,0.8620689655172413,35.58620689655172,21.79310344827586,True
explicit_generic,stable,2006-2015,2006,2015,pooled focal fields,dm_model:lsp,LSP,candidate,candidate,candidate,574,60,0.4429954554435882,5.657456233108431,0.5066006300730308,0.5066006300730315,10,6,0.7714241378404811,0.715491173344092,0.9310344827586207,0.9655172413793104,0.9655172413793104,0.8103448275862069,29.648887532824713,21.062864315455048,0.5066006300730308,0.9655172413793104,38.896551724137936,23.448275862068968,False
explicit_generic,stable,2006-2015,2006,2015,pooled focal fields,dm_model:gravitino,Gravitino,candidate,candidate,candidate,603,69,0.4135546334716459,7.550439999311968,0.3931267194636939,0.3931267194636945,10,6,0.7665423091418646,0.7300550650593567,0.896551724137931,0.9310344827586207,0.9310344827586207,0.8103448275862069,28.88087541436369,21.203737006288698,0.3931267194636939,0.9310344827586207,37.79310344827586,22.89655172413793,False
explicit_generic,stable,2006-2015,2006,2015,pooled focal fields,dm_model:axion_alp,Axion + ALP,candidate,candidate,candidate,809,78,0.33688994269907135,8.376709060314633,0.20555285418139893,0.20555285418139907,10,6,0.8225704285308865,0.8087736973843865,0.8620689655172413,0.8275862068965517,0.8275862068965517,0.8103448275862069,26.741755006463382,22.04392021971885,0.20555285418139893,0.8275862068965517,34.48275862068965,21.241379310344826,False
explicit_generic,stable,2006-2015,2006,2015,pooled focal fields,dm_model:higgsino,Higgsino,candidate,candidate,candidate,387,54,0.306263584271883,6.145921428397378,0.3589831503022328,0.35898315030223316,10,6,0.8055738605619147,0.7519596854586078,0.8275862068965517,0.896551724137931,0.896551724137931,0.8103448275862069,25.819626179824475,19.93665167089022,0.3589831503022328,0.896551724137931,36.689655172413794,22.344827586206897,False
explicit_generic,stable,2006-2015,2006,2015,pooled focal fields,dm_model:sterile_nu,Sterile nu,candidate,candidate,candidate,483,53,0.18810511756569842,8.157087178679411,0.06830832237112963,0.06830832237112965,10,6,0.9383606383729962,0.8873457742815829,0.7931034482758621,0.6551724137931034,0.6551724137931034,0.8103448275862069,21.733239193289947,20.56960781355457,0.06830832237112963,0.6551724137931034,28.96551724137931,18.482758620689655,False
explicit_generic,stable,2006-2015,2006,2015,pooled focal fields,dm_model:bino,Bino,candidate,candidate,candidate,205,34,0.15589804386484885,4.626994621746457,0.18425693876044083,0.18425693876044094,10,5,0.8199549894702347,0.7521115387262779,0.7586206896551724,0.7931034482758621,0.7931034482758621,0.8103448275862069,20.406218071057832,18.123987556119523,0.18425693876044083,0.7931034482758621,33.37931034482759,20.689655172413794,False
explicit_generic,stable,2006-2015,2006,2015,pooled focal fields,dm_model:sneutrino,Sneutrino,candidate,candidate,candidate,223,39,0.14957518277020349,4.128470624821956,0.17060155181542996,0.17060155181543013,10,6,0.7535606902725597,0.7102769849687038,0.7241379310344828,0.7586206896551724,0.7586206896551724,0.8103448275862069,20.130045407676086,18.363822755517056,0.17060155181542996,0.7586206896551724,32.275862068965516,20.137931034482758,False
explicit_generic,stable,2006-2015,2006,2015,pooled focal fields,dm_model:wino,Wino,candidate,candidate,candidate,205,35,0.14127642758348152,4.3220004454898096,0.16268336028096808,0.16268336028096822,10,5,0.8530568731967332,0.7893636525875936,0.6896551724137931,0.7241379310344828,0.7241379310344828,0.8103448275862069,19.758551421973408,18.123987556119523,0.16268336028096808,0.7241379310344828,31.17241379310345,19.586206896551722,False
explicit_generic,stable,2006-2015,2006,2015,pooled focal fields,dm_model:axino,Axino,candidate,candidate,candidate,122,26,0.07034182967792925,3.480914527768696,0.08545525892606344,0.08545525892606352,10,6,0.7316311071834365,0.6952803912005189,0.6551724137931034,0.6896551724137931,0.6896551724137931,0.8103448275862069,15.981213097751123,16.64754943334053,0.08545525892606344,0.6896551724137931,30.06896551724138,19.03448275862069,False
explicit_generic,stable,2006-2015,2006,2015,pooled focal fields,dm_model:asymmetric_dm,Asymmetric DM,candidate,candidate,candidate,123,20,0.046038332345386276,2.82499066890159,0.03340902760667084,0.033409027606670604,10,6,0.9709812300834424,0.9556471932504531,0.6206896551724138,0.6206896551724138,0.6206896551724138,0.8103448275862069,14.251927395730874,16.67073194189419,0.03340902760667084,0.6206896551724138,27.862068965517242,17.93103448275862,False
explicit_generic,stable,2006-2015,2006,2015,pooled focal fields,dm_model:pbh,PBH,candidate,candidate,candidate,150,10,0.028255285516696305,2.78275263123227,0.004466334522057119,0.004466334522057125,5,5,0.6622915545992468,0.5757185249586944,0.5862068965517241,0.3103448275862069,0.3103448275862069,0.41379310344827586,12.66542721487443,17.234742752553593,0.004466334522057119,0.3103448275862069,17.93103448275862,12.96551724137931,False
explicit_generic,stable,2006-2015,2006,2015,pooled focal fields,dm_model:lkp_kaluza_klein,LKP Kaluza-Klein,candidate,candidate,candidate,52,10,0.017585457419482316,1.2956600521470303,0.015782567327003606,0.01578256732700361,9,5,0.8768589824517108,0.8052145060207107,0.5517241379310345,0.5517241379310345,0.5517241379310345,0.5862068965517241,11.45409114293508,14.237191029265055,0.015782567327003606,0.5517241379310345,25.655172413793103,16.82758620689655,False
explicit_generic,stable,2006-2015,2006,2015,pooled focal fields,dm_model:macho,MACHO,candidate,candidate,candidate,70,7,0.014621616281367319,3.6599115128731325,0.00023616928692340747,0.00023616928692340693,2,3,0.6245434623813002,0.4742471391105909,0.5172413793103449,0.06896551724137931,0.06896551724137931,0.10344827586206896,11.055001143426512,15.074304833877548,0.00023616928692340747,0.06896551724137931,10.206896551724139,9.10344827586207,False
explicit_generic,stable,2006-2015,2006,2015,pooled focal fields,dm_model:mirror_dm,Mirror DM,candidate,candidate,candidate,57,8,0.013633669235328987,1.8498409961169973,0.0046562984875945426,0.004656298487594535,5,5,0.8962822936357908,0.8363346117379623,0.4827586206896552,0.3448275862068966,0.3448275862068966,0.41379310344827586,10.913101737444729,14.495295798333892,0.0046562984875945426,0.3448275862068966,19.03448275862069,13.517241379310345,False
explicit_generic,stable,2006-2015,2006,2015,pooled focal fields,dm_model:twin_higgs,Twin Higgs,candidate,candidate,candidate,38,5,0.013436079826121319,1.3149836169112092,0.017815475534507887,0.017815475534507894,5,3,0.7141868512110727,0.5423991266275149,0.4482758620689655,0.5862068965517241,0.5862068965517241,0.41379310344827586,10.88411129779169,13.359014861930019,0.017815475534507887,0.5862068965517241,26.75862068965517,17.379310344827587,False
explicit_generic,stable,2006-2015,2006,2015,pooled focal fields,dm_model:vector_dm,Vector DM,candidate,candidate,candidate,25,7,0.01165777514325232,1.7648280135970236,0.008864505039099234,0.008864505039099234,6,5,0.8887101407641481,0.8246396046705475,0.41379310344827586,0.4482758620689655,0.4482758620689655,0.5344827586206896,10.612951072814333,12.198158459923626,0.008864505039099234,0.4482758620689655,22.344827586206897,15.172413793103448,False
explicit_generic,stable,2006-2015,2006,2015,pooled focal fields,dm_model:generic_composite,Generic Composite,candidate,candidate,candidate,56,6,0.00948429164196799,0.32133223395521565,0.01097936682437065,0.010979366824370652,6,4,0.7958333333333336,0.6875506256562981,0.3793103448275862,0.5172413793103449,0.5172413793103449,0.5344827586206896,10.251633559624956,14.445502818702867,0.01097936682437065,0.5172413793103449,24.551724137931036,16.275862068965516,False
explicit_generic,stable,2006-2015,2006,2015,pooled focal fields,dm_model:atomic_dm,Atomic DM,candidate,candidate,candidate,46,6,0.007705986959098993,1.2008669746671004,0.005750477703809182,0.005750477703809114,5,3,0.6848126232741617,0.529631255401791,0.3448275862068966,0.3793103448275862,0.3793103448275862,0.41379310344827586,9.92378115441225,13.893214961343308,0.005750477703809182,0.3793103448275862,20.137931034482758,14.068965517241379,False
explicit_generic,stable,2006-2015,2006,2015,pooled focal fields,dm_model:ula_fuzzy,ULA / Fuzzy,candidate,candidate,candidate,41,6,0.007508397549891326,1.8906753012748239,0.0005386391625633515,0.0005386391625633505,5,2,0.5185595567867036,0.3480683988441809,0.3103448275862069,0.13793103448275862,0.13793103448275862,0.41379310344827586,9.885110992811471,13.571187776920794,0.0005386391625633515,0.13793103448275862,12.413793103448276,10.206896551724139,False
explicit_generic,stable,2006-2015,2006,2015,pooled focal fields,dm_model:sfdm,SFDM,candidate,candidate,candidate,43,5,0.006915629322268326,1.4924101334044888,0.0014343210847853935,0.001434321084785393,4,2,0.5407346938775509,0.35881626451947113,0.27586206896551724,0.1724137931034483,0.1724137931034483,0.27586206896551724,9.765941865465802,13.704375705774087,0.0014343210847853935,0.1724137931034483,13.517241379310345,10.758620689655173,False
explicit_generic,stable,2006-2015,2006,2015,pooled focal fields,dm_model:q_ball,Q-ball,candidate,candidate,candidate,29,4,0.006520450503852994,1.1845881947755936,0.009373026982299,0.009373026982299013,3,2,0.4407713498622591,0.3091141634825838,0.2413793103448276,0.4827586206896552,0.4827586206896552,0.1724137931034483,9.683635256656009,12.60785963309702,0.009373026982299,0.4827586206896552,23.448275862068968,15.724137931034484,False
explicit_generic,stable,2006-2015,2006,2015,pooled focal fields,dm_model:dark_photon,Dark Photon,candidate,candidate,candidate,38,4,0.0061252716854376605,0.6784073888411184,0.00442919535395766,0.004429195353957656,4,4,0.8765868886576484,0.7520569930440428,0.20689655172413793,0.27586206896551724,0.27586206896551724,0.27586206896551724,9.598794362812306,13.359014861930019,0.00442919535395766,0.27586206896551724,16.82758620689655,12.413793103448276,False
explicit_generic,stable,2006-2015,2006,2015,pooled focal fields,dm_model:minimal_su_2_l,Minimal SU(2)L,candidate,candidate,candidate,24,4,0.004149377593360996,0.8147772752083052,0.0020382821346834846,0.002038282134683484,4,3,0.7346938775510204,0.5704354118765422,0.1724137931034483,0.20689655172413793,0.20689655172413793,0.27586206896551724,9.126027968059416,12.085868610452541,0.0020382821346834846,0.20689655172413793,14.620689655172413,11.310344827586206,False
explicit_generic,stable,2006-2015,2006,2015,pooled focal fields,dm_model:inert_doublet_model,Inert Doublet Model,candidate,candidate,candidate,33,3,0.003556609365737996,0.08964389447548786,0.004333432001478531,0.004333432001478531,3,3,0.8,0.6131471927654584,0.13793103448275862,0.2413793103448276,0.2413793103448276,0.1724137931034483,8.962902007169143,12.966204735765235,0.004333432001478531,0.2413793103448276,15.724137931034484,11.862068965517242,False
explicit_generic,stable,2006-2015,2006,2015,pooled focal fields,dm_model:superwimp,SuperWIMP,candidate,candidate,candidate,18,3,0.0033590199565303298,0.18697677108667404,0.006837673609259731,0.006837673609259738,3,3,0.7972318339100347,0.611174591750473,0.10344827586206896,0.41379310344827586,0.41379310344827586,0.1724137931034483,8.905540242955363,11.300149289828923,0.006837673609259731,0.41379310344827586,21.241379310344826,14.620689655172413,False
explicit_generic,stable,2006-2015,2006,2015,pooled focal fields,dm_model:quark_nugget_aqn,Quark Nugget / AQN,candidate,candidate,candidate,38,1,0.0019758940920766646,0.29896883792325946,0.0004022048272331803,0.0004022048272331804,1,1,0.0,0.0,0.06896551724137931,0.10344827586206896,0.10344827586206896,0.05172413793103448,8.44446391512531,13.359014861930019,0.0004022048272331803,0.10344827586206896,11.310344827586206,9.655172413793103,False
explicit_generic,stable,2006-2015,2006,2015,pooled focal fields,dm_model:wimpzilla,WIMPzilla,candidate,candidate,candidate,21,1,0.0009879470460383323,0.21142313966189394,0.00022889886929910972,0.0002288988692991104,1,1,0.0,0.0,0.034482758620689655,0.034482758620689655,0.034482758620689655,0.05172413793103448,8.0,11.719878578906537,0.00022889886929910972,0.034482758620689655,9.10344827586207,8.551724137931034,False
explicit_generic,stable,2016-2025,2016,2025,pooled focal fields,dm_model:axion_alp,Axion + ALP,candidate,candidate,candidate,3731,229,0.8251986379114643,8.684578212250663,1.0,1.0,11,6,0.8874075683845991,0.8632144280414525,1.0,1.0,1.0,0.7878787878787878,40.0,24.0,1.0,1.0,40.0,24.0,False
explicit_generic,stable,2016-2025,2016,2025,pooled focal fields,dm_model:pbh,PBH,candidate,candidate,candidate,1778,134,0.4267877412031782,12.486914697191585,0.3734035054865231,0.37340350548652346,11,6,0.9061653771760156,0.8659158898310312,0.9696969696969697,0.9696969696969697,0.9696969696969697,0.7878787878787878,30.782707706588962,22.157252233360254,0.3734035054865231,0.9696969696969697,39.03030303030303,23.515151515151516,False
explicit_generic,stable,2016-2025,2016,2025,pooled focal fields,dm_model:generic_wimp,Generic WIMP,candidate,candidate,candidate,1038,113,0.289547002373336,12.952707044030817,0.2750738548306208,0.27507385483062097,11,6,0.9902256086006516,0.9862051053473354,0.9393939393939394,0.9090909090909091,0.9090909090909091,0.7878787878787878,26.620738327390317,20.819654957306373,0.2750738548306208,0.9090909090909091,37.09090909090909,22.545454545454547,True
explicit_generic,stable,2016-2025,2016,2025,pooled focal fields,dm_model:neutralino,Neutralino,candidate,candidate,candidate,634,59,0.2654008874213188,11.815219683558313,0.36814188507265233,0.36814188507265305,11,6,0.7922881661341543,0.7202885594902061,0.9090909090909091,0.9393939393939394,0.9393939393939394,0.7878787878787878,25.792458258183295,19.594985714047496,0.36814188507265233,0.9393939393939394,38.06060606060606,23.03030303030303,False
explicit_generic,stable,2016-2025,2016,2025,pooled focal fields,dm_model:sterile_nu,Sterile nu,candidate,candidate,candidate,832,100,0.20575791971932716,13.65749422042176,0.2011594937983642,0.20115949379836445,11,6,0.9549432651012214,0.9257073017296663,0.8787878787878788,0.8484848484848485,0.8484848484848485,0.7878787878787878,23.568103862700433,20.270032928817585,0.2011594937983642,0.8484848484848485,35.151515151515156,21.575757575757578,False
explicit_generic,stable,2016-2025,2016,2025,pooled focal fields,dm_model:higgsino,Higgsino,candidate,candidate,candidate,424,54,0.17872252605510267,11.61595666784275,0.23129739023856447,0.231297390238565,11,5,0.8370723082420835,0.7623060749600724,0.8484848484848485,0.8787878787878788,0.8787878787878788,0.7878787878787878,22.453507328847305,18.596286334467734,0.23129739023856447,0.8787878787878788,36.121212121212125,22.060606060606062,False
explicit_generic,stable,2016-2025,2016,2025,pooled focal fields,dm_model:lsp,LSP,candidate,candidate,candidate,286,47,0.1216592714890104,9.352846169535747,0.1631945394489181,0.16319453944891835,11,5,0.8058012677323907,0.7330993188786181,0.8181818181818182,0.8181818181818182,0.8181818181818182,0.7878787878787878,19.781367948728743,17.619794845338706,0.1631945394489181,0.8181818181818182,34.18181818181819,21.090909090909093,False
explicit_generic,stable,2016-2025,2016,2025,pooled focal fields,dm_model:ula_fuzzy,ULA / Fuzzy,candidate,candidate,candidate,522,69,0.11557114848828812,12.307164827236791,0.07296873628382877,0.07296873628382881,11,6,0.7452206632653062,0.7095034169981665,0.7878787878787878,0.6060606060606061,0.6060606060606061,0.7878787878787878,19.462003040784687,19.11236089359432,0.07296873628382877,0.6060606060606061,27.393939393939394,17.696969696969695,False
explicit_generic,stable,2016-2025,2016,2025,pooled focal fields,dm_model:bino,Bino,candidate,candidate,candidate,197,34,0.0891548859766794,8.525439043017133,0.11664303598861192,0.11664303598861205,11,5,0.8584329989711936,0.7873826051420292,0.7575757575757576,0.7575757575757576,0.7575757575757576,0.7878787878787878,17.96732528495371,16.69650893323373,0.11664303598861192,0.7575757575757576,32.24242424242424,20.12121212121212,False
explicit_generic,stable,2016-2025,2016,2025,pooled focal fields,dm_model:gravitino,Gravitino,candidate,candidate,candidate,256,33,0.086987926942524,6.201689153688867,0.11830024040731553,0.11830024040731572,11,6,0.6909098584533293,0.6638955629173937,0.7272727272727273,0.7878787878787878,0.7878787878787878,0.7878787878787878,17.835414697004204,17.34519286422835,0.11830024040731553,0.7878787878787878,33.21212121212121,20.606060606060606,False
explicit_generic,stable,2016-2025,2016,2025,pooled focal fields,dm_model:wino,Wino,candidate,candidate,candidate,209,32,0.07398617273759159,7.034655000837052,0.09758131415579428,0.09758131415579442,11,5,0.8606618698318773,0.7904784711368308,0.696969696969697,0.7272727272727273,0.7272727272727273,0.7878787878787878,17.006839039819006,16.842856946240957,0.09758131415579428,0.7272727272727273,31.272727272727273,19.636363636363637,False
explicit_generic,stable,2016-2025,2016,2025,pooled focal fields,dm_model:dark_photon,Dark Photon,candidate,candidate,candidate,350,41,0.07233515633061603,5.019523839067062,0.08964372654295438,0.08964372654295442,11,6,0.963753838514777,0.9535040005550628,0.6666666666666666,0.696969696969697,0.696969696969697,0.7878787878787878,16.89656896111649,18.120477904230437,0.08964372654295438,0.696969696969697,30.303030303030305,19.151515151515152,False
explicit_generic,stable,2016-2025,2016,2025,pooled focal fields,dm_model:sneutrino,Sneutrino,candidate,candidate,candidate,155,27,0.057785574244144045,5.78029266170834,0.08051619557822884,0.080516195578229,11,5,0.7638520408163265,0.7124958290573176,0.6363636363636364,0.6666666666666666,0.6666666666666666,0.7878787878787878,15.864491205924857,16.103533354396074,0.08051619557822884,0.6666666666666666,29.333333333333332,18.666666666666664,False
explicit_generic,stable,2016-2025,2016,2025,pooled focal fields,dm_model:vector_dm,Vector DM,candidate,candidate,candidate,164,25,0.043751934784851926,3.787187807871804,0.06929027223893833,0.06929027223893833,11,6,0.9457102171591314,0.916703514775381,0.6060606060606061,0.5757575757575758,0.5757575757575758,0.7878787878787878,14.736632281286123,16.24303900087794,0.06929027223893833,0.5757575757575758,26.424242424242426,17.21212121212121,False
explicit_generic,stable,2016-2025,2016,2025,pooled focal fields,dm_model:generic_composite,Generic Composite,candidate,candidate,candidate,179,23,0.04034671344546487,3.8647125614083158,0.07808119719835407,0.07808119719835409,11,6,0.8383932601173463,0.8064232865861487,0.5757575757575758,0.6363636363636364,0.6363636363636364,0.7878787878787878,14.43658264885114,16.459453581421823,0.07808119719835407,0.6363636363636364,28.363636363636363,18.18181818181818,False
explicit_generic,stable,2016-2025,2016,2025,pooled focal fields,dm_model:asymmetric_dm,Asymmetric DM,candidate,candidate,candidate,194,26,0.033949024868434624,3.501581722305278,0.051191581205932646,0.05119158120593266,10,6,0.9467318298980978,0.9160144243886409,0.5454545454545454,0.5454545454545454,0.5454545454545454,0.5454545454545454,13.836379853179245,16.658535696957465,0.051191581205932646,0.5454545454545454,25.454545454545453,16.727272727272727,False
explicit_generic,stable,2016-2025,2016,2025,pooled focal fields,dm_model:twin_higgs,Twin Higgs,candidate,candidate,candidate,82,12,0.018057991951295014,2.237534403841514,0.03704633202148875,0.03704633202148878,9,6,0.8990302040816328,0.872590635583861,0.5151515151515151,0.5151515151515151,0.5151515151515151,0.5151515151515151,12.034482423452335,14.534072696330472,0.03704633202148875,0.5151515151515151,24.484848484848484,16.242424242424242,False
explicit_generic,stable,2016-2025,2016,2025,pooled focal fields,dm_model:sfdm,SFDM,candidate,candidate,candidate,86,11,0.010628418119905064,2.5407911520548665,0.006811974821961624,0.006811974821961628,7,5,0.5784522575172021,0.5526456737396912,0.48484848484848486,0.2727272727272727,0.2727272727272727,0.4090909090909091,10.904125542901763,14.651138946423142,0.006811974821961624,0.2727272727272727,16.727272727272727,12.363636363636363,False
explicit_generic,stable,2016-2025,2016,2025,pooled focal fields,dm_model:scotogenic_model,Scotogenic Model,candidate,candidate,candidate,65,10,0.01021566401816118,1.761953831906407,0.016100627649621023,0.01610062764962103,8,5,0.8942760942760943,0.8207831352549799,0.45454545454545453,0.42424242424242425,0.42424242424242425,0.4696969696969697,10.831083232498955,13.964041917330732,0.016100627649621023,0.42424242424242425,21.575757575757578,14.787878787878789,False
explicit_generic,stable,2016-2025,2016,2025,pooled focal fields,dm_model:minimal_su_2_l,Minimal SU(2)L,candidate,candidate,candidate,64,8,0.009596532865545352,1.0811947871118632,0.021215458515586757,0.02121545851558677,8,5,0.8985084980922651,0.8366931696090424,0.42424242424242425,0.48484848484848486,0.48484848484848486,0.4696969696969697,10.718694551264132,13.926068681054472,0.021215458515586757,0.48484848484848486,23.515151515151516,15.757575757575758,False
explicit_generic,stable,2016-2025,2016,2025,pooled focal fields,dm_model:axino,Axino,candidate,candidate,candidate,37,7,0.00815189350944175,1.170100630384613,0.016765135337750106,0.016765135337750137,6,3,0.5099182823265502,0.4244945959308262,0.3939393939393939,0.45454545454545453,0.45454545454545453,0.36363636363636365,10.441430684588173,12.590937677362682,0.016765135337750106,0.45454545454545453,22.545454545454547,15.272727272727273,False
explicit_generic,stable,2016-2025,2016,2025,pooled focal fields,dm_model:mirror_dm,Mirror DM,candidate,candidate,candidate,60,8,0.006500877102466206,1.2892128234972662,0.009070449099181593,0.009070449099181595,7,4,0.8066515495086923,0.6904613812711627,0.36363636363636365,0.3333333333333333,0.3333333333333333,0.4090909090909091,10.09242119143482,13.768098223237804,0.009070449099181593,0.3333333333333333,18.666666666666664,13.333333333333332,False
explicit_generic,stable,2016-2025,2016,2025,pooled focal fields,dm_model:inert_doublet_model,Inert Doublet Model,candidate,candidate,candidate,55,6,0.0059849344752863475,1.0594658956314702,0.011057558035933439,0.01105755803593345,5,4,0.8839476813317481,0.7575082458019026,0.3333333333333333,0.3939393939393939,0.3939393939393939,0.3333333333333333,9.974432881463422,13.555387587776572,0.011057558035933439,0.3939393939393939,20.606060606060606,14.303030303030303,False
explicit_generic,stable,2016-2025,2016,2025,pooled focal fields,dm_model:macho,MACHO,candidate,candidate,candidate,50,6,0.005572180373542462,2.5333633851679287,0.002334043626507576,0.0023340436265075785,3,3,0.7078189300411524,0.5368314986294909,0.30303030303030304,0.06060606060606061,0.06060606060606061,0.15151515151515152,9.876328328794838,13.322769701304697,0.002334043626507576,0.06060606060606061,9.93939393939394,8.969696969696969,False
explicit_generic,stable,2016-2025,2016,2025,pooled focal fields,dm_model:wimpzilla,WIMPzilla,candidate,candidate,candidate,47,4,0.004333918068310804,0.6961734693091662,0.008520197305521279,0.008520197305521282,4,3,0.746938775510204,0.5774219423301942,0.2727272727272727,0.30303030303030304,0.30303030303030304,0.25757575757575757,9.557858877250428,13.171984222957434,0.008520197305521279,0.30303030303030304,17.696969696969695,12.848484848484848,False
explicit_generic,stable,2016-2025,2016,2025,pooled focal fields,dm_model:quark_nugget_aqn,Quark Nugget / AQN,candidate,candidate,candidate,108,4,0.004024352492002889,0.2797994053582962,0.010778265823165349,0.010778265823165349,4,3,0.5333333333333333,0.44046994409716816,0.24242424242424243,0.36363636363636365,0.36363636363636365,0.25757575757575757,9.471337752512653,15.211852425049221,0.010778265823165349,0.36363636363636365,19.636363636363637,13.818181818181818,False
explicit_generic,stable,2016-2025,2016,2025,pooled focal fields,dm_model:macroscopic_dm,Macroscopic DM,candidate,candidate,candidate,82,5,0.0033020328139510887,0.7167870041021974,0.005001891899318622,0.005001891899318625,4,2,0.41015625,0.29318741077557664,0.21212121212121213,0.21212121212121213,0.21212121212121213,0.25757575757575757,9.255480130364443,14.534072696330472,0.005001891899318622,0.21212121212121213,14.787878787878789,11.393939393939394,False
explicit_generic,stable,2016-2025,2016,2025,pooled focal fields,dm_model:superfluid_dm,Superfluid DM,candidate,candidate,candidate,26,5,0.0030956557630791456,2.080564319450301,0.0009113525332473273,0.0009113525332473276,4,2,0.5973333333333333,0.38561164105999624,0.18181818181818182,0.030303030303030304,0.030303030303030304,0.25757575757575757,9.189553698932448,11.740939290820176,0.0009113525332473273,0.030303030303030304,8.969696969696969,8.484848484848484,False
explicit_generic,stable,2016-2025,2016,2025,pooled focal fields,dm_model:atomic_dm,Atomic DM,candidate,candidate,candidate,40,2,0.002166959034155402,0.3450263460496903,0.005824290281542526,0.0058242902815425325,2,2,0.5659863945578232,0.3708803832588167,0.15151515151515152,0.24242424242424243,0.24242424242424243,0.07575757575757576,8.86120370604062,12.779929723630763,0.005824290281542526,0.24242424242424243,15.757575757575758,11.878787878787879,False
explicit_generic,stable,2016-2025,2016,2025,pooled focal fields,dm_model:superwimp,SuperWIMP,candidate,candidate,candidate,11,3,0.0018573934578474875,0.8813013627529764,0.0027938999980489424,0.0027938999980489498,3,3,0.7777777777777778,0.5983187821727769,0.12121212121212122,0.15151515151515152,0.15151515151515152,0.15151515151515152,8.736442433625468,9.723994740985813,0.0027938999980489424,0.15151515151515152,12.848484848484848,10.424242424242424,False
explicit_generic,stable,2016-2025,2016,2025,pooled focal fields,dm_model:majoron,Majoron,candidate,candidate,candidate,13,3,0.0015478278815395726,0.8086406127805575,0.00250366837110593,0.00250366837110593,3,3,0.8,0.6131471927654584,0.09090909090909091,0.12121212121212122,0.12121212121212122,0.15151515151515152,8.600772616905855,10.107398105804949,0.00250366837110593,0.12121212121212122,11.878787878787879,9.93939393939394,False
explicit_generic,stable,2016-2025,2016,2025,pooled focal fields,dm_model:glueball,Glueball,candidate,candidate,candidate,13,2,0.0010318852543597151,0.2513432235785629,0.0030452940412185295,0.00304529404121853,2,2,0.6,0.3868528072345416,0.06060606060606061,0.18181818181818182,0.18181818181818182,0.07575757575757576,8.339932916201812,10.107398105804949,0.0030452940412185295,0.18181818181818182,13.818181818181818,10.90909090909091,False
explicit_generic,stable,2016-2025,2016,2025,pooled focal fields,dm_model:planckian_dm,Planckian DM,candidate,candidate,candidate,6,1,0.0006191311526158291,0.2110718637370302,0.0024994498889850344,0.0024994498889850353,1,1,0.0,0.0,0.030303030303030304,0.09090909090909091,0.09090909090909091,0.030303030303030304,8.078329005203976,8.383403364819136,0.0024994498889850344,0.09090909090909091,10.90909090909091,9.454545454545455,False
explicit_generic,rolling,2006-2010,2006,2010,pooled focal fields,dm_model:neutralino,Neutralino,candidate,candidate,candidate,592,82,0.9920930232558139,7.055989619681088,1.0,1.0,10,6,0.8336608502251472,0.7984352499928142,1.0,1.0,1.0,0.8,40.0,23.516295348948606,1.0,1.0,40.0,24.0,False
explicit_generic,rolling,2006-2010,2006,2010,pooled focal fields,dm_model:generic_wimp,Generic WIMP,candidate,candidate,candidate,519,84,0.5558139534883719,9.1065146037709,0.27707588871474514,0.277075888714746,10,6,0.956847114021113,0.9385661224994803,0.96,0.88,0.88,0.8,31.638228173086887,23.108544196157577,0.27707588871474514,0.88,36.16,22.08,True
explicit_generic,rolling,2006-2010,2006,2010,pooled focal fields,dm_model:gravitino,Gravitino,candidate,candidate,candidate,308,62,0.45720930232558143,7.0659472497096285,0.42796447435004203,0.4279644743500418,10,6,0.7645066848530824,0.7275159641046367,0.92,0.92,0.92,0.8,29.323162918439436,21.49298112181888,0.42796447435004203,0.92,37.44,22.72,False
explicit_generic,rolling,2006-2010,2006,2010,pooled focal fields,dm_model:lsp,LSP,candidate,candidate,candidate,266,56,0.44325581395348834,5.765442762016491,0.4819416777958218,0.48194167779582187,10,6,0.7543012676597568,0.7060751526025095,0.88,0.96,0.96,0.8,28.97608918177458,21.03951812001204,0.4819416777958218,0.96,38.72,23.36,False
explicit_generic,rolling,2006-2010,2006,2010,pooled focal fields,dm_model:axion_alp,Axion + ALP,candidate,candidate,candidate,305,57,0.2674418604651163,6.137837822672133,0.1713828626919406,0.17138286269194064,10,6,0.7997943289224952,0.7885977856073598,0.84,0.8,0.8,0.8,24.015063845794305,21.46269852149056,0.1713828626919406,0.8,33.6,20.8,False
explicit_generic,rolling,2006-2010,2006,2010,pooled focal fields,dm_model:higgsino,Higgsino,candidate,candidate,candidate,121,32,0.20465116279069767,5.1774203999434665,0.23909809415171324,0.23909809415171313,10,6,0.7840661157024792,0.7395148629269233,0.8,0.84,0.84,0.8,21.8533028895963,18.60842510214316,0.23909809415171324,0.84,34.879999999999995,21.439999999999998,False
explicit_generic,rolling,2006-2010,2006,2010,pooled focal fields,dm_model:sneutrino,Sneutrino,candidate,candidate,candidate,108,35,0.1581395348837209,3.9149067398146977,0.16979988784499198,0.16979988784499195,10,6,0.7517647058823529,0.7270773366124366,0.76,0.76,0.76,0.8,20.026924860621207,18.258694150520434,0.16979988784499198,0.76,32.32,20.16,False
explicit_generic,rolling,2006-2010,2006,2010,pooled focal fields,dm_model:sterile_nu,Sterile nu,candidate,candidate,candidate,169,38,0.1297674418604651,6.319058879383881,0.047159736144020394,0.0471597361440205,8,6,0.9268431803291325,0.8675003909579504,0.72,0.6,0.6,0.56,18.777374471132063,19.63824285610651,0.047159736144020394,0.6,27.2,17.6,False
explicit_generic,rolling,2006-2010,2006,2010,pooled focal fields,dm_model:bino,Bino,candidate,candidate,candidate,69,20,0.10418604651162792,2.990385877317221,0.12751522500499915,0.12751522500499915,10,5,0.7814732142857144,0.7310359281279014,0.68,0.72,0.72,0.8,17.527199437907157,16.884105279163784,0.12751522500499915,0.72,31.04,19.52,False
explicit_generic,rolling,2006-2010,2006,2010,pooled focal fields,dm_model:wino,Wino,candidate,candidate,candidate,61,18,0.0958139534883721,3.5002564746069327,0.10945439949125015,0.10945439949125021,10,6,0.8542746724479218,0.8178949026676958,0.64,0.68,0.68,0.8,17.085248964704785,16.507408228450373,0.10945439949125015,0.68,29.76,18.880000000000003,False
explicit_generic,rolling,2006-2010,2006,2010,pooled focal fields,dm_model:axino,Axino,candidate,candidate,candidate,61,25,0.08837209302325583,3.833726129331071,0.09825254287346478,0.09825254287346474,10,5,0.7350914127423822,0.681318979014858,0.6,0.64,0.64,0.8,16.675892924326405,16.507408228450373,0.09825254287346478,0.64,28.48,18.240000000000002,False
explicit_generic,rolling,2006-2010,2006,2010,pooled focal fields,dm_model:lkp_kaluza_klein,LKP Kaluza-Klein,candidate,candidate,candidate,38,14,0.03720930232558138,1.9363267721480035,0.0291151603997286,0.029115160399728647,10,5,0.8924999999999998,0.8216094067481167,0.56,0.56,0.56,0.8,13.191874270082906,15.06850537417632,0.0291151603997286,0.56,25.92,16.96,False
explicit_generic,rolling,2006-2010,2006,2010,pooled focal fields,dm_model:pbh,PBH,candidate,candidate,candidate,65,7,0.02930232558139535,2.562541528685359,0.0037009586233861524,0.0037009586233861646,4,3,0.6040816326530611,0.4509868330739194,0.52,0.4,0.4,0.48,12.46695047073834,16.701467784931502,0.0037009586233861524,0.4,20.8,14.4,False
explicit_generic,rolling,2006-2010,2006,2010,pooled focal fields,dm_model:macho,MACHO,candidate,candidate,candidate,45,8,0.023255813953488372,3.6299880580410067,0.0005293044141277571,0.0005293044141277637,3,4,0.6796800000000001,0.5663387896045765,0.48,0.16,0.16,0.36,11.843407546504928,15.580903330386565,0.0005293044141277571,0.16,13.120000000000001,10.56,False
explicit_generic,rolling,2006-2010,2006,2010,pooled focal fields,dm_model:mirror_dm,Mirror DM,candidate,candidate,candidate,26,6,0.013023255813953489,2.0890179810933467,0.002268375294445443,0.002268375294445469,4,4,0.826530612244898,0.7138995528955996,0.44,0.36,0.36,0.48,10.562348828350302,13.927109016514038,0.002268375294445443,0.36,19.52,13.76,False
explicit_generic,rolling,2006-2010,2006,2010,pooled focal fields,dm_model:twin_higgs,Twin Higgs,candidate,candidate,candidate,16,4,0.01116279069767442,1.324831314585846,0.009841565981415622,0.009841565981415638,3,3,0.7125,0.5437754171820363,0.4,0.48,0.48,0.36,10.279782508739544,12.49115247656989,0.009841565981415622,0.48,23.36,15.68,False
explicit_generic,rolling,2006-2010,2006,2010,pooled focal fields,dm_model:superwimp,SuperWIMP,candidate,candidate,candidate,12,4,0.0065116279069767444,0.6912291479825372,0.009144062765069828,0.009144062765069828,4,3,0.746938775510204,0.5774219423301942,0.36,0.44,0.44,0.48,9.446659017157462,11.658476644696982,0.009144062765069828,0.44,22.08,15.04,False
explicit_generic,rolling,2006-2010,2006,2010,pooled focal fields,dm_model:atomic_dm,Atomic DM,candidate,candidate,candidate,14,4,0.0060465116279069765,1.2941015028943168,0.0019946391058725467,0.001994639105872796,3,3,0.7668639053254438,0.5904282594133305,0.32,0.32,0.32,0.36,9.348680071798583,12.102653351129987,0.0019946391058725467,0.32,18.240000000000002,13.120000000000001,False
explicit_generic,rolling,2006-2010,2006,2010,pooled focal fields,dm_model:q_ball,Q-ball,candidate,candidate,candidate,13,3,0.005581395348837209,0.7315006425371977,0.010221154150482923,0.010221154150482914,2,2,0.45,0.3138452198949893,0.28,0.52,0.52,0.28,9.246854456425769,11.888503485589156,0.010221154150482923,0.52,24.64,16.32,False
explicit_generic,rolling,2006-2010,2006,2010,pooled focal fields,dm_model:quark_nugget_aqn,Quark Nugget / AQN,candidate,candidate,candidate,25,1,0.004186046511627907,0.4311747736165629,0.0006141193677312179,0.0006141193677312197,1,1,0.0,0.0,0.24,0.2,0.2,0.14,8.912760811747338,13.809965230658971,0.0006141193677312179,0.2,14.4,11.2,False
explicit_generic,rolling,2006-2010,2006,2010,pooled focal fields,dm_model:asymmetric_dm,Asymmetric DM,candidate,candidate,candidate,17,1,0.0018604651162790699,0.31920139540577463,0.0002629739645636617,0.0002629739645636475,1,1,0.0,0.0,0.18,0.04,0.04,0.14,8.192889055689635,12.668568872996689,0.0002629739645636617,0.04,9.28,8.64,False
explicit_generic,rolling,2006-2010,2006,2010,pooled focal fields,dm_model:wimpzilla,WIMPzilla,candidate,candidate,candidate,12,1,0.0018604651162790699,0.29241819881200176,0.00043596746809933327,0.00043596746809933094,1,1,0.0,0.0,0.18,0.12,0.12,0.14,8.192889055689635,11.658476644696982,0.00043596746809933327,0.12,11.84,9.92,False
explicit_generic,rolling,2006-2010,2006,2010,pooled focal fields,dm_model:generic_composite,Generic Composite,candidate,candidate,candidate,19,1,0.0013953488372093023,0.005229636113138937,0.0013710794719263143,0.0013710794719263171,1,1,0.0,0.0,0.08,0.26,0.26,0.14,8.0,12.995601793574627,0.0013710794719263143,0.26,16.32,12.16,False
explicit_generic,rolling,2006-2010,2006,2010,pooled focal fields,dm_model:inert_doublet_model,Inert Doublet Model,candidate,candidate,candidate,18,1,0.0013953488372093023,0.01345327438590014,0.0013710794719263143,0.0013710794719263171,1,1,0.0,0.0,0.08,0.26,0.26,0.14,8.0,12.83639038724379,0.0013710794719263143,0.26,16.32,12.16,False
explicit_generic,rolling,2006-2010,2006,2010,pooled focal fields,dm_model:minimal_su_2_l,Minimal SU(2)L,candidate,candidate,candidate,5,1,0.0013953488372093023,0.4016372965031028,0.0003469997216928688,0.00034699972169286987,1,1,0.0,0.0,0.08,0.08,0.08,0.14,8.0,9.258540143517349,0.0003469997216928688,0.08,10.56,9.28,False
explicit_generic,rolling,2007-2011,2007,2011,pooled focal fields,dm_model:neutralino,Neutralino,candidate,candidate,candidate,609,85,0.9867408041060737,7.657431386010314,1.0,1.0,10,6,0.8310731797779474,0.7914141733434774,1.0,1.0,1.0,0.8125,40.0,23.364455323138127,1.0,1.0,40.0,24.0,False
explicit_generic,rolling,2007-2011,2007,2011,pooled focal fields,dm_model:generic_wimp,Generic WIMP,candidate,candidate,candidate,608,91,0.6176218990590249,9.004042361757634,0.30261145458009553,0.3026114545800931,10,6,0.9599914825699619,0.9444614878392147,0.9583333333333334,0.875,0.875,0.8125,33.06684023110993,23.35944090608719,0.30261145458009553,0.875,36.0,22.0,True
explicit_generic,rolling,2007-2011,2007,2011,pooled focal fields,dm_model:lsp,LSP,candidate,candidate,candidate,296,59,0.49016253207869975,5.946592307946961,0.5320608469665918,0.5320608469665923,10,6,0.7744506272671617,0.7171457905344842,0.9166666666666666,0.9583333333333334,0.9583333333333334,0.8125,30.200351498098097,21.164763959477092,0.5320608469665918,0.9583333333333334,38.66666666666667,23.333333333333336,False
explicit_generic,rolling,2007-2011,2007,2011,pooled focal fields,dm_model:gravitino,Gravitino,candidate,candidate,candidate,322,63,0.45295124037639023,7.095681254974703,0.43485248904480356,0.4348524890448046,10,6,0.762282018152782,0.7160598018984174,0.875,0.9166666666666666,0.9166666666666666,0.8125,29.294699993351493,21.42124808678092,0.43485248904480356,0.9166666666666666,37.33333333333333,22.666666666666664,False
explicit_generic,rolling,2007-2011,2007,2011,pooled focal fields,dm_model:axion_alp,Axion + ALP,candidate,candidate,candidate,323,56,0.2609067579127459,6.347432446217646,0.16845064599371737,0.16845064599371748,10,6,0.7969599570008061,0.7878640769328601,0.8333333333333334,0.75,0.75,0.8125,23.873195359672977,21.43069565692201,0.16845064599371737,0.75,32.0,20.0,False
explicit_generic,rolling,2007-2011,2007,2011,pooled focal fields,dm_model:higgsino,Higgsino,candidate,candidate,candidate,119,34,0.1941830624465355,5.402962055041269,0.22116697039130168,0.22116697039130181,10,6,0.8130722505773449,0.7655321480532452,0.7916666666666666,0.8333333333333334,0.8333333333333334,0.8125,21.529550115535713,18.395033665062265,0.22116697039130168,0.8333333333333334,34.66666666666667,21.333333333333336,False
explicit_generic,rolling,2007-2011,2007,2011,pooled focal fields,dm_model:sneutrino,Sneutrino,candidate,candidate,candidate,121,38,0.1732249786142001,4.178760387730672,0.1894693000544054,0.1894693000544056,10,6,0.7587965249199817,0.7218602268013544,0.75,0.7916666666666666,0.7916666666666666,0.8125,20.712143863698742,18.445551947585123,0.1894693000544054,0.7916666666666666,33.33333333333333,20.666666666666664,False
explicit_generic,rolling,2007-2011,2007,2011,pooled focal fields,dm_model:sterile_nu,Sterile nu,candidate,candidate,candidate,187,37,0.12917023096663813,6.038464829113143,0.04677736583408395,0.04677736583408377,8,6,0.933669575895794,0.8893697891882524,0.7083333333333334,0.5833333333333334,0.5833333333333334,0.5833333333333334,18.8139061393588,19.76715416488883,0.04677736583408395,0.5833333333333334,26.666666666666668,17.333333333333336,False
explicit_generic,rolling,2007-2011,2007,2011,pooled focal fields,dm_model:bino,Bino,candidate,candidate,candidate,77,20,0.10906757912745939,3.1316835766791495,0.13601537819900533,0.13601537819900542,10,5,0.7971211072664361,0.7371530608588404,0.6666666666666666,0.7083333333333334,0.7083333333333334,0.8125,17.839770528643673,17.078437651182483,0.13601537819900533,0.7083333333333334,30.666666666666668,19.333333333333336,False
explicit_generic,rolling,2007-2011,2007,2011,pooled focal fields,dm_model:axino,Axino,candidate,candidate,candidate,67,25,0.09067579127459367,3.657262154536924,0.1027227466778781,0.10272274667787824,10,5,0.7446600213599146,0.6900354473646264,0.625,0.625,0.625,0.8125,16.8662764014418,16.659111714761824,0.1027227466778781,0.625,28.0,18.0,False
explicit_generic,rolling,2007-2011,2007,2011,pooled focal fields,dm_model:wino,Wino,candidate,candidate,candidate,63,18,0.08853721129170232,3.127926739344001,0.10327631354645499,0.10327631354645499,10,6,0.8557865994538961,0.8191071539095796,0.5833333333333334,0.6666666666666666,0.6666666666666666,0.8125,16.74689619647178,16.473825501115044,0.10327631354645499,0.6666666666666666,29.333333333333332,18.666666666666664,False
explicit_generic,rolling,2007-2011,2007,2011,pooled focal fields,dm_model:pbh,PBH,candidate,candidate,candidate,73,9,0.0320786997433704,2.7131051647425766,0.0038842492027807434,0.0038842492027807026,5,3,0.63744,0.48034397607993445,0.5416666666666666,0.3333333333333333,0.3333333333333333,0.4375,12.788474874620682,16.91754331885529,0.0038842492027807434,0.3333333333333333,18.666666666666664,13.333333333333332,False
explicit_generic,rolling,2007-2011,2007,2011,pooled focal fields,dm_model:lkp_kaluza_klein,LKP Kaluza-Klein,candidate,candidate,candidate,29,10,0.023096663815226688,1.5575956513234026,0.018932255408771068,0.018932255408770998,7,5,0.8518518518518519,0.772381179166974,0.5,0.5416666666666666,0.5416666666666666,0.5208333333333334,11.88182586442336,14.158120914504744,0.018932255408771068,0.5416666666666666,25.333333333333332,16.666666666666664,False
explicit_generic,rolling,2007-2011,2007,2011,pooled focal fields,dm_model:macho,MACHO,candidate,candidate,candidate,40,7,0.020530367835757058,3.2154038771982623,0.00046406866814847767,0.00046406866814846347,3,3,0.646875,0.4826206370770256,0.4583333333333333,0.16666666666666666,0.16666666666666666,0.2708333333333333,11.591356155965512,15.112827449513166,0.00046406866814847767,0.16666666666666666,13.333333333333332,10.666666666666666,False
explicit_generic,rolling,2007-2011,2007,2011,pooled focal fields,dm_model:asymmetric_dm,Asymmetric DM,candidate,candidate,candidate,32,9,0.017536355859709155,1.724281568716484,0.013091457939073901,0.013091457939074173,7,5,0.9294467578822129,0.861298199626234,0.4166666666666667,0.5,0.5,0.5208333333333334,11.228444231928574,14.449416131016088,0.013091457939073901,0.5,24.0,16.0,False
explicit_generic,rolling,2007-2011,2007,2011,pooled focal fields,dm_model:mirror_dm,Mirror DM,candidate,candidate,candidate,27,7,0.013259195893926434,1.9962672829148103,0.003973479223868835,0.00397347922386875,5,5,0.9040582726326744,0.8416060208742743,0.375,0.375,0.375,0.4375,10.651079562064112,13.947258932303143,0.003973479223868835,0.375,20.0,14.0,False
explicit_generic,rolling,2007-2011,2007,2011,pooled focal fields,dm_model:twin_higgs,Twin Higgs,candidate,candidate,candidate,15,4,0.0106928999144568,1.4163433888619779,0.00986975390592504,0.009869753905925026,4,3,0.6835199999999999,0.5267163190785487,0.3333333333333333,0.4166666666666667,0.4166666666666667,0.375,10.258665353682343,12.236912750557524,0.00986975390592504,0.4166666666666667,21.333333333333336,14.666666666666668,False
explicit_generic,rolling,2007-2011,2007,2011,pooled focal fields,dm_model:atomic_dm,Atomic DM,candidate,candidate,candidate,17,5,0.007271171941830624,1.4737776590619238,0.0028145324823520015,0.0028145324823519273,3,4,0.855363321799308,0.7356030897821619,0.2708333333333333,0.2916666666666667,0.2916666666666667,0.2708333333333333,9.652593831259772,12.596891453182241,0.0028145324823520015,0.2916666666666667,17.333333333333336,12.666666666666668,False
explicit_generic,rolling,2007-2011,2007,2011,pooled focal fields,dm_model:q_ball,Q-ball,candidate,candidate,candidate,14,4,0.007271171941830624,1.097573074445782,0.010903906947916844,0.010903906947916882,3,2,0.5813148788927336,0.3781168265518321,0.2708333333333333,0.4583333333333333,0.4583333333333333,0.2708333333333333,9.652593831259772,12.039664539225981,0.010903906947916844,0.4583333333333333,22.666666666666664,15.333333333333332,False
explicit_generic,rolling,2007-2011,2007,2011,pooled focal fields,dm_model:generic_composite,Generic Composite,candidate,candidate,candidate,22,3,0.00427715996578272,0.47691071450362355,0.0019471454476081178,0.001947145447608086,3,3,0.792,0.6077266474915606,0.20833333333333334,0.25,0.25,0.2708333333333333,8.988511035408555,13.34605591421992,0.0019471454476081178,0.25,16.0,12.0,False
explicit_generic,rolling,2007-2011,2007,2011,pooled focal fields,dm_model:quark_nugget_aqn,Quark Nugget / AQN,candidate,candidate,candidate,15,1,0.00213857998289136,0.37650928011644114,0.0003205631053914,0.00032056310539139803,1,1,0.0,0.0,0.16666666666666666,0.08333333333333333,0.08333333333333333,0.10416666666666667,8.348354901606376,12.236912750557524,0.0003205631053914,0.08333333333333333,10.666666666666666,9.333333333333334,False
explicit_generic,rolling,2007-2011,2007,2011,pooled focal fields,dm_model:minimal_su_2_l,Minimal SU(2)L,candidate,candidate,candidate,8,1,0.001710863986313088,0.37241353905575375,0.0004481577429713012,0.00044815774297129535,1,1,0.0,0.0,0.125,0.125,0.125,0.10416666666666667,8.185194910279835,10.478435077903482,0.0004481577429713012,0.125,12.0,10.0,False
explicit_generic,rolling,2007-2011,2007,2011,pooled focal fields,dm_model:inert_doublet_model,Inert Doublet Model,candidate,candidate,candidate,22,1,0.0012831479897348161,0.0,0.0012548495991410952,0.0012548495991410854,1,1,0.0,0.0,0.0625,0.20833333333333334,0.20833333333333334,0.10416666666666667,8.0,13.34605591421992,0.0012548495991410952,0.20833333333333334,14.666666666666668,11.333333333333334,False
explicit_generic,rolling,2007-2011,2007,2011,pooled focal fields,dm_model:wimpzilla,WIMPzilla,candidate,candidate,candidate,11,1,0.0012831479897348161,0.2598777847625962,0.0002940337219314809,0.0002940337219314837,1,1,0.0,0.0,0.0625,0.041666666666666664,0.041666666666666664,0.10416666666666667,8.0,11.357673914230503,0.0002940337219314809,0.041666666666666664,9.333333333333334,8.666666666666666,False
explicit_generic,rolling,2008-2012,2008,2012,pooled focal fields,dm_model:neutralino,Neutralino,candidate,candidate,candidate,639,85,0.9884600079586154,7.405469199097231,1.0,1.0,10,6,0.8153305794767671,0.772793651842758,1.0,1.0,1.0,0.7962962962962963,40.0,23.279658953088884,1.0,1.0,40.0,24.0,False
explicit_generic,rolling,2008-2012,2008,2012,pooled focal fields,dm_model:generic_wimp,Generic WIMP,candidate,candidate,candidate,658,98,0.6366892160764027,9.299221006901217,0.29495934491485326,0.29495934491485304,10,6,0.9602653125,0.9460578729899298,0.9629629629629629,0.8888888888888888,0.8888888888888888,0.7962962962962963,33.454855841785914,23.367737098062403,0.29495934491485326,0.8888888888888888,36.44444444444444,22.22222222222222,True
explicit_generic,rolling,2008-2012,2008,2012,pooled focal fields,dm_model:lsp,LSP,candidate,candidate,candidate,306,59,0.4838838042180661,6.520639689066979,0.5214760770874078,0.5214760770874082,10,6,0.7806115824099723,0.7206715648108238,0.9259259259259259,0.9629629629629629,0.9629629629629629,0.7962962962962963,30.043304333733527,21.06796137973056,0.5214760770874078,0.9629629629629629,38.81481481481481,23.407407407407405,False
explicit_generic,rolling,2008-2012,2008,2012,pooled focal fields,dm_model:gravitino,Gravitino,candidate,candidate,candidate,317,63,0.4436927974532432,7.701945911294119,0.4202993453915661,0.4202993453915664,10,6,0.7644189909308452,0.7223224969669586,0.8888888888888888,0.9259259259259259,0.9259259259259259,0.7962962962962963,29.059128532278933,21.173947806844268,0.4202993453915661,0.9259259259259259,37.62962962962963,22.814814814814817,False
explicit_generic,rolling,2008-2012,2008,2012,pooled focal fields,dm_model:axion_alp,Axion + ALP,candidate,candidate,candidate,356,62,0.27855153203342625,7.189549098247376,0.18821598833570022,0.18821598833570036,10,6,0.8039412244897959,0.7951027635486904,0.8518518518518519,0.7777777777777778,0.7777777777777778,0.7962962962962963,24.446741772899106,21.52223502364837,0.18821598833570022,0.7777777777777778,32.888888888888886,20.444444444444443,False
explicit_generic,rolling,2008-2012,2008,2012,pooled focal fields,dm_model:higgsino,Higgsino,candidate,candidate,candidate,142,42,0.22124950258654996,5.511402118148606,0.25007264353736497,0.250072643537365,10,6,0.7867449924952126,0.733737411948231,0.8148148148148148,0.8518518518518519,0.8518518518518519,0.7962962962962963,22.532462721865038,18.767802311913506,0.25007264353736497,0.8518518518518519,35.25925925925926,21.62962962962963,False
explicit_generic,rolling,2008-2012,2008,2012,pooled focal fields,dm_model:sneutrino,Sneutrino,candidate,candidate,candidate,124,39,0.1778750497413451,4.88427171976664,0.19291795798849193,0.19291795798849204,10,6,0.7577676681230574,0.7109038536225514,0.7777777777777778,0.8148148148148148,0.8148148148148148,0.7962962962962963,20.911248241988527,18.362774575350755,0.19291795798849193,0.8148148148148148,34.074074074074076,21.037037037037038,False
explicit_generic,rolling,2008-2012,2008,2012,pooled focal fields,dm_model:bino,Bino,candidate,candidate,candidate,89,28,0.13052128929566262,3.96767290903498,0.1555703563219523,0.1555703563219524,10,5,0.761801011302796,0.6923766813547129,0.7407407407407407,0.7407407407407407,0.7407407407407407,0.7962962962962963,18.894703054310085,17.373758180883854,0.1555703563219523,0.7407407407407407,31.703703703703702,19.85185185185185,False
explicit_generic,rolling,2008-2012,2008,2012,pooled focal fields,dm_model:sterile_nu,Sterile nu,candidate,candidate,candidate,200,39,0.12654198169518505,6.002602730264572,0.048356646047530004,0.04835664604752996,10,6,0.9254776314228076,0.8829240583499625,0.7037037037037037,0.6296296296296297,0.6296296296296297,0.7962962962962963,18.70964107361334,19.79281487724286,0.048356646047530004,0.6296296296296297,28.14814814814815,18.074074074074076,False
explicit_generic,rolling,2008-2012,2008,2012,pooled focal fields,dm_model:wino,Wino,candidate,candidate,candidate,70,24,0.09470752089136492,3.368019096029755,0.11009857432831187,0.11009857432831194,10,6,0.8367205705811734,0.7911855330711955,0.6666666666666666,0.7037037037037037,0.7037037037037037,0.7962962962962963,17.109693448712697,16.65983930815561,0.11009857432831187,0.7037037037037037,30.51851851851852,19.25925925925926,False
explicit_generic,rolling,2008-2012,2008,2012,pooled focal fields,dm_model:axino,Axino,candidate,candidate,candidate,77,25,0.0947075208913649,3.5722566969786818,0.1096793047895878,0.10967930478958787,10,5,0.729778970411694,0.6765574838007085,0.6296296296296297,0.6666666666666666,0.6666666666666666,0.7962962962962963,17.109693448712697,16.942929175547008,0.1096793047895878,0.6666666666666666,29.333333333333332,18.666666666666664,False
explicit_generic,rolling,2008-2012,2008,2012,pooled focal fields,dm_model:asymmetric_dm,Asymmetric DM,candidate,candidate,candidate,55,16,0.04257859132510944,2.6578613562642706,0.030747940974491437,0.03074794097449174,10,6,0.9516988383264915,0.9215051867003055,0.5925925925925926,0.5925925925925926,0.5925925925925926,0.7962962962962963,13.728500670700063,15.945323140092848,0.030747940974491437,0.5925925925925926,26.962962962962962,17.48148148148148,False
explicit_generic,rolling,2008-2012,2008,2012,pooled focal fields,dm_model:pbh,PBH,candidate,candidate,candidate,77,9,0.02984480700358138,3.0746537350441416,0.003950526875121951,0.00395052687512194,5,4,0.6958933333333333,0.5650000076783765,0.5555555555555556,0.25925925925925924,0.25925925925925924,0.4444444444444444,12.608462648009876,16.942929175547008,0.003950526875121951,0.25925925925925924,16.296296296296298,12.148148148148149,False
explicit_generic,rolling,2008-2012,2008,2012,pooled focal fields,dm_model:mirror_dm,Mirror DM,candidate,candidate,candidate,33,10,0.019498607242339833,2.6454185827617342,0.004939850158582409,0.004939850158582394,6,5,0.9096209912536445,0.8381784164659326,0.5185185185185185,0.2962962962962963,0.2962962962962963,0.5,11.504104351160498,14.443026841192397,0.004939850158582409,0.2962962962962963,17.48148148148148,12.74074074074074,False
explicit_generic,rolling,2008-2012,2008,2012,pooled focal fields,dm_model:lkp_kaluza_klein,LKP Kaluza-Klein,candidate,candidate,candidate,26,10,0.01870274572224433,1.818877704975892,0.012900177023516354,0.01290017702351635,7,4,0.7974649162516976,0.6718931232921144,0.48148148148148145,0.5185185185185185,0.5185185185185185,0.5555555555555556,11.40808950281469,13.748996840951943,0.012900177023516354,0.5185185185185185,24.59259259259259,16.296296296296298,False
explicit_generic,rolling,2008-2012,2008,2012,pooled focal fields,dm_model:macho,MACHO,candidate,candidate,candidate,40,6,0.01631516116195782,3.071386310009773,0.0002166437156689863,0.0002166437156689842,2,2,0.5710886377156454,0.3732962341547948,0.4444444444444444,0.1111111111111111,0.1111111111111111,0.12962962962962962,11.107077941012344,15.00665847615285,0.0002166437156689863,0.1111111111111111,11.555555555555555,9.777777777777779,False
explicit_generic,rolling,2008-2012,2008,2012,pooled focal fields,dm_model:q_ball,Q-ball,candidate,candidate,candidate,16,4,0.008356545961002786,1.1533523596206656,0.013290953334616247,0.01329095333461626,3,2,0.5333333333333333,0.355245321275764,0.4074074074074074,0.5555555555555556,0.5555555555555556,0.2962962962962963,9.896095861238612,12.356191412726757,0.013290953334616247,0.5555555555555556,25.77777777777778,16.88888888888889,False
explicit_generic,rolling,2008-2012,2008,2012,pooled focal fields,dm_model:minimal_su_2_l,Minimal SU(2)L,candidate,candidate,candidate,14,6,0.007958615200955034,1.218790998922533,0.006822843443883149,0.006822843443883152,6,3,0.738,0.5639220950878291,0.37037037037037035,0.4074074074074074,0.4074074074074074,0.5,9.822634185891062,11.979366853123803,0.006822843443883149,0.4074074074074074,21.037037037037038,14.518518518518519,False
explicit_generic,rolling,2008-2012,2008,2012,pooled focal fields,dm_model:generic_composite,Generic Composite,candidate,candidate,candidate,25,6,0.007560684440907282,0.973720903094338,0.00755095610596476,0.007550956105964753,4,4,0.7778393351800554,0.6765175874900858,0.3333333333333333,0.48148148148148145,0.48148148148148145,0.3888888888888889,9.74731183746453,13.6353732762526,0.00755095610596476,0.48148148148148145,23.407407407407405,15.703703703703702,False
explicit_generic,rolling,2008-2012,2008,2012,pooled focal fields,dm_model:twin_higgs,Twin Higgs,candidate,candidate,candidate,10,3,0.0067648229208117795,0.9466807084780203,0.007112874453770191,0.007112874453770194,3,2,0.4982698961937716,0.33810202193785543,0.2962962962962963,0.4444444444444444,0.4444444444444444,0.2962962962962963,9.590468185195498,11.045593607195269,0.007112874453770191,0.4444444444444444,22.22222222222222,15.11111111111111,False
explicit_generic,rolling,2008-2012,2008,2012,pooled focal fields,dm_model:atomic_dm,Atomic DM,candidate,candidate,candidate,20,4,0.005571030640668524,0.7060850523374707,0.003358380969167642,0.0033583809691676426,3,3,0.6979591836734695,0.5469323304346799,0.25925925925925924,0.2222222222222222,0.2222222222222222,0.2962962962962963,9.33673862466837,12.992372753990331,0.003358380969167642,0.2222222222222222,15.11111111111111,11.555555555555555,False
explicit_generic,rolling,2008-2012,2008,2012,pooled focal fields,dm_model:vector_dm,Vector DM,candidate,candidate,candidate,8,4,0.00477516912057302,0.5825185826663677,0.005333923092426793,0.005333923092426788,4,4,0.9,0.7737056144690831,0.2222222222222222,0.3333333333333333,0.3333333333333333,0.3888888888888889,9.152115662002469,10.441440941657534,0.005333923092426793,0.3333333333333333,18.666666666666664,13.333333333333332,False
explicit_generic,rolling,2008-2012,2008,2012,pooled focal fields,dm_model:quark_nugget_aqn,Quark Nugget / AQN,candidate,candidate,candidate,19,2,0.003183446080382014,0.4155357477879724,0.0009537462053033156,0.0009537462053033123,2,2,0.5625,0.3692254733516234,0.18518518518518517,0.14814814814814814,0.14814814814814814,0.12962962962962962,8.72928133571413,12.845481810760678,0.0009537462053033156,0.14814814814814814,12.74074074074074,10.37037037037037,False
explicit_generic,rolling,2008-2012,2008,2012,pooled focal fields,dm_model:inert_doublet_model,Inert Doublet Model,candidate,candidate,candidate,24,2,0.0031834460803820135,0.08772432377393861,0.0026137262976632892,0.0026137262976632845,2,2,0.6,0.3868528072345416,0.14814814814814814,0.18518518518518517,0.18518518518518517,0.12962962962962962,8.72928133571413,13.517292764590074,0.0026137262976632892,0.18518518518518517,13.925925925925926,10.962962962962962,False
explicit_generic,rolling,2008-2012,2008,2012,pooled focal fields,dm_model:sfdm,SFDM,candidate,candidate,candidate,12,2,0.002785515320334262,1.039158296456842,4.858972174279773e-05,4.858972174279742e-05,2,2,0.5877551020408163,0.38113827019130503,0.09259259259259259,0.07407407407407407,0.07407407407407407,0.12962962962962962,8.607770081487688,11.54853784778696,4.858972174279773e-05,0.07407407407407407,10.37037037037037,9.185185185185185,False
explicit_generic,rolling,2008-2012,2008,2012,pooled focal fields,dm_model:superwimp,SuperWIMP,candidate,candidate,candidate,8,2,0.002785515320334262,0.22963416775863885,0.006016852895251853,0.0060168528952518575,2,2,0.5877551020408163,0.38113827019130503,0.09259259259259259,0.37037037037037035,0.37037037037037035,0.12962962962962962,8.607770081487688,10.441440941657534,0.006016852895251853,0.37037037037037035,19.85185185185185,13.925925925925926,False
explicit_generic,rolling,2008-2012,2008,2012,pooled focal fields,dm_model:ula_fuzzy,ULA / Fuzzy,candidate,candidate,candidate,17,2,0.00238758456028651,0.8666593995686587,4.687523899382105e-05,4.687523899382079e-05,2,2,0.6,0.3868528072345416,0.037037037037037035,0.037037037037037035,0.037037037037037035,0.12962962962962962,8.47722193262388,12.528276370123173,4.687523899382105e-05,0.037037037037037035,9.185185185185185,8.592592592592592,False
explicit_generic,rolling,2009-2013,2009,2013,pooled focal fields,dm_model:neutralino,Neutralino,candidate,candidate,candidate,674,90,1.0265222263728053,8.018419941021719,1.0,1.0,11,6,0.816912339581625,0.7722217279910423,1.0,1.0,1.0,0.8035714285714286,40.0,23.23906927561358,1.0,1.0,40.0,24.0,False
explicit_generic,rolling,2009-2013,2009,2013,pooled focal fields,dm_model:generic_wimp,Generic WIMP,candidate,candidate,candidate,674,108,0.6481135599551738,10.016722311255055,0.29432827996331734,0.29432827996331673,11,6,0.9622252157230772,0.9501305457358249,0.9642857142857143,0.8571428571428571,0.8571428571428571,0.8035714285714286,33.20217278005167,23.23906927561358,0.29432827996331734,0.8571428571428571,35.42857142857143,21.714285714285715,True
explicit_generic,rolling,2009-2013,2009,2013,pooled focal fields,dm_model:lsp,LSP,candidate,candidate,candidate,308,61,0.4759058647740007,6.612705605391593,0.49097196672240245,0.4909719667224029,11,6,0.7851772806695434,0.7209057646358713,0.9285714285714286,0.9642857142857143,0.9642857142857143,0.8035714285714286,29.43952156388448,20.91722804856996,0.49097196672240245,0.9642857142857143,38.85714285714286,23.42857142857143,False
explicit_generic,rolling,2009-2013,2009,2013,pooled focal fields,dm_model:gravitino,Gravitino,candidate,candidate,candidate,317,69,0.44602166604407917,8.123171475644082,0.3852745272176296,0.38527452721762995,11,6,0.7705259968182622,0.7274056858218364,0.8928571428571429,0.9285714285714286,0.9285714285714286,0.8035714285714286,28.720580984557117,21.002539983814067,0.3852745272176296,0.9285714285714286,37.714285714285715,22.857142857142858,False
explicit_generic,rolling,2009-2013,2009,2013,pooled focal fields,dm_model:axion_alp,Axion + ALP,candidate,candidate,candidate,407,76,0.3391856555846096,9.147492422231347,0.21179495660055994,0.2117949566005601,11,6,0.8577267169943139,0.8467334174564008,0.8571428571428571,0.8214285714285714,0.8214285714285714,0.8035714285714286,25.92944985881974,21.7430834552976,0.21179495660055994,0.8214285714285714,34.285714285714285,21.142857142857142,False
explicit_generic,rolling,2009-2013,2009,2013,pooled focal fields,dm_model:higgsino,Higgsino,candidate,candidate,candidate,187,49,0.2898767276802391,6.150024810955337,0.3076064803329893,0.30760648033298954,11,6,0.816084334148156,0.759304983005622,0.8214285714285714,0.8928571428571429,0.8928571428571429,0.8035714285714286,24.492453289108298,19.440694235765875,0.3076064803329893,0.8928571428571429,36.57142857142857,22.285714285714285,False
explicit_generic,rolling,2009-2013,2009,2013,pooled focal fields,dm_model:sneutrino,Sneutrino,candidate,candidate,candidate,124,39,0.17146059021292487,4.5236448537338525,0.1732085469998805,0.1732085469998806,11,6,0.7712703091403592,0.7121462916197263,0.7857142857142857,0.75,0.75,0.8035714285714286,20.4316427447035,18.227943266121585,0.1732085469998805,0.75,32.0,20.0,False
explicit_generic,rolling,2009-2013,2009,2013,pooled focal fields,dm_model:bino,Bino,candidate,candidate,candidate,111,34,0.16511019798281662,4.44559722867651,0.17749548419852007,0.1774954841985202,11,5,0.8151921541327983,0.7436260879803388,0.75,0.7857142857142857,0.7857142857142857,0.8035714285714286,20.17881520448452,17.90162894404935,0.17749548419852007,0.7857142857142857,33.14285714285714,20.57142857142857,False
explicit_generic,rolling,2009-2013,2009,2013,pooled focal fields,dm_model:sterile_nu,Sterile nu,candidate,candidate,candidate,219,47,0.15726559581621213,7.631525846726795,0.04917436721839503,0.04917436721839496,11,6,0.9298796553844767,0.882853979939209,0.7142857142857143,0.6428571428571429,0.6428571428571429,0.8035714285714286,19.859687451903966,19.907770406703225,0.04917436721839503,0.6428571428571429,28.571428571428573,18.285714285714285,False
explicit_generic,rolling,2009-2013,2009,2013,pooled focal fields,dm_model:wino,Wino,candidate,candidate,candidate,107,31,0.13933507657825922,3.822621902463844,0.15391439891373004,0.15391439891373027,11,5,0.844378957658001,0.7787124445703545,0.6785714285714286,0.7142857142857143,0.7142857142857143,0.8035714285714286,19.09892655665336,17.79356267229153,0.15391439891373004,0.7142857142857143,30.857142857142858,19.42857142857143,False
explicit_generic,rolling,2009-2013,2009,2013,pooled focal fields,dm_model:axino,Axino,candidate,candidate,candidate,75,28,0.09264101606275679,4.193749689357205,0.0986103957270157,0.0986103957270158,11,6,0.7709547346514048,0.744938152349007,0.6428571428571429,0.6785714285714286,0.6785714285714286,0.8035714285714286,16.848232487590778,16.749385618762222,0.0986103957270157,0.6785714285714286,29.714285714285715,18.857142857142858,False
explicit_generic,rolling,2009-2013,2009,2013,pooled focal fields,dm_model:asymmetric_dm,Asymmetric DM,candidate,candidate,candidate,74,23,0.06088905491221518,3.4637236920470524,0.03757627406315469,0.0375762740631547,11,6,0.946576837667959,0.9156438775544851,0.6071428571428571,0.6071428571428571,0.6071428571428571,0.8035714285714286,14.966418816994166,16.710027494085892,0.03757627406315469,0.6071428571428571,27.428571428571427,17.714285714285715,False
explicit_generic,rolling,2009-2013,2009,2013,pooled focal fields,dm_model:pbh,PBH,candidate,candidate,candidate,88,14,0.034740381023533815,3.4022931146719264,0.0050543458322456335,0.005054345832245624,6,6,0.7941727367325702,0.7287524835879734,0.5714285714285714,0.2857142857142857,0.2857142857142857,0.48214285714285715,12.994566983729726,17.21859367665285,0.0050543458322456335,0.2857142857142857,17.142857142857142,12.571428571428571,False
explicit_generic,rolling,2009-2013,2009,2013,pooled focal fields,dm_model:mirror_dm,Mirror DM,candidate,candidate,candidate,36,7,0.016436309301456856,1.6723604876501785,0.005579677491138389,0.005579677491138352,5,5,0.9334710743801654,0.8693637407404095,0.5357142857142857,0.35714285714285715,0.35714285714285715,0.375,11.094110637183672,14.610457695535928,0.005579677491138389,0.35714285714285715,19.42857142857143,13.714285714285715,False
explicit_generic,rolling,2009-2013,2009,2013,pooled focal fields,dm_model:macho,MACHO,candidate,candidate,candidate,38,6,0.014942099364960777,3.1062687751152223,0.0001288053064749334,0.00012880530647493062,2,2,0.5759999999999998,0.3756149631508354,0.5,0.07142857142857142,0.07142857142857142,0.125,10.899232967684751,14.766888284838103,0.0001288053064749334,0.07142857142857142,10.285714285714285,9.142857142857142,False
explicit_generic,rolling,2009-2013,2009,2013,pooled focal fields,dm_model:lkp_kaluza_klein,LKP Kaluza-Klein,candidate,candidate,candidate,23,8,0.01307433694434068,1.570600131200293,0.009328046501173385,0.009328046501173387,7,4,0.8052244897959184,0.6801697859007249,0.4642857142857143,0.5,0.5,0.5535714285714286,10.641363706858067,13.324204251902351,0.009328046501173385,0.5,24.0,16.0,False
explicit_generic,rolling,2009-2013,2009,2013,pooled focal fields,dm_model:q_ball,Q-ball,candidate,candidate,candidate,18,6,0.011580127007844604,1.82930708533394,0.013962288092517082,0.013962288092517108,5,3,0.6368366285119667,0.4939892007590075,0.42857142857142855,0.5714285714285714,0.5714285714285714,0.375,10.421473329659516,12.63001889648521,0.013962288092517082,0.5714285714285714,26.285714285714285,17.142857142857142,False
explicit_generic,rolling,2009-2013,2009,2013,pooled focal fields,dm_model:generic_composite,Generic Composite,candidate,candidate,candidate,26,7,0.010085917071348526,0.49656583673639054,0.010612998980274459,0.010612998980274454,7,4,0.8296296296296296,0.7122522994045601,0.39285714285714285,0.5357142857142857,0.5357142857142857,0.5535714285714286,10.186875936233836,13.674195950014518,0.010612998980274459,0.5357142857142857,25.142857142857142,16.57142857142857,False
explicit_generic,rolling,2009-2013,2009,2013,pooled focal fields,dm_model:vector_dm,Vector DM,candidate,candidate,candidate,11,6,0.008591707134852447,1.4957175150399562,0.007396592974398428,0.0073965929743984166,5,4,0.8710775047258981,0.7466333276220509,0.35714285714285715,0.4642857142857143,0.4642857142857143,0.375,9.934154671409964,11.264520890763844,0.007396592974398428,0.4642857142857143,22.857142857142858,15.428571428571429,False
explicit_generic,rolling,2009-2013,2009,2013,pooled focal fields,dm_model:minimal_su_2_l,Minimal SU(2)L,candidate,candidate,candidate,15,6,0.007097497198356371,0.6949720249888844,0.007164954610314855,0.0071649546103148545,6,3,0.7977839335180056,0.6116262662670316,0.32142857142857145,0.42857142857142855,0.42857142857142855,0.48214285714285715,9.658320573390277,12.119366722277015,0.007164954610314855,0.42857142857142855,21.714285714285715,14.857142857142858,False
explicit_generic,rolling,2009-2013,2009,2013,pooled focal fields,dm_model:atomic_dm,Atomic DM,candidate,candidate,candidate,21,5,0.006723944714232351,0.7060000533911446,0.004578953405953744,0.004578953405953728,5,2,0.3333333333333332,0.2514629985800607,0.2857142857142857,0.21428571428571427,0.21428571428571427,0.375,9.584927119155152,13.065650382765188,0.004578953405953744,0.21428571428571427,14.857142857142858,11.428571428571429,False
explicit_generic,rolling,2009-2013,2009,2013,pooled focal fields,dm_model:ula_fuzzy,ULA / Fuzzy,candidate,candidate,candidate,22,5,0.0063503922301083315,1.6289141381030954,0.0003455386718175535,0.00034553867181754853,4,2,0.5480968858131486,0.3623524061243634,0.25,0.10714285714285714,0.10714285714285714,0.2857142857142857,9.509465028669178,13.197738571692772,0.0003455386718175535,0.10714285714285714,11.428571428571429,9.714285714285714,False
explicit_generic,rolling,2009-2013,2009,2013,pooled focal fields,dm_model:twin_higgs,Twin Higgs,candidate,candidate,candidate,8,3,0.0056032872618602915,0.9168011077912577,0.006105249163749429,0.006105249163749427,3,2,0.5333333333333333,0.355245321275764,0.21428571428571427,0.39285714285714285,0.39285714285714285,0.23214285714285715,9.351563657771758,10.409675059250675,0.006105249163749429,0.39285714285714285,20.57142857142857,14.285714285714285,False
explicit_generic,rolling,2009-2013,2009,2013,pooled focal fields,dm_model:inert_doublet_model,Inert Doublet Model,candidate,candidate,candidate,25,3,0.004109077325364214,0.03742236180948088,0.004616270424961474,0.004616270424961466,3,3,0.7735537190082644,0.5955539999137374,0.17857142857142858,0.25,0.25,0.23214285714285715,9.000336334533378,13.562050755212766,0.004616270424961474,0.25,16.0,12.0,False
explicit_generic,rolling,2009-2013,2009,2013,pooled focal fields,dm_model:sfdm,SFDM,candidate,candidate,candidate,16,2,0.003361972357116175,1.0340962403638296,4.2191360328110987e-05,4.2191360328109984e-05,2,2,0.5333333333333333,0.355245321275764,0.14285714285714285,0.03571428571428571,0.03571428571428571,0.125,8.800452147586462,12.299512481118237,4.2191360328110987e-05,0.03571428571428571,9.142857142857142,8.571428571428571,False
explicit_generic,rolling,2009-2013,2009,2013,pooled focal fields,dm_model:quark_nugget_aqn,Quark Nugget / AQN,candidate,candidate,candidate,18,2,0.0029884198729921555,0.4154240541757244,0.0009439494815258833,0.0009439494815258768,2,2,0.5625,0.3692254733516234,0.10714285714285714,0.14285714285714285,0.14285714285714285,0.125,8.69213875673113,12.63001889648521,0.0009439494815258833,0.14285714285714285,12.571428571428571,10.285714285714285,False
explicit_generic,rolling,2009-2013,2009,2013,pooled focal fields,dm_model:superwimp,SuperWIMP,candidate,candidate,candidate,7,2,0.0026148673888681364,0.2617340568073522,0.005331493698076589,0.0053314936980765944,2,2,0.5877551020408165,0.38113827019130503,0.07142857142857142,0.32142857142857145,0.32142857142857145,0.125,8.57681611742791,10.059683361138507,0.005331493698076589,0.32142857142857145,18.285714285714285,13.142857142857142,False
explicit_generic,rolling,2009-2013,2009,2013,pooled focal fields,dm_model:dark_photon,Dark Photon,candidate,candidate,candidate,16,1,0.0018677624206200972,0.1799899301707893,0.0010507756833006744,0.0010507756833006642,1,1,0.0,0.0,0.03571428571428571,0.17857142857142858,0.17857142857142858,0.03571428571428571,8.318184378758982,12.299512481118237,0.0010507756833006744,0.17857142857142858,13.714285714285715,10.857142857142858,False
explicit_generic,rolling,2010-2014,2010,2014,pooled focal fields,dm_model:neutralino,Neutralino,candidate,candidate,candidate,650,88,0.9745702005730658,8.224725294626127,1.0,1.0,11,6,0.8157299974432191,0.7646499406009132,1.0,1.0,1.0,0.8035714285714286,40.0,23.077427210287638,1.0,1.0,40.0,24.0,False
explicit_generic,rolling,2010-2014,2010,2014,pooled focal fields,dm_model:generic_wimp,Generic WIMP,candidate,candidate,candidate,657,105,0.612106017191977,9.786467277443595,0.3009499070394274,0.300949907039426,11,6,0.9591187808596693,0.9462442278603733,0.9642857142857143,0.8571428571428571,0.8571428571428571,0.8035714285714286,33.13240251533961,23.109094654464563,0.3009499070394274,0.8571428571428571,35.42857142857143,21.714285714285715,True
explicit_generic,rolling,2010-2014,2010,2014,pooled focal fields,dm_model:lsp,LSP,candidate,candidate,candidate,316,65,0.4734957020057307,6.643014484855323,0.5143959320046662,0.5143959320046663,11,6,0.7859375035761613,0.7265711197727981,0.9285714285714286,0.9642857142857143,0.9642857142857143,0.8035714285714286,29.971984504829226,20.94675624376172,0.5143959320046662,0.9642857142857143,38.85714285714286,23.42857142857143,False
explicit_generic,rolling,2010-2014,2010,2014,pooled focal fields,dm_model:gravitino,Gravitino,candidate,candidate,candidate,316,73,0.4373209169054441,8.486005864987446,0.3874413658817872,0.38744136588178707,11,6,0.7759040702529646,0.7358310008969624,0.8928571428571429,0.9285714285714286,0.9285714285714286,0.8035714285714286,29.07317025914434,20.94675624376172,0.3874413658817872,0.9285714285714286,37.714285714285715,22.857142857142858,False
explicit_generic,rolling,2010-2014,2010,2014,pooled focal fields,dm_model:axion_alp,Axion + ALP,candidate,candidate,candidate,449,86,0.3710601719197709,9.59930608935368,0.2129434069259696,0.2129434069259694,11,6,0.8553427945319836,0.8435245857543313,0.8571428571428571,0.8214285714285714,0.8214285714285714,0.8035714285714286,27.324501009611527,21.984087373798914,0.2129434069259696,0.8214285714285714,34.285714285714285,21.142857142857142,False
explicit_generic,rolling,2010-2014,2010,2014,pooled focal fields,dm_model:higgsino,Higgsino,candidate,candidate,candidate,219,53,0.3244985673352437,6.115831841545013,0.36060911141383184,0.36060911141383173,11,6,0.8127275119512303,0.7568722448859885,0.8214285714285714,0.8928571428571429,0.8928571428571429,0.8035714285714286,26.000164094024324,19.865223890297756,0.36060911141383184,0.8928571428571429,36.57142857142857,22.285714285714285,False
explicit_generic,rolling,2010-2014,2010,2014,pooled focal fields,dm_model:sterile_nu,Sterile nu,candidate,candidate,candidate,265,57,0.19842406876790833,9.269394428886969,0.06084935547752783,0.0608493554775276,11,6,0.9430358795240391,0.9008836963046559,0.7857142857142857,0.6428571428571429,0.6428571428571429,0.8035714285714286,21.835989408117136,20.4274020950699,0.06084935547752783,0.6428571428571429,28.571428571428573,18.285714285714285,False
explicit_generic,rolling,2010-2014,2010,2014,pooled focal fields,dm_model:bino,Bino,candidate,candidate,candidate,126,36,0.18588825214899712,4.8142621345154675,0.2065119239736248,0.20651192397362475,11,5,0.8355329836167819,0.7625239325467976,0.75,0.7857142857142857,0.7857142857142857,0.8035714285714286,21.35651874893238,18.23839782675706,0.2065119239736248,0.7857142857142857,33.14285714285714,20.57142857142857,False
explicit_generic,rolling,2010-2014,2010,2014,pooled focal fields,dm_model:wino,Wino,candidate,candidate,candidate,124,36,0.16224928366762176,4.536326091045216,0.179903261993457,0.17990326199345683,11,6,0.8554361650804789,0.8020120871753442,0.7142857142857143,0.75,0.75,0.8035714285714286,20.406138067835812,18.191398779529763,0.179903261993457,0.75,32.0,20.0,False
explicit_generic,rolling,2010-2014,2010,2014,pooled focal fields,dm_model:sneutrino,Sneutrino,candidate,candidate,candidate,124,41,0.16045845272206305,4.45773701102779,0.17196206510515094,0.17196206510515086,11,6,0.7710578762755101,0.7133741434039076,0.6785714285714286,0.7142857142857143,0.7142857142857143,0.8035714285714286,20.331399400486692,18.191398779529763,0.17196206510515094,0.7142857142857143,30.857142857142858,19.42857142857143,False
explicit_generic,rolling,2010-2014,2010,2014,pooled focal fields,dm_model:asymmetric_dm,Asymmetric DM,candidate,candidate,candidate,94,31,0.08130372492836675,4.645086140190261,0.04920373821414452,0.04920373821414472,11,6,0.9653748374701625,0.9458483424956698,0.6428571428571429,0.6071428571428571,0.6071428571428571,0.8035714285714286,16.461098917089267,17.378824813881437,0.04920373821414452,0.6071428571428571,27.428571428571427,17.714285714285715,False
explicit_generic,rolling,2010-2014,2010,2014,pooled focal fields,dm_model:axino,Axino,candidate,candidate,candidate,62,24,0.06840974212034384,3.4616479103881037,0.07568091916027977,0.07568091916027976,11,6,0.7888599544968615,0.7589702659370312,0.6071428571428571,0.6785714285714286,0.6785714285714286,0.8035714285714286,15.67032156734156,16.162667452833894,0.07568091916027977,0.6785714285714286,29.714285714285715,18.857142857142858,False
explicit_generic,rolling,2010-2014,2010,2014,pooled focal fields,dm_model:pbh,PBH,candidate,candidate,candidate,81,13,0.030444126074498572,3.281028967539093,0.00457908565552081,0.004579085655520781,6,5,0.7610242214532872,0.6668812476402033,0.5714285714285714,0.25,0.25,0.44642857142857145,12.751027388096924,16.94310901074999,0.00457908565552081,0.25,16.0,12.0,False
explicit_generic,rolling,2010-2014,2010,2014,pooled focal fields,dm_model:mirror_dm,Mirror DM,candidate,candidate,candidate,35,10,0.02041547277936963,2.633875011808359,0.006417067254970158,0.006417067254970088,6,5,0.8731301939058171,0.8145403520633493,0.5357142857142857,0.35714285714285715,0.35714285714285715,0.44642857142857145,11.691548954335648,14.505713486323625,0.006417067254970158,0.35714285714285715,19.42857142857143,13.714285714285715,False
explicit_generic,rolling,2010-2014,2010,2014,pooled focal fields,dm_model:vector_dm,Vector DM,candidate,candidate,candidate,19,9,0.0171919770773639,2.1367134330668502,0.011695491727247454,0.01169549172724741,8,5,0.928125,0.8637160644185115,0.5,0.5357142857142857,0.5357142857142857,0.5535714285714286,11.297106298569664,12.765348995420812,0.011695491727247454,0.5357142857142857,25.142857142857142,16.57142857142857,False
explicit_generic,rolling,2010-2014,2010,2014,pooled focal fields,dm_model:atomic_dm,Atomic DM,candidate,candidate,candidate,34,9,0.013968481375358166,0.7809879329276175,0.011312543977366862,0.011312543977366762,8,5,0.7573964497041421,0.711794568255255,0.44642857142857145,0.5,0.5,0.5535714285714286,10.863593173859513,14.422302961931083,0.011312543977366862,0.5,24.0,16.0,False
explicit_generic,rolling,2010-2014,2010,2014,pooled focal fields,dm_model:generic_composite,Generic Composite,candidate,candidate,candidate,34,7,0.013968481375358166,0.5782776797959712,0.014636473619263858,0.014636473619263821,7,4,0.8220907297830374,0.7070636376385361,0.44642857142857145,0.5714285714285714,0.5714285714285714,0.5,10.863593173859513,14.422302961931083,0.014636473619263858,0.5714285714285714,26.285714285714285,17.142857142857142,False
explicit_generic,rolling,2010-2014,2010,2014,pooled focal fields,dm_model:macho,MACHO,candidate,candidate,candidate,29,7,0.012535816618911174,3.8407419854900704,0.00018349441998365197,0.00018349441998364565,3,3,0.6191020408163265,0.4801754269151055,0.39285714285714285,0.03571428571428571,0.03571428571428571,0.16071428571428573,10.654885223985515,13.965881635216288,0.00018349441998365197,0.03571428571428571,9.142857142857142,8.571428571428571,False
explicit_generic,rolling,2010-2014,2010,2014,pooled focal fields,dm_model:q_ball,Q-ball,candidate,candidate,candidate,15,6,0.009670487106017192,1.9444643257332448,0.010111019038849018,0.010111019038849029,5,3,0.6288065843621398,0.4941503348117125,0.3392857142857143,0.4642857142857143,0.4642857142857143,0.30357142857142855,10.19807086571311,12.104648206732673,0.010111019038849018,0.4642857142857143,22.857142857142858,15.428571428571429,False
explicit_generic,rolling,2010-2014,2010,2014,pooled focal fields,dm_model:sfdm,SFDM,candidate,candidate,candidate,27,6,0.009670487106017192,1.706521658791488,0.00239009915978658,0.002390099159786562,5,2,0.5333333333333332,0.355245321275764,0.3392857142857143,0.14285714285714285,0.14285714285714285,0.30357142857142855,10.19807086571311,13.761602173242942,0.00239009915978658,0.14285714285714285,12.571428571428571,10.285714285714285,False
explicit_generic,rolling,2010-2014,2010,2014,pooled focal fields,dm_model:ula_fuzzy,ULA / Fuzzy,candidate,candidate,candidate,27,7,0.00967048710601719,2.2781951393912765,0.0005207659678455907,0.0005207659678455801,5,2,0.5333333333333332,0.355245321275764,0.2857142857142857,0.07142857142857142,0.07142857142857142,0.30357142857142855,10.198070865713108,13.761602173242942,0.0005207659678455907,0.07142857142857142,10.285714285714285,9.142857142857142,False
explicit_generic,rolling,2010-2014,2010,2014,pooled focal fields,dm_model:dark_photon,Dark Photon,candidate,candidate,candidate,22,6,0.009312320916905443,1.3353863915591724,0.005235520389483507,0.005235520389483475,5,4,0.8520710059171599,0.7289519779393747,0.25,0.2857142857142857,0.2857142857142857,0.30357142857142855,10.136437276013513,13.179167028754106,0.005235520389483507,0.2857142857142857,17.142857142857142,12.571428571428571,False
explicit_generic,rolling,2010-2014,2010,2014,pooled focal fields,dm_model:lkp_kaluza_klein,LKP Kaluza-Klein,candidate,candidate,candidate,19,5,0.0082378223495702,0.8930368560489987,0.008786938969596458,0.008786938969596455,5,4,0.8030245746691872,0.689079497019323,0.21428571428571427,0.42857142857142855,0.42857142857142855,0.30357142857142855,9.944055884729696,12.765348995420812,0.008786938969596458,0.42857142857142855,21.714285714285715,14.857142857142858,False
explicit_generic,rolling,2010-2014,2010,2014,pooled focal fields,dm_model:minimal_su_2_l,Minimal SU(2)L,candidate,candidate,candidate,14,5,0.006446991404011461,0.5913036817041588,0.007432813212326988,0.007432813212326972,5,3,0.7481481481481481,0.5728060327967242,0.17857142857142858,0.39285714285714285,0.39285714285714285,0.30357142857142855,9.593040586880846,11.913557531849952,0.007432813212326988,0.39285714285714285,20.57142857142857,14.285714285714285,False
explicit_generic,rolling,2010-2014,2010,2014,pooled focal fields,dm_model:twin_higgs,Twin Higgs,candidate,candidate,candidate,9,2,0.003939828080229226,0.3362139140973115,0.005945516636682575,0.005945516636682565,2,2,0.5950413223140495,0.3845433777858056,0.14285714285714285,0.32142857142857145,0.32142857142857145,0.07142857142857142,9.005457198746617,10.713024892054476,0.005945516636682575,0.32142857142857145,18.285714285714285,13.142857142857142,False
explicit_generic,rolling,2010-2014,2010,2014,pooled focal fields,dm_model:inert_doublet_model,Inert Doublet Model,candidate,candidate,candidate,17,3,0.0035816618911174787,0.0963909948409894,0.00440854751735452,0.0044085475173545,3,3,0.7919999999999999,0.6077266474915606,0.10714285714285714,0.21428571428571427,0.21428571428571427,0.16071428571428573,8.907519560720077,12.45338938295729,0.00440854751735452,0.21428571428571427,14.857142857142858,11.428571428571429,False
explicit_generic,rolling,2010-2014,2010,2014,pooled focal fields,dm_model:quark_nugget_aqn,Quark Nugget / AQN,candidate,candidate,candidate,16,2,0.002148997134670487,0.31176833458044967,0.0008802359933119877,0.0008802359933119782,2,2,0.6,0.3868528072345416,0.05357142857142857,0.10714285714285714,0.10714285714285714,0.07142857142857142,8.45523538181777,12.284150303979647,0.0008802359933119877,0.10714285714285714,11.428571428571429,9.714285714285714,False
explicit_generic,rolling,2010-2014,2010,2014,pooled focal fields,dm_model:superwimp,SuperWIMP,candidate,candidate,candidate,7,2,0.002148997134670487,0.21297416145903325,0.004186640641673161,0.004186640641673162,2,2,0.6,0.3868528072345416,0.05357142857142857,0.17857142857142858,0.17857142857142858,0.07142857142857142,8.45523538181777,10.052324103366336,0.004186640641673161,0.17857142857142858,13.714285714285715,10.857142857142858,False
explicit_generic,rolling,2011-2015,2011,2015,pooled focal fields,dm_model:neutralino,Neutralino,candidate,candidate,candidate,618,88,0.9058742700103057,8.269788873173674,1.0,1.0,11,6,0.8156560852107685,0.7619779801484056,1.0,1.0,1.0,0.8214285714285714,40.0,22.857955285593075,1.0,1.0,40.0,24.0,False
explicit_generic,rolling,2011-2015,2011,2015,pooled focal fields,dm_model:generic_wimp,Generic WIMP,candidate,candidate,candidate,642,110,0.5754036413603573,10.39917918778859,0.3004300336631802,0.3004300336631802,11,6,0.9658553798173314,0.9549349867461211,0.9642857142857143,0.8571428571428571,0.8571428571428571,0.8214285714285714,33.27688370607211,22.97005557657521,0.3004300336631802,0.8571428571428571,35.42857142857143,21.714285714285715,True
explicit_generic,rolling,2011-2015,2011,2015,pooled focal fields,dm_model:lsp,LSP,candidate,candidate,candidate,308,65,0.4524218481621436,6.5816780636421575,0.5256292160125506,0.5256292160125513,11,6,0.7896901046936591,0.7313897584303582,0.9285714285714286,0.9642857142857143,0.9642857142857143,0.8214285714285714,30.28692844969769,20.810521820811,0.5256292160125506,0.9642857142857143,38.85714285714286,23.42857142857143,False
explicit_generic,rolling,2011-2015,2011,2015,pooled focal fields,dm_model:axion_alp,Axion + ALP,candidate,candidate,candidate,504,81,0.3957402954311234,9.276383469580242,0.22777456724827716,0.2277745672482774,11,6,0.838230613425926,0.8216373415007443,0.8928571428571429,0.7857142857142857,0.7857142857142857,0.8214285714285714,28.771807517201207,22.258113294105243,0.22777456724827716,0.7857142857142857,33.14285714285714,20.57142857142857,False
explicit_generic,rolling,2011-2015,2011,2015,pooled focal fields,dm_model:gravitino,Gravitino,candidate,candidate,candidate,295,71,0.3854345585709379,8.469221115125777,0.36088517720427193,0.3608851772042723,11,6,0.7711859075180874,0.732741195416414,0.8571428571428571,0.8928571428571429,0.8928571428571429,0.8214285714285714,28.48491678643026,20.683856618744763,0.36088517720427193,0.8928571428571429,36.57142857142857,22.285714285714285,False
explicit_generic,rolling,2011-2015,2011,2015,pooled focal fields,dm_model:higgsino,Higgsino,candidate,candidate,candidate,266,60,0.38474750944692543,6.668549468730779,0.4500826050879568,0.4500826050879574,11,6,0.81590625,0.7607581925562863,0.8214285714285714,0.9285714285714286,0.9285714285714286,0.8214285714285714,28.465655145706243,20.37999445053377,0.4500826050879568,0.9285714285714286,37.714285714285715,22.857142857142858,False
explicit_generic,rolling,2011-2015,2011,2015,pooled focal fields,dm_model:sterile_nu,Sterile nu,candidate,candidate,candidate,314,59,0.23840604603229135,9.720706372454377,0.08351017819887974,0.08351017819887979,11,6,0.943648730576618,0.8982177439488755,0.7857142857142857,0.6785714285714286,0.6785714285714286,0.8214285714285714,23.87230239481487,20.86719564706462,0.08351017819887974,0.6785714285714286,29.714285714285715,18.857142857142858,False
explicit_generic,rolling,2011-2015,2011,2015,pooled focal fields,dm_model:bino,Bino,candidate,candidate,candidate,136,36,0.19409137753349365,5.251508978792425,0.22946940558949427,0.22946940558949447,11,5,0.8298823713681573,0.7576328984583546,0.75,0.8214285714285714,0.8214285714285714,0.8214285714285714,22.212218346607095,18.413591047475784,0.22946940558949427,0.8214285714285714,34.285714285714285,21.142857142857142,False
explicit_generic,rolling,2011-2015,2011,2015,pooled focal fields,dm_model:wino,Wino,candidate,candidate,candidate,144,40,0.17588457574716593,4.8315268564371845,0.20256199251288234,0.20256199251288245,11,6,0.8620697021484375,0.8035188645352579,0.7142857142857143,0.75,0.75,0.8214285714285714,21.475535348163024,18.580838654744817,0.20256199251288234,0.75,32.0,20.0,False
explicit_generic,rolling,2011-2015,2011,2015,pooled focal fields,dm_model:sneutrino,Sneutrino,candidate,candidate,candidate,115,38,0.14908965991068365,5.149930850985313,0.1695417400881994,0.1695417400881996,11,6,0.7491431119794432,0.6907870967596367,0.6785714285714286,0.7142857142857143,0.7142857142857143,0.8214285714285714,20.318091087365467,17.923246181355914,0.1695417400881994,0.7142857142857143,30.857142857142858,19.42857142857143,False
explicit_generic,rolling,2011-2015,2011,2015,pooled focal fields,dm_model:asymmetric_dm,Asymmetric DM,candidate,candidate,candidate,106,30,0.08450704225352115,4.136542599671321,0.05655517319578738,0.05655517319578771,11,6,0.9741027166369225,0.9592211996960263,0.6428571428571429,0.6071428571428571,0.6071428571428571,0.8214285714285714,16.997937616513784,17.685246651648285,0.05655517319578738,0.6071428571428571,27.428571428571427,17.714285714285715,False
explicit_generic,rolling,2011-2015,2011,2015,pooled focal fields,dm_model:axino,Axino,candidate,candidate,candidate,61,17,0.054620405358983166,2.7970142872644037,0.07245983183836119,0.07245983183836126,10,5,0.7249080337011986,0.6810013755715586,0.6071428571428571,0.6428571428571429,0.6428571428571429,0.6071428571428571,15.014939203969991,16.077113409198876,0.07245983183836119,0.6428571428571429,28.571428571428573,18.285714285714285,False
explicit_generic,rolling,2011-2015,2011,2015,pooled focal fields,dm_model:pbh,PBH,candidate,candidate,candidate,85,15,0.03332188251459979,3.925657552494329,0.007814041036823014,0.007814041036823018,6,5,0.7409926665958124,0.6513748100143798,0.5714285714285714,0.32142857142857145,0.32142857142857145,0.32142857142857145,13.234572994235172,17.041392889107925,0.007814041036823014,0.32142857142857145,18.285714285714285,13.142857142857142,False
explicit_generic,rolling,2011-2015,2011,2015,pooled focal fields,dm_model:mirror_dm,Mirror DM,candidate,candidate,candidate,31,13,0.019924424596358643,3.278252358357692,0.008278466842783778,0.008278466842783782,7,5,0.8197384066587396,0.7639859539021988,0.5357142857142857,0.35714285714285715,0.35714285714285715,0.5,11.794444523584081,14.128006382471654,0.008278466842783778,0.35714285714285715,19.42857142857143,13.714285714285715,False
explicit_generic,rolling,2011-2015,2011,2015,pooled focal fields,dm_model:twin_higgs,Twin Higgs,candidate,candidate,candidate,22,9,0.019580900034352457,2.3911247808499105,0.023648468086491528,0.02364846808649155,6,4,0.7652816251154201,0.6487812188528777,0.5,0.5714285714285714,0.5714285714285714,0.32142857142857145,11.751920316145345,13.154801257760006,0.023648468086491528,0.5714285714285714,26.285714285714285,17.142857142857142,False
explicit_generic,rolling,2011-2015,2011,2015,pooled focal fields,dm_model:vector_dm,Vector DM,candidate,candidate,candidate,22,8,0.019580900034352453,1.990246739606019,0.015595512723829448,0.015595512723829455,7,5,0.8908587257617728,0.8260377558411779,0.4642857142857143,0.5,0.5,0.5,11.751920316145343,13.154801257760006,0.015595512723829448,0.5,24.0,16.0,False
explicit_generic,rolling,2011-2015,2011,2015,pooled focal fields,dm_model:atomic_dm,Atomic DM,candidate,candidate,candidate,32,12,0.015458605290278257,2.0886386817217923,0.011151586983277055,0.011151586983277144,7,6,0.8130370370370372,0.7934564002405244,0.42857142857142855,0.4642857142857143,0.4642857142857143,0.5,11.209148225584986,14.218688864729256,0.011151586983277055,0.4642857142857143,22.857142857142858,15.428571428571429,False
explicit_generic,rolling,2011-2015,2011,2015,pooled focal fields,dm_model:ula_fuzzy,ULA / Fuzzy,candidate,candidate,candidate,36,10,0.015115080728272074,3.2058156234258406,0.002405670547487228,0.0024056705474872274,6,4,0.7214876033057852,0.5983903606240781,0.39285714285714285,0.14285714285714285,0.14285714285714285,0.32142857142857145,11.160809756288884,14.555850236273109,0.002405670547487228,0.14285714285714285,12.571428571428571,10.285714285714285,False
explicit_generic,rolling,2011-2015,2011,2015,pooled focal fields,dm_model:dark_photon,Dark Photon,candidate,candidate,candidate,33,9,0.015115080728272072,1.482013398577398,0.010321149933746027,0.010321149933746034,7,6,0.9582644628099173,0.9396745325571352,0.35714285714285715,0.42857142857142855,0.42857142857142855,0.5,11.160809756288884,14.306663998942046,0.010321149933746027,0.42857142857142855,21.714285714285715,14.857142857142858,False
explicit_generic,rolling,2011-2015,2011,2015,pooled focal fields,dm_model:generic_composite,Generic Composite,candidate,candidate,candidate,37,7,0.014428031604259706,0.5436925013089349,0.01585512014474809,0.015855120144748103,7,4,0.8326530612244898,0.7127263906780549,0.32142857142857145,0.5357142857142857,0.5357142857142857,0.5,11.0624559482888,14.634440177395856,0.01585512014474809,0.5357142857142857,25.142857142857142,16.57142857142857,False
explicit_generic,rolling,2011-2015,2011,2015,pooled focal fields,dm_model:sfdm,SFDM,candidate,candidate,candidate,35,6,0.011679835108210237,1.726980934333038,0.0021499899943617216,0.00214998999436172,5,2,0.49826989619377154,0.3381020219378554,0.2857142857142857,0.10714285714285714,0.10714285714285714,0.21428571428571427,10.643403613361524,14.475106880264983,0.0021499899943617216,0.10714285714285714,11.428571428571429,9.714285714285714,False
explicit_generic,rolling,2011-2015,2011,2015,pooled focal fields,dm_model:q_ball,Q-ball,candidate,candidate,candidate,16,7,0.010305736860185504,2.240224474789463,0.008754526401436745,0.008754526401436757,6,4,0.7493333333333332,0.6408467285961802,0.25,0.39285714285714285,0.39285714285714285,0.32142857142857145,10.415283585096855,12.26399520478483,0.008754526401436745,0.39285714285714285,20.57142857142857,14.285714285714285,False
explicit_generic,rolling,2011-2015,2011,2015,pooled focal fields,dm_model:macho,MACHO,candidate,candidate,candidate,25,6,0.009618687736173137,3.5447892221478376,0.00015047090422970689,0.00015047090422970602,2,2,0.5234693877551022,0.35046087352921457,0.21428571428571427,0.07142857142857142,0.07142857142857142,0.10714285714285714,10.295509842236017,13.51610394274952,0.00015047090422970689,0.07142857142857142,10.285714285714285,9.142857142857142,False
explicit_generic,rolling,2011-2015,2011,2015,pooled focal fields,dm_model:minimal_su_2_l,Minimal SU(2)L,candidate,candidate,candidate,19,6,0.008244589488148402,0.6382830039533304,0.0072681500194208765,0.007268150019420882,6,5,0.8875,0.8270597743969956,0.17857142857142858,0.2857142857142857,0.2857142857142857,0.32142857142857145,10.042369535742889,12.742930061703333,0.0072681500194208765,0.2857142857142857,17.142857142857142,12.571428571428571,False
explicit_generic,rolling,2011-2015,2011,2015,pooled focal fields,dm_model:inert_doublet_model,Inert Doublet Model,candidate,candidate,candidate,15,4,0.005152868430092751,0.23705635090307015,0.007164363419582733,0.007164363419582739,4,4,0.8853333333333332,0.760396419603471,0.14285714285714285,0.25,0.25,0.17857142857142858,9.380699043011262,12.085337588314434,0.007164363419582733,0.25,16.0,12.0,False
explicit_generic,rolling,2011-2015,2011,2015,pooled focal fields,dm_model:lkp_kaluza_klein,LKP Kaluza-Klein,candidate,candidate,candidate,14,3,0.004122294744074201,0.6095894597933001,0.004296881683852109,0.0042968816838521145,3,3,0.7833333333333334,0.6013956368435128,0.10714285714285714,0.21428571428571427,0.21428571428571427,0.14285714285714285,9.117008989913337,11.89514591352139,0.004296881683852109,0.21428571428571427,14.857142857142858,11.428571428571429,False
explicit_generic,rolling,2011-2015,2011,2015,pooled focal fields,dm_model:superwimp,SuperWIMP,candidate,candidate,candidate,6,1,0.0010305736860185502,0.06812829537816761,0.0029378714891949154,0.002937871489194918,1,1,0.0,0.0,0.05357142857142857,0.17857142857142858,0.17857142857142858,0.05357142857142857,8.0,9.649158705096301,0.0029378714891949154,0.17857142857142858,13.714285714285715,10.857142857142858,False
explicit_generic,rolling,2011-2015,2011,2015,pooled focal fields,dm_model:wimpzilla,WIMPzilla,candidate,candidate,candidate,9,1,0.0010305736860185502,0.41733888569256444,0.00011887185727435892,0.00011887185727435878,1,1,0.0,0.0,0.05357142857142857,0.03571428571428571,0.03571428571428571,0.05357142857142857,8.0,10.700261267546116,0.00011887185727435892,0.03571428571428571,9.142857142857142,8.571428571428571,False
explicit_generic,rolling,2012-2016,2012,2016,pooled focal fields,dm_model:neutralino,Neutralino,candidate,candidate,candidate,614,87,0.8561103810775296,8.450223602200634,1.0,1.0,10,6,0.806681905915212,0.7498295637412301,1.0,1.0,1.0,0.8103448275862069,40.0,22.866004982130303,1.0,1.0,40.0,24.0,False
explicit_generic,rolling,2012-2016,2012,2016,pooled focal fields,dm_model:generic_wimp,Generic WIMP,candidate,candidate,candidate,611,112,0.5321944809461234,10.968541320480075,0.29119226086293054,0.2911922608629287,10,6,0.9666968449931413,0.9554750881464135,0.9655172413793104,0.8620689655172413,0.8620689655172413,0.8103448275862069,32.99241432288403,22.851568078100783,0.29119226086293054,0.8620689655172413,35.58620689655172,21.79310344827586,True
explicit_generic,rolling,2012-2016,2012,2016,pooled focal fields,dm_model:axion_alp,Axion + ALP,candidate,candidate,candidate,607,96,0.47109067017082784,8.770430190388371,0.26515457070146664,0.2651545707014642,10,6,0.8333957738835105,0.8141283693516927,0.9310344827586207,0.8275862068965517,0.8275862068965517,0.8103448275862069,31.447448470072437,22.83220839567383,0.26515457070146664,0.8275862068965517,34.48275862068965,21.241379310344826,False
explicit_generic,rolling,2012-2016,2012,2016,pooled focal fields,dm_model:higgsino,Higgsino,candidate,candidate,candidate,295,57,0.39684625492772674,6.815956863867238,0.4832902653084762,0.48329026530847563,10,6,0.8157915223016534,0.7611699017008331,0.896551724137931,0.9655172413793104,0.9655172413793104,0.8103448275862069,29.428249237453922,20.70706780267853,0.4832902653084762,0.9655172413793104,38.896551724137936,23.448275862068968,False
explicit_generic,rolling,2012-2016,2012,2016,pooled focal fields,dm_model:lsp,LSP,candidate,candidate,candidate,265,57,0.35709592641261495,6.460842409185137,0.43601737344084784,0.43601737344084746,10,6,0.7723201945887206,0.7154122994865711,0.8620689655172413,0.9310344827586207,0.9310344827586207,0.8103448275862069,28.268981101471947,20.39157135766464,0.43601737344084784,0.9310344827586207,37.79310344827586,22.89655172413793,False
explicit_generic,rolling,2012-2016,2012,2016,pooled focal fields,dm_model:gravitino,Gravitino,candidate,candidate,candidate,267,63,0.32457293035479645,8.179147876432724,0.3140234456143864,0.3140234456143856,10,6,0.7521636152043141,0.718621335123356,0.8275862068965517,0.896551724137931,0.896551724137931,0.8103448275862069,27.271536839238237,20.413686374860895,0.3140234456143864,0.896551724137931,36.689655172413794,22.344827586206897,False
explicit_generic,rolling,2012-2016,2012,2016,pooled focal fields,dm_model:sterile_nu,Sterile nu,candidate,candidate,candidate,350,65,0.26609724047306177,10.826465473398843,0.09888833137337988,0.09888833137337866,10,6,0.9421600365797896,0.8960113119474428,0.7931034482758621,0.6896551724137931,0.6896551724137931,0.8103448275862069,25.343132987926822,21.210225739182725,0.09888833137337988,0.6896551724137931,30.06896551724138,19.03448275862069,False
explicit_generic,rolling,2012-2016,2012,2016,pooled focal fields,dm_model:bino,Bino,candidate,candidate,candidate,139,35,0.1911957950065703,5.25841625479394,0.2321840490210996,0.23218404902109943,10,5,0.8414142487689092,0.769828061904437,0.7586206896551724,0.7931034482758621,0.7931034482758621,0.8103448275862069,22.529772830535137,18.496599819273357,0.2321840490210996,0.7931034482758621,33.37931034482759,20.689655172413794,False
explicit_generic,rolling,2012-2016,2012,2016,pooled focal fields,dm_model:wino,Wino,candidate,candidate,candidate,145,42,0.17279894875164256,5.3415431045045265,0.19584539537746548,0.19584539537746531,10,6,0.8690974280385723,0.810817197781302,0.7241379310344828,0.7586206896551724,0.7586206896551724,0.8103448275862069,21.757633339815275,18.62049244442869,0.19584539537746548,0.7586206896551724,32.275862068965516,20.137931034482758,False
explicit_generic,rolling,2012-2016,2012,2016,pooled focal fields,dm_model:sneutrino,Sneutrino,candidate,candidate,candidate,104,38,0.12549277266754266,5.2246479063905475,0.14751816181118138,0.14751816181118121,10,6,0.7578246210356075,0.7094056372663718,0.6896551724137931,0.7241379310344828,0.7241379310344828,0.8103448275862069,19.55806833207117,17.647264244392808,0.14751816181118138,0.7241379310344828,31.17241379310345,19.586206896551722,False
explicit_generic,rolling,2012-2016,2012,2016,pooled focal fields,dm_model:asymmetric_dm,Asymmetric DM,candidate,candidate,candidate,106,32,0.07720105124835741,4.118816929259001,0.054509500594551584,0.05450950059455149,10,6,0.9762969669533724,0.9611373030322421,0.6551724137931034,0.6206896551724138,0.6206896551724138,0.8103448275862069,16.823034004992863,17.702970444043025,0.054509500594551584,0.6206896551724138,27.862068965517242,17.93103448275862,False
explicit_generic,rolling,2012-2016,2012,2016,pooled focal fields,dm_model:axino,Axino,candidate,candidate,candidate,56,19,0.05223390275952694,3.630954946450977,0.06631815967032798,0.06631815967032782,10,5,0.7633558799098138,0.7090598545756603,0.6206896551724138,0.6551724137931034,0.6551724137931034,0.8103448275862069,15.058000431738083,15.843652318865201,0.06631815967032798,0.6551724137931034,28.96551724137931,18.482758620689655,False
explicit_generic,rolling,2012-2016,2012,2016,pooled focal fields,dm_model:pbh,PBH,candidate,candidate,candidate,102,21,0.04697766097240474,5.428550055620762,0.012183401533875598,0.01218340153387534,7,5,0.7830602963470097,0.6867478923303579,0.5862068965517241,0.41379310344827586,0.41379310344827586,0.3793103448275862,14.635421479975468,17.590486706259995,0.012183401533875598,0.41379310344827586,21.241379310344826,14.620689655172413,False
explicit_generic,rolling,2012-2016,2012,2016,pooled focal fields,dm_model:vector_dm,Vector DM,candidate,candidate,candidate,32,12,0.03186596583442839,2.6122098232991164,0.0259691605522121,0.025969160552211917,9,6,0.91087256881709,0.882503403656208,0.5517241379310345,0.5517241379310345,0.5517241379310345,0.5689655172413793,13.266705438069597,14.230068931171571,0.0259691605522121,0.5517241379310345,25.655172413793103,16.82758620689655,False
explicit_generic,rolling,2012-2016,2012,2016,pooled focal fields,dm_model:ula_fuzzy,ULA / Fuzzy,candidate,candidate,candidate,49,17,0.02923784494086728,4.4126633636066295,0.007358891750757594,0.007358891750757431,7,4,0.7426335058704708,0.6109275143243217,0.5172413793103449,0.3103448275862069,0.3103448275862069,0.3793103448275862,12.997506821643302,15.456812208780846,0.007358891750757594,0.3103448275862069,17.93103448275862,12.96551724137931,False
explicit_generic,rolling,2012-2016,2012,2016,pooled focal fields,dm_model:twin_higgs,Twin Higgs,candidate,candidate,candidate,33,10,0.02529566360052563,2.119672353210538,0.03325414388000897,0.03325414388000884,7,5,0.7520998482037443,0.678411275212572,0.4827586206896552,0.5862068965517241,0.5862068965517241,0.3793103448275862,12.569894451979732,14.31820505798174,0.03325414388000897,0.5862068965517241,26.75862068965517,17.379310344827587,False
explicit_generic,rolling,2012-2016,2012,2016,pooled focal fields,dm_model:dark_photon,Dark Photon,candidate,candidate,candidate,43,11,0.022010512483574246,1.7691135729833403,0.015027642429421855,0.015027642429421723,8,6,0.9516596123858321,0.9346133746665813,0.4482758620689655,0.4827586206896552,0.4827586206896552,0.5,12.187316585582884,15.079404506052118,0.015027642429421855,0.4827586206896552,23.448275862068968,15.724137931034484,False
explicit_generic,rolling,2012-2016,2012,2016,pooled focal fields,dm_model:generic_composite,Generic Composite,candidate,candidate,candidate,44,10,0.02168199737187911,1.3248203741441227,0.02096774621252748,0.02096774621252732,9,6,0.8694214876033058,0.8415273655945115,0.41379310344827586,0.5172413793103449,0.5172413793103449,0.5689655172413793,12.147531888030525,15.145752039569398,0.02096774621252748,0.5172413793103449,24.551724137931036,16.275862068965516,False
explicit_generic,rolling,2012-2016,2012,2016,pooled focal fields,dm_model:mirror_dm,Mirror DM,candidate,candidate,candidate,30,13,0.018725361366622867,3.4106394050625566,0.007331727753923153,0.007331727753923077,7,5,0.8088642659279778,0.7527364525692436,0.3793103448275862,0.27586206896551724,0.27586206896551724,0.3793103448275862,11.774951491555935,14.045487518482467,0.007331727753923153,0.27586206896551724,16.82758620689655,12.413793103448276,False
explicit_generic,rolling,2012-2016,2012,2016,pooled focal fields,dm_model:sfdm,SFDM,candidate,candidate,candidate,36,8,0.014126149802890932,1.6772619383130336,0.006318337758458068,0.006318337758457993,6,4,0.6892374256354787,0.5821114059775296,0.3448275862068966,0.20689655172413793,0.20689655172413793,0.27586206896551724,11.131021317445056,14.567847300750447,0.006318337758458068,0.20689655172413793,14.620689655172413,11.310344827586206,False
explicit_generic,rolling,2012-2016,2012,2016,pooled focal fields,dm_model:atomic_dm,Atomic DM,candidate,candidate,candidate,29,11,0.01281208935611038,1.9713359377389659,0.009540345434208283,0.009540345434208227,7,6,0.8220907297830375,0.8125663391606468,0.29310344827586204,0.3793103448275862,0.3793103448275862,0.3793103448275862,10.928289847050337,13.948680780473918,0.009540345434208283,0.3793103448275862,20.137931034482758,14.068965517241379,False
explicit_generic,rolling,2012-2016,2012,2016,pooled focal fields,dm_model:minimal_su_2_l,Minimal SU(2)L,candidate,candidate,candidate,25,9,0.01281208935611038,1.2600573600190574,0.012631075472184002,0.012631075472183935,8,6,0.9309664694280076,0.9040575700028699,0.29310344827586204,0.4482758620689655,0.4482758620689655,0.5,10.928289847050337,13.52619829394423,0.012631075472184002,0.4482758620689655,22.344827586206897,15.172413793103448,False
explicit_generic,rolling,2012-2016,2012,2016,pooled focal fields,dm_model:q_ball,Q-ball,candidate,candidate,candidate,16,6,0.008212877792378448,1.8798593916483424,0.007326220385751088,0.007326220385751087,5,4,0.70272,0.6187056221474598,0.2413793103448276,0.2413793103448276,0.2413793103448276,0.2413793103448276,10.120455222768392,12.27179822400571,0.007326220385751088,0.2413793103448276,15.724137931034484,11.862068965517242,False
explicit_generic,rolling,2012-2016,2012,2016,pooled focal fields,dm_model:inert_doublet_model,Inert Doublet Model,candidate,candidate,candidate,16,5,0.0072273324572930345,0.8655535481739041,0.009032254773263238,0.009032254773263202,4,4,0.8876033057851238,0.7620401678899591,0.20689655172413793,0.3448275862068966,0.3448275862068966,0.20689655172413793,9.919577093913263,12.27179822400571,0.009032254773263238,0.3448275862068966,19.03448275862069,13.517241379310345,False
explicit_generic,rolling,2012-2016,2012,2016,pooled focal fields,dm_model:lkp_kaluza_klein,LKP Kaluza-Klein,candidate,candidate,candidate,13,3,0.0036136662286465177,0.6213698902208495,0.004204486823836769,0.00420448682383677,3,3,0.7933884297520661,0.6083738791013144,0.1724137931034483,0.1724137931034483,0.1724137931034483,0.1724137931034483,9.028173322108163,11.698583463918892,0.004204486823836769,0.1724137931034483,13.517241379310345,10.758620689655173,False
explicit_generic,rolling,2012-2016,2012,2016,pooled focal fields,dm_model:macho,MACHO,candidate,candidate,candidate,20,3,0.0032851511169513796,2.1066294728758104,0.0,0.0,1,2,0.5039999999999999,0.34092985835764694,0.13793103448275862,0.034482758620689655,0.034482758620689655,0.06896551724137931,8.928022995694763,12.895654723014374,0.0,0.034482758620689655,9.10344827586207,8.551724137931034,False
explicit_generic,rolling,2012-2016,2012,2016,pooled focal fields,dm_model:wimpzilla,WIMPzilla,candidate,candidate,candidate,11,2,0.0019710906701708277,0.5067057121540228,0.0012260581314930412,0.0012260581314930373,2,2,0.6,0.3868528072345416,0.10344827586206896,0.06896551724137931,0.06896551724137931,0.13793103448275862,8.4655204373177,11.24347809307151,0.0012260581314930412,0.06896551724137931,10.206896551724139,9.10344827586207,False
explicit_generic,rolling,2012-2016,2012,2016,pooled focal fields,dm_model:superwimp,SuperWIMP,candidate,candidate,candidate,7,1,0.001314060446780552,0.09898021119816347,0.0037369631292162374,0.0037369631292162335,1,1,0.0,0.0,0.06896551724137931,0.13793103448275862,0.13793103448275862,0.06896551724137931,8.173862637106811,10.046406833976027,0.0037369631292162374,0.13793103448275862,12.413793103448276,10.206896551724139,False
explicit_generic,rolling,2012-2016,2012,2016,pooled focal fields,dm_model:macroscopic_dm,Macroscopic DM,candidate,candidate,candidate,15,1,0.0009855453350854138,0.0,0.0013711975365435466,0.0013711975365435314,1,1,0.0,0.0,0.034482758620689655,0.10344827586206896,0.10344827586206896,0.06896551724137931,8.0,12.092813667952054,0.0013711975365435466,0.10344827586206896,11.310344827586206,9.655172413793103,False
explicit_generic,rolling,2013-2017,2013,2017,pooled focal fields,dm_model:neutralino,Neutralino,candidate,candidate,candidate,560,82,0.7506329113924051,9.136362639543824,1.0,1.0,10,6,0.8139471461599493,0.758321896620611,1.0,1.0,1.0,0.8064516129032258,40.0,22.7986740882296,1.0,1.0,40.0,24.0,False
explicit_generic,rolling,2013-2017,2013,2017,pooled focal fields,dm_model:axion_alp,Axion + ALP,candidate,candidate,candidate,721,107,0.5212025316455696,8.067487524171407,0.304500492195103,0.30450049219509917,10,6,0.8415588092496927,0.8169557301197878,0.967741935483871,0.8709677419354839,0.8709677419354839,0.8064516129032258,34.46813594371875,23.553973694117893,0.304500492195103,0.8709677419354839,35.87096774193549,21.935483870967744,False
explicit_generic,rolling,2013-2017,2013,2017,pooled focal fields,dm_model:generic_wimp,Generic WIMP,candidate,candidate,candidate,600,112,0.5123417721518988,11.184442429230796,0.32133193012133204,0.32133193012133066,10,6,0.9639606266078274,0.9514333965789643,0.9354838709677419,0.9032258064516129,0.9032258064516129,0.8064516129032258,34.232111008828994,23.004855832682438,0.32133193012133204,0.9032258064516129,36.903225806451616,22.451612903225808,True
explicit_generic,rolling,2013-2017,2013,2017,pooled focal fields,dm_model:higgsino,Higgsino,candidate,candidate,candidate,302,57,0.3933544303797469,7.464580891551653,0.5294884906881459,0.5294884906881461,10,6,0.8298393125396023,0.7729625861227688,0.9032258064516129,0.967741935483871,0.967741935483871,0.8064516129032258,30.838984206215795,20.954648076627105,0.5294884906881459,0.967741935483871,38.96774193548387,23.483870967741936,False
explicit_generic,rolling,2013-2017,2013,2017,pooled focal fields,dm_model:sterile_nu,Sterile nu,candidate,candidate,candidate,388,74,0.30253164556962026,11.841779177418385,0.1290178772539886,0.12901787725398706,10,6,0.94555329913692,0.9059340904368768,0.8709677419354839,0.7096774193548387,0.7096774193548387,0.8064516129032258,27.88434868248805,21.702590309881295,0.1290178772539886,0.7096774193548387,30.70967741935484,19.35483870967742,False
explicit_generic,rolling,2013-2017,2013,2017,pooled focal fields,dm_model:lsp,LSP,candidate,candidate,candidate,231,55,0.29588607594936717,6.816859498946986,0.4039187860280428,0.40391878602804293,10,6,0.7749977408561871,0.7218784274328126,0.8387096774193549,0.9354838709677419,0.9354838709677419,0.8064516129032258,27.65170879410542,20.155368796759454,0.4039187860280428,0.9354838709677419,37.935483870967744,22.967741935483872,False
explicit_generic,rolling,2013-2017,2013,2017,pooled focal fields,dm_model:gravitino,Gravitino,candidate,candidate,candidate,233,63,0.26898734177215194,8.789813440139332,0.2900545346216762,0.2900545346216756,10,6,0.7538159169550174,0.7224002243474709,0.8064516129032258,0.8387096774193549,0.8387096774193549,0.8064516129032258,26.68225531210693,20.18106514810701,0.2900545346216762,0.8387096774193549,34.83870967741936,21.41935483870968,False
explicit_generic,rolling,2013-2017,2013,2017,pooled focal fields,dm_model:bino,Bino,candidate,candidate,candidate,135,37,0.18291139240506332,6.140615569327465,0.24150119716698512,0.24150119716698526,10,5,0.8542282779181285,0.7845293039238787,0.7741935483870968,0.8064516129032258,0.8064516129032258,0.8064516129032258,23.198836479413707,18.5565359680483,0.24150119716698512,0.8064516129032258,33.806451612903224,20.903225806451612,False
explicit_generic,rolling,2013-2017,2013,2017,pooled focal fields,dm_model:wino,Wino,candidate,candidate,candidate,147,39,0.16708860759493677,4.99692314784989,0.2097811314565837,0.2097811314565838,10,6,0.8770833333333334,0.8212254252119133,0.7419354838709677,0.7741935483870968,0.7741935483870968,0.8064516129032258,22.47438812483656,18.809667518793418,0.2097811314565837,0.7741935483870968,32.774193548387096,20.387096774193548,False
explicit_generic,rolling,2013-2017,2013,2017,pooled focal fields,dm_model:sneutrino,Sneutrino,candidate,candidate,candidate,101,37,0.11677215189873422,5.759809400713309,0.15535717916139336,0.15535717916139344,10,6,0.7583845594553507,0.7121919874177823,0.7096774193548387,0.7419354838709677,0.7419354838709677,0.8064516129032258,19.90676654028121,17.69532903132124,0.15535717916139336,0.7419354838709677,31.741935483870968,19.870967741935484,False
explicit_generic,rolling,2013-2017,2013,2017,pooled focal fields,dm_model:pbh,PBH,candidate,candidate,candidate,139,33,0.08006329113924052,7.341713045552026,0.01938797655196021,0.019387976551959746,9,6,0.8304332203283913,0.7745460788750811,0.6774193548387096,0.4838709677419355,0.4838709677419355,0.5645161290322581,17.65626152594791,18.643313248332458,0.01938797655196021,0.4838709677419355,23.483870967741936,15.741935483870968,False
explicit_generic,rolling,2013-2017,2013,2017,pooled focal fields,dm_model:asymmetric_dm,Asymmetric DM,candidate,candidate,candidate,106,25,0.059810126582278474,2.5370687732005752,0.052365388799808725,0.052365388799808545,10,6,0.9678340471991266,0.9482556113085663,0.6451612903225806,0.6451612903225806,0.6451612903225806,0.8064516129032258,16.18591389672084,17.83859112982842,0.052365388799808725,0.6451612903225806,28.64516129032258,18.32258064516129,False
explicit_generic,rolling,2013-2017,2013,2017,pooled focal fields,dm_model:ula_fuzzy,ULA / Fuzzy,candidate,candidate,candidate,73,25,0.04810126582278481,6.370168392077678,0.01448395280349741,0.014483952803497091,8,5,0.7350415512465374,0.6592797736023194,0.6129032258064516,0.41935483870967744,0.41935483870967744,0.46774193548387094,15.219261215656333,16.734657578189346,0.01448395280349741,0.41935483870967744,21.41935483870968,14.70967741935484,False
explicit_generic,rolling,2013-2017,2013,2017,pooled focal fields,dm_model:axino,Axino,candidate,candidate,candidate,42,19,0.04145569620253164,4.117644511595814,0.05495895951874428,0.05495895951874416,10,5,0.7775770642736438,0.7244952890646565,0.5806451612903226,0.6774193548387096,0.6774193548387096,0.8064516129032258,14.617492543485401,15.109533425148232,0.05495895951874428,0.6774193548387096,29.677419354838708,18.838709677419352,False
explicit_generic,rolling,2013-2017,2013,2017,pooled focal fields,dm_model:vector_dm,Vector DM,candidate,candidate,candidate,37,16,0.03829113924050633,3.0923192663192633,0.03481046995646296,0.03481046995646279,10,6,0.9220681647428453,0.8903243322945366,0.5483870967741935,0.5806451612903226,0.5806451612903226,0.8064516129032258,14.313971210406223,14.73948187675691,0.03481046995646296,0.5806451612903226,26.580645161290324,17.29032258064516,False
explicit_generic,rolling,2013-2017,2013,2017,pooled focal fields,dm_model:twin_higgs,Twin Higgs,candidate,candidate,candidate,44,12,0.03259493670886076,2.6163060843508203,0.04485263906027686,0.04485263906027665,8,5,0.7494768592704308,0.6930324455995812,0.5161290322580645,0.6129032258064516,0.6129032258064516,0.46774193548387094,13.73413698350624,15.245629886013187,0.04485263906027686,0.6129032258064516,27.612903225806452,17.806451612903224,False
explicit_generic,rolling,2013-2017,2013,2017,pooled focal fields,dm_model:dark_photon,Dark Photon,candidate,candidate,candidate,53,14,0.030696202531645577,2.807008197982494,0.022972388970005257,0.022972388970005097,8,6,0.9422467849930918,0.9214966525654112,0.4838709677419355,0.5161290322580645,0.5161290322580645,0.46774193548387094,13.529733128428072,15.791428892839198,0.022972388970005257,0.5161290322580645,24.516129032258064,16.258064516129032,False
explicit_generic,rolling,2013-2017,2013,2017,pooled focal fields,dm_model:generic_composite,Generic Composite,candidate,candidate,candidate,47,10,0.025000000000000005,1.441708441859694,0.0281526048424931,0.028152604842492903,9,6,0.866015061688832,0.8365223916604189,0.45161290322580644,0.5483870967741935,0.5483870967741935,0.5645161290322581,12.875262454651075,15.43883282568924,0.0281526048424931,0.5483870967741935,25.548387096774192,16.774193548387096,False
explicit_generic,rolling,2013-2017,2013,2017,pooled focal fields,dm_model:sfdm,SFDM,candidate,candidate,candidate,39,10,0.015822784810126583,2.372783833371085,0.006804929252160252,0.006804929252160164,7,4,0.6105600000000002,0.5273908671522586,0.41935483870967744,0.2903225806451613,0.2903225806451613,0.3709677419354839,11.6373095014945,14.89303381886323,0.006804929252160252,0.2903225806451613,17.29032258064516,12.64516129032258,False
explicit_generic,rolling,2013-2017,2013,2017,pooled focal fields,dm_model:mirror_dm,Mirror DM,candidate,candidate,candidate,29,9,0.013607594936708862,2.3604928872187774,0.00745071770699659,0.0074507177069965125,6,5,0.9267712276906437,0.8608619245999255,0.3870967741935484,0.3225806451612903,0.3225806451612903,0.3225806451612903,11.287389528136668,14.031826882136173,0.00745071770699659,0.3225806451612903,18.32258064516129,13.161290322580644,False
explicit_generic,rolling,2013-2017,2013,2017,pooled focal fields,dm_model:minimal_su_2_l,Minimal SU(2)L,candidate,candidate,candidate,26,8,0.012341772151898734,0.6423925923932738,0.017179156353375528,0.01717915635337544,8,6,0.923076923076923,0.9087190360228007,0.3548387096774194,0.45161290322580644,0.45161290322580644,0.46774193548387094,11.074533323969018,13.716418952235124,0.017179156353375528,0.45161290322580644,22.451612903225808,15.225806451612904,False
explicit_generic,rolling,2013-2017,2013,2017,pooled focal fields,dm_model:atomic_dm,Atomic DM,candidate,candidate,candidate,28,10,0.01170886075949367,2.025426218892806,0.010594734924517017,0.010594734924517027,7,4,0.7766252739225713,0.6681072012791073,0.3225806451612903,0.3870967741935484,0.3870967741935484,0.3709677419354839,10.96400724601772,13.930338974947237,0.010594734924517017,0.3870967741935484,20.387096774193548,14.193548387096774,False
explicit_generic,rolling,2013-2017,2013,2017,pooled focal fields,dm_model:inert_doublet_model,Inert Doublet Model,candidate,candidate,candidate,17,5,0.007278481012658228,0.8447210763506012,0.010207025249874819,0.010207025249874803,4,4,0.8801512287334594,0.7555825613989439,0.2903225806451613,0.3548387096774194,0.3548387096774194,0.25806451612903225,10.08726038873871,12.502615948358107,0.010207025249874819,0.3548387096774194,19.35483870967742,13.67741935483871,False
explicit_generic,rolling,2013-2017,2013,2017,pooled focal fields,dm_model:q_ball,Q-ball,candidate,candidate,candidate,18,5,0.006329113924050633,1.7333975398017887,0.004286161580260028,0.004286161580260025,4,4,0.828,0.7116122844284783,0.25806451612903225,0.22580645161290322,0.22580645161290322,0.25806451612903225,9.866736467337159,12.664471936152836,0.004286161580260028,0.22580645161290322,15.225806451612904,11.612903225806452,False
explicit_generic,rolling,2013-2017,2013,2017,pooled focal fields,dm_model:wimpzilla,WIMPzilla,candidate,candidate,candidate,12,4,0.004746835443037975,0.804644520596044,0.004188238366404935,0.004188238366404885,4,2,0.46933333333333344,0.32365681966673027,0.22580645161290322,0.1935483870967742,0.1935483870967742,0.25806451612903225,9.458552062782697,11.528429318540756,0.004188238366404935,0.1935483870967742,14.193548387096774,11.096774193548388,False
explicit_generic,rolling,2013-2017,2013,2017,pooled focal fields,dm_model:lkp_kaluza_klein,LKP Kaluza-Klein,candidate,candidate,candidate,11,2,0.002848101265822785,0.64902261086375,0.004153803874191048,0.004153803874191059,2,2,0.5925925925925926,0.38340055593136474,0.1935483870967742,0.16129032258064516,0.16129032258064516,0.16129032258064516,8.863815125767633,11.28881294448109,0.004153803874191048,0.16129032258064516,13.161290322580644,10.580645161290322,False
explicit_generic,rolling,2013-2017,2013,2017,pooled focal fields,dm_model:macho,MACHO,candidate,candidate,candidate,16,2,0.0018987341772151898,1.4776172687764138,0.0,0.0,1,2,0.6,0.3868528072345416,0.12903225806451613,0.03225806451612903,0.03225806451612903,0.06451612903225806,8.488769272264356,12.331506146236078,0.0,0.03225806451612903,9.032258064516128,8.516129032258064,False
explicit_generic,rolling,2013-2017,2013,2017,pooled focal fields,dm_model:macroscopic_dm,Macroscopic DM,candidate,candidate,candidate,20,2,0.0018987341772151898,0.29226382566164094,0.001557248547354001,0.0015572485473539783,2,1,0.0,0.0,0.12903225806451613,0.12903225806451613,0.12903225806451613,0.16129032258064516,8.488769272264356,12.964082433346245,0.001557248547354001,0.12903225806451613,12.129032258064516,10.064516129032258,False
explicit_generic,rolling,2013-2017,2013,2017,pooled focal fields,dm_model:superwimp,SuperWIMP,candidate,candidate,candidate,6,2,0.0018987341772151898,0.2000851403645649,0.005369014646126466,0.005369014646126475,2,2,0.6,0.3868528072345416,0.12903225806451613,0.25806451612903225,0.25806451612903225,0.16129032258064516,8.488769272264356,9.675269488865155,0.005369014646126466,0.25806451612903225,16.258064516129032,12.129032258064516,False
explicit_generic,rolling,2013-2017,2013,2017,pooled focal fields,dm_model:quark_nugget_aqn,Quark Nugget / AQN,candidate,candidate,candidate,16,1,0.0012658227848101266,0.1902501942009025,0.0005528234603195327,0.0005528234603195055,1,1,0.0,0.0,0.06451612903225806,0.06451612903225806,0.06451612903225806,0.06451612903225806,8.18254561518781,12.331506146236078,0.0005528234603195327,0.06451612903225806,10.064516129032258,9.032258064516128,False
explicit_generic,rolling,2013-2017,2013,2017,pooled focal fields,dm_model:scotogenic_model,Scotogenic Model,candidate,candidate,candidate,10,1,0.0009493670886075949,0.11663145207575869,0.0012798657761453989,0.0012798657761453997,1,1,0.0,0.0,0.03225806451612903,0.0967741935483871,0.0967741935483871,0.06451612903225806,8.0,11.028335116304286,0.0012798657761453989,0.0967741935483871,11.096774193548388,9.548387096774194,False
explicit_generic,rolling,2014-2018,2014,2018,pooled focal fields,dm_model:neutralino,Neutralino,candidate,candidate,candidate,489,67,0.6064828839745533,9.028495960560837,1.0,1.0,10,6,0.8033985994025954,0.7386320537861735,1.0,1.0,1.0,0.8125,40.0,22.336585975113277,1.0,1.0,40.0,24.0,False
explicit_generic,rolling,2014-2018,2014,2018,pooled focal fields,dm_model:axion_alp,Axion + ALP,candidate,candidate,candidate,855,121,0.5904271432899123,8.951153365998609,0.41456830430341873,0.41456830430341224,10,6,0.8378257153093995,0.8113145877801491,0.96875,0.90625,0.90625,0.8125,39.5564109044314,24.0,0.41456830430341873,0.90625,37.0,22.5,False
explicit_generic,rolling,2014-2018,2014,2018,pooled focal fields,dm_model:generic_wimp,Generic WIMP,candidate,candidate,candidate,578,113,0.4756134504695546,12.330184048772379,0.3591151614530884,0.3591151614530867,10,6,0.968963609071362,0.9574612166564889,0.9375,0.875,0.875,0.8125,36.19043678961863,22.834231394328278,0.3591151614530884,0.875,36.0,22.0,True
explicit_generic,rolling,2014-2018,2014,2018,pooled focal fields,dm_model:higgsino,Higgsino,candidate,candidate,candidate,286,60,0.3556498030899726,8.675238528611724,0.5654446657982889,0.565444665798289,10,6,0.8319297441151118,0.7759288321631999,0.90625,0.96875,0.96875,0.8125,32.20302192661689,20.741578695624725,0.5654446657982889,0.96875,39.0,23.5,False
explicit_generic,rolling,2014-2018,2014,2018,pooled focal fields,dm_model:sterile_nu,Sterile nu,candidate,candidate,candidate,384,82,0.28597394728870035,12.445587807252682,0.16471013728935005,0.1647101372893483,10,6,0.9493231111749498,0.9144466737307647,0.875,0.71875,0.71875,0.8125,29.569987002776582,21.617500966483306,0.16471013728935005,0.71875,31.0,19.5,False
explicit_generic,rolling,2014-2018,2014,2018,pooled focal fields,dm_model:lsp,LSP,candidate,candidate,candidate,220,57,0.2726446531354135,7.353079818882302,0.44851355777292756,0.4485135577729278,10,6,0.7781185185185187,0.7210644681356841,0.84375,0.9375,0.9375,0.8125,29.030908677040944,19.962389184496644,0.44851355777292756,0.9375,38.0,23.0,False
explicit_generic,rolling,2014-2018,2014,2018,pooled focal fields,dm_model:gravitino,Gravitino,candidate,candidate,candidate,205,57,0.2241744925780067,8.128447903893989,0.3015947524895915,0.3015947524895909,10,6,0.726508400292184,0.693514217722728,0.8125,0.84375,0.84375,0.8125,26.94994087759346,19.752812302210454,0.3015947524895915,0.84375,35.0,21.5,False
explicit_generic,rolling,2014-2018,2014,2018,pooled focal fields,dm_model:bino,Bino,candidate,candidate,candidate,121,38,0.16298091487428054,7.1195668039197955,0.2543252051795631,0.25432520517956314,10,5,0.8603114937604511,0.7909624508556186,0.78125,0.8125,0.8125,0.8125,23.96796722625902,18.190807186750195,0.2543252051795631,0.8125,34.0,21.0,False
explicit_generic,rolling,2014-2018,2014,2018,pooled focal fields,dm_model:pbh,PBH,candidate,candidate,candidate,221,43,0.13783701908512574,8.267601149332043,0.050106302793561534,0.05010630279356026,9,6,0.8564183069677578,0.7978368905717805,0.75,0.59375,0.59375,0.546875,22.58110769238491,19.975850833499585,0.050106302793561534,0.59375,27.0,17.5,False
explicit_generic,rolling,2014-2018,2014,2018,pooled focal fields,dm_model:wino,Wino,candidate,candidate,candidate,127,32,0.1332929415328688,4.814468474151788,0.2051629677044966,0.2051629677044966,10,6,0.8753429752066116,0.8187393876151589,0.71875,0.78125,0.78125,0.8125,22.317326559408464,18.333958685160056,0.2051629677044966,0.78125,33.0,20.5,False
explicit_generic,rolling,2014-2018,2014,2018,pooled focal fields,dm_model:sneutrino,Sneutrino,candidate,candidate,candidate,103,33,0.11481369282035747,5.659852637918647,0.18834384257715628,0.18834384257715628,10,6,0.7745142403631275,0.737705440629534,0.6875,0.75,0.75,0.8125,21.195208886201833,17.714829969871086,0.18834384257715628,0.75,32.0,20.0,False
explicit_generic,rolling,2014-2018,2014,2018,pooled focal fields,dm_model:ula_fuzzy,ULA / Fuzzy,candidate,candidate,candidate,109,34,0.0720993638291427,7.717911337974298,0.02511481919414799,0.025114819194147413,9,6,0.7647341289456959,0.7105305824146302,0.65625,0.46875,0.46875,0.546875,18.18901132720862,17.882074747690517,0.02511481919414799,0.46875,23.0,15.5,False
explicit_generic,rolling,2014-2018,2014,2018,pooled focal fields,dm_model:asymmetric_dm,Asymmetric DM,candidate,candidate,candidate,97,20,0.05028779157830959,2.115179176326786,0.05867000684433143,0.05867000684433114,10,6,0.9656263608651473,0.9506412282305313,0.625,0.65625,0.65625,0.8125,16.29694788798326,17.537644174617597,0.05867000684433143,0.65625,29.0,18.5,False
explicit_generic,rolling,2014-2018,2014,2018,pooled focal fields,dm_model:vector_dm,Vector DM,candidate,candidate,candidate,44,19,0.045137837019085116,4.318747453360878,0.048048938939533666,0.04804893893953334,10,6,0.9222287284356561,0.8928403821738916,0.59375,0.5625,0.5625,0.8125,15.792866491946432,15.216933126423816,0.048048938939533666,0.5625,26.0,17.0,False
explicit_generic,rolling,2014-2018,2014,2018,pooled focal fields,dm_model:twin_higgs,Twin Higgs,candidate,candidate,candidate,56,16,0.04241139048773099,2.869053079537405,0.06893198408069919,0.06893198408069887,10,6,0.7868571428571428,0.7406017493369355,0.5625,0.6875,0.6875,0.8125,15.514321731829465,15.9217854102282,0.06893198408069919,0.6875,30.0,19.0,False
explicit_generic,rolling,2014-2018,2014,2018,pooled focal fields,dm_model:axino,Axino,candidate,candidate,candidate,37,20,0.0372614359285065,4.665874752749956,0.05826344038338523,0.05826344038338508,9,5,0.7338488994646045,0.6915710922755834,0.53125,0.625,0.625,0.546875,14.962565863830259,14.71278974726413,0.05826344038338523,0.625,28.0,18.0,False
explicit_generic,rolling,2014-2018,2014,2018,pooled focal fields,dm_model:dark_photon,Dark Photon,candidate,candidate,candidate,69,15,0.036958497425022704,2.6382876164620948,0.03456020010829812,0.03456020010829786,9,6,0.955227089492072,0.9412388663373177,0.5,0.5,0.5,0.546875,14.928956011845447,16.534368019288472,0.03456020010829812,0.5,24.0,16.0,False
explicit_generic,rolling,2014-2018,2014,2018,pooled focal fields,dm_model:generic_composite,Generic Composite,candidate,candidate,candidate,52,9,0.026052711299606183,1.4403009525833856,0.03900837027947547,0.03900837027947517,8,5,0.8537587885343427,0.7913414122087726,0.46875,0.53125,0.53125,0.46875,13.610807499575508,15.704835191803843,0.03900837027947547,0.53125,25.0,16.5,False
explicit_generic,rolling,2014-2018,2014,2018,pooled focal fields,dm_model:sfdm,SFDM,candidate,candidate,candidate,43,13,0.019388064222962742,3.6041655316482912,0.009200853850446685,0.009200853850446566,6,4,0.7013671875,0.5857641470809711,0.4375,0.34375,0.34375,0.390625,12.663255412021439,15.149924684226844,0.009200853850446685,0.34375,19.0,13.5,False
explicit_generic,rolling,2014-2018,2014,2018,pooled focal fields,dm_model:mirror_dm,Mirror DM,candidate,candidate,candidate,29,9,0.015449863677673432,2.7172999184659115,0.009392642144157907,0.009392642144157807,5,6,0.9771626297577853,0.9643860796544915,0.40625,0.375,0.375,0.328125,12.024491694529914,14.00793746345975,0.009392642144157907,0.375,20.0,14.0,False
explicit_generic,rolling,2014-2018,2014,2018,pooled focal fields,dm_model:minimal_su_2_l,Minimal SU(2)L,candidate,candidate,candidate,27,8,0.012723417146319298,1.0276610477556125,0.02145417872535149,0.021454178725351384,7,5,0.8829931972789116,0.8165520224050647,0.375,0.4375,0.4375,0.4375,11.532950436197991,13.802217955824805,0.02145417872535149,0.4375,22.0,15.0,False
explicit_generic,rolling,2014-2018,2014,2018,pooled focal fields,dm_model:atomic_dm,Atomic DM,candidate,candidate,candidate,30,7,0.008482278097546198,1.0596685864689999,0.012406066941352233,0.012406066941352208,6,4,0.8785714285714284,0.7545806746344834,0.34375,0.40625,0.40625,0.390625,10.648176050648527,14.10570852387805,0.012406066941352233,0.40625,21.0,14.5,False
explicit_generic,rolling,2014-2018,2014,2018,pooled focal fields,dm_model:macho,MACHO,candidate,candidate,candidate,24,6,0.007270524083611027,3.3050707388589036,0.0001980454642981173,0.0001980454642981009,2,2,0.5999999999999999,0.3868528072345415,0.3125,0.03125,0.03125,0.140625,10.356145023477698,13.46430012692734,0.0001980454642981173,0.03125,9.0,8.5,False
explicit_generic,rolling,2014-2018,2014,2018,pooled focal fields,dm_model:wimpzilla,WIMPzilla,candidate,candidate,candidate,11,6,0.006361708573159649,1.543351849015411,0.005541013681174538,0.005541013681174458,5,4,0.7782312925170067,0.6756134310465511,0.28125,0.21875,0.21875,0.328125,10.120745590002663,11.27578739999608,0.005541013681174538,0.21875,15.0,11.5,False
explicit_generic,rolling,2014-2018,2014,2018,pooled focal fields,dm_model:inert_doublet_model,Inert Doublet Model,candidate,candidate,candidate,15,4,0.005755831566192063,0.9768465179874948,0.00853295208850477,0.008532952088504776,3,4,0.8908587257617728,0.7653823190691127,0.25,0.3125,0.3125,0.265625,9.954333612247689,12.133583474064023,0.00853295208850477,0.3125,18.0,13.0,False
explicit_generic,rolling,2014-2018,2014,2018,pooled focal fields,dm_model:scotogenic_model,Scotogenic Model,candidate,candidate,candidate,15,3,0.003332323538321721,0.14400257047894602,0.007296107924689951,0.007296107924689929,3,3,0.7735537190082645,0.5955539999137374,0.21875,0.28125,0.28125,0.265625,9.178898069228218,12.133583474064023,0.007296107924689951,0.28125,17.0,12.5,False
explicit_generic,rolling,2014-2018,2014,2018,pooled focal fields,dm_model:lkp_kaluza_klein,LKP Kaluza-Klein,candidate,candidate,candidate,8,2,0.0021205695243865495,0.6803775870233304,0.0029431009977405197,0.002943100997740527,2,2,0.5877551020408163,0.38113827019130503,0.140625,0.1875,0.1875,0.140625,8.679778774058708,10.417991325928137,0.0029431009977405197,0.1875,14.0,11.0,False
explicit_generic,rolling,2014-2018,2014,2018,pooled focal fields,dm_model:macroscopic_dm,Macroscopic DM,candidate,candidate,candidate,21,2,0.0021205695243865495,0.2786341999906891,0.002629995714967038,0.002629995714967002,2,1,0.0,0.0,0.140625,0.15625,0.15625,0.140625,8.679778774058708,13.083132947194834,0.002629995714967038,0.15625,13.0,10.5,False
explicit_generic,rolling,2014-2018,2014,2018,pooled focal fields,dm_model:q_ball,Q-ball,candidate,candidate,candidate,14,2,0.0021205695243865495,0.8858065752966942,0.0002180540433228412,0.00021805404332284113,2,2,0.5877551020408163,0.38113827019130503,0.140625,0.0625,0.0625,0.140625,8.679778774058708,11.941145726427738,0.0002180540433228412,0.0625,10.0,9.0,False
explicit_generic,rolling,2014-2018,2014,2018,pooled focal fields,dm_model:superwimp,SuperWIMP,candidate,candidate,candidate,6,2,0.0021205695243865495,0.27778451110203517,0.007050934065927967,0.007050934065927984,2,2,0.5877551020408163,0.38113827019130503,0.140625,0.25,0.25,0.140625,8.679778774058708,9.66863448176078,0.007050934065927967,0.25,16.0,12.0,False
explicit_generic,rolling,2014-2018,2014,2018,pooled focal fields,dm_model:planckian_dm,Planckian DM,candidate,candidate,candidate,3,2,0.0018176310209027568,0.5537679314422189,0.0024437031583486022,0.002443703158348553,2,1,0.0,0.0,0.046875,0.125,0.125,0.140625,8.533763260473295,8.0,0.0024437031583486022,0.125,12.0,10.0,False
explicit_generic,rolling,2014-2018,2014,2018,pooled focal fields,dm_model:quark_nugget_aqn,Quark Nugget / AQN,candidate,candidate,candidate,22,1,0.0018176310209027568,0.18909415421062023,0.0013124536472553787,0.0013124536472553132,1,1,0.0,0.0,0.046875,0.09375,0.09375,0.03125,8.533763260473295,13.215676998666975,0.0013124536472553787,0.09375,11.0,9.5,False
explicit_generic,rolling,2015-2019,2015,2019,pooled focal fields,dm_model:axion_alp,Axion + ALP,candidate,candidate,candidate,979,135,0.629950852847644,8.812802257474655,0.5406626219262158,0.540662621926211,10,6,0.8371676655698636,0.8106827604528114,1.0,0.96875,0.96875,0.78125,40.0,24.0,0.5406626219262158,0.96875,39.0,23.5,False
explicit_generic,rolling,2015-2019,2015,2019,pooled focal fields,dm_model:neutralino,Neutralino,candidate,candidate,candidate,458,71,0.5365712633709164,9.717133298275044,1.0,1.0,10,6,0.8005174271700357,0.7345100718944736,0.96875,1.0,1.0,0.78125,37.43813125424324,21.79395234304709,1.0,1.0,40.0,24.0,False
explicit_generic,rolling,2015-2019,2015,2019,pooled focal fields,dm_model:generic_wimp,Generic WIMP,candidate,candidate,candidate,567,113,0.43509684880023125,12.813990010987387,0.36874414482005147,0.36874414482005036,10,6,0.9794583282745224,0.970614060050857,0.9375,0.875,0.875,0.78125,34.38605920335309,22.413654092736845,0.36874414482005147,0.875,36.0,22.0,True
explicit_generic,rolling,2015-2019,2015,2019,pooled focal fields,dm_model:higgsino,Higgsino,candidate,candidate,candidate,260,60,0.30644694998554495,9.352320518982067,0.5365757284158519,0.5365757284158523,10,6,0.8384919900320398,0.7783347661144349,0.90625,0.9375,0.9375,0.78125,29.945921350389572,20.15205943453167,0.5365757284158519,0.9375,38.0,23.0,False
explicit_generic,rolling,2015-2019,2015,2019,pooled focal fields,dm_model:sterile_nu,Sterile nu,candidate,candidate,candidate,373,79,0.2633709164498409,12.561777780683167,0.19037725485882842,0.1903772548588274,10,6,0.9485442590318838,0.9127348020008247,0.875,0.71875,0.71875,0.78125,28.255164024986744,21.19832303845356,0.19037725485882842,0.71875,31.0,19.5,False
explicit_generic,rolling,2015-2019,2015,2019,pooled focal fields,dm_model:lsp,LSP,candidate,candidate,candidate,189,47,0.21798207574443473,7.781049212937956,0.4143346734711793,0.4143346734711797,10,6,0.7687171513202794,0.7064421507665207,0.84375,0.90625,0.90625,0.78125,26.316045948518898,19.228644977661027,0.4143346734711793,0.90625,37.0,22.5,False
explicit_generic,rolling,2015-2019,2015,2019,pooled focal fields,dm_model:pbh,PBH,candidate,candidate,candidate,322,57,0.19138479329285918,8.854809781040055,0.08035197503015061,0.0803519750301493,10,6,0.8713721123392448,0.8155109047333368,0.8125,0.6875,0.6875,0.78125,25.084606266511383,20.771937746708137,0.08035197503015061,0.6875,30.0,19.0,False
explicit_generic,rolling,2015-2019,2015,2019,pooled focal fields,dm_model:gravitino,Gravitino,candidate,candidate,candidate,164,45,0.15958369470945355,7.074532546705594,0.2512640103711252,0.25126401037112495,10,6,0.6759057971014493,0.6455896845125514,0.78125,0.84375,0.84375,0.78125,23.493651480432447,18.8183283763003,0.2512640103711252,0.84375,35.0,21.5,False
explicit_generic,rolling,2015-2019,2015,2019,pooled focal fields,dm_model:bino,Bino,candidate,candidate,candidate,106,33,0.13125180688060134,7.099972383552009,0.23516018088361781,0.235160180883618,10,5,0.8603000252285122,0.7904278501895021,0.75,0.8125,0.8125,0.78125,21.936354233637108,17.558640871042734,0.23516018088361781,0.8125,34.0,21.0,False
explicit_generic,rolling,2015-2019,2015,2019,pooled focal fields,dm_model:wino,Wino,candidate,candidate,candidate,119,36,0.12113327551315412,6.527124032271977,0.1967482817412917,0.19674828174129178,10,5,0.8837543645798327,0.8146758895428727,0.71875,0.78125,0.78125,0.78125,21.339902026579672,17.892129404557792,0.1967482817412917,0.78125,33.0,20.5,False
explicit_generic,rolling,2015-2019,2015,2019,pooled focal fields,dm_model:sneutrino,Sneutrino,candidate,candidate,candidate,97,33,0.10494362532523852,5.645467966273643,0.19564308238915304,0.19564308238915304,10,5,0.7868132868884183,0.7262477111068528,0.6875,0.75,0.75,0.78125,20.331134723939506,17.303102657990536,0.19564308238915304,0.75,32.0,20.0,False
explicit_generic,rolling,2015-2019,2015,2019,pooled focal fields,dm_model:ula_fuzzy,ULA / Fuzzy,candidate,candidate,candidate,143,37,0.08326105810928018,7.645791754547303,0.03391426622552116,0.033914266225520726,9,6,0.7275462962962962,0.6728633466043569,0.65625,0.46875,0.46875,0.515625,18.84888173687297,18.42239808075113,0.03391426622552116,0.46875,23.0,15.5,False
explicit_generic,rolling,2015-2019,2015,2019,pooled focal fields,dm_model:vector_dm,Vector DM,candidate,candidate,candidate,53,19,0.04943625325238508,4.0525525381359,0.06637722722117342,0.06637722722117326,10,6,0.9539755822304299,0.9351190752723925,0.625,0.625,0.625,0.78125,16.076689084082183,15.56972920981775,0.06637722722117342,0.625,28.0,18.0,False
explicit_generic,rolling,2015-2019,2015,2019,pooled focal fields,dm_model:asymmetric_dm,Asymmetric DM,candidate,candidate,candidate,93,21,0.046834345186470075,3.056003620620155,0.05728684143502693,0.057286841435026964,10,6,0.9605852766346594,0.9457588229677049,0.59375,0.59375,0.59375,0.78125,15.828382934556235,17.18190072256219,0.05728684143502693,0.59375,27.0,17.5,False
explicit_generic,rolling,2015-2019,2015,2019,pooled focal fields,dm_model:dark_photon,Dark Photon,candidate,candidate,candidate,84,22,0.04452153801676785,3.64023681819334,0.04769703957428392,0.04769703957428375,10,6,0.9777702816663856,0.9682325881922941,0.5625,0.5,0.5,0.78125,15.601809668436001,16.889186519584335,0.04769703957428392,0.5,24.0,16.0,False
explicit_generic,rolling,2015-2019,2015,2019,pooled focal fields,dm_model:twin_higgs,Twin Higgs,candidate,candidate,candidate,59,15,0.04163052905464006,2.4779954379820963,0.08024880449012814,0.08024880449012796,10,6,0.8021990740740741,0.7501680193088216,0.53125,0.65625,0.65625,0.78125,15.310147270342066,15.876162426730556,0.08024880449012814,0.65625,29.0,18.5,False
explicit_generic,rolling,2015-2019,2015,2019,pooled focal fields,dm_model:generic_composite,Generic Composite,candidate,candidate,candidate,55,12,0.028620988725065043,1.8026693684207808,0.050186216492234065,0.050186216492233864,9,6,0.8607284970921336,0.8365743646913206,0.5,0.53125,0.53125,0.515625,13.85058412006314,15.675501795736125,0.050186216492234065,0.53125,25.0,16.5,False
explicit_generic,rolling,2015-2019,2015,2019,pooled focal fields,dm_model:axino,Axino,candidate,candidate,candidate,31,15,0.02746458514021393,3.4368484373915624,0.056183328000546505,0.05618332800054645,8,5,0.7041772853185595,0.6669762325692105,0.46875,0.5625,0.5625,0.46875,13.706003652066702,14.04790093348171,0.056183328000546505,0.5625,26.0,17.0,False
explicit_generic,rolling,2015-2019,2015,2019,pooled focal fields,dm_model:minimal_su_2_l,Minimal SU(2)L,candidate,candidate,candidate,32,8,0.01358774212200058,0.9081961584153116,0.0295465280797484,0.029546528079748353,7,5,0.9050248981439566,0.841335519045247,0.4375,0.4375,0.4375,0.421875,11.647690262053034,14.137398012118073,0.0295465280797484,0.4375,22.0,15.0,False
explicit_generic,rolling,2015-2019,2015,2019,pooled focal fields,dm_model:sfdm,SFDM,candidate,candidate,candidate,34,9,0.012431338537149464,2.981685345181489,0.004270621412550498,0.004270621412550438,5,2,0.5737155219037318,0.3745372444690609,0.40625,0.25,0.25,0.328125,11.43537878740389,14.308531226436642,0.004270621412550498,0.25,16.0,12.0,False
explicit_generic,rolling,2015-2019,2015,2019,pooled focal fields,dm_model:mirror_dm,Mirror DM,candidate,candidate,candidate,25,7,0.010985834056085574,2.1374480417610204,0.008474981609196222,0.008474981609196163,6,6,0.9623268698060944,0.9459340321379602,0.375,0.3125,0.3125,0.375,11.155569540400803,13.443997297385533,0.008474981609196222,0.3125,18.0,13.0,False
explicit_generic,rolling,2015-2019,2015,2019,pooled focal fields,dm_model:scotogenic_model,Scotogenic Model,candidate,candidate,candidate,21,7,0.009251228678808903,1.0443900866195193,0.01618863288822786,0.01618863288822783,7,5,0.93984375,0.8746652452413574,0.34375,0.375,0.375,0.421875,10.794218264028355,12.958132927396981,0.01618863288822786,0.375,20.0,14.0,False
explicit_generic,rolling,2015-2019,2015,2019,pooled focal fields,dm_model:inert_doublet_model,Inert Doublet Model,candidate,candidate,candidate,20,5,0.008383925990170571,1.010090550533525,0.01656568150182865,0.01656568150182863,4,4,0.8732461355529132,0.7471686251674339,0.3125,0.40625,0.40625,0.28125,10.600792118435699,12.822832924802741,0.01656568150182865,0.40625,21.0,14.5,False
explicit_generic,rolling,2015-2019,2015,2019,pooled focal fields,dm_model:wimpzilla,WIMPzilla,candidate,candidate,candidate,16,5,0.006938421509106679,1.122779648346172,0.00852257745332983,0.008522577453329754,5,4,0.7875,0.6769924126604477,0.28125,0.34375,0.34375,0.328125,10.254658120815062,12.208256155402104,0.00852257745332983,0.34375,19.0,13.5,False
explicit_generic,rolling,2015-2019,2015,2019,pooled focal fields,dm_model:macho,MACHO,candidate,candidate,candidate,19,5,0.005492917028042787,2.509193233810846,0.0003887954296366986,0.00038879542963668294,2,2,0.5983379501385041,0.3860794435485528,0.25,0.09375,0.09375,0.1875,9.870154046431427,12.68093036418223,0.0003887954296366986,0.09375,11.0,9.5,False
explicit_generic,rolling,2015-2019,2015,2019,pooled focal fields,dm_model:quark_nugget_aqn,Quark Nugget / AQN,candidate,candidate,candidate,30,2,0.003180109858340561,0.1823387243977308,0.0049039757680250234,0.004903975768024947,2,1,0.0,0.0,0.21875,0.28125,0.28125,0.1875,9.12811905842508,13.955562207759002,0.0049039757680250234,0.28125,17.0,12.5,False
explicit_generic,rolling,2015-2019,2015,2019,pooled focal fields,dm_model:macroscopic_dm,Macroscopic DM,candidate,candidate,candidate,27,3,0.0028910089621277824,0.32094726084715053,0.0036524315334884178,0.003652431533488384,3,2,0.5039999999999999,0.34092985835764694,0.1875,0.15625,0.15625,0.25,9.018233410251685,13.659534817908884,0.0036524315334884178,0.15625,13.0,10.5,False
explicit_generic,rolling,2015-2019,2015,2019,pooled focal fields,dm_model:planckian_dm,Planckian DM,candidate,candidate,candidate,4,2,0.002023706273489448,0.5098951243803191,0.003815971598840487,0.0038159715988404477,2,1,0.0,0.0,0.15625,0.1875,0.1875,0.1875,8.650498470177755,8.648996408527756,0.003815971598840487,0.1875,14.0,11.0,False
explicit_generic,rolling,2015-2019,2015,2019,pooled focal fields,dm_model:atomic_dm,Atomic DM,candidate,candidate,candidate,17,1,0.0011564035848511131,0.0,0.003110380223648372,0.0031103802236484967,1,1,0.0,0.0,0.109375,0.125,0.125,0.078125,8.190763318062052,12.37449714726942,0.003110380223648372,0.125,12.0,10.0,False
explicit_generic,rolling,2015-2019,2015,2019,pooled focal fields,dm_model:superwimp,SuperWIMP,candidate,candidate,candidate,4,1,0.0011564035848511131,0.24251092259079646,0.00400607934508141,0.004006079345081417,1,1,0.0,0.0,0.109375,0.21875,0.21875,0.078125,8.190763318062052,8.648996408527756,0.00400607934508141,0.21875,15.0,11.5,False
explicit_generic,rolling,2015-2019,2015,2019,pooled focal fields,dm_model:lkp_kaluza_klein,LKP Kaluza-Klein,candidate,candidate,candidate,6,1,0.0008673026886383347,0.5798894681102259,6.406701933449838e-05,6.40670193344976e-05,1,1,0.0,0.0,0.046875,0.0625,0.0625,0.078125,8.0,9.627600862254413,6.406701933449838e-05,0.0625,10.0,9.0,False
explicit_generic,rolling,2015-2019,2015,2019,pooled focal fields,dm_model:superfluid_dm,Superfluid DM,candidate,candidate,candidate,6,1,0.0008673026886383347,0.7309096431400061,1.2211133771032326e-05,1.2211133771031926e-05,1,1,0.0,0.0,0.046875,0.03125,0.03125,0.078125,8.0,9.627600862254413,1.2211133771032326e-05,0.03125,9.0,8.5,False
explicit_generic,rolling,2016-2020,2016,2020,pooled focal fields,dm_model:axion_alp,Axion + ALP,candidate,candidate,candidate,1148,159,0.6786296900489397,8.94263015880717,0.8052976031552841,0.8052976031552846,10,6,0.8517512635601578,0.8270249266088211,1.0,0.9705882352941176,0.9705882352941176,0.8088235294117647,40.0,24.0,0.8052976031552841,0.9705882352941176,39.05882352941177,23.529411764705884,False
explicit_generic,rolling,2016-2020,2016,2020,pooled focal fields,dm_model:neutralino,Neutralino,candidate,candidate,candidate,392,65,0.43474714518760205,11.01056442206114,1.0,1.0,10,6,0.7838407447431379,0.7096427381235588,0.9705882352941176,1.0,1.0,0.8088235294117647,33.38309711674743,20.9674324360694,1.0,1.0,40.0,24.0,False
explicit_generic,rolling,2016-2020,2016,2020,pooled focal fields,dm_model:generic_wimp,Generic WIMP,candidate,candidate,candidate,538,115,0.40565524741707454,13.331109600836399,0.4534107681880585,0.4534107681880577,10,6,0.9845689971177828,0.9778390872434711,0.9411764705882353,0.9117647058823529,0.9117647058823529,0.8088235294117647,32.479997439942736,21.860397136149764,0.4534107681880585,0.9117647058823529,37.17647058823529,22.588235294117645,True
explicit_generic,rolling,2016-2020,2016,2020,pooled focal fields,dm_model:sterile_nu,Sterile nu,candidate,candidate,candidate,386,86,0.25557368134855907,12.581877425780513,0.25786273880309235,0.25786273880309185,10,6,0.9509660479855138,0.9174153976938616,0.9117647058823529,0.8235294117647058,0.8235294117647058,0.8088235294117647,27.193768735280873,20.923944211032378,0.25786273880309235,0.8235294117647058,34.35294117647059,21.176470588235293,False
explicit_generic,rolling,2016-2020,2016,2020,pooled focal fields,dm_model:pbh,PBH,candidate,candidate,candidate,443,69,0.2422512234910278,8.469245231249127,0.16780707865836708,0.16780707865836633,10,6,0.8651513262063204,0.809606367943255,0.8823529411764706,0.7058823529411765,0.7058823529411765,0.8088235294117647,26.656456009199275,21.312329518941688,0.16780707865836708,0.7058823529411765,30.58823529411765,19.294117647058826,False
explicit_generic,rolling,2016-2020,2016,2020,pooled focal fields,dm_model:higgsino,Higgsino,candidate,candidate,candidate,225,49,0.23654159869494296,8.74522322157614,0.5147180531566754,0.5147180531566751,10,5,0.826400317082838,0.7512138885233658,0.8529411764705882,0.9411764705882353,0.9411764705882353,0.8088235294117647,26.421663808173076,19.403502778010655,0.5147180531566754,0.9411764705882353,38.11764705882353,23.058823529411764,False
explicit_generic,rolling,2016-2020,2016,2020,pooled focal fields,dm_model:lsp,LSP,candidate,candidate,candidate,159,41,0.16748232735182167,7.119557317967923,0.40042508539011124,0.40042508539011107,10,6,0.7675957159723393,0.7043278584117009,0.8235294117647058,0.8823529411764706,0.8823529411764706,0.8088235294117647,23.318788071420684,18.42727761574485,0.40042508539011124,0.8823529411764706,36.23529411764706,22.11764705882353,False
explicit_generic,rolling,2016-2020,2016,2020,pooled focal fields,dm_model:gravitino,Gravitino,candidate,candidate,candidate,146,35,0.13431212615551935,6.916433735249647,0.26811760653277544,0.2681176065327755,10,5,0.6761592551918569,0.6256956505077134,0.7941176470588235,0.8529411764705882,0.8529411764705882,0.8088235294117647,21.598134433501308,18.1877413756503,0.26811760653277544,0.8529411764705882,35.294117647058826,21.647058823529413,False
explicit_generic,rolling,2016-2020,2016,2020,pooled focal fields,dm_model:bino,Bino,candidate,candidate,candidate,91,32,0.10603588907014681,7.366056382712723,0.23067605599439361,0.23067605599439345,10,5,0.8715108481262327,0.8025124269957439,0.7647058823529411,0.7941176470588235,0.7941176470588235,0.8088235294117647,19.954145682976304,16.863035254674294,0.23067605599439361,0.7941176470588235,33.41176470588235,20.705882352941174,False
explicit_generic,rolling,2016-2020,2016,2020,pooled focal fields,dm_model:sneutrino,Sneutrino,candidate,candidate,candidate,98,29,0.09733550842849371,5.398280527777846,0.22047657338132384,0.22047657338132365,10,5,0.7978964451796138,0.7369420451595656,0.7352941176470589,0.7647058823529411,0.7647058823529411,0.8088235294117647,19.405066557980437,17.070319214990825,0.22047657338132384,0.7647058823529411,32.470588235294116,20.235294117647058,False
explicit_generic,rolling,2016-2020,2016,2020,pooled focal fields,dm_model:ula_fuzzy,ULA / Fuzzy,candidate,candidate,candidate,172,42,0.0935290918977705,8.663892638862581,0.05541298532919153,0.05541298532919155,9,6,0.7371214169821525,0.6940506118900988,0.7058823529411765,0.5294117647058824,0.5294117647058824,0.5441176470588235,19.157143223730813,18.64809149194845,0.05541298532919153,0.5294117647058824,24.941176470588236,16.470588235294116,False
explicit_generic,rolling,2016-2020,2016,2020,pooled focal fields,dm_model:wino,Wino,candidate,candidate,candidate,96,27,0.0851005981511691,5.22206686036375,0.17594471805380085,0.17594471805380077,10,5,0.8797313435882778,0.8105502661507544,0.6764705882352942,0.7352941176470589,0.7352941176470589,0.8088235294117647,18.589551177120754,17.01262988874153,0.17594471805380085,0.7352941176470589,31.529411764705884,19.764705882352942,False
explicit_generic,rolling,2016-2020,2016,2020,pooled focal fields,dm_model:vector_dm,Vector DM,candidate,candidate,candidate,59,23,0.0524741707449701,5.033866504456395,0.0921985178070764,0.0921985178070763,10,6,0.9656312921152246,0.9526934310938667,0.6470588235294118,0.6764705882352942,0.6764705882352942,0.8088235294117647,16.0686141031779,15.654788288832563,0.0921985178070764,0.6764705882352942,29.647058823529413,18.823529411764707,False
explicit_generic,rolling,2016-2020,2016,2020,pooled focal fields,dm_model:dark_photon,Dark Photon,candidate,candidate,candidate,94,26,0.050842849374660146,4.1372276171477695,0.06647260211248743,0.0664726021124873,10,6,0.9757442306042494,0.9672167761973488,0.6176470588235294,0.5588235294117647,0.5588235294117647,0.8088235294117647,15.924200096490544,16.95373861546769,0.06647260211248743,0.5588235294117647,25.88235294117647,16.941176470588236,False
explicit_generic,rolling,2016-2020,2016,2020,pooled focal fields,dm_model:asymmetric_dm,Asymmetric DM,candidate,candidate,candidate,89,22,0.04241435562805874,3.145057527338918,0.06875387670756573,0.06875387670756543,10,6,0.9479289940828404,0.9251429475962598,0.5882352941176471,0.6176470588235294,0.6176470588235294,0.8088235294117647,15.13806757534406,16.800907943414057,0.06875387670756573,0.6176470588235294,27.764705882352942,17.88235294117647,False
explicit_generic,rolling,2016-2020,2016,2020,pooled focal fields,dm_model:twin_higgs,Twin Higgs,candidate,candidate,candidate,51,12,0.029091897770527463,2.202471196342864,0.0778016276960291,0.07780162769602916,9,5,0.7948991178268845,0.7254238187081478,0.5588235294117647,0.6470588235294118,0.6470588235294118,0.5441176470588235,13.714218500317086,15.250288157492001,0.0778016276960291,0.6470588235294118,28.705882352941178,18.352941176470587,False
explicit_generic,rolling,2016-2020,2016,2020,pooled focal fields,dm_model:generic_composite,Generic Composite,candidate,candidate,candidate,53,12,0.027732463295269176,1.8694453728213438,0.06657543490566309,0.06657543490566312,9,6,0.8440599769319492,0.832197635048044,0.5294117647058824,0.5882352941176471,0.5882352941176471,0.5441176470588235,13.551938773493623,15.356967945238258,0.06657543490566309,0.5882352941176471,26.823529411764707,17.411764705882355,False
explicit_generic,rolling,2016-2020,2016,2020,pooled focal fields,dm_model:axino,Axino,candidate,candidate,candidate,24,12,0.017944535073409467,2.0327603556957197,0.049956116119208006,0.049956116119207986,9,4,0.5338842975206612,0.4897137034894998,0.5,0.5,0.5,0.5441176470588235,12.241185338470801,13.18011930551458,0.049956116119208006,0.5,24.0,16.0,False
explicit_generic,rolling,2016-2020,2016,2020,pooled focal fields,dm_model:scotogenic_model,Scotogenic Model,candidate,candidate,candidate,31,8,0.012234910277324632,1.2222944116752528,0.027026940708187203,0.02702694070818719,7,5,0.9339259259259258,0.8688049046688395,0.47058823529411764,0.4411764705882353,0.4411764705882353,0.47058823529411764,11.301756668790258,13.877913472240671,0.027026940708187203,0.4411764705882353,22.11764705882353,15.058823529411764,False
explicit_generic,rolling,2016-2020,2016,2020,pooled focal fields,dm_model:minimal_su_2_l,Minimal SU(2)L,candidate,candidate,candidate,31,5,0.011147362697117998,0.4545820823827478,0.03800629643728334,0.038006296437283364,5,4,0.8080904223676383,0.6987864810720137,0.4264705882352941,0.47058823529411764,0.47058823529411764,0.38235294117647056,11.099331443438606,13.877913472240671,0.03800629643728334,0.47058823529411764,23.058823529411764,15.529411764705882,False
explicit_generic,rolling,2016-2020,2016,2020,pooled focal fields,dm_model:mirror_dm,Mirror DM,candidate,candidate,candidate,28,8,0.011147362697117998,1.932432982926958,0.012502148041192632,0.012502148041192599,6,6,0.9608566329565734,0.9437517238215629,0.4264705882352941,0.35294117647058826,0.35294117647058826,0.4411764705882353,11.099331443438606,13.59965499822272,0.012502148041192632,0.35294117647058826,19.294117647058826,13.647058823529413,False
explicit_generic,rolling,2016-2020,2016,2020,pooled focal fields,dm_model:wimpzilla,WIMPzilla,candidate,candidate,candidate,18,7,0.00897226753670473,1.6784804057158826,0.015546067761429161,0.015546067761429149,5,4,0.6214876033057852,0.5580366143095354,0.38235294117647056,0.38235294117647056,0.38235294117647056,0.38235294117647056,10.662365363425451,12.404374471963507,0.015546067761429161,0.38235294117647056,20.235294117647058,14.117647058823529,False
explicit_generic,rolling,2016-2020,2016,2020,pooled focal fields,dm_model:macho,MACHO,candidate,candidate,candidate,27,7,0.008428493746601415,2.8081377194524233,0.002267815720024235,0.0022678157200242154,4,2,0.5943808532778355,0.3842352914065921,0.35294117647058826,0.08823529411764706,0.08823529411764706,0.29411764705882354,10.545056892884416,13.500463105907851,0.002267815720024235,0.08823529411764706,10.823529411764707,9.411764705882353,False
explicit_generic,rolling,2016-2020,2016,2020,pooled focal fields,dm_model:sfdm,SFDM,candidate,candidate,candidate,26,7,0.008156606851549755,1.9843075280300586,0.005985318631910599,0.005985318631910591,5,2,0.576,0.37561496315083553,0.3235294117647059,0.23529411764705882,0.23529411764705882,0.38235294117647056,10.484982968544404,13.397663454491369,0.005985318631910599,0.23529411764705882,15.529411764705882,11.764705882352942,False
explicit_generic,rolling,2016-2020,2016,2020,pooled focal fields,dm_model:inert_doublet_model,Inert Doublet Model,candidate,candidate,candidate,19,5,0.0076128330614464385,1.0996719488796471,0.019108531902528664,0.019108531902528657,4,4,0.8724489795918366,0.7472295183177499,0.29411764705882354,0.4117647058823529,0.4117647058823529,0.29411764705882354,10.361752838167783,12.549364143504182,0.019108531902528664,0.4117647058823529,21.176470588235293,14.588235294117647,False
explicit_generic,rolling,2016-2020,2016,2020,pooled focal fields,dm_model:planckian_dm,Planckian DM,candidate,candidate,candidate,5,4,0.004078303425774877,1.1642021782376901,0.00937458953373274,0.009374589533732736,4,3,0.672,0.5303560860446522,0.2647058823529412,0.29411764705882354,0.29411764705882354,0.29411764705882354,9.42054275851461,9.146119654581492,0.00937458953373274,0.29411764705882354,17.411764705882355,12.705882352941178,False
explicit_generic,rolling,2016-2020,2016,2020,pooled focal fields,dm_model:quark_nugget_aqn,Quark Nugget / AQN,candidate,candidate,candidate,42,2,0.003806416530723219,0.1179233581395256,0.01122113814779609,0.0112211381477961,2,1,0.0,0.0,0.23529411764705882,0.3235294117647059,0.3235294117647059,0.19117647058823528,9.333405897678798,14.713095920375615,0.01122113814779609,0.3235294117647059,18.352941176470587,13.176470588235293,False
explicit_generic,rolling,2016-2020,2016,2020,pooled focal fields,dm_model:macroscopic_dm,Macroscopic DM,candidate,candidate,candidate,31,3,0.002990755845568244,0.1723019517171014,0.006477123133784527,0.006477123133784528,3,3,0.7735537190082645,0.5955539999137374,0.20588235294117646,0.2647058823529412,0.2647058823529412,0.23529411764705882,9.051390016244731,13.877913472240671,0.006477123133784527,0.2647058823529412,16.470588235294116,12.235294117647058,False
explicit_generic,rolling,2016-2020,2016,2020,pooled focal fields,dm_model:superfluid_dm,Superfluid DM,candidate,candidate,candidate,8,2,0.0019032082653616094,1.2026477562208593,0.0002217275834398508,0.00022172758343984831,2,1,0.0,0.0,0.17647058823529413,0.058823529411764705,0.058823529411764705,0.19117647058823528,8.606254802646598,10.292239309162985,0.0002217275834398508,0.058823529411764705,9.882352941176471,8.941176470588236,False
explicit_generic,rolling,2016-2020,2016,2020,pooled focal fields,dm_model:atomic_dm,Atomic DM,candidate,candidate,candidate,14,1,0.0008156606851549756,0.0,0.0032937754136963203,0.0032937754136962236,1,1,0.0,0.0,0.08823529411764706,0.14705882352941177,0.1323529411764706,0.08823529411764706,8.0,11.736179307338784,0.0032937754136963203,0.14705882352941177,12.705882352941178,10.352941176470589,False
explicit_generic,rolling,2016-2020,2016,2020,pooled focal fields,dm_model:lkp_kaluza_klein,LKP Kaluza-Klein,candidate,candidate,candidate,5,1,0.0008156606851549756,0.6192019142004265,7.381510489746506e-05,7.38151048974634e-05,1,1,0.0,0.0,0.08823529411764706,0.029411764705882353,0.029411764705882353,0.08823529411764706,8.0,9.146119654581492,7.381510489746506e-05,0.029411764705882353,8.941176470588236,8.470588235294118,False
explicit_generic,rolling,2016-2020,2016,2020,pooled focal fields,dm_model:majoron,Majoron,candidate,candidate,candidate,6,1,0.0008156606851549756,0.10720267541243818,0.0032937754136962193,0.0032937754136962236,1,1,0.0,0.0,0.08823529411764706,0.11764705882352941,0.1323529411764706,0.08823529411764706,8.0,9.58185412441407,0.0032937754136962193,0.11764705882352941,11.764705882352942,9.882352941176471,False
explicit_generic,rolling,2016-2020,2016,2020,pooled focal fields,dm_model:q_ball,Q-ball,candidate,candidate,candidate,15,1,0.0008156606851549756,0.02586710213023924,0.0036218344779125056,0.0036218344779125134,1,1,0.0,0.0,0.08823529411764706,0.20588235294117646,0.20588235294117646,0.08823529411764706,8.0,11.918608981493781,0.0036218344779125056,0.20588235294117646,14.588235294117647,11.294117647058822,False
explicit_generic,rolling,2016-2020,2016,2020,pooled focal fields,dm_model:superwimp,SuperWIMP,candidate,candidate,candidate,3,1,0.0008156606851549756,0.2559067197365015,0.0033263906952500405,0.003326390695250038,1,1,0.0,0.0,0.08823529411764706,0.17647058823529413,0.17647058823529413,0.08823529411764706,8.0,8.0,0.0033263906952500405,0.17647058823529413,13.647058823529413,10.823529411764707,False
explicit_generic,rolling,2017-2021,2017,2021,pooled focal fields,dm_model:axion_alp,Axion + ALP,candidate,candidate,candidate,1376,185,0.7453416149068323,9.243499212448903,1.0,1.0,10,6,0.8651821333333334,0.8426477876439856,1.0,1.0,1.0,0.7727272727272727,40.0,24.0,1.0,1.0,40.0,24.0,False
explicit_generic,rolling,2017-2021,2017,2021,pooled focal fields,dm_model:generic_wimp,Generic WIMP,candidate,candidate,candidate,513,106,0.3463354037267081,13.291753643889802,0.4015626883258995,0.4015626883258993,10,6,0.9872114349466561,0.9812861114975351,0.9696969696969697,0.9090909090909091,0.9090909090909091,0.7727272727272727,29.48061600345172,21.30079882641496,0.4015626883258995,0.9090909090909091,37.09090909090909,22.545454545454547,True
explicit_generic,rolling,2017-2021,2017,2021,pooled focal fields,dm_model:neutralino,Neutralino,candidate,candidate,candidate,343,61,0.3416149068322983,10.766980076255644,0.7421459572862391,0.742145957286239,10,6,0.7839744,0.7134513929649028,0.9393939393939394,0.9696969696969697,0.9696969696969697,0.7727272727272727,29.326579211182004,20.200832931791762,0.7421459572862391,0.9696969696969697,39.03030303030303,23.515151515151516,False
explicit_generic,rolling,2017-2021,2017,2021,pooled focal fields,dm_model:pbh,PBH,candidate,candidate,candidate,618,93,0.33068322981366477,9.678636377040025,0.3051740167343207,0.30517401673432,10,6,0.886250261774785,0.8436051220728301,0.9090909090909091,0.8484848484848485,0.8484848484848485,0.7727272727272727,28.965724049502427,21.80994532182629,0.3051740167343207,0.8484848484848485,35.151515151515156,21.575757575757578,False
explicit_generic,rolling,2017-2021,2017,2021,pooled focal fields,dm_model:sterile_nu,Sterile nu,candidate,candidate,candidate,386,89,0.2377639751552795,12.843109344136508,0.2670926604559894,0.26709266045598923,10,6,0.9557793915809267,0.9274065945780898,0.8787878787878788,0.8181818181818182,0.8181818181818182,0.7727272727272727,25.618855474851667,20.523450600479492,0.2670926604559894,0.8181818181818182,34.18181818181819,21.090909090909093,False
explicit_generic,rolling,2017-2021,2017,2021,pooled focal fields,dm_model:higgsino,Higgsino,candidate,candidate,candidate,220,52,0.21913043478260869,10.16610341808559,0.44459399769753116,0.444593997697531,10,5,0.8277137612414581,0.752070772573556,0.8484848484848485,0.9393939393939394,0.9393939393939394,0.7727272727272727,24.872594836975754,18.98884575226288,0.44459399769753116,0.9393939393939394,38.06060606060606,23.03030303030303,False
explicit_generic,rolling,2017-2021,2017,2021,pooled focal fields,dm_model:lsp,LSP,candidate,candidate,candidate,153,39,0.15031055900621118,7.83778099907218,0.3299053957089798,0.32990539570897975,10,5,0.7752322928761698,0.7014213514949154,0.8181818181818182,0.8787878787878788,0.8787878787878788,0.7727272727272727,21.794635654683788,17.999460825732324,0.3299053957089798,0.8787878787878788,36.121212121212125,22.060606060606062,False
explicit_generic,rolling,2017-2021,2017,2021,pooled focal fields,dm_model:ula_fuzzy,ULA / Fuzzy,candidate,candidate,candidate,218,59,0.11478260869565216,10.630814467441036,0.07426442414456508,0.07426442414456495,10,6,0.7365941417889471,0.6941488634324503,0.7878787878787878,0.5757575757575758,0.5757575757575758,0.7727272727272727,19.922810312753676,18.963944814024877,0.07426442414456508,0.5757575757575758,26.424242424242426,17.21212121212121,False
explicit_generic,rolling,2017-2021,2017,2021,pooled focal fields,dm_model:gravitino,Gravitino,candidate,candidate,candidate,133,31,0.10807453416149067,5.75198455276813,0.21643751233895933,0.21643751233895922,10,5,0.6362330558858502,0.5920331757477303,0.7575757575757576,0.7878787878787878,0.7878787878787878,0.7727272727272727,19.538177321971695,17.618419126772626,0.21643751233895933,0.7878787878787878,33.21212121212121,20.606060606060606,False
explicit_generic,rolling,2017-2021,2017,2021,pooled focal fields,dm_model:bino,Bino,candidate,candidate,candidate,91,30,0.09913043478260869,7.893068513853297,0.20570166019216682,0.20570166019216685,10,5,0.8580096858688073,0.7885278039555197,0.7272727272727273,0.7575757575757576,0.7575757575757576,0.7727272727272727,19.00625222243672,16.588383110433995,0.20570166019216682,0.7575757575757576,32.24242424242424,20.12121212121212,False
explicit_generic,rolling,2017-2021,2017,2021,pooled focal fields,dm_model:wino,Wino,candidate,candidate,candidate,111,30,0.09391304347826085,6.4583557670308585,0.19234404618188952,0.19234404618188958,10,5,0.862299487696313,0.79019835952153,0.696969696969697,0.7272727272727273,0.7272727272727273,0.7727272727272727,18.684828269697377,17.127189197260307,0.19234404618188952,0.7272727272727273,31.272727272727273,19.636363636363637,False
explicit_generic,rolling,2017-2021,2017,2021,pooled focal fields,dm_model:sneutrino,Sneutrino,candidate,candidate,candidate,99,27,0.09118012422360247,5.65357384730862,0.19198245389899474,0.19198245389899465,10,5,0.7903540749430169,0.7347861667945864,0.6666666666666666,0.696969696969697,0.696969696969697,0.7727272727272727,18.512896484826122,16.816772369867138,0.19198245389899474,0.696969696969697,30.303030303030305,19.151515151515152,False
explicit_generic,rolling,2017-2021,2017,2021,pooled focal fields,dm_model:dark_photon,Dark Photon,candidate,candidate,candidate,117,31,0.0648447204968944,5.33001619030521,0.08948998030894517,0.08948998030894507,10,6,0.9818646232439336,0.9758524600826476,0.6363636363636364,0.6363636363636364,0.6363636363636364,0.7727272727272727,16.701893141988627,17.27013037663116,0.08948998030894517,0.6363636363636364,28.363636363636363,18.18181818181818,False
explicit_generic,rolling,2017-2021,2017,2021,pooled focal fields,dm_model:vector_dm,Vector DM,candidate,candidate,candidate,63,25,0.048944099378881986,5.573772476112756,0.09042920545583193,0.09042920545583188,10,6,0.9488932979463526,0.9236436157859019,0.6060606060606061,0.6666666666666666,0.6666666666666666,0.7727272727272727,15.42296862738512,15.594354355141942,0.09042920545583193,0.6666666666666666,29.333333333333332,18.666666666666664,False
explicit_generic,rolling,2017-2021,2017,2021,pooled focal fields,dm_model:asymmetric_dm,Asymmetric DM,candidate,candidate,candidate,89,26,0.04173913043478261,4.591020870828637,0.06831883502650558,0.06831883502650579,10,6,0.9494047619047619,0.9210444854552818,0.5757575757575758,0.5454545454545454,0.5454545454545454,0.7727272727272727,14.774894238105265,16.528181031192272,0.06831883502650558,0.5454545454545454,25.454545454545453,16.727272727272727,False
explicit_generic,rolling,2017-2021,2017,2021,pooled focal fields,dm_model:generic_composite,Generic Composite,candidate,candidate,candidate,61,17,0.03130434782608696,3.2112521184057403,0.07988993371960039,0.07988993371960033,10,6,0.8347694633408921,0.8222107990980227,0.5454545454545454,0.6060606060606061,0.6060606060606061,0.7727272727272727,13.727230571881194,15.507391992718194,0.07988993371960039,0.6060606060606061,27.393939393939394,17.696969696969695,False
explicit_generic,rolling,2017-2021,2017,2021,pooled focal fields,dm_model:twin_higgs,Twin Higgs,candidate,candidate,candidate,45,13,0.025341614906832306,2.458723439886417,0.06621903190681232,0.06621903190681226,9,6,0.8959630911188003,0.871972985580995,0.5151515151515151,0.5151515151515151,0.5151515151515151,0.5151515151515151,13.048218280328946,14.68979452164851,0.06621903190681232,0.5151515151515151,24.484848484848484,16.242424242424242,False
explicit_generic,rolling,2017-2021,2017,2021,pooled focal fields,dm_model:axino,Axino,candidate,candidate,candidate,21,8,0.011925465838509317,1.275643175830001,0.03655391342927026,0.03655391342927025,8,4,0.49999999999999967,0.4671320180863539,0.45454545454545453,0.48484848484848486,0.48484848484848486,0.4696969696969697,11.134921475236881,12.66944880604299,0.03655391342927026,0.48484848484848486,23.515151515151516,15.757575757575758,False
explicit_generic,rolling,2017-2021,2017,2021,pooled focal fields,dm_model:mirror_dm,Mirror DM,candidate,candidate,candidate,34,9,0.011925465838509317,1.9815501957041295,0.014758322512180677,0.014758322512180662,7,6,0.925,0.8987721766481472,0.45454545454545453,0.3333333333333333,0.3333333333333333,0.4090909090909091,11.134921475236881,13.941221027051931,0.014758322512180677,0.3333333333333333,18.666666666666664,13.333333333333332,False
explicit_generic,rolling,2017-2021,2017,2021,pooled focal fields,dm_model:sfdm,SFDM,candidate,candidate,candidate,32,10,0.011925465838509317,2.565160549200032,0.009064177921445938,0.00906417792144592,7,4,0.646875,0.5507990697343527,0.45454545454545453,0.2727272727272727,0.2727272727272727,0.4090909090909091,11.134921475236881,13.7800519347796,0.009064177921445938,0.2727272727272727,16.727272727272727,12.363636363636363,False
explicit_generic,rolling,2017-2021,2017,2021,pooled focal fields,dm_model:scotogenic_model,Scotogenic Model,candidate,candidate,candidate,33,8,0.011180124223602485,1.2447412279235646,0.025776407600372683,0.025776407600372676,8,5,0.920888888888889,0.8541440658270014,0.3939393939393939,0.42424242424242425,0.42424242424242425,0.4696969696969697,11.002192396674516,13.861821718697108,0.025776407600372683,0.42424242424242425,21.575757575757578,14.787878787878789,False
explicit_generic,rolling,2017-2021,2017,2021,pooled focal fields,dm_model:inert_doublet_model,Inert Doublet Model,candidate,candidate,candidate,22,6,0.008695652173913045,1.3775089661891358,0.019922481635935522,0.01992248163593552,5,4,0.8698775510204083,0.7409070827539275,0.36363636363636365,0.3939393939393939,0.3939393939393939,0.3484848484848485,10.524291287354568,12.791205932863026,0.019922481635935522,0.3939393939393939,20.606060606060606,14.303030303030303,False
explicit_generic,rolling,2017-2021,2017,2021,pooled focal fields,dm_model:minimal_su_2_l,Minimal SU(2)L,candidate,candidate,candidate,26,5,0.0084472049689441,0.5027916400374486,0.029332040119060574,0.029332040119060564,5,4,0.8200692041522493,0.7077453524555185,0.3333333333333333,0.45454545454545453,0.45454545454545453,0.3484848484848485,10.472932277202396,13.230397974995313,0.029332040119060574,0.45454545454545453,22.545454545454547,15.272727272727273,False
explicit_generic,rolling,2017-2021,2017,2021,pooled focal fields,dm_model:macho,MACHO,candidate,candidate,candidate,28,7,0.008198757763975157,2.7575872609426897,0.004009960237642045,0.004009960237642028,3,3,0.6920110192837465,0.5205766804889793,0.30303030303030304,0.15151515151515152,0.15151515151515152,0.21212121212121213,10.420812268450426,13.426130104314996,0.004009960237642045,0.15151515151515152,12.848484848484848,10.424242424242424,False
explicit_generic,rolling,2017-2021,2017,2021,pooled focal fields,dm_model:wimpzilla,WIMPzilla,candidate,candidate,candidate,20,5,0.005962732919254659,1.4376272285482203,0.011502823830892824,0.011502823830892805,3,3,0.7208333333333333,0.5611617220913482,0.2727272727272727,0.30303030303030304,0.30303030303030304,0.21212121212121213,9.91065848642415,12.542026559640458,0.011502823830892824,0.30303030303030304,17.696969696969695,12.848484848484848,False
explicit_generic,rolling,2017-2021,2017,2021,pooled focal fields,dm_model:quark_nugget_aqn,Quark Nugget / AQN,candidate,candidate,candidate,50,4,0.005714285714285714,0.4432765637948658,0.01540902511888198,0.015409025118881965,4,2,0.5081285444234405,0.3429608331164423,0.24242424242424243,0.36363636363636365,0.36363636363636365,0.2878787878787879,9.84842767876293,14.972424847433718,0.01540902511888198,0.36363636363636365,19.636363636363637,13.818181818181818,False
explicit_generic,rolling,2017-2021,2017,2021,pooled focal fields,dm_model:planckian_dm,Planckian DM,candidate,candidate,candidate,4,4,0.0032298136645962736,1.1901635706139482,0.008525527039604158,0.008525527039604151,4,3,0.7242603550295857,0.5637474095724163,0.21212121212121213,0.24242424242424243,0.24242424242424243,0.2878787878787879,9.130312656919982,8.611209007362596,0.008525527039604158,0.24242424242424243,15.757575757575758,11.878787878787879,False
explicit_generic,rolling,2017-2021,2017,2021,pooled focal fields,dm_model:macroscopic_dm,Macroscopic DM,candidate,candidate,candidate,35,3,0.002732919254658385,0.16097659905320397,0.006490123316963694,0.006490123316963681,3,3,0.7933884297520661,0.6083738791013144,0.18181818181818182,0.18181818181818182,0.18181818181818182,0.21212121212121213,8.955998708973892,14.01838343504419,0.006490123316963694,0.18181818181818182,13.818181818181818,10.90909090909091,False
explicit_generic,rolling,2017-2021,2017,2021,pooled focal fields,dm_model:atomic_dm,Atomic DM,candidate,candidate,candidate,21,2,0.002484472049689441,0.3357809167271151,0.0074051609944781605,0.0074051609944782186,2,2,0.576,0.37561496315083553,0.15151515151515152,0.21212121212121213,0.21212121212121213,0.13636363636363635,8.862878628248387,12.66944880604299,0.0074051609944781605,0.21212121212121213,14.787878787878789,11.393939393939394,False
explicit_generic,rolling,2017-2021,2017,2021,pooled focal fields,dm_model:superfluid_dm,Superfluid DM,candidate,candidate,candidate,11,2,0.002236024844720497,1.1644502468922364,0.0003173371565742767,0.00031733715657427644,2,1,0.0,0.0,0.12121212121212122,0.06060606060606061,0.06060606060606061,0.13636363636363635,8.76497393253739,11.009191717522095,0.0003173371565742767,0.06060606060606061,9.93939393939394,8.969696969696969,False
explicit_generic,rolling,2017-2021,2017,2021,pooled focal fields,dm_model:glueball,Glueball,candidate,candidate,candidate,7,1,0.0007453416149068323,0.19289935884843457,0.0017514910701872507,0.0017514910701872494,1,1,0.0,0.0,0.06060606060606061,0.09090909090909091,0.09090909090909091,0.06060606060606061,8.0,9.898588588785486,0.0017514910701872507,0.09090909090909091,10.90909090909091,9.454545454545455,False
explicit_generic,rolling,2017-2021,2017,2021,pooled focal fields,dm_model:lkp_kaluza_klein,LKP Kaluza-Klein,candidate,candidate,candidate,5,1,0.0007453416149068323,0.6346555831138352,7.67194747430909e-05,7.671947474309085e-05,1,1,0.0,0.0,0.06060606060606061,0.030303030303030304,0.030303030303030304,0.06060606060606061,8.0,9.110603128736608,7.67194747430909e-05,0.030303030303030304,8.969696969696969,8.484848484848484,False
explicit_generic,rolling,2017-2021,2017,2021,pooled focal fields,dm_model:majoron,Majoron,candidate,candidate,candidate,7,1,0.0007453416149068323,0.09220233362386389,0.00348974352419638,0.0034897435241963777,1,1,0.0,0.0,0.06060606060606061,0.12121212121212122,0.12121212121212122,0.06060606060606061,8.0,9.898588588785486,0.00348974352419638,0.12121212121212122,11.878787878787879,9.93939393939394,False
explicit_generic,rolling,2018-2022,2018,2022,pooled focal fields,dm_model:axion_alp,Axion + ALP,candidate,candidate,candidate,1543,199,0.7766106442577031,9.242108840732161,1.0,1.0,10,6,0.8780970950306031,0.8549592170102268,1.0,1.0,1.0,0.78125,40.0,24.0,1.0,1.0,40.0,24.0,False
explicit_generic,rolling,2018-2022,2018,2022,pooled focal fields,dm_model:pbh,PBH,candidate,candidate,candidate,750,109,0.392156862745098,11.113366524002917,0.36880185760968015,0.3688018576096802,10,6,0.8896513605442177,0.8481124343604083,0.96875,0.9375,0.9375,0.78125,30.45266653785142,22.063812601692046,0.36880185760968015,0.9375,38.0,23.0,False
explicit_generic,rolling,2018-2022,2018,2022,pooled focal fields,dm_model:generic_wimp,Generic WIMP,candidate,candidate,candidate,492,109,0.318860877684407,14.305493967388438,0.3422707703549912,0.34227077035499165,10,6,0.9897300900985876,0.9848123345998006,0.9375,0.90625,0.90625,0.78125,28.14860790516944,20.93309944990761,0.3422707703549912,0.90625,37.0,22.5,True
explicit_generic,rolling,2018-2022,2018,2022,pooled focal fields,dm_model:neutralino,Neutralino,candidate,candidate,candidate,300,57,0.2801120448179272,10.894124162742235,0.49011884426794955,0.4901188442679506,10,5,0.7834749999999999,0.7020550493655175,0.90625,0.96875,0.96875,0.78125,26.82256694882816,19.607612862719215,0.49011884426794955,0.96875,39.0,23.5,False
explicit_generic,rolling,2018-2022,2018,2022,pooled focal fields,dm_model:sterile_nu,Sterile nu,candidate,candidate,candidate,388,87,0.22128851540616243,12.68944150686642,0.23697128923951938,0.23697128923951946,10,6,0.9600945361320301,0.9340355046309398,0.875,0.84375,0.84375,0.78125,24.619721157864138,20.296601666032,0.23697128923951938,0.84375,35.0,21.5,False
explicit_generic,rolling,2018-2022,2018,2022,pooled focal fields,dm_model:higgsino,Higgsino,candidate,candidate,candidate,203,52,0.18814192343604108,10.857285619595352,0.31141285578437683,0.3114128557843774,10,5,0.8236944996890566,0.7477581096310381,0.84375,0.875,0.875,0.78125,23.247323852147602,18.56261382255338,0.31141285578437683,0.875,36.0,22.0,False
explicit_generic,rolling,2018-2022,2018,2022,pooled focal fields,dm_model:lsp,LSP,candidate,candidate,candidate,142,35,0.13328664799253032,8.339980096325618,0.23498156916898663,0.2349815691689869,10,5,0.7897730653506767,0.7146999142209637,0.8125,0.8125,0.8125,0.78125,20.676636975575185,17.60818785946505,0.23498156916898663,0.8125,34.0,21.0,False
explicit_generic,rolling,2018-2022,2018,2022,pooled focal fields,dm_model:ula_fuzzy,ULA / Fuzzy,candidate,candidate,candidate,245,70,0.12581699346405226,13.58696454275654,0.0736175168298921,0.07361751682989212,10,6,0.7552390360765661,0.7216227409003934,0.78125,0.5625,0.5625,0.78125,20.288143933279162,19.065546405764515,0.0736175168298921,0.5625,26.0,17.0,False
explicit_generic,rolling,2018-2022,2018,2022,pooled focal fields,dm_model:gravitino,Gravitino,candidate,candidate,candidate,126,31,0.10014005602240894,6.3166062277640425,0.1615079756553985,0.16150797565539873,10,6,0.66969859976853,0.6400896146736587,0.75,0.78125,0.78125,0.78125,18.855926130512714,17.289421482371775,0.1615079756553985,0.78125,33.0,20.5,False
explicit_generic,rolling,2018-2022,2018,2022,pooled focal fields,dm_model:bino,Bino,candidate,candidate,candidate,88,27,0.08800186741363211,7.356187714576195,0.1515143189492971,0.15151431894929734,10,5,0.8594839898965023,0.7887172572880549,0.71875,0.75,0.75,0.78125,18.11476649289692,16.334255799576376,0.1515143189492971,0.75,32.0,20.0,False
explicit_generic,rolling,2018-2022,2018,2022,pooled focal fields,dm_model:wino,Wino,candidate,candidate,candidate,102,31,0.08426704014939307,6.928031044652487,0.13992638395105314,0.1399263839510533,10,5,0.8607852917027954,0.7890670784388778,0.6875,0.71875,0.71875,0.78125,17.876552676386314,16.726724859921113,0.13992638395105314,0.71875,31.0,19.5,False
explicit_generic,rolling,2018-2022,2018,2022,pooled focal fields,dm_model:dark_photon,Dark Photon,candidate,candidate,candidate,150,40,0.07983193277310924,6.613738544314499,0.104028539319026,0.10402853931902606,10,6,0.9765466297322252,0.9666449348104781,0.65625,0.65625,0.65625,0.78125,17.58670806673202,17.75442477811324,0.104028539319026,0.65625,29.0,18.5,False
explicit_generic,rolling,2018-2022,2018,2022,pooled focal fields,dm_model:sneutrino,Sneutrino,candidate,candidate,candidate,84,30,0.0749299719887955,6.399365225390545,0.12450255486428774,0.12450255486428784,10,5,0.7833464349142576,0.7291657533433131,0.625,0.6875,0.6875,0.78125,17.256819974810455,16.210719549973362,0.12450255486428774,0.6875,30.0,19.0,False
explicit_generic,rolling,2018-2022,2018,2022,pooled focal fields,dm_model:vector_dm,Vector DM,candidate,candidate,candidate,69,25,0.04738562091503268,4.95113093780396,0.0768099680891886,0.07680996808918862,10,6,0.9629935208328279,0.9454532231893225,0.59375,0.59375,0.59375,0.78125,15.158494760915463,15.689131058154882,0.0768099680891886,0.59375,27.0,17.5,False
explicit_generic,rolling,2018-2022,2018,2022,pooled focal fields,dm_model:generic_composite,Generic Composite,candidate,candidate,candidate,79,21,0.037114845938375336,3.925534213944646,0.08187582441864959,0.08187582441864961,10,6,0.8550611130888809,0.829343893058588,0.5625,0.625,0.625,0.78125,14.221462570367386,16.04785513832303,0.08187582441864959,0.625,28.0,18.0,False
explicit_generic,rolling,2018-2022,2018,2022,pooled focal fields,dm_model:asymmetric_dm,Asymmetric DM,candidate,candidate,candidate,81,23,0.03524743230625582,4.294920552029336,0.05564695073793259,0.055646950737932355,9,6,0.9513266961975353,0.9209674888361535,0.53125,0.53125,0.53125,0.515625,14.037683975346921,16.114190361556542,0.05564695073793259,0.53125,25.0,16.5,False
explicit_generic,rolling,2018-2022,2018,2022,pooled focal fields,dm_model:twin_higgs,Twin Higgs,candidate,candidate,candidate,38,13,0.022642390289449116,3.024569998870293,0.04888415871238799,0.048884158712388055,9,6,0.9305133382931234,0.9033896907577138,0.5,0.5,0.5,0.515625,12.642477861684029,14.117742023474714,0.04888415871238799,0.5,24.0,16.0,False
explicit_generic,rolling,2018-2022,2018,2022,pooled focal fields,dm_model:sfdm,SFDM,candidate,candidate,candidate,37,10,0.010971055088702147,3.1570359672837514,0.005852971747255229,0.005852971747255238,6,4,0.743141693073789,0.641875050305971,0.46875,0.15625,0.15625,0.421875,10.930489439650431,14.047960436659908,0.005852971747255229,0.15625,13.0,10.5,False
explicit_generic,rolling,2018-2022,2018,2022,pooled focal fields,dm_model:scotogenic_model,Scotogenic Model,candidate,candidate,candidate,34,8,0.010504201680672268,1.2527440935356862,0.02169365673649405,0.021693656736494087,7,5,0.9208888888888888,0.8541440658270014,0.4375,0.46875,0.46875,0.46875,10.846153756676708,13.827032716481112,0.02169365673649405,0.46875,23.0,15.5,False
explicit_generic,rolling,2018-2022,2018,2022,pooled focal fields,dm_model:mirror_dm,Mirror DM,candidate,candidate,candidate,35,9,0.009803921568627449,1.4627397640359947,0.012196841111542123,0.012196841111542128,6,6,0.9006802721088436,0.8790915812510962,0.40625,0.3125,0.3125,0.421875,10.716054195436936,13.90271208841595,0.012196841111542123,0.3125,18.0,13.0,False
explicit_generic,rolling,2018-2022,2018,2022,pooled focal fields,dm_model:macho,MACHO,candidate,candidate,candidate,28,7,0.009337068160597572,2.942574598009641,0.00469720138819092,0.0046972013881909245,3,3,0.7185,0.5469795069546584,0.375,0.125,0.125,0.171875,10.62672261954391,13.3218416715622,0.00469720138819092,0.125,12.0,10.0,False
explicit_generic,rolling,2018-2022,2018,2022,pooled focal fields,dm_model:inert_doublet_model,Inert Doublet Model,candidate,candidate,candidate,25,7,0.009103641456582632,1.7298611150577725,0.016979286121580037,0.016979286121580048,5,5,0.919921104536489,0.8458571234292823,0.34375,0.375,0.375,0.34375,10.581219122159238,13.028484320940509,0.016979286121580037,0.375,20.0,14.0,False
explicit_generic,rolling,2018-2022,2018,2022,pooled focal fields,dm_model:axino,Axino,candidate,candidate,candidate,17,5,0.0070028011204481795,0.6599767763826414,0.018886316100468162,0.018886316100468193,5,3,0.5093333333333332,0.4221169458938298,0.3125,0.40625,0.40625,0.34375,10.142085053709202,12.040613746742181,0.018886316100468162,0.40625,21.0,14.5,False
explicit_generic,rolling,2018-2022,2018,2022,pooled focal fields,dm_model:minimal_su_2_l,Minimal SU(2)L,candidate,candidate,candidate,22,5,0.00676937441643324,0.8529268634628697,0.0190792227037162,0.019079222703716238,5,5,0.9046373365041618,0.8397827161862622,0.28125,0.4375,0.4375,0.34375,10.089430102410125,12.699120533484777,0.0190792227037162,0.4375,22.0,15.0,False
explicit_generic,rolling,2018-2022,2018,2022,pooled focal fields,dm_model:quark_nugget_aqn,Quark Nugget / AQN,candidate,candidate,candidate,56,4,0.005135387488328665,0.39408731557869237,0.013301062106322436,0.013301062106322434,4,2,0.5553719008264463,0.3658313435250293,0.25,0.34375,0.34375,0.265625,9.692062384554859,15.137218139194115,0.013301062106322436,0.34375,19.0,13.5,False
explicit_generic,rolling,2018-2022,2018,2022,pooled focal fields,dm_model:wimpzilla,WIMPzilla,candidate,candidate,candidate,22,4,0.004435107376283847,1.1603371964728673,0.007821586688180657,0.007821586688180657,3,3,0.7180055401662051,0.5543535431002306,0.21875,0.28125,0.28125,0.171875,9.502448478315218,12.699120533484777,0.007821586688180657,0.28125,17.0,12.5,False
explicit_generic,rolling,2018-2022,2018,2022,pooled focal fields,dm_model:planckian_dm,Planckian DM,candidate,candidate,candidate,4,4,0.003034547152194211,1.202111567804764,0.007805427733580567,0.00780542773358057,4,3,0.7242603550295857,0.5637474095724163,0.1875,0.25,0.25,0.265625,9.071564773222232,8.599461771627952,0.007805427733580567,0.25,16.0,12.0,False
explicit_generic,rolling,2018-2022,2018,2022,pooled focal fields,dm_model:atomic_dm,Atomic DM,candidate,candidate,candidate,21,3,0.0028011204481792717,0.586234590919195,0.006023246458783486,0.006023246458783432,3,3,0.7833333333333334,0.6013956368435128,0.15625,0.1875,0.1875,0.171875,8.990661418359377,12.579703538524544,0.006023246458783486,0.1875,14.0,11.0,False
explicit_generic,rolling,2018-2022,2018,2022,pooled focal fields,dm_model:macroscopic_dm,Macroscopic DM,candidate,candidate,candidate,38,3,0.0025676937441643324,0.13811029400938554,0.006070298761712693,0.006070298761712698,3,3,0.7933884297520661,0.6083738791013144,0.125,0.21875,0.21875,0.171875,8.906310774731843,14.117742023474714,0.006070298761712693,0.21875,15.0,11.5,False
explicit_generic,rolling,2018-2022,2018,2022,pooled focal fields,dm_model:superfluid_dm,Superfluid DM,candidate,candidate,candidate,14,2,0.002334267040149393,1.253652876953801,0.00010650875710847508,0.00010650875710847542,2,2,0.5039999999999999,0.34092985835764694,0.09375,0.03125,0.03125,0.0625,8.818030600592268,11.550817815835929,0.00010650875710847508,0.03125,9.0,8.5,False
explicit_generic,rolling,2018-2022,2018,2022,pooled focal fields,dm_model:superwimp,SuperWIMP,candidate,candidate,candidate,5,2,0.0018674136321195143,0.7974036026867479,0.0033467668855324106,0.00334676688553242,2,2,0.5625,0.3692254733516234,0.0625,0.0625,0.0625,0.0625,8.627081903535508,9.089257702534205,0.0033467668855324106,0.0625,10.0,9.0,False
explicit_generic,rolling,2018-2022,2018,2022,pooled focal fields,dm_model:majoron,Majoron,candidate,candidate,candidate,7,2,0.0016339869281045752,0.5507443248005364,0.004505234908370007,0.00450523490837001,2,2,0.5877551020408165,0.38113827019130503,0.03125,0.09375,0.09375,0.0625,8.522598894208677,9.862098341673768,0.004505234908370007,0.09375,11.0,9.5,False
explicit_generic,rolling,2019-2023,2019,2023,pooled focal fields,dm_model:axion_alp,Axion + ALP,candidate,candidate,candidate,1777,211,0.807865892972276,8.766318859831756,1.0,1.0,9,6,0.884116035852873,0.859404984337136,1.0,1.0,1.0,0.7741935483870968,40.0,24.0,1.0,1.0,40.0,24.0,False
explicit_generic,rolling,2019-2023,2019,2023,pooled focal fields,dm_model:pbh,PBH,candidate,candidate,candidate,883,116,0.42789598108747046,12.031676259892633,0.4059113903640232,0.40591139036402346,9,6,0.9016762271003038,0.8599917362431645,0.967741935483871,0.967741935483871,0.967741935483871,0.7741935483870968,31.035679614813027,22.166198254175505,0.4059113903640232,0.967741935483871,38.96774193548387,23.483870967741936,False
explicit_generic,rolling,2019-2023,2019,2023,pooled focal fields,dm_model:generic_wimp,Generic WIMP,candidate,candidate,candidate,493,110,0.2937889533634214,14.314656320498491,0.27018003164299514,0.27018003164299537,9,6,0.98956691027774,0.9849624237957763,0.9354838709677419,0.9032258064516129,0.9032258064516129,0.7741935483870968,26.928080899529697,20.639083115741617,0.27018003164299514,0.9032258064516129,36.903225806451616,22.451612903225808,True
explicit_generic,rolling,2019-2023,2019,2023,pooled focal fields,dm_model:neutralino,Neutralino,candidate,candidate,candidate,263,53,0.22394154309047926,11.452522486655077,0.2921816570935857,0.2921816570935858,9,5,0.7859453803957398,0.7077024197928944,0.9032258064516129,0.9354838709677419,0.9354838709677419,0.7741935483870968,24.407478842081492,18.994755618500633,0.2921816570935857,0.9354838709677419,37.935483870967744,22.967741935483872,False
explicit_generic,rolling,2019-2023,2019,2023,pooled focal fields,dm_model:sterile_nu,Sterile nu,candidate,candidate,candidate,414,93,0.21104663657855144,12.221682343312464,0.21025271347627827,0.21025271347627839,9,6,0.9555983258738763,0.928502052146819,0.8709677419354839,0.8709677419354839,0.8709677419354839,0.7741935483870968,23.900910364318463,20.181786938770287,0.21025271347627827,0.8709677419354839,35.87096774193549,21.935483870967744,False
explicit_generic,rolling,2019-2023,2019,2023,pooled focal fields,dm_model:higgsino,Higgsino,candidate,candidate,candidate,183,47,0.15452396303460128,10.311123387759203,0.19638703516198355,0.19638703516198366,9,5,0.828406011285184,0.7543405733768345,0.8387096774193549,0.8387096774193549,0.8387096774193549,0.7741935483870968,21.471742124866793,18.04736167947633,0.19638703516198355,0.8387096774193549,34.83870967741936,21.41935483870968,False
explicit_generic,rolling,2019-2023,2019,2023,pooled focal fields,dm_model:ula_fuzzy,ULA / Fuzzy,candidate,candidate,candidate,270,70,0.12443584784010313,13.750146705361367,0.07511857478220671,0.07511857478220678,9,6,0.7360913492084799,0.707624469792097,0.8064516129032258,0.5806451612903226,0.5806451612903226,0.7741935483870968,19.99375910081244,19.063431838571347,0.07511857478220671,0.5806451612903226,26.580645161290324,17.29032258064516,False
explicit_generic,rolling,2019-2023,2019,2023,pooled focal fields,dm_model:lsp,LSP,candidate,candidate,candidate,126,34,0.10552331828927572,8.177449089455852,0.13822675782605606,0.13822675782605606,9,5,0.7959648416922112,0.7216592882469147,0.7741935483870968,0.8064516129032258,0.8064516129032258,0.7741935483870968,18.97116483668798,17.074419686358574,0.13822675782605606,0.8064516129032258,33.806451612903224,20.903225806451612,False
explicit_generic,rolling,2019-2023,2019,2023,pooled focal fields,dm_model:dark_photon,Dark Photon,candidate,candidate,candidate,175,48,0.0887599398237696,7.8140704215178465,0.10167934066777724,0.10167934066777737,9,6,0.9812380913296085,0.9741032049297005,0.7419354838709677,0.7741935483870968,0.7741935483870968,0.7741935483870968,17.98497592003859,17.93070856689991,0.10167934066777724,0.7741935483870968,32.774193548387096,20.387096774193548,False
explicit_generic,rolling,2019-2023,2019,2023,pooled focal fields,dm_model:gravitino,Gravitino,candidate,candidate,candidate,119,31,0.08123791102514505,6.494598487296832,0.101605808379187,0.10160580837918698,9,6,0.7029142521206013,0.6789443944705736,0.7096774193548387,0.7419354838709677,0.7419354838709677,0.7741935483870968,17.512226929492154,16.92563619778667,0.101605808379187,0.7419354838709677,31.741935483870968,19.870967741935484,False
explicit_generic,rolling,2019-2023,2019,2023,pooled focal fields,dm_model:wino,Wino,candidate,candidate,candidate,98,28,0.07328605200945626,6.6433749369055315,0.09431490461334412,0.09431490461334414,9,5,0.8639141390252923,0.7950394580875263,0.6774193548387096,0.6774193548387096,0.6774193548387096,0.7741935483870968,16.98799239686884,16.420801771620038,0.09431490461334412,0.6774193548387096,29.677419354838708,18.838709677419352,False
explicit_generic,rolling,2019-2023,2019,2023,pooled focal fields,dm_model:bino,Bino,candidate,candidate,candidate,85,20,0.07199656135826349,5.927202683144933,0.09614978952489026,0.09614978952489027,9,5,0.8438547560703945,0.7734977406995586,0.6451612903225806,0.7096774193548387,0.7096774193548387,0.7741935483870968,16.900347502428364,16.05137757726122,0.09614978952489026,0.7096774193548387,30.70967741935484,19.35483870967742,False
explicit_generic,rolling,2019-2023,2019,2023,pooled focal fields,dm_model:sneutrino,Sneutrino,candidate,candidate,candidate,73,28,0.061465721040189145,6.5348171120503045,0.07683335365845759,0.07683335365845761,9,5,0.7682429458653235,0.7141456134750559,0.6129032258064516,0.6129032258064516,0.6129032258064516,0.7741935483870968,16.15298121346372,15.656997563136674,0.07683335365845759,0.6129032258064516,27.612903225806452,17.806451612903224,False
explicit_generic,rolling,2019-2023,2019,2023,pooled focal fields,dm_model:vector_dm,Vector DM,candidate,candidate,candidate,79,21,0.04427251235761875,3.6628193320228406,0.06895843405824843,0.06895843405824846,9,6,0.9568102554434914,0.9341378169511432,0.5806451612903226,0.5483870967741935,0.5483870967741935,0.7741935483870968,14.778617669137097,15.861589146185946,0.06895843405824843,0.5483870967741935,25.548387096774192,16.774193548387096,False
explicit_generic,rolling,2019-2023,2019,2023,pooled focal fields,dm_model:generic_composite,Generic Composite,candidate,candidate,candidate,90,24,0.039974210186976146,4.4005363122841175,0.07727382002156633,0.0772738200215664,9,6,0.8514741588622963,0.8341807627785324,0.5483870967741935,0.6451612903225806,0.6451612903225806,0.7741935483870968,14.394846048232004,16.199680475606073,0.07727382002156633,0.6451612903225806,28.64516129032258,18.32258064516129,False
explicit_generic,rolling,2019-2023,2019,2023,pooled focal fields,dm_model:asymmetric_dm,Asymmetric DM,candidate,candidate,candidate,84,20,0.028153879217709003,3.32719852850517,0.04507942813598495,0.04507942813598512,8,6,0.9490356039857817,0.9103569313072383,0.5161290322580645,0.5161290322580645,0.5161290322580645,0.4838709677419355,13.217157509104922,16.020684093712177,0.04507942813598495,0.5161290322580645,24.516129032258064,16.258064516129032,False
explicit_generic,rolling,2019-2023,2019,2023,pooled focal fields,dm_model:twin_higgs,Twin Higgs,candidate,candidate,candidate,33,12,0.017837954008166772,3.0517706986065716,0.03374036463644852,0.03374036463644854,8,6,0.9193787196980694,0.896401540933724,0.4838709677419355,0.4838709677419355,0.4838709677419355,0.4838709677419355,11.962968519949026,13.616096295248216,0.03374036463644852,0.4838709677419355,23.483870967741936,15.741935483870968,False
explicit_generic,rolling,2019-2023,2019,2023,pooled focal fields,dm_model:sfdm,SFDM,candidate,candidate,candidate,42,12,0.011390500752202876,3.7420608646258398,0.003630857668588042,0.0036308576685880416,6,5,0.6613029547881808,0.6266370234977402,0.45161290322580644,0.12903225806451613,0.12903225806451613,0.4032258064516129,10.979891958484819,14.232377128020559,0.003630857668588042,0.12903225806451613,12.129032258064516,10.064516129032258,False
explicit_generic,rolling,2019-2023,2019,2023,pooled focal fields,dm_model:scotogenic_model,Scotogenic Model,candidate,candidate,candidate,34,10,0.010745755426606489,1.741505849806356,0.01733810825006835,0.017338108250068363,8,5,0.8841600000000002,0.8078174355760739,0.41935483870967744,0.41935483870967744,0.41935483870967744,0.4838709677419355,10.867614349991532,13.692167213624066,0.01733810825006835,0.41935483870967744,21.41935483870968,14.70967741935484,False
explicit_generic,rolling,2019-2023,2019,2023,pooled focal fields,dm_model:minimal_su_2_l,Minimal SU(2)L,candidate,candidate,candidate,25,7,0.00859660434128519,1.2678878223144765,0.017975279590642327,0.01797527959064233,6,5,0.8640000000000001,0.8059891378363269,0.3870967741935484,0.45161290322580644,0.45161290322580644,0.4032258064516129,10.466658531451726,12.91210106044597,0.017975279590642327,0.45161290322580644,22.451612903225808,15.225806451612904,False
explicit_generic,rolling,2019-2023,2019,2023,pooled focal fields,dm_model:inert_doublet_model,Inert Doublet Model,candidate,candidate,candidate,29,7,0.007951859015688803,1.4940571348249114,0.01348795577627377,0.013487955776273782,5,5,0.9238860482103725,0.8512576793168376,0.3548387096774194,0.3870967741935484,0.3870967741935484,0.3225806451612903,10.33679034150571,13.28763529930535,0.01348795577627377,0.3870967741935484,20.387096774193548,14.193548387096774,False
explicit_generic,rolling,2019-2023,2019,2023,pooled focal fields,dm_model:axino,Axino,candidate,candidate,candidate,17,4,0.006017623038899635,0.8978150851958943,0.009403099928974566,0.009403099928974569,4,3,0.6153061224489796,0.48551292641411536,0.3064516129032258,0.2903225806451613,0.2903225806451613,0.25806451612903225,9.911800448157832,11.947094552442108,0.009403099928974566,0.2903225806451613,17.29032258064516,12.64516129032258,False
explicit_generic,rolling,2019-2023,2019,2023,pooled focal fields,dm_model:mirror_dm,Mirror DM,candidate,candidate,candidate,31,6,0.006017623038899635,1.0416941439808833,0.009719882317373939,0.009719882317373944,5,4,0.7622448979591837,0.6595552486417218,0.3064516129032258,0.3548387096774194,0.3548387096774194,0.3225806451612903,9.911800448157832,13.457001347721985,0.009719882317373939,0.3548387096774194,19.35483870967742,13.67741935483871,False
explicit_generic,rolling,2019-2023,2019,2023,pooled focal fields,dm_model:macho,MACHO,candidate,candidate,candidate,23,6,0.005587792821835375,2.555565606633611,0.0030605185844250777,0.00306051858442508,3,3,0.7207100591715977,0.5601530274173594,0.25806451612903225,0.0967741935483871,0.0967741935483871,0.16129032258064516,9.808416749674432,12.702047950082047,0.0030605185844250777,0.0967741935483871,11.096774193548388,9.548387096774194,False
explicit_generic,rolling,2019-2023,2019,2023,pooled focal fields,dm_model:macroscopic_dm,Macroscopic DM,candidate,candidate,candidate,44,6,0.004513217279174727,0.778048238155966,0.006904191702117939,0.006904191702117944,5,3,0.729251700680272,0.5650840575509678,0.22580645161290322,0.25806451612903225,0.25806451612903225,0.3225806451612903,9.531032035578951,14.35168235090607,0.006904191702117939,0.25806451612903225,16.258064516129032,12.129032258064516,False
explicit_generic,rolling,2019-2023,2019,2023,pooled focal fields,dm_model:superfluid_dm,Superfluid DM,candidate,candidate,candidate,18,4,0.003868471953578337,1.9233865131077872,0.0004994034103558727,0.0004994034103558725,3,2,0.5703703703703705,0.37295657656127285,0.1935483870967742,0.03225806451612903,0.03225806451612903,0.16129032258064516,9.348451139928663,12.088981156814324,0.0004994034103558727,0.03225806451612903,9.032258064516128,8.516129032258064,False
explicit_generic,rolling,2019-2023,2019,2023,pooled focal fields,dm_model:wimpzilla,WIMPzilla,candidate,candidate,candidate,23,4,0.0036535568450462063,1.0651242343009046,0.006522622962885381,0.006522622962885384,3,3,0.7224913494809687,0.5596398242166715,0.16129032258064516,0.22580645161290322,0.22580645161290322,0.16129032258064516,9.284248224408199,12.702047950082047,0.006522622962885381,0.22580645161290322,15.225806451612904,11.612903225806452,False
explicit_generic,rolling,2019-2023,2019,2023,pooled focal fields,dm_model:quark_nugget_aqn,Quark Nugget / AQN,candidate,candidate,candidate,54,3,0.003438641736514077,0.19449327424782792,0.009670902225489211,0.009670902225489218,3,2,0.515625,0.34663490564547045,0.12903225806451613,0.3225806451612903,0.3225806451612903,0.16129032258064516,9.218127539963515,14.878295017641893,0.009670902225489211,0.3225806451612903,18.32258064516129,13.161290322580644,False
explicit_generic,rolling,2019-2023,2019,2023,pooled focal fields,dm_model:atomic_dm,Atomic DM,candidate,candidate,candidate,18,3,0.0025789813023855577,0.6204944988633215,0.00606089862562654,0.006060898625626594,3,3,0.75,0.5802792108518123,0.0967741935483871,0.1935483870967742,0.1935483870967742,0.16129032258064516,8.930293675165641,12.088981156814324,0.00606089862562654,0.1935483870967742,14.193548387096774,11.096774193548388,False
explicit_generic,rolling,2019-2023,2019,2023,pooled focal fields,dm_model:majoron,Majoron,candidate,candidate,candidate,6,1,0.0008596604341285192,0.1630874447848224,0.0036640607205326173,0.0036640607205326216,1,1,0.0,0.0,0.04838709677419355,0.16129032258064516,0.16129032258064516,0.04838709677419355,8.143916932398938,9.468578965919441,0.0036640607205326173,0.16129032258064516,13.161290322580644,10.580645161290322,False
explicit_generic,rolling,2019-2023,2019,2023,pooled focal fields,dm_model:superwimp,SuperWIMP,candidate,candidate,candidate,6,1,0.0008596604341285192,0.266427840292483,0.0014760325598291678,0.0014760325598291678,1,1,0.0,0.0,0.04838709677419355,0.06451612903225806,0.06451612903225806,0.04838709677419355,8.143916932398938,9.468578965919441,0.0014760325598291678,0.06451612903225806,10.064516129032258,9.032258064516128,False
explicit_generic,rolling,2020-2024,2020,2024,pooled focal fields,dm_model:axion_alp,Axion + ALP,candidate,candidate,candidate,2171,231,0.8674607676309322,8.72720100989541,1.0,1.0,10,6,0.8999722941998725,0.8764963094443322,1.0,1.0,1.0,0.7727272727272727,40.0,24.0,1.0,1.0,40.0,24.0,False
explicit_generic,rolling,2020-2024,2020,2024,pooled focal fields,dm_model:pbh,PBH,candidate,candidate,candidate,1113,135,0.4895065229722064,12.585941916264366,0.45541015225867854,0.4554101522586783,10,6,0.9116888592301773,0.8719156091471841,0.9696969696969697,0.9696969696969697,0.9696969696969697,0.7727272727272727,31.829399320623136,22.30349774375878,0.45541015225867854,0.9696969696969697,39.03030303030303,23.515151515151516,False
explicit_generic,rolling,2020-2024,2020,2024,pooled focal fields,dm_model:generic_wimp,Generic WIMP,candidate,candidate,candidate,482,106,0.25524673851389673,13.669223851363013,0.21969439108827066,0.21969439108827074,10,6,0.992077695473251,0.9890101732523294,0.9393939393939394,0.9393939393939394,0.9393939393939394,0.7727272727272727,24.973987549194508,20.180121510313494,0.21969439108827066,0.9393939393939394,38.06060606060606,23.03030303030303,True
explicit_generic,rolling,2020-2024,2020,2024,pooled focal fields,dm_model:sterile_nu,Sterile nu,candidate,candidate,candidate,442,91,0.190773303081868,11.816640552396459,0.18625890118345745,0.1862589011834575,10,6,0.9530353675198731,0.925940636248284,0.9090909090909091,0.8787878787878788,0.8787878787878788,0.7727272727272727,22.56071229765673,19.960473086338936,0.18625890118345745,0.8787878787878788,36.121212121212125,22.060606060606062,False
explicit_generic,rolling,2020-2024,2020,2024,pooled focal fields,dm_model:neutralino,Neutralino,candidate,candidate,candidate,243,50,0.1894498014747589,11.744763232637208,0.19744652940488017,0.19744652940488017,10,5,0.7949896613957712,0.7181974064347505,0.8787878787878788,0.9090909090909091,0.9090909090909091,0.7727272727272727,22.507198500319483,18.445107188874886,0.19744652940488017,0.9090909090909091,37.09090909090909,22.545454545454547,False
explicit_generic,rolling,2020-2024,2020,2024,pooled focal fields,dm_model:higgsino,Higgsino,candidate,candidate,candidate,192,47,0.14804310833806006,11.326779610716939,0.15145303904956692,0.15145303904956692,10,6,0.8289680617332882,0.7588651800080936,0.8484848484848485,0.8484848484848485,0.8484848484848485,0.7727272727272727,20.72678892439987,17.84933405050218,0.15145303904956692,0.8484848484848485,35.151515151515156,21.575757575757578,False
explicit_generic,rolling,2020-2024,2020,2024,pooled focal fields,dm_model:ula_fuzzy,ULA / Fuzzy,candidate,candidate,candidate,299,73,0.1236528644356211,14.040477699875638,0.07459801417813305,0.07459801417813305,10,6,0.7524450803804392,0.7216028151280287,0.8181818181818182,0.6666666666666666,0.6666666666666666,0.7727272727272727,19.558976091330926,18.970082669186645,0.07459801417813305,0.6666666666666666,29.333333333333332,18.666666666666664,False
explicit_generic,rolling,2020-2024,2020,2024,pooled focal fields,dm_model:lsp,LSP,candidate,candidate,candidate,132,38,0.10852713178294576,10.14268845258357,0.10858032518067011,0.10858032518067011,10,5,0.8343284488096249,0.7599652247731152,0.7878787878787878,0.8181818181818182,0.8181818181818182,0.7727272727272727,18.775916748376687,16.90327187049978,0.10858032518067011,0.8181818181818182,34.18181818181819,21.090909090909093,False
explicit_generic,rolling,2020-2024,2020,2024,pooled focal fields,dm_model:dark_photon,Dark Photon,candidate,candidate,candidate,203,52,0.0862166761202496,8.136438195665336,0.0906803606127234,0.09068036061272337,10,6,0.9751731301939056,0.9656683389909851,0.7575757575757576,0.7878787878787878,0.7878787878787878,0.7727272727272727,17.513355274558585,17.99017278046067,0.0906803606127234,0.7878787878787878,33.21212121212121,20.606060606060606,False
explicit_generic,rolling,2020-2024,2020,2024,pooled focal fields,dm_model:bino,Bino,candidate,candidate,candidate,95,23,0.07581773492153528,7.577616596319223,0.07857589883131534,0.07857589883131536,10,5,0.8592483877587827,0.7837099290854881,0.7272727272727273,0.7575757575757576,0.7575757575757576,0.7727272727272727,16.86893480843319,16.074952919207156,0.07857589883131534,0.7575757575757576,32.24242424242424,20.12121212121212,False
explicit_generic,rolling,2020-2024,2020,2024,pooled focal fields,dm_model:gravitino,Gravitino,candidate,candidate,candidate,112,34,0.07184723010020799,7.594720547070043,0.07572739884917305,0.07572739884917304,10,6,0.7359390581717451,0.7130783847311283,0.696969696969697,0.7272727272727273,0.7272727272727273,0.7727272727272727,16.611299047515416,16.489211891598547,0.07572739884917305,0.7272727272727273,31.272727272727273,19.636363636363637,False
explicit_generic,rolling,2020-2024,2020,2024,pooled focal fields,dm_model:wino,Wino,candidate,candidate,candidate,104,26,0.06806579693703915,7.2029781101588,0.07222402960177109,0.07222402960177109,10,5,0.8475370370370371,0.772990998158956,0.6666666666666666,0.6363636363636364,0.6363636363636364,0.7727272727272727,16.359225712009618,16.30264382723955,0.07222402960177109,0.6363636363636364,28.363636363636363,18.18181818181818,False
explicit_generic,rolling,2020-2024,2020,2024,pooled focal fields,dm_model:sneutrino,Sneutrino,candidate,candidate,candidate,65,22,0.045944412932501406,5.951989739954885,0.04885489450838336,0.04885489450838336,10,5,0.7260681806635165,0.6858357045639385,0.6363636363636364,0.5757575757575758,0.5757575757575758,0.7727272727272727,14.717980196766831,15.122913676044476,0.04885489450838336,0.5757575757575758,26.424242424242426,17.21212121212121,False
explicit_generic,rolling,2020-2024,2020,2024,pooled focal fields,dm_model:generic_composite,Generic Composite,candidate,candidate,candidate,104,28,0.04518812629986764,4.928933819959923,0.07544807396549193,0.07544807396549191,10,6,0.8470019782566833,0.8197807141116713,0.6060606060606061,0.696969696969697,0.696969696969697,0.7727272727272727,14.655518566088821,16.30264382723955,0.07544807396549193,0.696969696969697,30.303030303030305,19.151515151515152,False
explicit_generic,rolling,2020-2024,2020,2024,pooled focal fields,dm_model:vector_dm,Vector DM,candidate,candidate,candidate,90,25,0.04254112308564946,4.429741294008324,0.06154514834798036,0.06154514834798037,10,6,0.9483377777777777,0.9226275745603834,0.5757575757575758,0.6060606060606061,0.6060606060606061,0.7727272727272727,14.432679366055218,15.939046280822044,0.06154514834798036,0.6060606060606061,27.393939393939394,17.696969696969695,False
explicit_generic,rolling,2020-2024,2020,2024,pooled focal fields,dm_model:asymmetric_dm,Asymmetric DM,candidate,candidate,candidate,83,23,0.024957458876914355,3.842269645247738,0.03461539433645186,0.034615394336452054,9,6,0.9382920110192838,0.9075251829097953,0.5454545454545454,0.5454545454545454,0.5454545454545454,0.5151515151515151,12.730507390832528,15.735669896879894,0.03461539433645186,0.5454545454545454,25.454545454545453,16.727272727272727,False
explicit_generic,rolling,2020-2024,2020,2024,pooled focal fields,dm_model:twin_higgs,Twin Higgs,candidate,candidate,candidate,34,16,0.018339950841368878,3.8850333393566285,0.028595635838069535,0.028595635838069535,10,6,0.9414815602083113,0.9207381080934719,0.5151515151515151,0.5151515151515151,0.5151515151515151,0.7727272727272727,11.93525903006952,13.511236575812926,0.028595635838069535,0.5151515151515151,24.484848484848484,16.242424242424242,False
explicit_generic,rolling,2020-2024,2020,2024,pooled focal fields,dm_model:sfdm,SFDM,candidate,candidate,candidate,54,16,0.015125732652675365,4.837350716681793,0.005828429357735546,0.005828429357735544,6,6,0.61875,0.614912871670567,0.48484848484848486,0.24242424242424243,0.24242424242424243,0.45454545454545453,11.496690045775674,14.659662244237687,0.005828429357735546,0.24242424242424243,15.757575757575758,11.878787878787879,False
explicit_generic,rolling,2020-2024,2020,2024,pooled focal fields,dm_model:scotogenic_model,Scotogenic Model,candidate,candidate,candidate,38,12,0.010966156173189641,2.244452583310324,0.014653181411625412,0.014653181411625407,8,5,0.8596908442330559,0.7722923796296022,0.45454545454545453,0.45454545454545453,0.45454545454545453,0.48484848484848486,10.852596017282941,13.786190886795396,0.014653181411625412,0.45454545454545453,22.545454545454547,15.272727272727273,False
explicit_generic,rolling,2020-2024,2020,2024,pooled focal fields,dm_model:minimal_su_2_l,Minimal SU(2)L,candidate,candidate,candidate,28,5,0.007751937984496125,0.9674100735319021,0.016967675885976932,0.016967675885976932,5,5,0.8908982748364072,0.8239109543844461,0.42424242424242425,0.48484848484848486,0.48484848484848486,0.3787878787878788,10.264669334636565,13.033424368468463,0.016967675885976932,0.48484848484848486,23.515151515151516,15.757575757575758,False
explicit_generic,rolling,2020-2024,2020,2024,pooled focal fields,dm_model:macroscopic_dm,Macroscopic DM,candidate,candidate,candidate,49,7,0.005672149744753261,1.4988656668561076,0.006635903537395505,0.006635903537395502,5,3,0.728,0.5661429511027822,0.3939393939393939,0.2727272727272727,0.2727272727272727,0.3787878787878788,9.815767312615312,14.417493528499845,0.006635903537395505,0.2727272727272727,16.727272727272727,12.363636363636363,False
explicit_generic,rolling,2020-2024,2020,2024,pooled focal fields,dm_model:axino,Axino,candidate,candidate,candidate,17,3,0.00548307808659482,0.8253286769447322,0.007189451030228581,0.007189451030228579,3,3,0.7134363852556479,0.5477143280674358,0.36363636363636365,0.30303030303030304,0.30303030303030304,0.19696969696969696,9.771133632336998,11.821632613593067,0.007189451030228581,0.30303030303030304,17.696969696969695,12.848484848484848,False
explicit_generic,rolling,2020-2024,2020,2024,pooled focal fields,dm_model:macho,MACHO,candidate,candidate,candidate,25,5,0.005294006428436377,2.3873755132370067,0.00206450785991053,0.0020645078599105305,3,3,0.7377551020408163,0.5687289385920195,0.3333333333333333,0.12121212121212122,0.12121212121212122,0.19696969696969696,9.725723539479008,12.755965524628952,0.00206450785991053,0.12121212121212122,11.878787878787879,9.93939393939394,False
explicit_generic,rolling,2020-2024,2020,2024,pooled focal fields,dm_model:mirror_dm,Mirror DM,candidate,candidate,candidate,33,6,0.005104934770277935,1.0262860833896363,0.008308566849009592,0.008308566849009592,5,3,0.6716049382716051,0.526269946874196,0.30303030303030304,0.42424242424242425,0.42424242424242425,0.3787878787878788,9.679495049191708,13.437583639773871,0.008308566849009592,0.42424242424242425,21.575757575757578,14.787878787878789,False
explicit_generic,rolling,2020-2024,2020,2024,pooled focal fields,dm_model:inert_doublet_model,Inert Doublet Model,candidate,candidate,candidate,28,5,0.004915863112119494,0.696203254096044,0.007746643242457448,0.007746643242457449,5,4,0.8698224852071007,0.7450259421302645,0.2727272727272727,0.36363636363636365,0.36363636363636365,0.3787878787878788,9.63240225051126,13.033424368468463,0.007746643242457448,0.36363636363636365,19.636363636363637,13.818181818181818,False
explicit_generic,rolling,2020-2024,2020,2024,pooled focal fields,dm_model:superfluid_dm,Superfluid DM,candidate,candidate,candidate,17,6,0.004726791453961051,2.631590997952827,0.0012763767998665567,0.0012763767998665563,4,2,0.43776000000000004,0.3075635639444367,0.24242424242424243,0.06060606060606061,0.06060606060606061,0.2878787878787879,9.584394772287837,11.821632613593067,0.0012763767998665567,0.06060606060606061,9.93939393939394,8.969696969696969,False
explicit_generic,rolling,2020-2024,2020,2024,pooled focal fields,dm_model:atomic_dm,Atomic DM,candidate,candidate,candidate,24,3,0.0035923615050103995,0.7206770827054818,0.0074890112933453535,0.0074890112933453335,3,3,0.7578947368421052,0.5837715294174136,0.21212121212121213,0.3333333333333333,0.3333333333333333,0.19696969696969696,9.273570734779863,12.656311639239666,0.0074890112933453535,0.3333333333333333,18.666666666666664,13.333333333333332,False
explicit_generic,rolling,2020-2024,2020,2024,pooled focal fields,dm_model:quark_nugget_aqn,Quark Nugget / AQN,candidate,candidate,candidate,58,4,0.003592361505010399,0.28300705269144505,0.008009312433294434,0.008009312433294436,4,3,0.6847645429362881,0.5353299071371544,0.18181818181818182,0.3939393939393939,0.3939393939393939,0.2878787878787879,9.273570734779863,14.838040620997987,0.008009312433294434,0.3939393939393939,20.606060606060606,14.303030303030303,False
explicit_generic,rolling,2020-2024,2020,2024,pooled focal fields,dm_model:wimpzilla,WIMPzilla,candidate,candidate,candidate,21,4,0.002457931556059747,1.0227686410469792,0.0029580980722709854,0.002958098072270983,3,4,0.8946745562130178,0.7689757089061959,0.15151515151515152,0.18181818181818182,0.18181818181818182,0.19696969696969696,8.908326345491185,12.331506424617855,0.0029580980722709854,0.18181818181818182,13.818181818181818,10.90909090909091,False
explicit_generic,rolling,2020-2024,2020,2024,pooled focal fields,dm_model:glueball,Glueball,candidate,candidate,candidate,8,2,0.0013235016071090943,0.3001824971606532,0.0038788394212230935,0.0038788394212230966,2,2,0.5877551020408163,0.38113827019130503,0.10606060606060606,0.21212121212121213,0.21212121212121213,0.10606060606060606,8.442988007441576,10.060450724332888,0.0038788394212230935,0.21212121212121213,14.787878787878789,11.393939393939394,False
explicit_generic,rolling,2020-2024,2020,2024,pooled focal fields,dm_model:superwimp,SuperWIMP,candidate,candidate,candidate,7,2,0.0013235016071090943,0.483043802763478,0.0016215859026813373,0.0016215859026813368,2,2,0.5877551020408163,0.38113827019130503,0.10606060606060606,0.09090909090909091,0.09090909090909091,0.10606060606060606,8.442988007441576,9.761181889260179,0.0016215859026813373,0.09090909090909091,10.90909090909091,9.454545454545455,False
explicit_generic,rolling,2020-2024,2020,2024,pooled focal fields,dm_model:majoron,Majoron,candidate,candidate,candidate,5,1,0.0005672149744753262,0.14519205123400702,0.0022002586533896268,0.0022002586533896268,1,1,0.0,0.0,0.045454545454545456,0.15151515151515152,0.15151515151515152,0.045454545454545456,8.0,9.030225362166444,0.0022002586533896268,0.15151515151515152,12.848484848484848,10.424242424242424,False
explicit_generic,rolling,2020-2024,2020,2024,pooled focal fields,dm_model:q_ball,Q-ball,candidate,candidate,candidate,18,1,0.0005672149744753262,0.39800042589568957,7.849822647439962e-05,7.849822647439957e-05,1,1,0.0,0.0,0.045454545454545456,0.030303030303030304,0.030303030303030304,0.045454545454545456,8.0,11.959009225046508,7.849822647439962e-05,0.030303030303030304,8.969696969696969,8.484848484848484,False
explicit_generic,rolling,2021-2025,2021,2025,pooled focal fields,dm_model:axion_alp,Axion + ALP,candidate,candidate,candidate,2583,249,0.9173457508731082,8.914425625542151,1.0,1.0,10,6,0.9008319393618459,0.8762039189828621,1.0,1.0,1.0,0.7727272727272727,40.0,24.0,1.0,1.0,40.0,24.0,False
explicit_generic,rolling,2021-2025,2021,2025,pooled focal fields,dm_model:pbh,PBH,candidate,candidate,candidate,1335,153,0.5394977548644604,13.205857081262065,0.4552172405075172,0.4552172405075204,10,6,0.9154358002861397,0.8780824380984664,0.9696969696969697,0.9696969696969697,0.9696969696969697,0.7727272727272727,32.36208550989861,22.36889766608831,0.4552172405075172,0.9696969696969697,39.03030303030303,23.515151515151516,False
explicit_generic,rolling,2021-2025,2021,2025,pooled focal fields,dm_model:generic_wimp,Generic WIMP,candidate,candidate,candidate,500,96,0.22152003991352068,12.074582679106356,0.1813974252122044,0.1813974252122037,10,6,0.9960703947190434,0.9944876152983555,0.9393939393939394,0.9393939393939394,0.9393939393939394,0.7727272727272727,23.336361024857,19.943653607913753,0.1813974252122044,0.9393939393939394,38.06060606060606,23.03030303030303,True
explicit_generic,rolling,2021-2025,2021,2025,pooled focal fields,dm_model:sterile_nu,Sterile nu,candidate,candidate,candidate,446,99,0.1767836354565109,13.582542824850979,0.15315732314596636,0.1531573231459659,10,6,0.9539688256934482,0.9257136014143448,0.9090909090909091,0.8787878787878788,0.8787878787878788,0.7727272727272727,21.619011653702948,19.661654435713466,0.15315732314596636,0.8787878787878788,36.121212121212125,22.060606060606062,False
explicit_generic,rolling,2021-2025,2021,2025,pooled focal fields,dm_model:neutralino,Neutralino,candidate,candidate,candidate,242,47,0.16497588558124066,11.435177811558594,0.15437159158250544,0.154371591582504,10,5,0.8060134300208117,0.7309229397669537,0.8787878787878788,0.9090909090909091,0.9090909090909091,0.7727272727272727,21.130372458478718,18.154583413860955,0.15437159158250544,0.9090909090909091,37.09090909090909,22.545454545454547,False
explicit_generic,rolling,2021-2025,2021,2025,pooled focal fields,dm_model:higgsino,Higgsino,candidate,candidate,candidate,199,52,0.144520206219857,12.944184532433221,0.1276448799562965,0.12764487995629537,10,6,0.8510778496241199,0.785926272560207,0.8484848484848485,0.8484848484848485,0.8484848484848485,0.7727272727272727,20.240473923651294,17.6730501463167,0.1276448799562965,0.8484848484848485,35.151515151515156,21.575757575757578,False
explicit_generic,rolling,2021-2025,2021,2025,pooled focal fields,dm_model:ula_fuzzy,ULA / Fuzzy,candidate,candidate,candidate,350,79,0.12938632961915852,14.360248612658733,0.07308156800168458,0.07308156800168476,10,6,0.7706451847397254,0.7388319511971418,0.8181818181818182,0.7272727272727273,0.7272727272727273,0.7727272727272727,19.54074223511521,19.06383681887926,0.07308156800168458,0.7272727272727273,31.272727272727273,19.636363636363637,False
explicit_generic,rolling,2021-2025,2021,2025,pooled focal fields,dm_model:dark_photon,Dark Photon,candidate,candidate,candidate,256,58,0.09379677365707634,8.639710698809175,0.09692095040840214,0.09692095040840189,10,6,0.9679719330013581,0.9577512615695052,0.7878787878787878,0.8181818181818182,0.8181818181818182,0.7727272727272727,17.71263217140548,18.293087823455295,0.09692095040840214,0.8181818181818182,34.18181818181819,21.090909090909093,False
explicit_generic,rolling,2021-2025,2021,2025,pooled focal fields,dm_model:lsp,LSP,candidate,candidate,candidate,127,39,0.09196740395809083,10.362703128619705,0.07982535083629305,0.07982535083629225,10,5,0.848639510282562,0.7742881269194367,0.7575757575757576,0.7878787878787878,0.7878787878787878,0.7727272727272727,17.609962446797958,16.569539886436054,0.07982535083629305,0.7878787878787878,33.21212121212121,20.606060606060606,False
explicit_generic,rolling,2021-2025,2021,2025,pooled focal fields,dm_model:bino,Bino,candidate,candidate,candidate,106,32,0.08032596041909197,9.721903209960377,0.07010178902916066,0.07010178902915999,10,5,0.8586602883119221,0.7860741848630206,0.7272727272727273,0.696969696969697,0.696969696969697,0.7727272727272727,16.931169281144854,16.126438092036874,0.07010178902916066,0.696969696969697,30.303030303030305,19.151515151515152,False
explicit_generic,rolling,2021-2025,2021,2025,pooled focal fields,dm_model:wino,Wino,candidate,candidate,candidate,113,28,0.06618992183602196,7.472905761846664,0.06221808722663592,0.062218087226635334,10,5,0.8469634605186738,0.7737699996879889,0.696969696969697,0.6666666666666666,0.6666666666666666,0.7727272727272727,16.036815979810328,16.28312874862865,0.06221808722663592,0.6666666666666666,29.333333333333332,18.666666666666664,False
explicit_generic,rolling,2021-2025,2021,2025,pooled focal fields,dm_model:gravitino,Gravitino,candidate,candidate,candidate,110,32,0.061699650756693834,7.059002345427097,0.059554271143727314,0.059554271143727106,10,6,0.7167689859852806,0.6996500501523292,0.6666666666666666,0.6363636363636364,0.6363636363636364,0.7727272727272727,15.733050386569062,16.21718759976982,0.059554271143727314,0.6363636363636364,28.363636363636363,18.18181818181818,False
explicit_generic,rolling,2021-2025,2021,2025,pooled focal fields,dm_model:generic_composite,Generic Composite,candidate,candidate,candidate,126,29,0.0488940628637951,4.846272621318201,0.07597546691701067,0.07597546691701032,10,6,0.8503956684714702,0.817096262155797,0.6363636363636364,0.7575757575757576,0.7575757575757576,0.7727272727272727,14.80004863898208,16.550146480829362,0.07597546691701067,0.7575757575757576,32.24242424242424,20.12121212121212,False
explicit_generic,rolling,2021-2025,2021,2025,pooled focal fields,dm_model:vector_dm,Vector DM,candidate,candidate,candidate,105,34,0.046066855147181104,5.353048673828212,0.05457264172762629,0.05457264172762613,10,6,0.9635470291545569,0.9436875697903773,0.6060606060606061,0.6060606060606061,0.6060606060606061,0.7727272727272727,14.57810125206668,16.10322058305524,0.05457264172762629,0.6060606060606061,27.393939393939394,17.696969696969695,False
explicit_generic,rolling,2021-2025,2021,2025,pooled focal fields,dm_model:sneutrino,Sneutrino,candidate,candidate,candidate,57,21,0.034425411608182264,5.563200355496174,0.03451532016605432,0.034515320166054075,10,5,0.7094868024924735,0.6667830800936001,0.5757575757575758,0.5454545454545454,0.5454545454545454,0.7727272727272727,13.582945774842694,14.612224403771595,0.03451532016605432,0.5454545454545454,25.454545454545453,16.727272727272727,False
explicit_generic,rolling,2021-2025,2021,2025,pooled focal fields,dm_model:asymmetric_dm,Asymmetric DM,candidate,candidate,candidate,105,32,0.03309496091801098,5.180355291051111,0.03836193379117759,0.03836193379117747,10,6,0.9593091083558495,0.9396064982837103,0.5454545454545454,0.5757575757575758,0.5757575757575758,0.7727272727272727,13.459089194643415,16.10322058305524,0.03836193379117759,0.5757575757575758,26.424242424242426,17.21212121212121,False
explicit_generic,rolling,2021-2025,2021,2025,pooled focal fields,dm_model:sfdm,SFDM,candidate,candidate,candidate,60,16,0.014468651255612839,4.679343183492399,0.005846625304074055,0.005846625304074103,6,6,0.5672611969877129,0.5790103933889322,0.5151515151515151,0.3333333333333333,0.3333333333333333,0.3939393939393939,11.350677110427158,14.736922079469721,0.005846625304074055,0.3333333333333333,18.666666666666664,13.333333333333332,False
explicit_generic,rolling,2021-2025,2021,2025,pooled focal fields,dm_model:twin_higgs,Twin Higgs,candidate,candidate,candidate,31,15,0.013969732246798604,3.639668638877212,0.017883890704656402,0.017883890704656312,9,6,0.9564625850340136,0.9415775030946782,0.48484848484848486,0.5151515151515151,0.5151515151515151,0.5,11.27911041836137,13.141723931861632,0.017883890704656402,0.5151515151515151,24.484848484848484,16.242424242424242,False
explicit_generic,rolling,2021-2025,2021,2025,pooled focal fields,dm_model:minimal_su_2_l,Minimal SU(2)L,candidate,candidate,candidate,33,12,0.010477299185098954,2.3239295459206564,0.015979930216190742,0.015979930216190673,9,5,0.9281934996220711,0.8613989916652384,0.45454545454545453,0.48484848484848486,0.48484848484848486,0.5,10.737423769781934,13.291627193196794,0.015979930216190742,0.48484848484848486,23.515151515151516,15.757575757575758,False
explicit_generic,rolling,2021-2025,2021,2025,pooled focal fields,dm_model:scotogenic_model,Scotogenic Model,candidate,candidate,candidate,34,10,0.008814235822384834,2.3220670502253555,0.010410221319789352,0.010410221319789298,7,4,0.8159487362050551,0.6868547537875066,0.42424242424242425,0.45454545454545453,0.45454545454545453,0.4393939393939394,10.447524843097305,13.363303125931367,0.010410221319789352,0.45454545454545453,22.545454545454547,15.272727272727273,False
explicit_generic,rolling,2021-2025,2021,2025,pooled focal fields,dm_model:inert_doublet_model,Inert Doublet Model,candidate,candidate,candidate,36,9,0.0066522534508564775,1.759056959614684,0.007792352273528924,0.0077923522735288825,7,6,0.9615,0.9472228978043508,0.3939393939393939,0.3939393939393939,0.3939393939393939,0.4393939393939394,10.025982189715275,13.500707726082744,0.007792352273528924,0.3939393939393939,20.606060606060606,14.303030303030303,False
explicit_generic,rolling,2021-2025,2021,2025,pooled focal fields,dm_model:macroscopic_dm,Macroscopic DM,candidate,candidate,candidate,51,7,0.004989190088142359,1.8022059616190984,0.0031882965222031433,0.0031882965222031837,4,3,0.6693333333333336,0.5125242771719692,0.36363636363636365,0.18181818181818182,0.18181818181818182,0.22727272727272727,9.652182889575023,14.342213152392457,0.0031882965222031433,0.18181818181818182,13.818181818181818,10.90909090909091,False
explicit_generic,rolling,2021-2025,2021,2025,pooled focal fields,dm_model:macho,MACHO,candidate,candidate,candidate,23,5,0.004656577415599534,2.37902309565024,0.0022109767215035066,0.0022109767215035417,3,3,0.6581632653061226,0.5176585879112803,0.3333333333333333,0.09090909090909091,0.09090909090909091,0.09090909090909091,9.570251256454974,12.430387850974288,0.0022109767215035066,0.09090909090909091,10.90909090909091,9.454545454545455,False
explicit_generic,rolling,2021-2025,2021,2025,pooled focal fields,dm_model:mirror_dm,Mirror DM,candidate,candidate,candidate,32,7,0.00432396474305671,1.2485867578800682,0.005774929578826302,0.0057749295788262975,5,3,0.6071005917159764,0.4829693907160016,0.30303030303030304,0.30303030303030304,0.30303030303030304,0.3484848484848485,9.485337382417049,13.217811367174725,0.005774929578826302,0.30303030303030304,17.696969696969695,12.848484848484848,False
explicit_generic,rolling,2021-2025,2021,2025,pooled focal fields,dm_model:quark_nugget_aqn,Quark Nugget / AQN,candidate,candidate,candidate,66,5,0.004157658406785298,0.47464093510335614,0.00849627305766894,0.008496273057668924,5,4,0.7449600000000001,0.6505092173936021,0.2727272727272727,0.42424242424242425,0.42424242424242425,0.3484848484848485,9.44165494935345,14.968902699886872,0.00849627305766894,0.42424242424242425,21.575757575757578,14.787878787878789,False
explicit_generic,rolling,2021-2025,2021,2025,pooled focal fields,dm_model:axino,Axino,candidate,candidate,candidate,13,3,0.0039913520705138865,0.8874891128580398,0.004615060821277595,0.00461506082127754,3,3,0.7625000000000001,0.5863352583727444,0.22727272727272727,0.2727272727272727,0.2727272727272727,0.09090909090909091,9.397089775281344,11.097640018703832,0.004615060821277595,0.2727272727272727,16.727272727272727,12.363636363636363,False
explicit_generic,rolling,2021-2025,2021,2025,pooled focal fields,dm_model:superfluid_dm,Superfluid DM,candidate,candidate,candidate,18,5,0.0039913520705138865,2.4605229557293455,0.0012923531609822703,0.0012923531609822883,4,2,0.39583333333333337,0.28560757300637163,0.22727272727272727,0.030303030303030304,0.030303030303030304,0.22727272727272727,9.397089775281344,11.852740897654364,0.0012923531609822703,0.030303030303030304,8.969696969696969,8.484848484848484,False
explicit_generic,rolling,2021-2025,2021,2025,pooled focal fields,dm_model:atomic_dm,Atomic DM,candidate,candidate,candidate,26,4,0.0038250457342424746,0.7312868842633832,0.007644967437537659,0.007644967437537605,4,4,0.8347826086956521,0.7158119402888384,0.18181818181818182,0.36363636363636365,0.36363636363636365,0.22727272727272727,9.351586078148264,12.721623666486806,0.007644967437537659,0.36363636363636365,19.636363636363637,13.818181818181818,False
explicit_generic,rolling,2021-2025,2021,2025,pooled focal fields,dm_model:wimpzilla,WIMPzilla,candidate,candidate,candidate,29,4,0.0034924330616996507,0.9752315456547473,0.0034713204513277633,0.0034713204513277776,4,4,0.8653061224489796,0.7417349457926434,0.15151515151515152,0.24242424242424243,0.24242424242424243,0.22727272727272727,9.25750832408121,12.982142980914611,0.0034713204513277633,0.24242424242424243,15.757575757575758,11.878787878787879,False
explicit_generic,rolling,2021-2025,2021,2025,pooled focal fields,dm_model:superwimp,SuperWIMP,candidate,candidate,candidate,8,4,0.002328288707799767,1.0616370604004584,0.002318659675327291,0.002318659675327266,4,4,0.8816326530612246,0.7579183152070363,0.12121212121212122,0.12121212121212122,0.12121212121212122,0.22727272727272727,8.88653742777713,10.005143792799732,0.002318659675327291,0.12121212121212122,11.878787878787879,9.93939393939394,False
explicit_generic,rolling,2021-2025,2021,2025,pooled focal fields,dm_model:majoron,Majoron,candidate,candidate,candidate,7,4,0.0019956760352569432,1.1546196575508996,0.003168673672878813,0.003168673672878825,4,3,0.75,0.5802792108518123,0.09090909090909091,0.15151515151515152,0.15151515151515152,0.22727272727272727,8.76409377019895,9.71390797728721,0.003168673672878813,0.15151515151515152,12.848484848484848,10.424242424242424,False
explicit_generic,rolling,2021-2025,2021,2025,pooled focal fields,dm_model:q_ball,Q-ball,candidate,candidate,candidate,26,3,0.0014967570264427074,0.413022152059196,0.0015502362996458515,0.0015502362996458584,3,3,0.8,0.6131471927654584,0.06060606060606061,0.06060606060606061,0.06060606060606061,0.09090909090909091,8.55935546153249,12.721623666486806,0.0015502362996458515,0.06060606060606061,9.93939393939394,8.969696969696969,False
explicit_generic,rolling,2021-2025,2021,2025,pooled focal fields,dm_model:glueball,Glueball,candidate,candidate,candidate,8,2,0.0011641443538998836,0.29915912739920425,0.0031975415728425177,0.0031975415728425034,2,2,0.5877551020408165,0.38113827019130503,0.030303030303030304,0.21212121212121213,0.21212121212121213,0.030303030303030304,8.403078743128011,10.005143792799732,0.0031975415728425177,0.21212121212121213,14.787878787878789,11.393939393939394,False
published_umbrella,full,2006-2025,2006,2025,pooled focal fields,dm_model:wimp_related,WIMP-related,candidate,candidate,candidate,5388,238,1.278538503253796,16.607457207733304,1.0,1.0,10,6,0.8946180173207073,0.8705487528848769,1.0,1.0,1.0,0.7833333333333333,40.0,24.0,1.0,1.0,40.0,24.0,True
published_umbrella,full,2006-2025,2006,2025,pooled focal fields,dm_model:axion_alp,Axion + ALP,candidate,candidate,candidate,4540,250,0.6738069414316703,12.00232476249203,0.2786428880594905,0.2786428880594898,10,6,0.8824160010363995,0.8596158195961804,0.9666666666666667,0.9666666666666667,0.9666666666666667,0.7833333333333333,31.085476079493375,23.597167923137928,0.2786428880594905,0.9666666666666667,38.93333333333334,23.46666666666667,False
published_umbrella,full,2006-2025,2006,2025,pooled focal fields,dm_model:pbh,PBH,candidate,candidate,candidate,1928,139,0.2992136659436009,14.887240690234279,0.06384879724376763,0.06384879724376732,10,6,0.9022146241856399,0.8614529868703587,0.9333333333333333,0.8333333333333334,0.8333333333333334,0.7833333333333333,23.207037477214236,21.58281323366176,0.06384879724376763,0.8333333333333334,34.66666666666667,21.333333333333336,False
published_umbrella,full,2006-2025,2006,2025,pooled focal fields,dm_model:sterile_nu,Sterile nu,candidate,candidate,candidate,1315,124,0.21183568329718,14.889817810279874,0.08245095438834851,0.0824509543883484,10,6,0.95161810944,0.9173518514136033,0.9,0.8666666666666667,0.8666666666666667,0.7833333333333333,20.711393466320192,20.683084052954538,0.08245095438834851,0.8666666666666667,35.733333333333334,21.866666666666667,False
published_umbrella,full,2006-2025,2006,2025,pooled focal fields,dm_model:bino,Bino,candidate,candidate,candidate,402,50,0.11659436008676788,8.522906961404768,0.11734351107614399,0.11734351107614405,10,5,0.8465808545159547,0.7782574070595266,0.8666666666666667,0.9333333333333333,0.9333333333333333,0.7833333333333333,17.293743068302504,17.898722502302142,0.11734351107614399,0.9333333333333333,37.86666666666667,22.933333333333334,False
published_umbrella,full,2006-2025,2006,2025,pooled focal fields,dm_model:wino,Wino,candidate,candidate,candidate,414,52,0.10256236442516267,7.688270904887108,0.10001024567329712,0.10001024567329718,10,6,0.8699509734755277,0.8196410351998041,0.8333333333333334,0.9,0.9,0.7833333333333333,16.683683413994622,17.967758793460476,0.10001024567329712,0.9,36.8,22.4,False
published_umbrella,full,2006-2025,2006,2025,pooled focal fields,dm_model:ula_fuzzy,ULA / Fuzzy,candidate,candidate,candidate,563,70,0.0823617136659436,13.429804981082857,0.01427053187503824,0.014270531875038172,10,6,0.7514545546918663,0.7139253874820836,0.8,0.6,0.6,0.7833333333333333,15.726650850069607,18.689546293091055,0.01427053187503824,0.6,27.2,17.6,False
published_umbrella,full,2006-2025,2006,2025,pooled focal fields,dm_model:dark_photon,Dark Photon,candidate,candidate,candidate,388,44,0.05267082429501085,5.061637271310923,0.029637723350170952,0.029637723350170918,10,6,0.9687074829931973,0.9594206424695901,0.7666666666666667,0.7666666666666667,0.7666666666666667,0.7833333333333333,14.072843671074558,17.81553339830881,0.029637723350170952,0.7666666666666667,32.53333333333333,20.266666666666666,False
published_umbrella,full,2006-2025,2006,2025,pooled focal fields,dm_model:asymmetric_dm,Asymmetric DM,candidate,candidate,candidate,317,43,0.04440075921908894,4.9004147800807205,0.027453754383243448,0.027453754383243635,10,6,0.96670730143931,0.9529665774143008,0.7333333333333333,0.7333333333333333,0.7333333333333333,0.7833333333333333,13.532381442617293,17.341374760146095,0.027453754383243448,0.7333333333333333,31.466666666666665,19.733333333333334,False
published_umbrella,full,2006-2025,2006,2025,pooled focal fields,dm_model:vector_dm,Vector DM,candidate,candidate,candidate,189,28,0.034707158351409986,4.0387054368994555,0.02584591830769739,0.02584591830769739,10,6,0.9482025146484375,0.9178638794157141,0.7,0.6666666666666666,0.6666666666666666,0.7833333333333333,12.829952683990612,16.129609170873753,0.02584591830769739,0.6666666666666666,29.333333333333332,18.666666666666664,False
published_umbrella,full,2006-2025,2006,2025,pooled focal fields,dm_model:axino,Axino,candidate,candidate,candidate,159,32,0.03341919739696313,4.623285533626141,0.034763842962039396,0.0347638429620394,10,6,0.7336495932918877,0.7082099404131105,0.6666666666666666,0.8,0.8,0.7833333333333333,12.729566973756697,15.725276772266044,0.034763842962039396,0.8,33.6,20.8,False
published_umbrella,full,2006-2025,2006,2025,pooled focal fields,dm_model:generic_composite,Generic Composite,candidate,candidate,candidate,235,29,0.03301247288503254,4.016181250504469,0.026460387134250706,0.02646038713425069,10,6,0.8739590755958832,0.8573407288367504,0.6333333333333333,0.7,0.7,0.7833333333333333,12.6974657072059,16.639718333547084,0.026460387134250706,0.7,30.4,19.2,False
published_umbrella,full,2006-2025,2006,2025,pooled focal fields,dm_model:twin_higgs,Twin Higgs,candidate,candidate,candidate,120,17,0.01904826464208243,2.581213100468178,0.020053083674102253,0.02005308367410223,10,6,0.8780739858917694,0.8443539950682841,0.6,0.6333333333333333,0.6333333333333333,0.7833333333333333,11.440903199978862,15.067938752739915,0.020053083674102253,0.6333333333333333,28.266666666666666,18.133333333333333,False
published_umbrella,full,2006-2025,2006,2025,pooled focal fields,dm_model:sfdm,SFDM,candidate,candidate,candidate,129,17,0.012066160520607374,4.013376535746265,0.002109474683408836,0.0021094746834088266,8,5,0.6281782603206668,0.5752149446937888,0.5666666666666667,0.23333333333333334,0.23333333333333334,0.48333333333333334,10.630502943776394,15.236739112168172,0.002109474683408836,0.23333333333333334,15.466666666666667,11.733333333333334,False
published_umbrella,full,2006-2025,2006,2025,pooled focal fields,dm_model:mirror_dm,Mirror DM,candidate,candidate,candidate,117,17,0.011727223427331885,3.6470734036129464,0.00458458821783364,0.004584588217833634,8,6,0.9197768051054162,0.885308820084379,0.5333333333333333,0.4,0.4,0.48333333333333334,10.585802752333695,15.008869086556546,0.00458458821783364,0.4,20.8,14.4,False
published_umbrella,full,2006-2025,2006,2025,pooled focal fields,dm_model:minimal_su_2_l,Minimal SU(2)L,candidate,candidate,candidate,88,16,0.011388286334056398,2.338306851618582,0.010272503253460236,0.01027250325346024,10,6,0.9467687074829932,0.9152614168808286,0.5,0.5666666666666667,0.5666666666666667,0.7833333333333333,10.540451800394939,14.345260841803128,0.010272503253460236,0.5666666666666667,26.133333333333333,17.066666666666666,False
published_umbrella,full,2006-2025,2006,2025,pooled focal fields,dm_model:macho,MACHO,candidate,candidate,candidate,120,9,0.009151301518438177,3.6228034012002546,0.0003855637002445411,0.00038556370024453695,4,3,0.6521152263374486,0.49566199294378543,0.4666666666666667,0.06666666666666667,0.06666666666666667,0.13333333333333333,10.222456020403197,15.067938752739915,0.0003855637002445411,0.06666666666666667,10.133333333333333,9.066666666666666,False
published_umbrella,full,2006-2025,2006,2025,pooled focal fields,dm_model:atomic_dm,Atomic DM,candidate,candidate,candidate,86,13,0.00711767895878525,2.3229325209438327,0.004933714099810839,0.004933714099810778,7,6,0.9473741496598638,0.9209327238685954,0.43333333333333335,0.43333333333333335,0.43333333333333335,0.36666666666666664,9.897480386727466,14.291785400807608,0.004933714099810839,0.43333333333333335,21.866666666666667,14.933333333333334,False
published_umbrella,full,2006-2025,2006,2025,pooled focal fields,dm_model:scotogenic_model,Scotogenic Model,candidate,candidate,candidate,71,10,0.0067787418655097615,1.3474029386247366,0.005826714734965007,0.005826714734965005,7,5,0.8956799999999999,0.8216716619602977,0.4,0.5,0.5,0.36666666666666664,9.838986928856546,13.846533394790415,0.005826714734965007,0.5,24.0,16.0,False
published_umbrella,full,2006-2025,2006,2025,pooled focal fields,dm_model:inert_doublet_model,Inert Doublet Model,candidate,candidate,candidate,88,9,0.006710954446854663,1.0940704003700354,0.006468648992772625,0.0064686489927726284,8,5,0.9452096724823997,0.8794317266795085,0.36666666666666664,0.5333333333333333,0.5333333333333333,0.48333333333333334,9.82711403041503,14.345260841803128,0.006468648992772625,0.5333333333333333,25.066666666666666,16.53333333333333,False
published_umbrella,full,2006-2025,2006,2025,pooled focal fields,dm_model:lkp_kaluza_klein,LKP Kaluza-Klein,candidate,candidate,candidate,58,10,0.0067109544468546625,1.562307627818704,0.005670120771627971,0.005670120771627975,8,5,0.8741965105601469,0.800290810845542,0.3333333333333333,0.4666666666666667,0.4666666666666667,0.48333333333333334,9.82711403041503,13.378019839566008,0.005670120771627971,0.4666666666666667,22.933333333333334,15.466666666666667,False
published_umbrella,full,2006-2025,2006,2025,pooled focal fields,dm_model:wimpzilla,WIMPzilla,candidate,candidate,candidate,68,8,0.004880694143167028,1.4078440656675355,0.0027024648378760545,0.0027024648378760493,6,4,0.8356481481481481,0.71894768110964,0.3,0.3,0.3,0.2833333333333333,9.480206384977723,13.74639836276009,0.0027024648378760545,0.3,17.6,12.8,False
published_umbrella,full,2006-2025,2006,2025,pooled focal fields,dm_model:q_ball,Q-ball,candidate,candidate,candidate,70,9,0.004745119305856833,1.3002733449811066,0.004218715055996645,0.004218715055996646,7,4,0.6940408163265308,0.5925043867708535,0.26666666666666666,0.3333333333333333,0.3333333333333333,0.36666666666666664,9.452095241380283,13.813626311226567,0.004218715055996645,0.3333333333333333,18.666666666666664,13.333333333333332,False
published_umbrella,full,2006-2025,2006,2025,pooled focal fields,dm_model:quark_nugget_aqn,Quark Nugget / AQN,candidate,candidate,candidate,146,5,0.0037960954446854666,0.21672616377613577,0.002309657284534829,0.0023096572845348173,5,4,0.6053571428571429,0.5458750794889784,0.23333333333333334,0.26666666666666666,0.26666666666666666,0.2,9.242877738039413,15.52589607435511,0.002309657284534829,0.26666666666666666,16.53333333333333,12.266666666666666,False
published_umbrella,full,2006-2025,2006,2025,pooled focal fields,dm_model:superwimp,SuperWIMP,candidate,candidate,candidate,29,5,0.0030504338394793926,0.9568203619757858,0.004225266786294456,0.0042252667862944585,5,4,0.8971851851851852,0.7711343022068953,0.2,0.36666666666666664,0.36666666666666664,0.2,9.059282788860017,11.78671468511323,0.004225266786294456,0.36666666666666664,19.733333333333334,13.866666666666667,False
published_umbrella,full,2006-2025,2006,2025,pooled focal fields,dm_model:macroscopic_dm,Macroscopic DM,candidate,candidate,candidate,99,6,0.0027114967462039045,0.9990357157241062,0.0012701987228928469,0.0012701987228928432,6,3,0.6375,0.502442468830035,0.16666666666666666,0.2,0.2,0.2833333333333333,8.968410691964223,14.619443716407662,0.0012701987228928469,0.2,14.4,11.2,False
published_umbrella,full,2006-2025,2006,2025,pooled focal fields,dm_model:superfluid_dm,Superfluid DM,candidate,candidate,candidate,27,5,0.002101409978308026,1.9890041218291208,0.00010734575852184682,0.00010734575852184607,5,2,0.5943808532778355,0.3842352914065921,0.13333333333333333,0.03333333333333333,0.03333333333333333,0.2,8.789155042288462,11.624387006854025,0.00010734575852184682,0.03333333333333333,9.066666666666666,8.533333333333333,False
published_umbrella,full,2006-2025,2006,2025,pooled focal fields,dm_model:majoron,Majoron,candidate,candidate,candidate,18,3,0.0011523861171366593,0.6697985207186181,0.0007885772157963407,0.0007885772157963403,3,3,0.7972318339100346,0.611174591750473,0.1,0.13333333333333333,0.13333333333333333,0.1,8.446969082044003,10.712045238769985,0.0007885772157963407,0.13333333333333333,12.266666666666666,10.133333333333333,False
published_umbrella,full,2006-2025,2006,2025,pooled focal fields,dm_model:glueball,Glueball,candidate,candidate,candidate,13,2,0.0006778741865509761,0.23290043053917256,0.0009006273067127974,0.0009006273067127971,2,2,0.6,0.3868528072345416,0.06666666666666667,0.16666666666666666,0.16666666666666666,0.06666666666666667,8.219384648767107,9.993537759863486,0.0009006273067127974,0.16666666666666666,13.333333333333332,10.666666666666666,False
published_umbrella,full,2006-2025,2006,2025,pooled focal fields,dm_model:planckian_dm,Planckian DM,candidate,candidate,candidate,7,1,0.00040672451193058567,0.18585322412168195,0.0006343908369245061,0.0006343908369245047,1,1,0.0,0.0,0.03333333333333333,0.1,0.1,0.03333333333333333,8.050551683805605,8.676863593171738,0.0006343908369245061,0.1,11.2,9.6,False
published_umbrella,stable,2006-2015,2006,2015,pooled focal fields,dm_model:wimp_related,WIMP-related,candidate,candidate,candidate,3185,163,2.138114997036159,7.383898097010837,1.0,1.0,7,6,0.8808530435805866,0.8551730425560863,1.0,1.0,1.0,0.8541666666666666,40.0,24.0,1.0,1.0,40.0,24.0,True
published_umbrella,stable,2006-2015,2006,2015,pooled focal fields,dm_model:axion_alp,Axion + ALP,candidate,candidate,candidate,809,78,0.33688994269907135,8.376709060314633,0.11029798890762375,0.11029798890762367,7,6,0.8225704285308865,0.8087736973843865,0.9583333333333334,0.9583333333333334,0.9583333333333334,0.8541666666666666,20.27825364324845,20.507947901342202,0.11029798890762375,0.9583333333333334,38.66666666666667,23.333333333333336,False
published_umbrella,stable,2006-2015,2006,2015,pooled focal fields,dm_model:sterile_nu,Sterile nu,candidate,candidate,candidate,483,53,0.18810511756569842,8.157087178679411,0.03876324047308763,0.03876324047308759,7,6,0.9383606383729962,0.8873457742815829,0.9166666666666666,0.7916666666666666,0.7916666666666666,0.8541666666666666,16.997033314140722,19.19487986349383,0.03876324047308763,0.7916666666666666,33.33333333333333,20.666666666666664,False
published_umbrella,stable,2006-2015,2006,2015,pooled focal fields,dm_model:bino,Bino,candidate,candidate,candidate,205,34,0.15589804386484885,4.626994621746457,0.09537172943278596,0.095371729432786,7,5,0.8199549894702347,0.7521115387262779,0.875,0.9166666666666666,0.9166666666666666,0.8541666666666666,16.12766425435443,17.016735136958417,0.09537172943278596,0.9166666666666666,37.33333333333333,22.666666666666664,False
published_umbrella,stable,2006-2015,2006,2015,pooled focal fields,dm_model:wino,Wino,candidate,candidate,candidate,205,35,0.14127642758348152,4.3220004454898096,0.08498227475307624,0.08498227475307628,7,5,0.8530568731967332,0.7893636525875936,0.8333333333333334,0.875,0.875,0.8541666666666666,15.70335951923283,17.016735136958417,0.08498227475307624,0.875,36.0,22.0,False
published_umbrella,stable,2006-2015,2006,2015,pooled focal fields,dm_model:axino,Axino,candidate,candidate,candidate,122,26,0.07034182967792925,3.480914527768696,0.04428162398227049,0.044281623982270514,7,6,0.7316311071834365,0.6952803912005189,0.7916666666666666,0.8333333333333334,0.8333333333333334,0.8541666666666666,13.228718375691592,15.701773870420773,0.04428162398227049,0.8333333333333334,34.66666666666667,21.333333333333336,False
published_umbrella,stable,2006-2015,2006,2015,pooled focal fields,dm_model:asymmetric_dm,Asymmetric DM,candidate,candidate,candidate,123,20,0.046038332345386276,2.82499066890159,0.01850528359248726,0.01850528359248755,7,6,0.9709812300834424,0.9556471932504531,0.75,0.75,0.75,0.8541666666666666,12.095814415324744,15.72242092656144,0.01850528359248726,0.75,32.0,20.0,False
published_umbrella,stable,2006-2015,2006,2015,pooled focal fields,dm_model:pbh,PBH,candidate,candidate,candidate,150,10,0.028255285516696305,2.78275263123227,0.003139330979929583,0.0031393309799295686,5,5,0.6622915545992468,0.5757185249586944,0.7083333333333334,0.4166666666666667,0.4166666666666667,0.6041666666666666,11.056453287250177,16.224746326104537,0.003139330979929583,0.4166666666666667,21.333333333333336,14.666666666666668,False
published_umbrella,stable,2006-2015,2006,2015,pooled focal fields,dm_model:lkp_kaluza_klein,LKP Kaluza-Klein,candidate,candidate,candidate,52,10,0.017585457419482316,1.2956600521470303,0.008497871998549062,0.00849787199854907,7,5,0.8768589824517108,0.8052145060207107,0.6666666666666666,0.6666666666666666,0.6666666666666666,0.8541666666666666,10.262872775000476,13.555034436554784,0.008497871998549062,0.6666666666666666,29.333333333333332,18.666666666666664,False
published_umbrella,stable,2006-2015,2006,2015,pooled focal fields,dm_model:macho,MACHO,candidate,candidate,candidate,70,7,0.014621616281367319,3.6599115128731325,0.00022219860250814906,0.0002221986025081486,2,3,0.6245434623813002,0.4742471391105909,0.625,0.125,0.125,0.125,10.001417631724928,14.300593774102563,0.00022219860250814906,0.125,12.0,10.0,False
published_umbrella,stable,2006-2015,2006,2015,pooled focal fields,dm_model:mirror_dm,Mirror DM,candidate,candidate,candidate,57,8,0.013633669235328987,1.8498409961169973,0.0030890111578795545,0.0030890111578795497,4,5,0.8962822936357908,0.8363346117379623,0.5833333333333334,0.375,0.375,0.4375,9.908455318544025,13.784910493531246,0.0030890111578795545,0.375,20.0,14.0,False
published_umbrella,stable,2006-2015,2006,2015,pooled focal fields,dm_model:twin_higgs,Twin Higgs,candidate,candidate,candidate,38,5,0.013436079826121319,1.3149836169112092,0.009535602298642172,0.009535602298642176,3,3,0.7141868512110727,0.5423991266275149,0.5416666666666666,0.7083333333333334,0.7083333333333334,0.22916666666666666,9.88946286179883,12.772903694042855,0.009535602298642172,0.7083333333333334,30.666666666666668,19.333333333333336,False
published_umbrella,stable,2006-2015,2006,2015,pooled focal fields,dm_model:vector_dm,Vector DM,candidate,candidate,candidate,25,7,0.01165777514325232,1.7648280135970236,0.005001558893692174,0.005001558893692174,5,5,0.8887101407641481,0.8246396046705475,0.5,0.5833333333333334,0.5833333333333334,0.6041666666666666,9.711818131138113,11.739009227962914,0.005001558893692174,0.5833333333333334,26.666666666666668,17.333333333333336,False
published_umbrella,stable,2006-2015,2006,2015,pooled focal fields,dm_model:generic_composite,Generic Composite,candidate,candidate,candidate,56,6,0.00948429164196799,0.32133223395521565,0.0059638429164196125,0.005963842916419612,6,4,0.7958333333333336,0.6875506256562981,0.4583333333333333,0.625,0.625,0.6666666666666666,9.47510881169834,13.740563332244829,0.0059638429164196125,0.625,28.0,18.0,False
published_umbrella,stable,2006-2015,2006,2015,pooled focal fields,dm_model:atomic_dm,Atomic DM,candidate,candidate,candidate,46,6,0.007705986959098993,1.2008669746671004,0.003212346468697722,0.0032123464686977226,4,3,0.6848126232741617,0.529631255401791,0.4166666666666667,0.4583333333333333,0.4583333333333333,0.4375,9.260323430747492,13.248678755978304,0.003212346468697722,0.4583333333333333,22.666666666666664,15.333333333333332,False
published_umbrella,stable,2006-2015,2006,2015,pooled focal fields,dm_model:ula_fuzzy,ULA / Fuzzy,candidate,candidate,candidate,41,6,0.007508397549891326,1.8906753012748239,0.00042176799318755187,0.00042176799318754856,4,2,0.5185595567867036,0.3480683988441809,0.375,0.16666666666666666,0.16666666666666666,0.4375,9.234989514452245,12.961871427073289,0.00042176799318755187,0.16666666666666666,13.333333333333332,10.666666666666666,False
published_umbrella,stable,2006-2015,2006,2015,pooled focal fields,dm_model:sfdm,SFDM,candidate,candidate,candidate,43,5,0.006915629322268326,1.4924101334044888,0.0009255779444477522,0.0009255779444477502,4,2,0.5407346938775509,0.35881626451947113,0.3333333333333333,0.20833333333333334,0.20833333333333334,0.4375,9.156918449523154,13.080492698706944,0.0009255779444477522,0.20833333333333334,14.666666666666668,11.333333333333334,False
published_umbrella,stable,2006-2015,2006,2015,pooled focal fields,dm_model:q_ball,Q-ball,candidate,candidate,candidate,29,4,0.006520450503852994,1.1845881947755936,0.0048339796148656475,0.004833979614865652,3,2,0.4407713498622591,0.3091141634825838,0.2916666666666667,0.5416666666666666,0.5416666666666666,0.22916666666666666,9.102997062804903,12.103901711614046,0.0048339796148656475,0.5416666666666666,25.333333333333332,16.666666666666664,False
published_umbrella,stable,2006-2015,2006,2015,pooled focal fields,dm_model:dark_photon,Dark Photon,candidate,candidate,candidate,38,4,0.0061252716854376605,0.6784073888411184,0.0026108109776381678,0.002610810977638167,4,4,0.8765868886576484,0.7520569930440428,0.25,0.3333333333333333,0.3333333333333333,0.4375,9.047415394301945,12.772903694042855,0.0026108109776381678,0.3333333333333333,18.666666666666664,13.333333333333332,False
published_umbrella,stable,2006-2015,2006,2015,pooled focal fields,dm_model:minimal_su_2_l,Minimal SU(2)L,candidate,candidate,candidate,24,4,0.004149377593360996,0.8147772752083052,0.0011640539720727413,0.0011640539720727421,4,3,0.7346938775510204,0.5704354118765422,0.20833333333333334,0.25,0.25,0.4375,8.73769276124126,11.639000429489263,0.0011640539720727413,0.25,16.0,12.0,False
published_umbrella,stable,2006-2015,2006,2015,pooled focal fields,dm_model:inert_doublet_model,Inert Doublet Model,candidate,candidate,candidate,33,3,0.003556609365737996,0.08964389447548786,0.0024334321167520804,0.0024334321167520804,3,3,0.8,0.6131471927654584,0.16666666666666666,0.2916666666666667,0.2916666666666667,0.22916666666666666,8.630824331741533,12.42305489710294,0.0024334321167520804,0.2916666666666667,17.333333333333336,12.666666666666668,False
published_umbrella,stable,2006-2015,2006,2015,pooled focal fields,dm_model:superwimp,SuperWIMP,candidate,candidate,candidate,18,3,0.0033590199565303298,0.18697677108667404,0.0034907456372945712,0.0034907456372945734,3,3,0.7972318339100347,0.611174591750473,0.125,0.5,0.5,0.22916666666666666,8.593245018054095,10.939214602335444,0.0034907456372945712,0.5,24.0,16.0,False
published_umbrella,stable,2006-2015,2006,2015,pooled focal fields,dm_model:quark_nugget_aqn,Quark Nugget / AQN,candidate,candidate,candidate,38,1,0.0019758940920766646,0.29896883792325946,0.00020175785233674526,0.0002017578523367426,1,1,0.0,0.0,0.08333333333333333,0.08333333333333333,0.08333333333333333,0.0625,8.291180878380802,12.772903694042855,0.00020175785233674526,0.08333333333333333,10.666666666666666,9.333333333333334,False
published_umbrella,stable,2006-2015,2006,2015,pooled focal fields,dm_model:wimpzilla,WIMPzilla,candidate,candidate,candidate,21,1,0.0009879470460383323,0.21142313966189394,0.00016113796270622507,0.00016113796270622404,1,1,0.0,0.0,0.041666666666666664,0.041666666666666664,0.041666666666666664,0.0625,8.0,11.313038434877502,0.00016113796270622507,0.041666666666666664,9.333333333333334,8.666666666666666,False
published_umbrella,stable,2016-2025,2016,2025,pooled focal fields,dm_model:axion_alp,Axion + ALP,candidate,candidate,candidate,3731,229,0.8251986379114643,8.684578212250663,0.7809868671868071,0.7809868671868082,9,6,0.8874075683845991,0.8632144280414525,1.0,0.9642857142857143,0.9642857142857143,0.8214285714285714,40.0,24.0,0.7809868671868071,0.9642857142857143,38.85714285714286,23.42857142857143,False
published_umbrella,stable,2016-2025,2016,2025,pooled focal fields,dm_model:wimp_related,WIMP-related,candidate,candidate,candidate,2203,166,0.7967186048911361,16.711800689362867,1.0,1.0,9,6,0.9080937160214185,0.8855333096424204,0.9642857142857143,1.0,1.0,0.8214285714285714,39.42865808558024,22.690066105757445,1.0,1.0,40.0,24.0,True
published_umbrella,stable,2016-2025,2016,2025,pooled focal fields,dm_model:pbh,PBH,candidate,candidate,candidate,1778,134,0.4267877412031782,12.486914697191585,0.2648209952136817,0.264820995213682,9,6,0.9061653771760156,0.8659158898310312,0.9285714285714286,0.9285714285714286,0.9285714285714286,0.8214285714285714,30.782707706588962,22.157252233360254,0.2648209952136817,0.9285714285714286,37.714285714285715,22.857142857142858,False
published_umbrella,stable,2016-2025,2016,2025,pooled focal fields,dm_model:sterile_nu,Sterile nu,candidate,candidate,candidate,832,100,0.20575791971932716,13.65749422042176,0.18018634859795282,0.18018634859795288,9,6,0.9549432651012214,0.9257073017296663,0.8928571428571429,0.8928571428571429,0.8928571428571429,0.8214285714285714,23.568103862700433,20.270032928817585,0.18018634859795282,0.8928571428571429,36.57142857142857,22.285714285714285,False
published_umbrella,stable,2016-2025,2016,2025,pooled focal fields,dm_model:ula_fuzzy,ULA / Fuzzy,candidate,candidate,candidate,522,69,0.11557114848828812,12.307164827236791,0.05381473682809772,0.0538147368280978,9,6,0.7452206632653062,0.7095034169981665,0.8571428571428571,0.6785714285714286,0.6785714285714286,0.8214285714285714,19.462003040784687,19.11236089359432,0.05381473682809772,0.6785714285714286,29.714285714285715,18.857142857142858,False
published_umbrella,stable,2016-2025,2016,2025,pooled focal fields,dm_model:bino,Bino,candidate,candidate,candidate,197,34,0.0891548859766794,8.525439043017133,0.1374991274134147,0.13749912741341455,9,5,0.8584329989711936,0.7873826051420292,0.8214285714285714,0.8571428571428571,0.8571428571428571,0.8214285714285714,17.96732528495371,16.69650893323373,0.1374991274134147,0.8571428571428571,35.42857142857143,21.714285714285715,False
published_umbrella,stable,2016-2025,2016,2025,pooled focal fields,dm_model:wino,Wino,candidate,candidate,candidate,209,32,0.07398617273759159,7.034655000837052,0.11356276358505285,0.11356276358505275,9,5,0.8606618698318773,0.7904784711368308,0.7857142857142857,0.8214285714285714,0.8214285714285714,0.8214285714285714,17.006839039819006,16.842856946240957,0.11356276358505285,0.8214285714285714,34.285714285714285,21.142857142857142,False
published_umbrella,stable,2016-2025,2016,2025,pooled focal fields,dm_model:dark_photon,Dark Photon,candidate,candidate,candidate,350,41,0.07233515633061603,5.019523839067062,0.0835452939175962,0.08354529391759623,9,6,0.963753838514777,0.9535040005550628,0.75,0.7857142857142857,0.7857142857142857,0.8214285714285714,16.89656896111649,18.120477904230437,0.0835452939175962,0.7857142857142857,33.14285714285714,20.57142857142857,False
published_umbrella,stable,2016-2025,2016,2025,pooled focal fields,dm_model:vector_dm,Vector DM,candidate,candidate,candidate,164,25,0.043751934784851926,3.787187807871804,0.0664411085110047,0.06644110851100467,9,6,0.9457102171591314,0.916703514775381,0.7142857142857143,0.7142857142857143,0.7142857142857143,0.8214285714285714,14.736632281286123,16.24303900087794,0.0664411085110047,0.7142857142857143,30.857142857142858,19.42857142857143,False
published_umbrella,stable,2016-2025,2016,2025,pooled focal fields,dm_model:generic_composite,Generic Composite,candidate,candidate,candidate,179,23,0.04034671344546487,3.8647125614083158,0.07025363592100713,0.07025363592100714,9,6,0.8383932601173463,0.8064232865861487,0.6785714285714286,0.75,0.75,0.8214285714285714,14.43658264885114,16.459453581421823,0.07025363592100713,0.75,32.0,20.0,False
published_umbrella,stable,2016-2025,2016,2025,pooled focal fields,dm_model:asymmetric_dm,Asymmetric DM,candidate,candidate,candidate,194,26,0.033949024868434624,3.501581722305278,0.04680781740521184,0.04680781740521192,9,6,0.9467318298980978,0.9160144243886409,0.6428571428571429,0.6428571428571429,0.6428571428571429,0.8214285714285714,13.836379853179245,16.658535696957465,0.04680781740521184,0.6428571428571429,28.571428571428573,18.285714285714285,False
published_umbrella,stable,2016-2025,2016,2025,pooled focal fields,dm_model:twin_higgs,Twin Higgs,candidate,candidate,candidate,82,12,0.018057991951295014,2.237534403841514,0.03644815328441095,0.03644815328441094,8,6,0.8990302040816328,0.872590635583861,0.6071428571428571,0.6071428571428571,0.6071428571428571,0.6071428571428571,12.034482423452335,14.534072696330472,0.03644815328441095,0.6071428571428571,27.428571428571427,17.714285714285715,False
published_umbrella,stable,2016-2025,2016,2025,pooled focal fields,dm_model:sfdm,SFDM,candidate,candidate,candidate,86,11,0.010628418119905064,2.5407911520548665,0.005065940947391824,0.005065940947391831,7,5,0.5784522575172021,0.5526456737396912,0.5714285714285714,0.2857142857142857,0.2857142857142857,0.5357142857142857,10.904125542901763,14.651138946423142,0.005065940947391824,0.2857142857142857,17.142857142857142,12.571428571428571,False
published_umbrella,stable,2016-2025,2016,2025,pooled focal fields,dm_model:scotogenic_model,Scotogenic Model,candidate,candidate,candidate,65,10,0.01021566401816118,1.761953831906407,0.016096685021601474,0.01609668502160147,6,5,0.8942760942760943,0.8207831352549799,0.5357142857142857,0.5,0.5,0.44642857142857145,10.831083232498955,13.964041917330732,0.016096685021601474,0.5,24.0,16.0,False
published_umbrella,stable,2016-2025,2016,2025,pooled focal fields,dm_model:minimal_su_2_l,Minimal SU(2)L,candidate,candidate,candidate,64,8,0.009596532865545352,1.0811947871118632,0.021431080865426774,0.021431080865426777,7,5,0.8985084980922651,0.8366931696090424,0.5,0.5714285714285714,0.5714285714285714,0.5357142857142857,10.718694551264132,13.926068681054472,0.021431080865426774,0.5714285714285714,26.285714285714285,17.142857142857142,False
published_umbrella,stable,2016-2025,2016,2025,pooled focal fields,dm_model:axino,Axino,candidate,candidate,candidate,37,7,0.00815189350944175,1.170100630384613,0.018835907050106213,0.018835907050106203,6,3,0.5099182823265502,0.4244945959308262,0.4642857142857143,0.5357142857142857,0.5357142857142857,0.44642857142857145,10.441430684588173,12.590937677362682,0.018835907050106213,0.5357142857142857,25.142857142857142,16.57142857142857,False
published_umbrella,stable,2016-2025,2016,2025,pooled focal fields,dm_model:mirror_dm,Mirror DM,candidate,candidate,candidate,60,8,0.006500877102466206,1.2892128234972662,0.0077593493258380115,0.007759349325838017,7,4,0.8066515495086923,0.6904613812711627,0.42857142857142855,0.42857142857142855,0.42857142857142855,0.5357142857142857,10.09242119143482,13.768098223237804,0.0077593493258380115,0.42857142857142855,21.714285714285715,14.857142857142858,False
published_umbrella,stable,2016-2025,2016,2025,pooled focal fields,dm_model:inert_doublet_model,Inert Doublet Model,candidate,candidate,candidate,55,6,0.0059849344752863475,1.0594658956314702,0.011342269920789188,0.011342269920789185,5,4,0.8839476813317481,0.7575082458019026,0.39285714285714285,0.4642857142857143,0.4642857142857143,0.39285714285714285,9.974432881463422,13.555387587776572,0.011342269920789188,0.4642857142857143,22.857142857142858,15.428571428571429,False
published_umbrella,stable,2016-2025,2016,2025,pooled focal fields,dm_model:macho,MACHO,candidate,candidate,candidate,50,6,0.005572180373542462,2.5333633851679287,0.0013557929688593638,0.0013557929688593662,3,3,0.7078189300411524,0.5368314986294909,0.35714285714285715,0.07142857142857142,0.07142857142857142,0.17857142857142858,9.876328328794838,13.322769701304697,0.0013557929688593638,0.07142857142857142,10.285714285714285,9.142857142857142,False
published_umbrella,stable,2016-2025,2016,2025,pooled focal fields,dm_model:wimpzilla,WIMPzilla,candidate,candidate,candidate,47,4,0.004333918068310804,0.6961734693091662,0.0071551638609609215,0.007155163860960927,4,3,0.746938775510204,0.5774219423301942,0.32142857142857145,0.35714285714285715,0.35714285714285715,0.30357142857142855,9.557858877250428,13.171984222957434,0.0071551638609609215,0.35714285714285715,19.42857142857143,13.714285714285715,False
published_umbrella,stable,2016-2025,2016,2025,pooled focal fields,dm_model:quark_nugget_aqn,Quark Nugget / AQN,candidate,candidate,candidate,108,4,0.004024352492002889,0.2797994053582962,0.007696556354753319,0.007696556354753329,4,3,0.5333333333333333,0.44046994409716816,0.2857142857142857,0.39285714285714285,0.39285714285714285,0.30357142857142855,9.471337752512653,15.211852425049221,0.007696556354753319,0.39285714285714285,20.57142857142857,14.285714285714285,False
published_umbrella,stable,2016-2025,2016,2025,pooled focal fields,dm_model:macroscopic_dm,Macroscopic DM,candidate,candidate,candidate,82,5,0.0033020328139510887,0.7167870041021974,0.003908810194065141,0.003908810194065144,4,2,0.41015625,0.29318741077557664,0.25,0.25,0.25,0.30357142857142855,9.255480130364443,14.534072696330472,0.003908810194065141,0.25,16.0,12.0,False
published_umbrella,stable,2016-2025,2016,2025,pooled focal fields,dm_model:superfluid_dm,Superfluid DM,candidate,candidate,candidate,26,5,0.0030956557630791456,2.080564319450301,0.0005795559725398026,0.0005795559725398043,4,2,0.5973333333333333,0.38561164105999624,0.21428571428571427,0.03571428571428571,0.03571428571428571,0.30357142857142855,9.189553698932448,11.740939290820176,0.0005795559725398026,0.03571428571428571,9.142857142857142,8.571428571428571,False
published_umbrella,stable,2016-2025,2016,2025,pooled focal fields,dm_model:atomic_dm,Atomic DM,candidate,candidate,candidate,40,2,0.002166959034155402,0.3450263460496903,0.005175042878700569,0.00517504287870057,2,2,0.5659863945578232,0.3708803832588167,0.17857142857142858,0.32142857142857145,0.32142857142857145,0.08928571428571429,8.86120370604062,12.779929723630763,0.005175042878700569,0.32142857142857145,18.285714285714285,13.142857142857142,False
published_umbrella,stable,2016-2025,2016,2025,pooled focal fields,dm_model:superwimp,SuperWIMP,candidate,candidate,candidate,11,3,0.0018573934578474875,0.8813013627529764,0.0036551153237516045,0.003655115323751603,3,3,0.7777777777777778,0.5983187821727769,0.14285714285714285,0.21428571428571427,0.21428571428571427,0.17857142857142858,8.736442433625468,9.723994740985813,0.0036551153237516045,0.21428571428571427,14.857142857142858,11.428571428571429,False
published_umbrella,stable,2016-2025,2016,2025,pooled focal fields,dm_model:majoron,Majoron,candidate,candidate,candidate,13,3,0.0015478278815395726,0.8086406127805575,0.0022396637812881664,0.0022396637812881677,3,3,0.8,0.6131471927654584,0.10714285714285714,0.10714285714285714,0.10714285714285714,0.17857142857142858,8.600772616905855,10.107398105804949,0.0022396637812881664,0.10714285714285714,11.428571428571429,9.714285714285714,False
published_umbrella,stable,2016-2025,2016,2025,pooled focal fields,dm_model:glueball,Glueball,candidate,candidate,candidate,13,2,0.0010318852543597151,0.2513432235785629,0.0028260342912826628,0.002826034291282661,2,2,0.6,0.3868528072345416,0.07142857142857142,0.17857142857142858,0.17857142857142858,0.08928571428571429,8.339932916201812,10.107398105804949,0.0028260342912826628,0.17857142857142858,13.714285714285715,10.857142857142858,False
published_umbrella,stable,2016-2025,2016,2025,pooled focal fields,dm_model:planckian_dm,Planckian DM,candidate,candidate,candidate,6,1,0.0006191311526158291,0.2110718637370302,0.002242331240252864,0.0022423312402528647,1,1,0.0,0.0,0.03571428571428571,0.14285714285714285,0.14285714285714285,0.03571428571428571,8.078329005203976,8.383403364819136,0.002242331240252864,0.14285714285714285,12.571428571428571,10.285714285714285,False
published_umbrella,rolling,2006-2010,2006,2010,pooled focal fields,dm_model:wimp_related,WIMP-related,candidate,candidate,candidate,1459,143,2.143255813953488,6.12821552295617,1.0,1.0,6,6,0.8842735007957178,0.8612697209391089,1.0,1.0,1.0,0.85,40.0,24.0,1.0,1.0,40.0,24.0,True
published_umbrella,rolling,2006-2010,2006,2010,pooled focal fields,dm_model:axion_alp,Axion + ALP,candidate,candidate,candidate,305,57,0.2674418604651163,6.137837822672133,0.09563884734279544,0.09563884734279547,6,6,0.7997943289224952,0.7885977856073598,0.95,0.95,0.95,0.85,18.761984330847774,19.762349019713255,0.09563884734279544,0.95,38.4,23.2,False
published_umbrella,rolling,2006-2010,2006,2010,pooled focal fields,dm_model:sterile_nu,Sterile nu,candidate,candidate,candidate,169,38,0.1297674418604651,6.319058879383881,0.027971979152844793,0.02797197915284478,6,6,0.9268431803291325,0.8675003909579504,0.9,0.75,0.75,0.85,15.242302391224058,18.16832355201197,0.027971979152844793,0.75,32.0,20.0,False
published_umbrella,rolling,2006-2010,2006,2010,pooled focal fields,dm_model:bino,Bino,candidate,candidate,candidate,69,20,0.10418604651162792,2.990385877317221,0.06850001945368774,0.06850001945368779,6,5,0.7814732142857144,0.7310359281279014,0.85,0.9,0.9,0.85,14.40219558628511,15.762035735598701,0.06850001945368774,0.9,36.8,22.4,False
published_umbrella,rolling,2006-2010,2006,2010,pooled focal fields,dm_model:wino,Wino,candidate,candidate,candidate,61,18,0.0958139534883721,3.5002564746069327,0.05954133239940774,0.05954133239940777,6,6,0.8542746724479218,0.8178949026676958,0.8,0.85,0.85,0.85,14.105208692357508,15.432915821183713,0.05954133239940774,0.85,35.2,21.6,False
published_umbrella,rolling,2006-2010,2006,2010,pooled focal fields,dm_model:axino,Axino,candidate,candidate,candidate,61,25,0.08837209302325583,3.833726129331071,0.05329797142652349,0.053297971426523504,6,5,0.7350914127423822,0.681318979014858,0.75,0.8,0.8,0.85,13.830124975257814,15.432915821183713,0.05329797142652349,0.8,33.6,20.8,False
published_umbrella,rolling,2006-2010,2006,2010,pooled focal fields,dm_model:lkp_kaluza_klein,LKP Kaluza-Klein,candidate,candidate,candidate,38,14,0.03720930232558138,1.9363267721480035,0.016427699876756748,0.01642769987675676,6,5,0.8924999999999998,0.8216094067481167,0.7,0.7,0.7,0.85,11.488894585770709,14.175747538731589,0.016427699876756748,0.7,30.4,19.2,False
published_umbrella,rolling,2006-2010,2006,2010,pooled focal fields,dm_model:pbh,PBH,candidate,candidate,candidate,65,7,0.02930232558139535,2.562541528685359,0.002828094361344968,0.0028280943613449632,4,3,0.6040816326530611,0.4509868330739194,0.65,0.5,0.5,0.625,11.00175206515855,15.602465501754669,0.002828094361344968,0.5,24.0,16.0,False
published_umbrella,rolling,2006-2010,2006,2010,pooled focal fields,dm_model:macho,MACHO,candidate,candidate,candidate,45,8,0.023255813953488372,3.6299880580410067,0.00040952393383798856,0.0004095239338379875,3,4,0.6796800000000001,0.5663387896045765,0.6,0.25,0.25,0.5,10.582736615402899,14.623429226642205,0.00040952393383798856,0.25,16.0,12.0,False
published_umbrella,rolling,2006-2010,2006,2010,pooled focal fields,dm_model:mirror_dm,Mirror DM,candidate,candidate,candidate,26,6,0.013023255813953489,2.0890179810933467,0.0017889745460210142,0.001788974546021015,4,4,0.826530612244898,0.7138995528955996,0.55,0.45,0.45,0.625,9.721876241418407,13.178510446389215,0.0017889745460210142,0.45,22.4,15.2,False
published_umbrella,rolling,2006-2010,2006,2010,pooled focal fields,dm_model:twin_higgs,Twin Higgs,candidate,candidate,candidate,16,4,0.01116279069767442,1.324831314585846,0.00559535246031363,0.005595352460313629,2,3,0.7125,0.5437754171820363,0.5,0.65,0.65,0.375,9.531994119601272,11.923916356430135,0.00559535246031363,0.65,28.8,18.4,False
published_umbrella,rolling,2006-2010,2006,2010,pooled focal fields,dm_model:superwimp,SuperWIMP,candidate,candidate,candidate,12,4,0.0065116279069767444,0.6912291479825372,0.004890436546822,0.004890436546822003,3,3,0.746938775510204,0.5774219423301942,0.45,0.55,0.55,0.5,8.972142342024867,11.196408142595097,0.004890436546822,0.55,25.6,16.8,False
published_umbrella,rolling,2006-2010,2006,2010,pooled focal fields,dm_model:atomic_dm,Atomic DM,candidate,candidate,candidate,14,4,0.0060465116279069765,1.2941015028943168,0.0013485892294577994,0.0013485892294577558,3,3,0.7668639053254438,0.5904282594133305,0.4,0.4,0.4,0.5,8.906301338526017,11.58448497868793,0.0013485892294577994,0.4,20.8,14.4,False
published_umbrella,rolling,2006-2010,2006,2010,pooled focal fields,dm_model:q_ball,Q-ball,candidate,candidate,candidate,13,3,0.005581395348837209,0.7315006425371977,0.005493897761778023,0.005493897761778029,2,2,0.45,0.3138452198949893,0.35,0.6,0.6,0.375,8.837875406061881,11.397382411026998,0.005493897761778023,0.6,27.2,17.6,False
published_umbrella,rolling,2006-2010,2006,2010,pooled focal fields,dm_model:quark_nugget_aqn,Quark Nugget / AQN,candidate,candidate,candidate,25,1,0.004186046511627907,0.4311747736165629,0.0003388744303630265,0.00033887443036302454,1,1,0.0,0.0,0.3,0.2,0.2,0.175,8.613367367649701,13.07616201360523,0.0003388744303630265,0.2,14.4,11.2,False
published_umbrella,rolling,2006-2010,2006,2010,pooled focal fields,dm_model:asymmetric_dm,Asymmetric DM,candidate,candidate,candidate,17,1,0.0018604651162790699,0.31920139540577463,0.00021763559530998432,0.0002176355953101108,1,1,0.0,0.0,0.225,0.05,0.05,0.175,8.129619776412508,12.078924921262853,0.00021763559530998432,0.05,9.6,8.8,False
published_umbrella,rolling,2006-2010,2006,2010,pooled focal fields,dm_model:wimpzilla,WIMPzilla,candidate,candidate,candidate,12,1,0.0018604651162790699,0.29241819881200176,0.00032161385831419863,0.00032161385831419776,1,1,0.0,0.0,0.225,0.15,0.15,0.175,8.129619776412508,11.196408142595097,0.00032161385831419863,0.15,12.8,10.4,False
published_umbrella,rolling,2006-2010,2006,2010,pooled focal fields,dm_model:generic_composite,Generic Composite,candidate,candidate,candidate,19,1,0.0013953488372093023,0.005229636113138937,0.0008417037304276904,0.0008417037304276896,1,1,0.0,0.0,0.1,0.325,0.325,0.175,8.0,12.364653324571702,0.0008417037304276904,0.325,18.4,13.2,False
published_umbrella,rolling,2006-2010,2006,2010,pooled focal fields,dm_model:inert_doublet_model,Inert Doublet Model,candidate,candidate,candidate,18,1,0.0013953488372093023,0.01345327438590014,0.0008417037304276904,0.0008417037304276896,1,1,0.0,0.0,0.1,0.325,0.325,0.175,8.0,12.22555044514576,0.0008417037304276904,0.325,18.4,13.2,False
published_umbrella,rolling,2006-2010,2006,2010,pooled focal fields,dm_model:minimal_su_2_l,Minimal SU(2)L,candidate,candidate,candidate,5,1,0.0013953488372093023,0.4016372965031028,0.00026308266656981745,0.00026308266656981756,1,1,0.0,0.0,0.1,0.1,0.1,0.175,8.0,9.099585525126361,0.00026308266656981745,0.1,11.2,9.6,False
published_umbrella,rolling,2007-2011,2007,2011,pooled focal fields,dm_model:wimp_related,WIMP-related,candidate,candidate,candidate,1602,146,2.2236954662104362,6.29092478314244,1.0,1.0,6,6,0.8876994965630457,0.8627095599165274,1.0,1.0,1.0,0.8421052631578947,40.0,24.0,1.0,1.0,40.0,24.0,True
published_umbrella,rolling,2007-2011,2007,2011,pooled focal fields,dm_model:axion_alp,Axion + ALP,candidate,candidate,candidate,323,56,0.2609067579127459,6.347432446217646,0.09028673187530992,0.09028673187531004,6,6,0.7969599570008061,0.7878640769328601,0.9473684210526315,0.9473684210526315,0.9473684210526315,0.8421052631578947,18.443296314568663,19.73155742608043,0.09028673187530992,0.9473684210526315,38.315789473684205,23.157894736842103,False
published_umbrella,rolling,2007-2011,2007,2011,pooled focal fields,dm_model:sterile_nu,Sterile nu,candidate,candidate,candidate,187,37,0.12917023096663813,6.038464829113143,0.02696228003122258,0.026962280031222606,6,6,0.933669575895794,0.8893697891882524,0.8947368421052632,0.7368421052631579,0.7368421052631579,0.8421052631578947,15.114687595805147,18.278473159786557,0.02696228003122258,0.7368421052631579,31.57894736842105,19.789473684210527,False
published_umbrella,rolling,2007-2011,2007,2011,pooled focal fields,dm_model:bino,Bino,candidate,candidate,candidate,77,20,0.10906757912745939,3.1316835766791495,0.07009050440451674,0.07009050440451683,6,5,0.7971211072664361,0.7371530608588404,0.8421052631578947,0.8947368421052632,0.8947368421052632,0.8421052631578947,14.4737840724278,15.929910360901305,0.07009050440451674,0.8947368421052632,36.631578947368425,22.315789473684212,False
published_umbrella,rolling,2007-2011,2007,2011,pooled focal fields,dm_model:axino,Axino,candidate,candidate,candidate,67,25,0.09067579127459367,3.657262154536924,0.05352861486262826,0.05352861486262834,6,5,0.7446600213599146,0.6900354473646264,0.7894736842105263,0.7894736842105263,0.7894736842105263,0.8421052631578947,13.833302594029933,15.563634001952725,0.05352861486262826,0.7894736842105263,33.26315789473684,20.63157894736842,False
published_umbrella,rolling,2007-2011,2007,2011,pooled focal fields,dm_model:wino,Wino,candidate,candidate,candidate,63,18,0.08853721129170232,3.127926739344001,0.05413266210695303,0.05413266210695313,6,6,0.8557865994538961,0.8191071539095796,0.7368421052631579,0.8421052631578947,0.8421052631578947,0.8421052631578947,13.754759942323945,15.401788635846327,0.05413266210695303,0.8421052631578947,34.94736842105263,21.473684210526315,False
published_umbrella,rolling,2007-2011,2007,2011,pooled focal fields,dm_model:pbh,PBH,candidate,candidate,candidate,73,9,0.0320786997433704,2.7131051647425766,0.0028037578190484758,0.002803757819048481,4,3,0.63744,0.48034397607993445,0.6842105263157895,0.47368421052631576,0.47368421052631576,0.5526315789473685,11.150434482623357,15.789371021209359,0.0028037578190484758,0.47368421052631576,23.157894736842103,15.578947368421051,False
published_umbrella,rolling,2007-2011,2007,2011,pooled focal fields,dm_model:lkp_kaluza_klein,LKP Kaluza-Klein,candidate,candidate,candidate,29,10,0.023096663815226688,1.5575956513234026,0.010414821061242245,0.010414821061242262,6,5,0.8518518518518519,0.772381179166974,0.631578947368421,0.6842105263157895,0.6842105263157895,0.8421052631578947,10.553931758864522,13.379047444055924,0.010414821061242245,0.6842105263157895,29.894736842105264,18.94736842105263,False
published_umbrella,rolling,2007-2011,2007,2011,pooled focal fields,dm_model:macho,MACHO,candidate,candidate,candidate,40,7,0.020530367835757058,3.2154038771982623,0.00035531364809545556,0.00035531364809545594,3,3,0.646875,0.4826206370770256,0.5789473684210527,0.21052631578947367,0.21052631578947367,0.39473684210526316,10.362825861967519,14.212972568011295,0.00035531364809545556,0.21052631578947367,14.736842105263158,11.368421052631579,False
published_umbrella,rolling,2007-2011,2007,2011,pooled focal fields,dm_model:asymmetric_dm,Asymmetric DM,candidate,candidate,candidate,32,9,0.017536355859709155,1.724281568716484,0.00745142718194723,0.007451427181947566,5,5,0.9294467578822129,0.861298199626234,0.5263157894736842,0.631578947368421,0.631578947368421,0.631578947368421,10.124058766059612,13.633490448926198,0.00745142718194723,0.631578947368421,28.210526315789473,18.105263157894736,False
published_umbrella,rolling,2007-2011,2007,2011,pooled focal fields,dm_model:mirror_dm,Mirror DM,candidate,candidate,candidate,27,7,0.013259195893926434,1.9962672829148103,0.002707170649129509,0.002707170649129511,4,5,0.9040582726326744,0.8416060208742743,0.47368421052631576,0.42105263157894735,0.42105263157894735,0.5526315789473685,9.744198870661592,13.194861939718306,0.002707170649129509,0.42105263157894735,21.473684210526315,14.736842105263158,False
published_umbrella,rolling,2007-2011,2007,2011,pooled focal fields,dm_model:twin_higgs,Twin Higgs,candidate,candidate,candidate,15,4,0.0106928999144568,1.4163433888619779,0.005318044053899694,0.005318044053899701,2,3,0.6835199999999999,0.5267163190785487,0.42105263157894735,0.5263157894736842,0.5263157894736842,0.2631578947368421,9.486021625102754,11.700894317923163,0.005318044053899694,0.5263157894736842,24.842105263157894,16.421052631578945,False
published_umbrella,rolling,2007-2011,2007,2011,pooled focal fields,dm_model:atomic_dm,Atomic DM,candidate,candidate,candidate,17,5,0.007271171941830624,1.4737776590619238,0.0016993833342002136,0.001699383334200207,3,4,0.855363321799308,0.7356030897821619,0.34210526315789475,0.3684210526315789,0.3684210526315789,0.39473684210526316,9.087274910716504,12.015331554078632,0.0016993833342002136,0.3684210526315789,19.789473684210527,13.894736842105264,False
published_umbrella,rolling,2007-2011,2007,2011,pooled focal fields,dm_model:q_ball,Q-ball,candidate,candidate,candidate,14,4,0.007271171941830624,1.097573074445782,0.005675383027455725,0.005675383027455735,3,2,0.5813148788927336,0.3781168265518321,0.34210526315789475,0.5789473684210527,0.5789473684210527,0.39473684210526316,9.087274910716504,11.528600285094342,0.005675383027455725,0.5789473684210527,26.526315789473685,17.263157894736842,False
published_umbrella,rolling,2007-2011,2007,2011,pooled focal fields,dm_model:generic_composite,Generic Composite,candidate,candidate,candidate,22,3,0.00427715996578272,0.47691071450362355,0.0013173980622556093,0.0013173980622556115,3,3,0.792,0.6077266474915606,0.2631578947368421,0.3157894736842105,0.3157894736842105,0.39473684210526316,8.65036140607327,12.66971805204923,0.0013173980622556093,0.3157894736842105,18.105263157894736,13.052631578947368,False
published_umbrella,rolling,2007-2011,2007,2011,pooled focal fields,dm_model:quark_nugget_aqn,Quark Nugget / AQN,candidate,candidate,candidate,15,1,0.00213857998289136,0.37650928011644114,0.0001744836209591841,0.0001744836209591841,1,1,0.0,0.0,0.21052631578947367,0.05263157894736842,0.05263157894736842,0.13157894736842105,8.229189736387314,11.700894317923163,0.0001744836209591841,0.05263157894736842,9.68421052631579,8.842105263157894,False
published_umbrella,rolling,2007-2011,2007,2011,pooled focal fields,dm_model:minimal_su_2_l,Minimal SU(2)L,candidate,candidate,candidate,8,1,0.001710863986313088,0.37241353905575375,0.0003337216221943809,0.000333721622194381,1,1,0.0,0.0,0.15789473684210525,0.15789473684210525,0.15789473684210525,0.13157894736842105,8.121843477647598,10.164884395117053,0.0003337216221943809,0.15789473684210525,13.052631578947368,10.526315789473685,False
published_umbrella,rolling,2007-2011,2007,2011,pooled focal fields,dm_model:inert_doublet_model,Inert Doublet Model,candidate,candidate,candidate,22,1,0.0012831479897348161,0.0,0.0007552850384823352,0.000755285038482336,1,1,0.0,0.0,0.07894736842105263,0.2631578947368421,0.2631578947368421,0.13157894736842105,8.0,12.66971805204923,0.0007552850384823352,0.2631578947368421,16.421052631578945,12.210526315789473,False
published_umbrella,rolling,2007-2011,2007,2011,pooled focal fields,dm_model:wimpzilla,WIMPzilla,candidate,candidate,candidate,11,1,0.0012831479897348161,0.2598777847625962,0.0001989879196505476,0.00019898791965054799,1,1,0.0,0.0,0.07894736842105263,0.10526315789473684,0.10526315789473684,0.13157894736842105,8.0,10.932889356520107,0.0001989879196505476,0.10526315789473684,11.368421052631579,9.68421052631579,False
published_umbrella,rolling,2008-2012,2008,2012,pooled focal fields,dm_model:wimp_related,WIMP-related,candidate,candidate,candidate,1692,153,2.2526860326303226,6.596330835852029,1.0,1.0,7,6,0.8858500696525574,0.8596100376590867,1.0,1.0,1.0,0.8636363636363636,40.0,24.0,1.0,1.0,40.0,24.0,True
published_umbrella,rolling,2008-2012,2008,2012,pooled focal fields,dm_model:axion_alp,Axion + ALP,candidate,candidate,candidate,356,62,0.27855153203342625,7.189549098247376,0.10048371930368724,0.10048371930368662,7,6,0.8039412244897959,0.7951027635486904,0.9545454545454546,0.9545454545454546,0.9545454545454546,0.8636363636363636,18.76371906011854,19.882192811178335,0.10048371930368724,0.9545454545454546,38.54545454545455,23.272727272727273,False
published_umbrella,rolling,2008-2012,2008,2012,pooled focal fields,dm_model:bino,Bino,candidate,candidate,candidate,89,28,0.13052128929566262,3.96767290903498,0.08055155607606206,0.08055155607606213,7,5,0.761801011302796,0.6923766813547129,0.9090909090909091,0.9090909090909091,0.9090909090909091,0.8636363636363636,15.130137053239455,16.23686334957452,0.08055155607606206,0.9090909090909091,37.09090909090909,22.545454545454547,False
published_umbrella,rolling,2008-2012,2008,2012,pooled focal fields,dm_model:sterile_nu,Sterile nu,candidate,candidate,candidate,200,39,0.12654198169518505,6.002602730264572,0.027685787181024577,0.02768578718102431,7,6,0.9254776314228076,0.8829240583499625,0.8636363636363636,0.7727272727272727,0.7727272727272727,0.8636363636363636,15.009021564443302,18.362525123463335,0.027685787181024577,0.7727272727272727,32.72727272727273,20.363636363636363,False
published_umbrella,rolling,2008-2012,2008,2012,pooled focal fields,dm_model:wino,Wino,candidate,candidate,candidate,70,24,0.09470752089136492,3.368019096029755,0.05802245705174866,0.0580224570517487,7,6,0.8367205705811734,0.7911855330711955,0.8181818181818182,0.8636363636363636,0.8636363636363636,0.8636363636363636,13.961921355591489,15.60953201844023,0.05802245705174866,0.8636363636363636,35.63636363636364,21.81818181818182,False
published_umbrella,rolling,2008-2012,2008,2012,pooled focal fields,dm_model:axino,Axino,candidate,candidate,candidate,77,25,0.0947075208913649,3.5722566969786818,0.05703903891424503,0.05703903891424496,7,5,0.729778970411694,0.6765574838007085,0.7727272727272727,0.8181818181818182,0.8181818181818182,0.8636363636363636,13.961921355591489,15.85828737444113,0.05703903891424503,0.8181818181818182,34.18181818181819,21.090909090909093,False
published_umbrella,rolling,2008-2012,2008,2012,pooled focal fields,dm_model:asymmetric_dm,Asymmetric DM,candidate,candidate,candidate,55,16,0.04257859132510944,2.6578613562642706,0.01715352772551327,0.017153527725513467,7,6,0.9516988383264915,0.9215051867003055,0.7272727272727273,0.7272727272727273,0.7272727272727273,0.8636363636363636,11.749069129103688,14.981675834844967,0.01715352772551327,0.7272727272727273,31.272727272727273,19.636363636363637,False
published_umbrella,rolling,2008-2012,2008,2012,pooled focal fields,dm_model:pbh,PBH,candidate,candidate,candidate,77,9,0.02984480700358138,3.0746537350441416,0.0027864093956306954,0.0027864093956306113,4,4,0.6958933333333333,0.5650000076783765,0.6818181818181818,0.3181818181818182,0.3181818181818182,0.5227272727272727,11.016050104462995,15.85828737444113,0.0027864093956306954,0.3181818181818182,18.18181818181818,13.09090909090909,False
published_umbrella,rolling,2008-2012,2008,2012,pooled focal fields,dm_model:mirror_dm,Mirror DM,candidate,candidate,candidate,33,10,0.019498607242339833,2.6454185827617342,0.003545315037383303,0.003545315037383291,4,5,0.9096209912536445,0.8381784164659326,0.6363636363636364,0.45454545454545453,0.45454545454545453,0.5227272727272727,10.293292818361191,13.661585313430663,0.003545315037383303,0.45454545454545453,22.545454545454547,15.272727272727273,False
published_umbrella,rolling,2008-2012,2008,2012,pooled focal fields,dm_model:lkp_kaluza_klein,LKP Kaluza-Klein,candidate,candidate,candidate,26,10,0.01870274572224433,1.818877704975892,0.0070734480506117045,0.0070734480506117045,5,4,0.7974649162516976,0.6718931232921144,0.5909090909090909,0.6818181818181818,0.6818181818181818,0.6590909090909091,10.230455031554255,13.051730635917874,0.0070734480506117045,0.6818181818181818,29.818181818181817,18.909090909090907,False
published_umbrella,rolling,2008-2012,2008,2012,pooled focal fields,dm_model:macho,MACHO,candidate,candidate,candidate,40,6,0.01631516116195782,3.071386310009773,0.00022673540013580908,0.00022673540013580905,2,2,0.5710886377156454,0.3732962341547948,0.5454545454545454,0.13636363636363635,0.13636363636363635,0.18181818181818182,10.033455289609817,14.156856971508446,0.00022673540013580908,0.13636363636363635,12.363636363636363,10.181818181818182,False
published_umbrella,rolling,2008-2012,2008,2012,pooled focal fields,dm_model:q_ball,Q-ball,candidate,candidate,candidate,16,4,0.008356545961002786,1.1533523596206656,0.006860325605808046,0.006860325605808061,3,2,0.5333333333333333,0.355245321275764,0.5,0.6363636363636364,0.6363636363636364,0.38636363636363635,9.240917103414118,11.827851401628223,0.006860325605808046,0.6363636363636364,28.363636363636363,18.18181818181818,False
published_umbrella,rolling,2008-2012,2008,2012,pooled focal fields,dm_model:minimal_su_2_l,Minimal SU(2)L,candidate,candidate,candidate,14,6,0.007958615200955034,1.218790998922533,0.003762939401072892,0.003762939401072906,5,3,0.738,0.5639220950878291,0.45454545454545453,0.5,0.5,0.6590909090909091,9.192839444869637,11.496729951264495,0.003762939401072892,0.5,24.0,16.0,False
published_umbrella,rolling,2008-2012,2008,2012,pooled focal fields,dm_model:generic_composite,Generic Composite,candidate,candidate,candidate,25,6,0.007560684440907282,0.973720903094338,0.004156017401965199,0.004156017401965195,4,4,0.7778393351800554,0.6765175874900858,0.4090909090909091,0.5909090909090909,0.5909090909090909,0.5227272727272727,9.143544051982307,12.951887887933546,0.004156017401965199,0.5909090909090909,26.90909090909091,17.454545454545453,False
published_umbrella,rolling,2008-2012,2008,2012,pooled focal fields,dm_model:twin_higgs,Twin Higgs,candidate,candidate,candidate,10,3,0.0067648229208117795,0.9466807084780203,0.003790300072013838,0.0037903000720138306,2,2,0.4982698961937716,0.33810202193785543,0.36363636363636365,0.5454545454545454,0.5454545454545454,0.18181818181818182,9.040896303711056,10.67620925105194,0.003790300072013838,0.5454545454545454,25.454545454545453,16.727272727272727,False
published_umbrella,rolling,2008-2012,2008,2012,pooled focal fields,dm_model:atomic_dm,Atomic DM,candidate,candidate,candidate,20,4,0.005571030640668524,0.7060850523374707,0.00195866677529561,0.00195866677529561,3,3,0.6979591836734695,0.5469323304346799,0.3181818181818182,0.2727272727272727,0.2727272727272727,0.38636363636363635,8.874840695586803,12.38687358594523,0.00195866677529561,0.2727272727272727,16.727272727272727,12.363636363636363,False
published_umbrella,rolling,2008-2012,2008,2012,pooled focal fields,dm_model:vector_dm,Vector DM,candidate,candidate,candidate,8,4,0.00477516912057302,0.5825185826663677,0.00296379872147975,0.0029637987214797476,4,4,0.9,0.7737056144690831,0.2727272727272727,0.36363636363636365,0.36363636363636365,0.5227272727272727,8.75401252611575,10.14533114941029,0.00296379872147975,0.36363636363636365,19.636363636363637,13.818181818181818,False
published_umbrella,rolling,2008-2012,2008,2012,pooled focal fields,dm_model:quark_nugget_aqn,Quark Nugget / AQN,candidate,candidate,candidate,19,2,0.003183446080382014,0.4155357477879724,0.0006327912490472219,0.0006327912490472118,2,2,0.5625,0.3692254733516234,0.22727272727272727,0.18181818181818182,0.18181818181818182,0.18181818181818182,8.477284772984625,12.25779828836179,0.0006327912490472219,0.18181818181818182,13.818181818181818,10.90909090909091,False
published_umbrella,rolling,2008-2012,2008,2012,pooled focal fields,dm_model:inert_doublet_model,Inert Doublet Model,candidate,candidate,candidate,24,2,0.0031834460803820135,0.08772432377393861,0.0016507131411259341,0.0016507131411259263,2,2,0.6,0.3868528072345416,0.18181818181818182,0.22727272727272727,0.22727272727272727,0.18181818181818182,8.477284772984625,12.8481287531187,0.0016507131411259341,0.22727272727272727,15.272727272727273,11.636363636363637,False
published_umbrella,rolling,2008-2012,2008,2012,pooled focal fields,dm_model:sfdm,SFDM,candidate,candidate,candidate,12,2,0.002785515320334262,1.039158296456842,4.502872540742722e-05,4.502872540742552e-05,2,2,0.5877551020408163,0.38113827019130503,0.11363636363636363,0.09090909090909091,0.09090909090909091,0.18181818181818182,8.39776063250768,11.118153976131104,4.502872540742722e-05,0.09090909090909091,10.90909090909091,9.454545454545455,False
published_umbrella,rolling,2008-2012,2008,2012,pooled focal fields,dm_model:superwimp,SuperWIMP,candidate,candidate,candidate,8,2,0.002785515320334262,0.22963416775863885,0.003106526459922194,0.003106526459922196,2,2,0.5877551020408163,0.38113827019130503,0.11363636363636363,0.4090909090909091,0.4090909090909091,0.18181818181818182,8.39776063250768,10.14533114941029,0.003106526459922194,0.4090909090909091,21.090909090909093,14.545454545454547,False
published_umbrella,rolling,2008-2012,2008,2012,pooled focal fields,dm_model:ula_fuzzy,ULA / Fuzzy,candidate,candidate,candidate,17,2,0.00238758456028651,0.8666593995686587,4.25975791418406e-05,4.259757914183896e-05,2,2,0.6,0.3868528072345416,0.045454545454545456,0.045454545454545456,0.045454545454545456,0.18181818181818182,8.31232221451634,11.979065061212728,4.25975791418406e-05,0.045454545454545456,9.454545454545455,8.727272727272727,False
published_umbrella,rolling,2009-2013,2009,2013,pooled focal fields,dm_model:wimp_related,WIMP-related,candidate,candidate,candidate,1756,155,2.294359357489727,6.948659256991183,1.0,1.0,7,6,0.8820411447686421,0.854514293469532,1.0,1.0,1.0,0.8695652173913043,40.0,24.0,1.0,1.0,40.0,24.0,True
published_umbrella,rolling,2009-2013,2009,2013,pooled focal fields,dm_model:axion_alp,Axion + ALP,candidate,candidate,candidate,407,76,0.3391856555846096,9.147492422231347,0.11569176113913453,0.11569176113913454,7,6,0.8577267169943139,0.8467334174564008,0.9565217391304348,0.9565217391304348,0.9565217391304348,0.8695652173913043,19.858625971053833,20.160842930727846,0.11569176113913453,0.9565217391304348,38.608695652173914,23.304347826086957,False
published_umbrella,rolling,2009-2013,2009,2013,pooled focal fields,dm_model:bino,Bino,candidate,candidate,candidate,111,34,0.16511019798281662,4.44559722867651,0.09469607648748565,0.09469607648748576,7,5,0.8151921541327983,0.7436260879803388,0.9130434782608695,0.9130434782608695,0.9130434782608695,0.8695652173913043,16.055128038940985,16.761654889064726,0.09469607648748565,0.9130434782608695,37.21739130434783,22.608695652173914,False
published_umbrella,rolling,2009-2013,2009,2013,pooled focal fields,dm_model:sterile_nu,Sterile nu,candidate,candidate,candidate,219,47,0.15726559581621213,7.631525846726795,0.029107770821393434,0.029107770821393455,7,6,0.9298796553844767,0.882853979939209,0.8695652173913043,0.782608695652174,0.782608695652174,0.8695652173913043,15.844055380011955,18.536829383457416,0.029107770821393434,0.782608695652174,33.04347826086956,20.52173913043478,False
published_umbrella,rolling,2009-2013,2009,2013,pooled focal fields,dm_model:wino,Wino,candidate,candidate,candidate,107,31,0.13933507657825922,3.822621902463844,0.0826221094011557,0.0826221094011558,7,5,0.844378957658001,0.7787124445703545,0.8260869565217391,0.8695652173913043,0.8695652173913043,0.8695652173913043,15.340884397008082,16.666030281877347,0.0826221094011557,0.8695652173913043,35.826086956521735,21.913043478260867,False
published_umbrella,rolling,2009-2013,2009,2013,pooled focal fields,dm_model:axino,Axino,candidate,candidate,candidate,75,28,0.09264101606275679,4.193749689357205,0.052349792806168124,0.05234979280616813,7,6,0.7709547346514048,0.744938152349007,0.782608695652174,0.8260869565217391,0.8260869565217391,0.8695652173913043,13.852264313823929,15.742069281338903,0.052349792806168124,0.8260869565217391,34.434782608695656,21.217391304347828,False
published_umbrella,rolling,2009-2013,2009,2013,pooled focal fields,dm_model:asymmetric_dm,Asymmetric DM,candidate,candidate,candidate,74,23,0.06088905491221518,3.4637236920470524,0.021328464216742414,0.021328464216742594,7,6,0.946576837667959,0.9156438775544851,0.7391304347826086,0.7391304347826086,0.7391304347826086,0.8695652173913043,12.607623533290234,15.70724245562736,0.021328464216742414,0.7391304347826086,31.652173913043477,19.82608695652174,False
published_umbrella,rolling,2009-2013,2009,2013,pooled focal fields,dm_model:pbh,PBH,candidate,candidate,candidate,88,14,0.034740381023533815,3.4022931146719264,0.0035566489518701555,0.003556648951870157,5,6,0.7941727367325702,0.7287524835879734,0.6956521739130435,0.43478260869565216,0.43478260869565216,0.5869565217391305,11.303431070880844,16.157257438523548,0.0035566489518701555,0.43478260869565216,21.913043478260867,14.956521739130434,False
published_umbrella,rolling,2009-2013,2009,2013,pooled focal fields,dm_model:mirror_dm,Mirror DM,candidate,candidate,candidate,36,7,0.016436309301456856,1.6723604876501785,0.003836999309105846,0.003836999309105849,4,5,0.9334710743801654,0.8693637407404095,0.6521739130434783,0.4782608695652174,0.4782608695652174,0.43478260869565216,10.046459933145744,13.849396025070767,0.003836999309105846,0.4782608695652174,23.304347826086957,15.652173913043478,False
published_umbrella,rolling,2009-2013,2009,2013,pooled focal fields,dm_model:macho,MACHO,candidate,candidate,candidate,38,6,0.014942099364960777,3.1062687751152223,0.000164822208034965,0.00016482220803496533,3,2,0.5759999999999998,0.3756149631508354,0.6086956521739131,0.08695652173913043,0.08695652173913043,0.2608695652173913,9.917566887854589,13.98781676829427,0.000164822208034965,0.08695652173913043,10.782608695652174,9.391304347826086,False
published_umbrella,rolling,2009-2013,2009,2013,pooled focal fields,dm_model:lkp_kaluza_klein,LKP Kaluza-Klein,candidate,candidate,candidate,23,8,0.01307433694434068,1.570600131200293,0.005135288585034985,0.005135288585034989,5,4,0.8052244897959184,0.6801697859007249,0.5652173913043478,0.6086956521739131,0.6086956521739131,0.5869565217391305,9.747010895470275,12.711228877355005,0.005135288585034985,0.6086956521739131,27.47826086956522,17.73913043478261,False
published_umbrella,rolling,2009-2013,2009,2013,pooled focal fields,dm_model:q_ball,Q-ball,candidate,candidate,candidate,18,6,0.011580127007844604,1.82930708533394,0.007381194069664641,0.00738119406966465,4,3,0.6368366285119667,0.4939892007590075,0.5217391304347826,0.6956521739130435,0.6956521739130435,0.43478260869565216,9.601574322772043,12.096965047880461,0.007381194069664641,0.6956521739130435,30.26086956521739,19.130434782608695,False
published_umbrella,rolling,2009-2013,2009,2013,pooled focal fields,dm_model:generic_composite,Generic Composite,candidate,candidate,candidate,26,7,0.010085917071348526,0.49656583673639054,0.005885479487552103,0.005885479487552107,6,4,0.8296296296296296,0.7122522994045601,0.4782608695652174,0.6521739130434783,0.6521739130434783,0.6739130434782609,9.446410457493108,13.020926048418907,0.005885479487552103,0.6521739130434783,28.869565217391305,18.434782608695652,False
published_umbrella,rolling,2009-2013,2009,2013,pooled focal fields,dm_model:vector_dm,Vector DM,candidate,candidate,candidate,11,6,0.008591707134852447,1.4957175150399562,0.004208705558433852,0.004208705558433855,4,4,0.8710775047258981,0.7466333276220509,0.43478260869565216,0.5652173913043478,0.5652173913043478,0.43478260869565216,9.27925937488453,10.888676760625783,0.004208705558433852,0.5652173913043478,26.08695652173913,17.043478260869563,False
published_umbrella,rolling,2009-2013,2009,2013,pooled focal fields,dm_model:minimal_su_2_l,Minimal SU(2)L,candidate,candidate,candidate,15,6,0.007097497198356371,0.6949720249888844,0.004054806561743462,0.004054806561743464,6,3,0.7977839335180056,0.6116262662670316,0.391304347826087,0.5217391304347826,0.5217391304347826,0.6739130434782609,9.096821351172977,11.645104233458444,0.004054806561743462,0.5217391304347826,24.695652173913043,16.347826086956523,False
published_umbrella,rolling,2009-2013,2009,2013,pooled focal fields,dm_model:atomic_dm,Atomic DM,candidate,candidate,candidate,21,5,0.006723944714232351,0.7060000533911446,0.0026951569292811154,0.00269515692928112,4,2,0.3333333333333332,0.2514629985800607,0.34782608695652173,0.30434782608695654,0.30434782608695654,0.43478260869565216,9.048278560995293,12.482442302498182,0.0026951569292811154,0.30434782608695654,17.73913043478261,12.869565217391305,False
published_umbrella,rolling,2009-2013,2009,2013,pooled focal fields,dm_model:ula_fuzzy,ULA / Fuzzy,candidate,candidate,candidate,22,5,0.0063503922301083315,1.6289141381030954,0.0003039158316475449,0.0003039158316475446,4,2,0.5480968858131486,0.3623524061243634,0.30434782608695654,0.13043478260869565,0.13043478260869565,0.43478260869565216,8.998367564667271,12.599323184709043,0.0003039158316475449,0.13043478260869565,12.173913043478262,10.08695652173913,False
published_umbrella,rolling,2009-2013,2009,2013,pooled focal fields,dm_model:twin_higgs,Twin Higgs,candidate,candidate,candidate,8,3,0.0056032872618602915,0.9168011077912577,0.0033555922551997994,0.0033555922551998,3,2,0.5333333333333333,0.355245321275764,0.2608695652173913,0.391304347826087,0.391304347826087,0.2608695652173913,8.893930824414026,10.132249287793124,0.0033555922551997994,0.391304347826087,20.52173913043478,14.26086956521739,False
published_umbrella,rolling,2009-2013,2009,2013,pooled focal fields,dm_model:inert_doublet_model,Inert Doublet Model,candidate,candidate,candidate,25,3,0.004109077325364214,0.03742236180948088,0.002671605402031135,0.002671605402031137,3,3,0.7735537190082644,0.5955539999137374,0.21739130434782608,0.2608695652173913,0.2608695652173913,0.2608695652173913,8.661627352199595,12.92169212439771,0.002671605402031135,0.2608695652173913,16.347826086956523,12.173913043478262,False
published_umbrella,rolling,2009-2013,2009,2013,pooled focal fields,dm_model:sfdm,SFDM,candidate,candidate,candidate,16,2,0.003361972357116175,1.0340962403638296,4.1853418180951036e-05,4.185341818095099e-05,2,2,0.5333333333333333,0.355245321275764,0.17391304347826086,0.043478260869565216,0.043478260869565216,0.13043478260869565,8.52942297174195,11.8045098199144,4.1853418180951036e-05,0.043478260869565216,9.391304347826086,8.695652173913043,False
published_umbrella,rolling,2009-2013,2009,2013,pooled focal fields,dm_model:quark_nugget_aqn,Quark Nugget / AQN,candidate,candidate,candidate,18,2,0.0029884198729921555,0.4154240541757244,0.0006004555522508291,0.0006004555522508293,2,2,0.5625,0.3692254733516234,0.13043478260869565,0.17391304347826086,0.17391304347826086,0.13043478260869565,8.457783964414677,12.096965047880461,0.0006004555522508291,0.17391304347826086,13.565217391304348,10.782608695652174,False
published_umbrella,rolling,2009-2013,2009,2013,pooled focal fields,dm_model:superwimp,SuperWIMP,candidate,candidate,candidate,7,2,0.0026148673888681364,0.2617340568073522,0.0027939452576816607,0.002793945257681662,2,2,0.5877551020408165,0.38113827019130503,0.08695652173913043,0.34782608695652173,0.34782608695652173,0.13043478260869565,8.381509005826425,9.82255211672922,0.0027939452576816607,0.34782608695652173,19.130434782608695,13.565217391304348,False
published_umbrella,rolling,2009-2013,2009,2013,pooled focal fields,dm_model:dark_photon,Dark Photon,candidate,candidate,candidate,16,1,0.0018677624206200972,0.1799899301707893,0.0007353779782998042,0.0007353779782998048,1,1,0.0,0.0,0.043478260869565216,0.21739130434782608,0.21739130434782608,0.043478260869565216,8.210448706861955,11.8045098199144,0.0007353779782998042,0.21739130434782608,14.956521739130434,11.478260869565217,False
published_umbrella,rolling,2010-2014,2010,2014,pooled focal fields,dm_model:wimp_related,WIMP-related,candidate,candidate,candidate,1746,158,2.2342406876790837,7.661691349524169,1.0,1.0,7,6,0.8782627877972005,0.8492588386149232,1.0,1.0,1.0,0.8695652173913043,40.0,24.0,1.0,1.0,40.0,24.0,True
published_umbrella,rolling,2010-2014,2010,2014,pooled focal fields,dm_model:axion_alp,Axion + ALP,candidate,candidate,candidate,449,86,0.3710601719197709,9.59930608935368,0.11415973487562256,0.11415973487562213,7,6,0.8553427945319836,0.8435245857543313,0.9565217391304348,0.9565217391304348,0.9565217391304348,0.8695652173913043,20.61579319290606,20.43013076211006,0.11415973487562256,0.9565217391304348,38.608695652173914,23.304347826086957,False
published_umbrella,rolling,2010-2014,2010,2014,pooled focal fields,dm_model:sterile_nu,Sterile nu,candidate,candidate,candidate,265,57,0.19842406876790833,9.269394428886969,0.03506561552829984,0.035065615528299635,7,6,0.9430358795240391,0.9008836963046559,0.9130434782608695,0.782608695652174,0.782608695652174,0.8695652173913043,17.03267726836655,19.046429341142982,0.03506561552829984,0.782608695652174,33.04347826086956,20.52173913043478,False
published_umbrella,rolling,2010-2014,2010,2014,pooled focal fields,dm_model:bino,Bino,candidate,candidate,candidate,126,36,0.18588825214899712,4.8142621345154675,0.1067137312008377,0.10671373120083763,7,5,0.8355329836167819,0.7625239325467976,0.8695652173913043,0.9130434782608695,0.9130434782608695,0.8695652173913043,16.71965999173247,17.100674243464844,0.1067137312008377,0.9130434782608695,37.21739130434783,22.608695652173914,False
published_umbrella,rolling,2010-2014,2010,2014,pooled focal fields,dm_model:wino,Wino,candidate,candidate,candidate,124,36,0.16224928366762176,4.536326091045216,0.09373007035573615,0.09373007035573605,7,6,0.8554361650804789,0.8020120871753442,0.8260869565217391,0.8695652173913043,0.8695652173913043,0.8695652173913043,16.09921415867918,17.05889788100987,0.09373007035573615,0.8695652173913043,35.826086956521735,21.913043478260867,False
published_umbrella,rolling,2010-2014,2010,2014,pooled focal fields,dm_model:asymmetric_dm,Asymmetric DM,candidate,candidate,candidate,94,31,0.08130372492836675,4.645086140190261,0.02715314118153717,0.02715314118153754,7,6,0.9653748374701625,0.9458483424956698,0.782608695652174,0.7391304347826086,0.7391304347826086,0.8695652173913043,13.523737666997356,16.336619738939653,0.02715314118153717,0.7391304347826086,31.652173913043477,19.82608695652174,False
published_umbrella,rolling,2010-2014,2010,2014,pooled focal fields,dm_model:axino,Axino,candidate,candidate,candidate,62,24,0.06840974212034384,3.4616479103881037,0.03902835741708352,0.03902835741708345,7,6,0.7888599544968615,0.7589702659370312,0.7391304347826086,0.8260869565217391,0.8260869565217391,0.8695652173913043,13.007487156772566,15.255605681958906,0.03902835741708352,0.8260869565217391,34.434782608695656,21.217391304347828,False
published_umbrella,rolling,2010-2014,2010,2014,pooled focal fields,dm_model:pbh,PBH,candidate,candidate,candidate,81,13,0.030444126074498572,3.281028967539093,0.0032167036139147385,0.003216703613914703,5,5,0.7610242214532872,0.6668812476402033,0.6956521739130435,0.391304347826087,0.391304347826087,0.4782608695652174,11.101657266712955,15.949322072436992,0.0032167036139147385,0.391304347826087,20.52173913043478,14.26086956521739,False
published_umbrella,rolling,2010-2014,2010,2014,pooled focal fields,dm_model:mirror_dm,Mirror DM,candidate,candidate,candidate,35,10,0.02041547277936963,2.633875011808359,0.004330806373871965,0.004330806373871953,5,5,0.8731301939058171,0.8145403520633493,0.6521739130434783,0.4782608695652174,0.4782608695652174,0.4782608695652174,10.409988136108844,13.782777751184582,0.004330806373871965,0.4782608695652174,23.304347826086957,15.652173913043478,False
published_umbrella,rolling,2010-2014,2010,2014,pooled focal fields,dm_model:vector_dm,Vector DM,candidate,candidate,candidate,19,9,0.0171919770773639,2.1367134330668502,0.006647980971750064,0.00664798097175005,6,5,0.928125,0.8637160644185115,0.6086956521739131,0.6521739130434783,0.6521739130434783,0.6521739130434783,10.152480479423208,12.235808140841087,0.006647980971750064,0.6521739130434783,28.869565217391305,18.434782608695652,False
published_umbrella,rolling,2010-2014,2010,2014,pooled focal fields,dm_model:atomic_dm,Atomic DM,candidate,candidate,candidate,34,9,0.013968481375358166,0.7809879329276175,0.006329757305330127,0.006329757305330117,6,5,0.7573964497041421,0.711794568255255,0.5434782608695652,0.6086956521739131,0.6086956521739131,0.6521739130434783,9.869466086190826,13.708636071615413,0.006329757305330127,0.6086956521739131,27.47826086956522,17.73913043478261,False
published_umbrella,rolling,2010-2014,2010,2014,pooled focal fields,dm_model:generic_composite,Generic Composite,candidate,candidate,candidate,34,7,0.013968481375358166,0.5782776797959712,0.00789111416141652,0.007891114161416501,6,4,0.8220907297830374,0.7070636376385361,0.5434782608695652,0.6956521739130435,0.6956521739130435,0.6521739130434783,9.869466086190826,13.708636071615413,0.00789111416141652,0.6956521739130435,30.26086956521739,19.130434782608695,False
published_umbrella,rolling,2010-2014,2010,2014,pooled focal fields,dm_model:macho,MACHO,candidate,candidate,candidate,29,7,0.012535816618911174,3.8407419854900704,0.00021162813581845403,0.00021162813581845352,2,3,0.6191020408163265,0.4801754269151055,0.4782608695652174,0.043478260869565216,0.043478260869565216,0.10869565217391304,9.733213339896565,13.302933745676683,0.00021162813581845403,0.043478260869565216,9.391304347826086,8.695652173913043,False
published_umbrella,rolling,2010-2014,2010,2014,pooled focal fields,dm_model:q_ball,Q-ball,candidate,candidate,candidate,15,6,0.009670487106017192,1.9444643257332448,0.00523503903107575,0.005235039031075746,4,3,0.6288065843621398,0.4941503348117125,0.41304347826086957,0.5652173913043478,0.5652173913043478,0.30434782608695654,9.434986986282137,11.648526541513396,0.00523503903107575,0.5652173913043478,26.08695652173913,17.043478260869563,False
published_umbrella,rolling,2010-2014,2010,2014,pooled focal fields,dm_model:sfdm,SFDM,candidate,candidate,candidate,27,6,0.009670487106017192,1.706521658791488,0.0015118490648897951,0.0015118490648897821,5,2,0.5333333333333332,0.355245321275764,0.41304347826086957,0.17391304347826086,0.17391304347826086,0.4782608695652174,9.434986986282137,13.12135447228772,0.0015118490648897951,0.17391304347826086,13.565217391304348,10.782608695652174,False
published_umbrella,rolling,2010-2014,2010,2014,pooled focal fields,dm_model:ula_fuzzy,ULA / Fuzzy,candidate,candidate,candidate,27,7,0.00967048710601719,2.2781951393912765,0.0004492211421337097,0.0004492211421337004,5,2,0.5333333333333332,0.355245321275764,0.34782608695652173,0.08695652173913043,0.08695652173913043,0.4782608695652174,9.434986986282137,13.12135447228772,0.0004492211421337097,0.08695652173913043,10.782608695652174,9.391304347826086,False
published_umbrella,rolling,2010-2014,2010,2014,pooled focal fields,dm_model:dark_photon,Dark Photon,candidate,candidate,candidate,22,6,0.009312320916905443,1.3353863915591724,0.0030563612635014525,0.0030563612635014456,4,4,0.8520710059171599,0.7289519779393747,0.30434782608695654,0.30434782608695654,0.30434782608695654,0.30434782608695654,9.394750158381651,12.603641387913736,0.0030563612635014525,0.30434782608695654,17.73913043478261,12.869565217391305,False
published_umbrella,rolling,2010-2014,2010,2014,pooled focal fields,dm_model:lkp_kaluza_klein,LKP Kaluza-Klein,candidate,candidate,candidate,19,5,0.0082378223495702,0.8930368560489987,0.004511475295196227,0.004511475295196224,4,4,0.8030245746691872,0.689079497019323,0.2608695652173913,0.5217391304347826,0.5217391304347826,0.30434782608695654,9.269156030730281,12.235808140841087,0.004511475295196227,0.5217391304347826,24.695652173913043,16.347826086956523,False
published_umbrella,rolling,2010-2014,2010,2014,pooled focal fields,dm_model:minimal_su_2_l,Minimal SU(2)L,candidate,candidate,candidate,14,5,0.006446991404011461,0.5913036817041588,0.004067823653437383,0.0040678236534373744,5,3,0.7481481481481481,0.5728060327967242,0.21739130434782608,0.43478260869565216,0.43478260869565216,0.4782608695652174,9.03999945882165,11.478670474919983,0.004067823653437383,0.43478260869565216,21.913043478260867,14.956521739130434,False
published_umbrella,rolling,2010-2014,2010,2014,pooled focal fields,dm_model:twin_higgs,Twin Higgs,candidate,candidate,candidate,9,2,0.003939828080229226,0.3362139140973115,0.00319906150559418,0.003199061505594171,2,2,0.5950413223140495,0.3845433777858056,0.17391304347826086,0.34782608695652173,0.34782608695652173,0.10869565217391304,8.656401946803022,10.411544870084391,0.00319906150559418,0.34782608695652173,19.130434782608695,13.565217391304348,False
published_umbrella,rolling,2010-2014,2010,2014,pooled focal fields,dm_model:inert_doublet_model,Inert Doublet Model,candidate,candidate,candidate,17,3,0.0035816618911174787,0.0963909948409894,0.0024666880822388835,0.002466688082238878,3,3,0.7919999999999999,0.6077266474915606,0.13043478260869565,0.2608695652173913,0.2608695652173913,0.21739130434782608,8.592464410380737,11.958514480427885,0.0024666880822388835,0.2608695652173913,16.347826086956523,12.173913043478262,False
published_umbrella,rolling,2010-2014,2010,2014,pooled focal fields,dm_model:quark_nugget_aqn,Quark Nugget / AQN,candidate,candidate,candidate,16,2,0.002148997134670487,0.31176833458044967,0.0005493912993730136,0.0005493912993730107,2,2,0.6,0.3868528072345416,0.06521739130434782,0.13043478260869565,0.13043478260869565,0.10869565217391304,8.297195535773477,11.808081790362415,0.0005493912993730136,0.13043478260869565,12.173913043478262,10.08695652173913,False
published_umbrella,rolling,2010-2014,2010,2014,pooled focal fields,dm_model:superwimp,SuperWIMP,candidate,candidate,candidate,7,2,0.002148997134670487,0.21297416145903325,0.002134450739540711,0.0021344507395407086,2,2,0.6,0.3868528072345416,0.06521739130434782,0.21739130434782608,0.21739130434782608,0.10869565217391304,8.297195535773477,9.824263270756697,0.002134450739540711,0.21739130434782608,14.956521739130434,11.478260869565217,False
published_umbrella,rolling,2011-2015,2011,2015,pooled focal fields,dm_model:wimp_related,WIMP-related,candidate,candidate,candidate,1726,158,2.1394709721745104,8.312754471001242,1.0,1.0,7,6,0.8770582353545366,0.8483146661336961,1.0,1.0,1.0,0.8478260869565217,40.0,24.0,1.0,1.0,40.0,24.0,True
published_umbrella,rolling,2011-2015,2011,2015,pooled focal fields,dm_model:axion_alp,Axion + ALP,candidate,candidate,candidate,504,81,0.3957402954311234,9.276383469580242,0.11920123865708417,0.11920123865708414,7,6,0.838230613425926,0.8216373415007443,0.9565217391304348,0.9565217391304348,0.9565217391304348,0.8478260869565217,21.353397765461196,20.757775319746226,0.11920123865708417,0.9565217391304348,38.608695652173914,23.304347826086957,False
published_umbrella,rolling,2011-2015,2011,2015,pooled focal fields,dm_model:sterile_nu,Sterile nu,candidate,candidate,candidate,314,59,0.23840604603229135,9.720706372454377,0.04584951776660426,0.04584951776660426,7,6,0.943648730576618,0.8982177439488755,0.9130434782608695,0.8260869565217391,0.8260869565217391,0.8478260869565217,18.203693980705793,19.513219713882805,0.04584951776660426,0.8260869565217391,34.434782608695656,21.217391304347828,False
published_umbrella,rolling,2011-2015,2011,2015,pooled focal fields,dm_model:bino,Bino,candidate,candidate,candidate,136,36,0.19409137753349365,5.251508978792425,0.1155389200343329,0.11553892003433293,7,5,0.8298823713681573,0.7576328984583546,0.8695652173913043,0.9130434782608695,0.9130434782608695,0.8478260869565217,17.136489665363555,17.317800477174142,0.1155389200343329,0.9130434782608695,37.21739130434783,22.608695652173914,False
published_umbrella,rolling,2011-2015,2011,2015,pooled focal fields,dm_model:wino,Wino,candidate,candidate,candidate,144,40,0.17588457574716593,4.8315268564371845,0.10284117115861387,0.10284117115861385,7,6,0.8620697021484375,0.8035188645352579,0.8260869565217391,0.8695652173913043,0.8695652173913043,0.8478260869565217,16.6629044418759,17.46744912649337,0.10284117115861387,0.8695652173913043,35.826086956521735,21.913043478260867,False
published_umbrella,rolling,2011-2015,2011,2015,pooled focal fields,dm_model:asymmetric_dm,Asymmetric DM,candidate,candidate,candidate,106,30,0.08450704225352115,4.136542599671321,0.030247523760645784,0.030247523760646173,7,6,0.9741027166369225,0.9592211996960263,0.782608695652174,0.7391304347826086,0.7391304347826086,0.8478260869565217,13.784428724491852,16.666097550868653,0.030247523760645784,0.7391304347826086,31.652173913043477,19.82608695652174,False
published_umbrella,rolling,2011-2015,2011,2015,pooled focal fields,dm_model:axino,Axino,candidate,candidate,candidate,61,17,0.054620405358983166,2.7970142872644037,0.036467362213247125,0.036467362213247125,7,5,0.7249080337011986,0.6810013755715586,0.7391304347826086,0.782608695652174,0.782608695652174,0.8478260869565217,12.509635158787596,15.227183287235569,0.036467362213247125,0.782608695652174,33.04347826086956,20.52173913043478,False
published_umbrella,rolling,2011-2015,2011,2015,pooled focal fields,dm_model:pbh,PBH,candidate,candidate,candidate,85,15,0.03332188251459979,3.925657552494329,0.004793424289722139,0.004793424289722133,5,5,0.7409926665958124,0.6513748100143798,0.6956521739130435,0.43478260869565216,0.43478260869565216,0.3695652173913043,11.365106058607543,16.089994565022753,0.004793424289722139,0.43478260869565216,21.913043478260867,14.956521739130434,False
published_umbrella,rolling,2011-2015,2011,2015,pooled focal fields,dm_model:mirror_dm,Mirror DM,candidate,candidate,candidate,31,13,0.019924424596358643,3.278252358357692,0.004911548762799082,0.004911548762799085,5,5,0.8197384066587396,0.7639859539021988,0.6521739130434783,0.4782608695652174,0.4782608695652174,0.3695652173913043,10.439302741489165,13.483174875449066,0.004911548762799082,0.4782608695652174,23.304347826086957,15.652173913043478,False
published_umbrella,rolling,2011-2015,2011,2015,pooled focal fields,dm_model:twin_higgs,Twin Higgs,candidate,candidate,candidate,22,9,0.019580900034352457,2.3911247808499105,0.012339678262033358,0.012339678262033353,5,4,0.7652816251154201,0.6487812188528777,0.6086956521739131,0.6956521739130435,0.6956521739130435,0.3695652173913043,10.411965560739718,12.612377171363637,0.012339678262033358,0.6956521739130435,30.26086956521739,19.130434782608695,False
published_umbrella,rolling,2011-2015,2011,2015,pooled focal fields,dm_model:vector_dm,Vector DM,candidate,candidate,candidate,22,8,0.019580900034352453,1.990246739606019,0.008442870221120934,0.008442870221120936,6,5,0.8908587257617728,0.8260377558411779,0.5652173913043478,0.6521739130434783,0.6521739130434783,0.5869565217391305,10.411965560739718,12.612377171363637,0.008442870221120934,0.6521739130434783,28.869565217391305,18.434782608695652,False
published_umbrella,rolling,2011-2015,2011,2015,pooled focal fields,dm_model:atomic_dm,Atomic DM,candidate,candidate,candidate,32,12,0.015458605290278257,2.0886386817217923,0.005992032593976813,0.005992032593976818,6,6,0.8130370370370372,0.7934564002405244,0.5217391304347826,0.5652173913043478,0.5652173913043478,0.5869565217391305,10.063038217019564,13.564315115410386,0.005992032593976813,0.5652173913043478,26.08695652173913,17.043478260869563,False
published_umbrella,rolling,2011-2015,2011,2015,pooled focal fields,dm_model:ula_fuzzy,ULA / Fuzzy,candidate,candidate,candidate,36,10,0.015115080728272074,3.2058156234258406,0.0015187549255595884,0.0015187549255595856,5,4,0.7214876033057852,0.5983903606240781,0.4782608695652174,0.21739130434782608,0.21739130434782608,0.3695652173913043,10.031963270491685,13.865998019447368,0.0015187549255595884,0.21739130434782608,14.956521739130434,11.478260869565217,False
published_umbrella,rolling,2011-2015,2011,2015,pooled focal fields,dm_model:dark_photon,Dark Photon,candidate,candidate,candidate,33,9,0.015115080728272072,1.482013398577398,0.005705731036003457,0.005705731036003459,6,6,0.9582644628099173,0.9396745325571352,0.43478260869565216,0.5217391304347826,0.5217391304347826,0.5869565217391305,10.031963270491685,13.643032893342149,0.005705731036003457,0.5217391304347826,24.695652173913043,16.347826086956523,False
published_umbrella,rolling,2011-2015,2011,2015,pooled focal fields,dm_model:generic_composite,Generic Composite,candidate,candidate,candidate,37,7,0.014428031604259706,0.5436925013089349,0.00831932997247928,0.00831932997247928,7,4,0.8326530612244898,0.7127263906780549,0.391304347826087,0.6086956521739131,0.6086956521739131,0.8478260869565217,9.96873538245713,13.93631817966454,0.00831932997247928,0.6086956521739131,27.47826086956522,17.73913043478261,False
published_umbrella,rolling,2011-2015,2011,2015,pooled focal fields,dm_model:sfdm,SFDM,candidate,candidate,candidate,35,6,0.011679835108210237,1.726980934333038,0.0013599514623074396,0.0013599514623074368,5,2,0.49826989619377154,0.3381020219378554,0.34782608695652173,0.13043478260869565,0.13043478260869565,0.3695652173913043,9.69934272087988,13.793751041655442,0.0013599514623074396,0.13043478260869565,12.173913043478262,10.08695652173913,False
published_umbrella,rolling,2011-2015,2011,2015,pooled focal fields,dm_model:q_ball,Q-ball,candidate,candidate,candidate,16,7,0.010305736860185504,2.240224474789463,0.004467834492614331,0.0044678344926143325,5,4,0.7493333333333332,0.6408467285961802,0.30434782608695654,0.391304347826087,0.391304347826087,0.3695652173913043,9.55269311067317,11.815307934859128,0.004467834492614331,0.391304347826087,20.52173913043478,14.26086956521739,False
published_umbrella,rolling,2011-2015,2011,2015,pooled focal fields,dm_model:macho,MACHO,candidate,candidate,candidate,25,6,0.009618687736173137,3.5447892221478376,0.0001659701962301253,0.00016597019623012512,2,2,0.5234693877551022,0.35046087352921457,0.2608695652173913,0.08695652173913043,0.08695652173913043,0.13043478260869565,9.47569516868115,12.935661071725331,0.0001659701962301253,0.08695652173913043,10.782608695652174,9.391304347826086,False
published_umbrella,rolling,2011-2015,2011,2015,pooled focal fields,dm_model:minimal_su_2_l,Minimal SU(2)L,candidate,candidate,candidate,19,6,0.008244589488148402,0.6382830039533304,0.003960129544535976,0.003960129544535978,6,5,0.8875,0.8270597743969956,0.21739130434782608,0.34782608695652173,0.34782608695652173,0.5869565217391305,9.312960981958387,12.243845930828567,0.003960129544535976,0.34782608695652173,19.130434782608695,13.565217391304348,False
published_umbrella,rolling,2011-2015,2011,2015,pooled focal fields,dm_model:inert_doublet_model,Inert Doublet Model,candidate,candidate,candidate,15,4,0.005152868430092751,0.23705635090307015,0.003728870443116458,0.0037288704431164585,4,4,0.8853333333333332,0.760396419603471,0.17391304347826086,0.30434782608695654,0.30434782608695654,0.21739130434782608,8.887598419177205,11.655449916966043,0.003728870443116458,0.30434782608695654,17.73913043478261,12.869565217391305,False
published_umbrella,rolling,2011-2015,2011,2015,pooled focal fields,dm_model:lkp_kaluza_klein,LKP Kaluza-Klein,candidate,candidate,candidate,14,3,0.004122294744074201,0.6095894597933001,0.002123897270827391,0.0021238972708273905,3,3,0.7833333333333334,0.6013956368435128,0.13043478260869565,0.2608695652173913,0.2608695652173913,0.17391304347826086,8.718082205294698,11.485271534690245,0.002123897270827391,0.2608695652173913,16.347826086956523,12.173913043478262,False
published_umbrella,rolling,2011-2015,2011,2015,pooled focal fields,dm_model:superwimp,SuperWIMP,candidate,candidate,candidate,6,1,0.0010305736860185502,0.06812829537816761,0.0014796453595213054,0.0014796453595213048,1,1,0.0,0.0,0.06521739130434782,0.17391304347826086,0.17391304347826086,0.06521739130434782,8.0,9.475622741398798,0.0014796453595213054,0.17391304347826086,13.565217391304348,10.782608695652174,False
published_umbrella,rolling,2011-2015,2011,2015,pooled focal fields,dm_model:wimpzilla,WIMPzilla,candidate,candidate,candidate,9,1,0.0010305736860185502,0.41733888569256444,6.734153420803407e-05,6.734153420803414e-05,1,1,0.0,0.0,0.06521739130434782,0.043478260869565216,0.043478260869565216,0.06521739130434782,8.0,10.416120972345546,6.734153420803407e-05,0.043478260869565216,9.391304347826086,8.695652173913043,False
published_umbrella,rolling,2012-2016,2012,2016,pooled focal fields,dm_model:wimp_related,WIMP-related,candidate,candidate,candidate,1663,160,1.9743758212877793,8.9167752081864,1.0,1.0,7,6,0.8730068189179985,0.8438784527316998,1.0,1.0,1.0,0.8125,40.0,24.0,1.0,1.0,40.0,24.0,True
published_umbrella,rolling,2012-2016,2012,2016,pooled focal fields,dm_model:axion_alp,Axion + ALP,candidate,candidate,candidate,607,96,0.47109067017082784,8.770430190388371,0.14320955837586033,0.14320955837586025,7,6,0.8333957738835105,0.8141283693516927,0.9583333333333334,0.9583333333333334,0.9583333333333334,0.8125,23.25694549037628,21.328848192959434,0.14320955837586033,0.9583333333333334,38.66666666666667,23.333333333333336,False
published_umbrella,rolling,2012-2016,2012,2016,pooled focal fields,dm_model:sterile_nu,Sterile nu,candidate,candidate,candidate,350,65,0.26609724047306177,10.826465473398843,0.05607166910935058,0.056071669109350526,7,6,0.9421600365797896,0.8960113119474428,0.9166666666666666,0.8333333333333334,0.8333333333333334,0.8125,19.28494791093697,19.871266151010186,0.05607166910935058,0.8333333333333334,34.66666666666667,21.333333333333336,False
published_umbrella,rolling,2012-2016,2012,2016,pooled focal fields,dm_model:bino,Bino,candidate,candidate,candidate,139,35,0.1911957950065703,5.25841625479394,0.12118768482138087,0.12118768482138086,7,5,0.8414142487689092,0.769828061904437,0.875,0.9166666666666666,0.9166666666666666,0.8125,17.454331559613827,17.43268741923471,0.12118768482138087,0.9166666666666666,37.33333333333333,22.666666666666664,False
published_umbrella,rolling,2012-2016,2012,2016,pooled focal fields,dm_model:wino,Wino,candidate,candidate,candidate,145,42,0.17279894875164256,5.3415431045045265,0.1031337411158669,0.10313374111586687,7,6,0.8690974280385723,0.810817197781302,0.8333333333333334,0.875,0.875,0.8125,16.951910576114663,17.544022558876108,0.1031337411158669,0.875,36.0,22.0,False
published_umbrella,rolling,2012-2016,2012,2016,pooled focal fields,dm_model:asymmetric_dm,Asymmetric DM,candidate,candidate,candidate,106,32,0.07720105124835741,4.118816929259001,0.029928504195444433,0.02992850419544445,7,6,0.9762969669533724,0.9611373030322421,0.7916666666666666,0.75,0.75,0.8125,13.741031867315009,16.71949858169089,0.029928504195444433,0.75,32.0,20.0,False
published_umbrella,rolling,2012-2016,2012,2016,pooled focal fields,dm_model:axino,Axino,candidate,candidate,candidate,56,19,0.05223390275952694,3.630954946450977,0.03436410034452834,0.03436410034452834,6,5,0.7633558799098138,0.7090598545756603,0.75,0.7916666666666666,0.7916666666666666,0.4583333333333333,12.592547798773243,15.048636875072635,0.03436410034452834,0.7916666666666666,33.33333333333333,20.666666666666664,False
published_umbrella,rolling,2012-2016,2012,2016,pooled focal fields,dm_model:pbh,PBH,candidate,candidate,candidate,102,21,0.04697766097240474,5.428550055620762,0.007416987500715836,0.007416987500715826,6,5,0.7830602963470097,0.6867478923303579,0.7083333333333334,0.5416666666666666,0.5416666666666666,0.4583333333333333,12.317581247907306,16.618415949550688,0.007416987500715836,0.5416666666666666,25.333333333333332,16.666666666666664,False
published_umbrella,rolling,2012-2016,2012,2016,pooled focal fields,dm_model:vector_dm,Vector DM,candidate,candidate,candidate,32,12,0.03186596583442839,2.6122098232991164,0.014583092309903196,0.014583092309903189,7,6,0.91087256881709,0.882503403656208,0.6666666666666666,0.6666666666666666,0.6666666666666666,0.8125,11.426975770308534,13.598602770406018,0.014583092309903196,0.6666666666666666,29.333333333333332,18.666666666666664,False
published_umbrella,rolling,2012-2016,2012,2016,pooled focal fields,dm_model:ula_fuzzy,ULA / Fuzzy,candidate,candidate,candidate,49,17,0.02923784494086728,4.4126633636066295,0.004308264338140351,0.004308264338140343,6,4,0.7426335058704708,0.6109275143243217,0.625,0.3333333333333333,0.3333333333333333,0.4583333333333333,11.251811780838937,14.701006032468914,0.004308264338140351,0.3333333333333333,18.666666666666664,13.333333333333332,False
published_umbrella,rolling,2012-2016,2012,2016,pooled focal fields,dm_model:twin_higgs,Twin Higgs,candidate,candidate,candidate,33,10,0.02529566360052563,2.119672353210538,0.017846767234206327,0.017846767234206314,6,5,0.7520998482037443,0.678411275212572,0.5833333333333334,0.7083333333333334,0.7083333333333334,0.4583333333333333,10.973570051326456,13.677805612169674,0.017846767234206327,0.7083333333333334,30.666666666666668,19.333333333333336,False
published_umbrella,rolling,2012-2016,2012,2016,pooled focal fields,dm_model:dark_photon,Dark Photon,candidate,candidate,candidate,43,11,0.022010512483574246,1.7691135729833403,0.008627071301359137,0.008627071301359136,7,6,0.9516596123858321,0.9346133746665813,0.5416666666666666,0.5833333333333334,0.5833333333333334,0.8125,10.724631679166635,14.361851549041347,0.008627071301359137,0.5833333333333334,26.666666666666668,17.333333333333336,False
published_umbrella,rolling,2012-2016,2012,2016,pooled focal fields,dm_model:generic_composite,Generic Composite,candidate,candidate,candidate,44,10,0.02168199737187911,1.3248203741441227,0.011509198109060446,0.011509198109060443,7,6,0.8694214876033058,0.8415273655945115,0.5,0.625,0.625,0.8125,10.698744301156946,14.421474241673351,0.011509198109060446,0.625,28.0,18.0,False
published_umbrella,rolling,2012-2016,2012,2016,pooled focal fields,dm_model:mirror_dm,Mirror DM,candidate,candidate,candidate,30,13,0.018725361366622867,3.4106394050625566,0.004452065569691695,0.004452065569691695,6,5,0.8088642659279778,0.7527364525692436,0.4583333333333333,0.375,0.375,0.4583333333333333,10.456311150827133,13.432730125999763,0.004452065569691695,0.375,20.0,14.0,False
published_umbrella,rolling,2012-2016,2012,2016,pooled focal fields,dm_model:sfdm,SFDM,candidate,candidate,candidate,36,8,0.014126149802890932,1.6772619383130336,0.0036740882453144942,0.0036740882453144908,6,4,0.6892374256354787,0.5821114059775296,0.4166666666666667,0.25,0.25,0.4583333333333333,10.037314278798274,13.902144663216486,0.0036740882453144942,0.25,16.0,12.0,False
published_umbrella,rolling,2012-2016,2012,2016,pooled focal fields,dm_model:atomic_dm,Atomic DM,candidate,candidate,candidate,29,11,0.01281208935611038,1.9713359377389659,0.005274179100875232,0.005274179100875236,6,6,0.8220907297830375,0.8125663391606468,0.3541666666666667,0.4583333333333333,0.4583333333333333,0.4583333333333333,9.905399584670938,13.345735507224862,0.005274179100875232,0.4583333333333333,22.666666666666664,15.333333333333332,False
published_umbrella,rolling,2012-2016,2012,2016,pooled focal fields,dm_model:minimal_su_2_l,Minimal SU(2)L,candidate,candidate,candidate,25,9,0.01281208935611038,1.2600573600190574,0.006897158488887212,0.0068971584888872116,7,6,0.9309664694280076,0.9040575700028699,0.3541666666666667,0.5,0.5,0.8125,9.905399584670938,12.966074921497066,0.006897158488887212,0.5,24.0,16.0,False
published_umbrella,rolling,2012-2016,2012,2016,pooled focal fields,dm_model:q_ball,Q-ball,candidate,candidate,candidate,16,6,0.008212877792378448,1.8798593916483424,0.00385606958378447,0.003856069583784469,4,4,0.70272,0.6187056221474598,0.2916666666666667,0.2916666666666667,0.2916666666666667,0.2708333333333333,9.379752248516663,11.838818099085852,0.00385606958378447,0.2916666666666667,17.333333333333336,12.666666666666668,False
published_umbrella,rolling,2012-2016,2012,2016,pooled focal fields,dm_model:inert_doublet_model,Inert Doublet Model,candidate,candidate,candidate,16,5,0.0072273324572930345,0.8655535481739041,0.004875704156440539,0.004875704156440537,4,4,0.8876033057851238,0.7620401678899591,0.25,0.4166666666666667,0.4166666666666667,0.2708333333333333,9.249043499286943,11.838818099085852,0.004875704156440539,0.4166666666666667,21.333333333333336,14.666666666666668,False
published_umbrella,rolling,2012-2016,2012,2016,pooled focal fields,dm_model:lkp_kaluza_klein,LKP Kaluza-Klein,candidate,candidate,candidate,13,3,0.0036136662286465177,0.6213698902208495,0.002143885910156581,0.0021438859101565806,3,3,0.7933884297520661,0.6083738791013144,0.20833333333333334,0.20833333333333334,0.20833333333333334,0.20833333333333334,8.669018820964055,11.323703133374519,0.002143885910156581,0.20833333333333334,14.666666666666668,11.333333333333334,False
published_umbrella,rolling,2012-2016,2012,2016,pooled focal fields,dm_model:macho,MACHO,candidate,candidate,candidate,20,3,0.0032851511169513796,2.1066294728758104,0.0,0.0,1,2,0.5039999999999999,0.34092985835764694,0.16666666666666666,0.041666666666666664,0.041666666666666664,0.08333333333333333,8.603852324367086,12.399441867823011,0.0,0.041666666666666664,9.333333333333334,8.666666666666666,False
published_umbrella,rolling,2012-2016,2012,2016,pooled focal fields,dm_model:wimpzilla,WIMPzilla,candidate,candidate,candidate,11,2,0.0019710906701708277,0.5067057121540228,0.0006291314191801982,0.000629131419180199,2,2,0.6,0.3868528072345416,0.125,0.08333333333333333,0.08333333333333333,0.16666666666666666,8.302908009196718,10.914726247532315,0.0006291314191801982,0.08333333333333333,10.666666666666666,9.333333333333334,False
published_umbrella,rolling,2012-2016,2012,2016,pooled focal fields,dm_model:superwimp,SuperWIMP,candidate,candidate,candidate,7,1,0.001314060446780552,0.09898021119816347,0.0019552303903827353,0.0019552303903827353,1,1,0.0,0.0,0.08333333333333333,0.16666666666666666,0.16666666666666666,0.08333333333333333,8.113130125034175,9.838987513083822,0.0019552303903827353,0.16666666666666666,13.333333333333332,10.666666666666666,False
published_umbrella,rolling,2012-2016,2012,2016,pooled focal fields,dm_model:macroscopic_dm,Macroscopic DM,candidate,candidate,candidate,15,1,0.0009855453350854138,0.0,0.0007859738749821523,0.0007859738749821517,1,1,0.0,0.0,0.041666666666666664,0.125,0.125,0.08333333333333333,8.0,11.677975026167644,0.0007859738749821523,0.125,12.0,10.0,False
published_umbrella,rolling,2013-2017,2013,2017,pooled focal fields,dm_model:wimp_related,WIMP-related,candidate,candidate,candidate,1563,162,1.7863924050632913,10.01726170617237,1.0,1.0,7,6,0.8760796741984607,0.8471577280894618,1.0,1.0,1.0,0.7884615384615384,40.0,24.0,1.0,1.0,40.0,24.0,True
published_umbrella,rolling,2013-2017,2013,2017,pooled focal fields,dm_model:axion_alp,Axion + ALP,candidate,candidate,candidate,721,107,0.5212025316455696,8.067487524171407,0.1613886776967281,0.16138867769672724,7,6,0.8415588092496927,0.8169557301197878,0.9615384615384616,0.9615384615384616,0.9615384615384616,0.7884615384615384,24.93758288747614,21.927921850567394,0.1613886776967281,0.9615384615384616,38.769230769230774,23.384615384615387,False
published_umbrella,rolling,2013-2017,2013,2017,pooled focal fields,dm_model:sterile_nu,Sterile nu,candidate,candidate,candidate,388,74,0.30253164556962026,11.841779177418385,0.0717520365917585,0.07175203659175823,7,6,0.94555329913692,0.9059340904368768,0.9230769230769231,0.8461538461538461,0.8461538461538461,0.7884615384615384,20.72446252691413,20.270086779080938,0.0717520365917585,0.8461538461538461,35.07692307692308,21.53846153846154,False
published_umbrella,rolling,2013-2017,2013,2017,pooled focal fields,dm_model:bino,Bino,candidate,candidate,candidate,135,37,0.18291139240506332,6.140615569327465,0.12484446070192837,0.12484446070192849,7,5,0.8542282779181285,0.7845293039238787,0.8846153846153846,0.9230769230769231,0.9230769230769231,0.7884615384615384,17.72609303543938,17.452928934249364,0.12484446070192837,0.9230769230769231,37.53846153846154,22.76923076923077,False
published_umbrella,rolling,2013-2017,2013,2017,pooled focal fields,dm_model:wino,Wino,candidate,candidate,candidate,147,39,0.16708860759493677,4.99692314784989,0.10921489709960627,0.10921489709960638,7,6,0.8770833333333334,0.8212254252119133,0.8461538461538461,0.8846153846153846,0.8846153846153846,0.7884615384615384,17.262501489762055,17.679597470922033,0.10921489709960627,0.8846153846153846,36.30769230769231,22.153846153846153,False
published_umbrella,rolling,2013-2017,2013,2017,pooled focal fields,dm_model:pbh,PBH,candidate,candidate,candidate,139,33,0.08006329113924052,7.341713045552026,0.01136712060234928,0.011367120602349172,7,6,0.8304332203283913,0.7745460788750811,0.8076923076923077,0.5769230769230769,0.5769230769230769,0.7884615384615384,14.179268926480752,17.530634297648533,0.01136712060234928,0.5769230769230769,26.46153846153846,17.23076923076923,False
published_umbrella,rolling,2013-2017,2013,2017,pooled focal fields,dm_model:asymmetric_dm,Asymmetric DM,candidate,candidate,candidate,106,25,0.059810126582278474,2.5370687732005752,0.028426088738355004,0.028426088738355167,7,6,0.9678340471991266,0.9482556113085663,0.7692307692307693,0.8076923076923077,0.8076923076923077,0.7884615384615384,13.238358886710927,16.810039869603052,0.028426088738355004,0.8076923076923077,33.84615384615385,20.923076923076923,False
published_umbrella,rolling,2013-2017,2013,2017,pooled focal fields,dm_model:ula_fuzzy,ULA / Fuzzy,candidate,candidate,candidate,73,25,0.04810126582278481,6.370168392077678,0.008065859141096633,0.00806585914109656,6,5,0.7350415512465374,0.6592797736023194,0.7307692307692307,0.5,0.5,0.4807692307692308,12.619775094344671,15.821514330225106,0.008065859141096633,0.5,24.0,16.0,False
published_umbrella,rolling,2013-2017,2013,2017,pooled focal fields,dm_model:axino,Axino,candidate,candidate,candidate,42,19,0.04145569620253164,4.117644511595814,0.028226731970107825,0.028226731970107808,7,5,0.7775770642736438,0.7244952890646565,0.6923076923076923,0.7692307692307693,0.7692307692307693,0.7884615384615384,12.234689163637094,14.366284776276075,0.028226731970107825,0.7692307692307693,32.61538461538461,20.307692307692307,False
published_umbrella,rolling,2013-2017,2013,2017,pooled focal fields,dm_model:vector_dm,Vector DM,candidate,candidate,candidate,37,16,0.03829113924050633,3.0923192663192633,0.0191910716762048,0.01919107167620479,7,6,0.9220681647428453,0.8903243322945366,0.6538461538461539,0.6923076923076923,0.6923076923076923,0.7884615384615384,12.040458721868267,14.03491935493523,0.0191910716762048,0.6923076923076923,30.153846153846153,19.076923076923077,False
published_umbrella,rolling,2013-2017,2013,2017,pooled focal fields,dm_model:twin_higgs,Twin Higgs,candidate,candidate,candidate,44,12,0.03259493670886076,2.6163060843508203,0.02400335853757266,0.024003358537572635,6,5,0.7494768592704308,0.6930324455995812,0.6153846153846154,0.7307692307692307,0.7307692307692307,0.4807692307692308,11.669409158725731,14.488153368080544,0.02400335853757266,0.7307692307692307,31.384615384615383,19.692307692307693,False
published_umbrella,rolling,2013-2017,2013,2017,pooled focal fields,dm_model:dark_photon,Dark Photon,candidate,candidate,candidate,53,14,0.030696202531645577,2.807008197982494,0.01301936757661433,0.013019367576614326,7,6,0.9422467849930918,0.9214966525654112,0.5769230769230769,0.6153846153846154,0.6153846153846154,0.7884615384615384,11.538606322996467,14.976893162983552,0.01301936757661433,0.6153846153846154,27.692307692307693,17.846153846153847,False
published_umbrella,rolling,2013-2017,2013,2017,pooled focal fields,dm_model:generic_composite,Generic Composite,candidate,candidate,candidate,47,10,0.025000000000000005,1.441708441859694,0.015257708949193613,0.015257708949193587,7,6,0.866015061688832,0.8365223916604189,0.5384615384615384,0.6538461538461539,0.6538461538461539,0.7884615384615384,11.119795141578496,14.661158382620691,0.015257708949193613,0.6538461538461539,28.923076923076923,18.46153846153846,False
published_umbrella,rolling,2013-2017,2013,2017,pooled focal fields,dm_model:sfdm,SFDM,candidate,candidate,candidate,39,10,0.015822784810126583,2.372783833371085,0.0038804310020818015,0.0038804310020817876,6,4,0.6105600000000002,0.5273908671522586,0.5,0.34615384615384615,0.34615384615384615,0.4807692307692308,10.327599922411153,14.172418587717683,0.0038804310020818015,0.34615384615384615,19.076923076923077,13.538461538461538,False
published_umbrella,rolling,2013-2017,2013,2017,pooled focal fields,dm_model:mirror_dm,Mirror DM,candidate,candidate,candidate,29,9,0.013607594936708862,2.3604928872187774,0.004477775989891847,0.00447777598989184,5,5,0.9267712276906437,0.8608619245999255,0.46153846153846156,0.38461538461538464,0.38461538461538464,0.38461538461538464,10.103677899140063,13.40124440755065,0.004477775989891847,0.38461538461538464,20.307692307692307,14.153846153846153,False
published_umbrella,rolling,2013-2017,2013,2017,pooled focal fields,dm_model:minimal_su_2_l,Minimal SU(2)L,candidate,candidate,candidate,26,8,0.012341772151898734,0.6423925923932738,0.009327908155896117,0.009327908155896111,7,6,0.923076923076923,0.9087190360228007,0.4230769230769231,0.5384615384615384,0.5384615384615384,0.7884615384615384,9.967466206376006,13.11881002228662,0.009327908155896117,0.5384615384615384,25.23076923076923,16.615384615384613,False
published_umbrella,rolling,2013-2017,2013,2017,pooled focal fields,dm_model:atomic_dm,Atomic DM,candidate,candidate,candidate,28,10,0.01170886075949367,2.025426218892806,0.005689803612496175,0.005689803612496172,6,4,0.7766252739225713,0.6681072012791073,0.38461538461538464,0.46153846153846156,0.46153846153846156,0.4807692307692308,9.896737968826207,13.31036630347878,0.005689803612496175,0.46153846153846156,22.76923076923077,15.384615384615385,False
published_umbrella,rolling,2013-2017,2013,2017,pooled focal fields,dm_model:inert_doublet_model,Inert Doublet Model,candidate,candidate,candidate,17,5,0.007278481012658228,0.8447210763506012,0.0053971394069741475,0.005397139406974153,4,4,0.8801512287334594,0.7555825613989439,0.34615384615384615,0.4230769230769231,0.4230769230769231,0.3269230769230769,9.33568702825094,12.031901061756724,0.0053971394069741475,0.4230769230769231,21.53846153846154,14.76923076923077,False
published_umbrella,rolling,2013-2017,2013,2017,pooled focal fields,dm_model:q_ball,Q-ball,candidate,candidate,candidate,18,5,0.006329113924050633,1.7333975398017887,0.002287190332137003,0.0022871903321370034,3,4,0.828,0.7116122844284783,0.3076923076923077,0.2692307692307692,0.2692307692307692,0.2692307692307692,9.194568582835956,12.1768362142383,0.002287190332137003,0.2692307692307692,16.615384615384613,12.307692307692307,False
published_umbrella,rolling,2013-2017,2013,2017,pooled focal fields,dm_model:wimpzilla,WIMPzilla,candidate,candidate,candidate,12,4,0.004746835443037975,0.804644520596044,0.0022804022886638046,0.0022804022886637955,4,2,0.46933333333333344,0.32365681966673027,0.2692307692307692,0.23076923076923078,0.23076923076923078,0.3269230769230769,8.933361779296131,11.159558372049405,0.0022804022886638046,0.23076923076923078,15.384615384615385,11.692307692307693,False
published_umbrella,rolling,2013-2017,2013,2017,pooled focal fields,dm_model:lkp_kaluza_klein,LKP Kaluza-Klein,candidate,candidate,candidate,11,2,0.002848101265822785,0.64902261086375,0.0021109290957077426,0.0021109290957077474,2,2,0.5925925925925926,0.38340055593136474,0.23076923076923078,0.19230769230769232,0.19230769230769232,0.19230769230769232,8.552775621345448,10.944992101226827,0.0021109290957077426,0.19230769230769232,14.153846153846153,11.076923076923077,False
published_umbrella,rolling,2013-2017,2013,2017,pooled focal fields,dm_model:macho,MACHO,candidate,candidate,candidate,16,2,0.0018987341772151898,1.4776172687764138,0.0,0.0,1,2,0.6,0.3868528072345416,0.15384615384615385,0.038461538461538464,0.038461538461538464,0.07692307692307693,8.3127749562505,11.87867951215857,0.0,0.038461538461538464,9.23076923076923,8.615384615384615,False
published_umbrella,rolling,2013-2017,2013,2017,pooled focal fields,dm_model:macroscopic_dm,Macroscopic DM,candidate,candidate,candidate,20,2,0.0018987341772151898,0.29226382566164094,0.0009004482223048809,0.0009004482223048773,2,1,0.0,0.0,0.15384615384615385,0.15384615384615385,0.15384615384615385,0.19230769230769232,8.3127749562505,12.445124670460746,0.0009004482223048809,0.15384615384615385,12.923076923076923,10.461538461538462,False
published_umbrella,rolling,2013-2017,2013,2017,pooled focal fields,dm_model:superwimp,SuperWIMP,candidate,candidate,candidate,6,2,0.0018987341772151898,0.2000851403645649,0.0027472157720945744,0.0027472157720945774,2,2,0.6,0.3868528072345416,0.15384615384615385,0.3076923076923077,0.3076923076923077,0.19230769230769232,8.3127749562505,9.50013256923392,0.0027472157720945744,0.3076923076923077,17.846153846153847,12.923076923076923,False
published_umbrella,rolling,2013-2017,2013,2017,pooled focal fields,dm_model:quark_nugget_aqn,Quark Nugget / AQN,candidate,candidate,candidate,16,1,0.0012658227848101266,0.1902501942009025,0.00023903176912619062,0.000239031769126183,1,1,0.0,0.0,0.07692307692307693,0.07692307692307693,0.07692307692307693,0.07692307692307693,8.116815233780095,11.87867951215857,0.00023903176912619062,0.07692307692307693,10.461538461538462,9.23076923076923,False
published_umbrella,rolling,2013-2017,2013,2017,pooled focal fields,dm_model:scotogenic_model,Scotogenic Model,candidate,candidate,candidate,10,1,0.0009493670886075949,0.11663145207575869,0.0006254435855001212,0.0006254435855001226,1,1,0.0,0.0,0.038461538461538464,0.11538461538461539,0.11538461538461539,0.07692307692307693,8.0,10.711745285589995,0.0006254435855001212,0.11538461538461539,11.692307692307693,9.846153846153847,False
published_umbrella,rolling,2014-2018,2014,2018,pooled focal fields,dm_model:wimp_related,WIMP-related,candidate,candidate,candidate,1458,167,1.584974250227204,11.350096679949615,1.0,1.0,7,6,0.8801402098588781,0.8513290323045791,1.0,1.0,1.0,0.7592592592592593,40.0,24.0,1.0,1.0,40.0,24.0,True
published_umbrella,rolling,2014-2018,2014,2018,pooled focal fields,dm_model:axion_alp,Axion + ALP,candidate,candidate,candidate,855,121,0.5904271432899123,8.951153365998609,0.1993732623437861,0.19937326234378333,7,6,0.8378257153093995,0.8113145877801491,0.9629629629629629,0.9629629629629629,0.9629629629629629,0.7592592592592593,27.224983667549598,22.55374268850418,0.1993732623437861,0.9629629629629629,38.81481481481481,23.407407407407405,False
published_umbrella,rolling,2014-2018,2014,2018,pooled focal fields,dm_model:sterile_nu,Sterile nu,candidate,candidate,candidate,384,82,0.28597394728870035,12.445587807252682,0.08372023445558176,0.0837202344555811,7,6,0.9493231111749498,0.9144466737307647,0.9259259259259259,0.8518518518518519,0.8518518518518519,0.7592592592592593,21.140995314502128,20.386600320415937,0.08372023445558176,0.8518518518518519,35.25925925925926,21.62962962962963,False
published_umbrella,rolling,2014-2018,2014,2018,pooled focal fields,dm_model:bino,Bino,candidate,candidate,candidate,121,38,0.16298091487428054,7.1195668039197955,0.12367617278150608,0.12367617278150629,7,5,0.8603114937604511,0.7909624508556186,0.8888888888888888,0.9259259259259259,0.9259259259259259,0.7592592592592593,17.728099626364283,17.269649099007594,0.12367617278150608,0.9259259259259259,37.62962962962963,22.814814814814817,False
published_umbrella,rolling,2014-2018,2014,2018,pooled focal fields,dm_model:pbh,PBH,candidate,candidate,candidate,221,43,0.13783701908512574,8.267601149332043,0.025674029327799046,0.02567402932779852,7,6,0.8564183069677578,0.7978368905717805,0.8518518518518519,0.7037037037037037,0.7037037037037037,0.7592592592592593,16.883188842033896,18.89334071916633,0.025674029327799046,0.7037037037037037,30.51851851851852,19.25925925925926,False
published_umbrella,rolling,2014-2018,2014,2018,pooled focal fields,dm_model:wino,Wino,candidate,candidate,candidate,127,32,0.1332929415328688,4.814468474151788,0.10073036563806752,0.10073036563806766,7,6,0.8753429752066116,0.8187393876151589,0.8148148148148148,0.8888888888888888,0.8888888888888888,0.7592592592592593,16.72248653692581,17.39986097859078,0.10073036563806752,0.8888888888888888,36.44444444444444,22.22222222222222,False
published_umbrella,rolling,2014-2018,2014,2018,pooled focal fields,dm_model:ula_fuzzy,ULA / Fuzzy,candidate,candidate,candidate,109,34,0.0720993638291427,7.717911337974298,0.012462180035165046,0.012462180035164814,7,6,0.7647341289456959,0.7105305824146302,0.7777777777777778,0.5555555555555556,0.5555555555555556,0.7592592592592593,14.207409865060288,16.988823319153287,0.012462180035165046,0.5555555555555556,25.77777777777778,16.88888888888889,False
published_umbrella,rolling,2014-2018,2014,2018,pooled focal fields,dm_model:asymmetric_dm,Asymmetric DM,candidate,candidate,candidate,97,20,0.05028779157830959,2.115179176326786,0.029654778740008783,0.02965477874000867,7,6,0.9656263608651473,0.9506412282305313,0.7407407407407407,0.7777777777777778,0.7777777777777778,0.7592592592592593,13.054715763464369,16.675526198243457,0.029654778740008783,0.7777777777777778,32.888888888888886,20.444444444444443,False
published_umbrella,rolling,2014-2018,2014,2018,pooled focal fields,dm_model:vector_dm,Vector DM,candidate,candidate,candidate,44,19,0.045137837019085116,4.318747453360878,0.024618862087406154,0.02461886208740608,7,6,0.9222287284356561,0.8928403821738916,0.7037037037037037,0.6666666666666666,0.6666666666666666,0.7592592592592593,12.747616307975825,14.56458673263214,0.024618862087406154,0.6666666666666666,29.333333333333332,18.666666666666664,False
published_umbrella,rolling,2014-2018,2014,2018,pooled focal fields,dm_model:twin_higgs,Twin Higgs,candidate,candidate,candidate,56,16,0.04241139048773099,2.869053079537405,0.034263411032622496,0.034263411032622405,7,6,0.7868571428571428,0.7406017493369355,0.6666666666666666,0.8148148148148148,0.8148148148148148,0.7592592592592593,12.577919618445831,15.205726655875484,0.034263411032622496,0.8148148148148148,34.074074074074076,21.037037037037038,False
published_umbrella,rolling,2014-2018,2014,2018,pooled focal fields,dm_model:axino,Axino,candidate,candidate,candidate,37,20,0.0372614359285065,4.665874752749956,0.02816818661209543,0.02816818661209539,7,5,0.7338488994646045,0.6915710922755834,0.6296296296296297,0.7407407407407407,0.7407407407407407,0.7592592592592593,12.241775638609713,14.106013418981947,0.02816818661209543,0.7407407407407407,31.703703703703702,19.85185185185185,False
published_umbrella,rolling,2014-2018,2014,2018,pooled focal fields,dm_model:dark_photon,Dark Photon,candidate,candidate,candidate,69,15,0.036958497425022704,2.6382876164620948,0.018179183824478952,0.018179183824478886,7,6,0.955227089492072,0.9412388663373177,0.5925925925925926,0.5925925925925926,0.5925925925925926,0.7592592592592593,12.221299645397632,15.76293726010772,0.018179183824478952,0.5925925925925926,26.962962962962962,17.48148148148148,False
published_umbrella,rolling,2014-2018,2014,2018,pooled focal fields,dm_model:generic_composite,Generic Composite,candidate,candidate,candidate,52,9,0.026052711299606183,1.4403009525833856,0.019398679329853098,0.019398679329853005,7,5,0.8537587885343427,0.7913414122087726,0.5555555555555556,0.6296296296296297,0.6296296296296297,0.7592592592592593,11.418249396858888,15.008386802427804,0.019398679329853098,0.6296296296296297,28.14814814814815,18.074074074074076,False
published_umbrella,rolling,2014-2018,2014,2018,pooled focal fields,dm_model:sfdm,SFDM,candidate,candidate,candidate,43,13,0.019388064222962742,3.6041655316482912,0.004733763662121338,0.004733763662121297,6,4,0.7013671875,0.5857641470809711,0.5185185185185185,0.4074074074074074,0.4074074074074074,0.48148148148148145,10.840976098493346,14.503635256026374,0.004733763662121338,0.4074074074074074,21.037037037037038,14.518518518518519,False
published_umbrella,rolling,2014-2018,2014,2018,pooled focal fields,dm_model:mirror_dm,Mirror DM,candidate,candidate,candidate,29,9,0.015449863677673432,2.7172999184659115,0.005118649421142999,0.005118649421142973,5,6,0.9771626297577853,0.9643860796544915,0.48148148148148145,0.4444444444444444,0.4444444444444444,0.4074074074074074,10.451824680944991,13.464873495738605,0.005118649421142999,0.4444444444444444,22.22222222222222,15.11111111111111,False
published_umbrella,rolling,2014-2018,2014,2018,pooled focal fields,dm_model:minimal_su_2_l,Minimal SU(2)L,candidate,candidate,candidate,27,8,0.012723417146319298,1.0276610477556125,0.010907875248919813,0.010907875248919787,7,5,0.8829931972789116,0.8165520224050647,0.4444444444444444,0.5185185185185185,0.5185185185185185,0.7592592592592593,10.152365002467077,13.277749196980807,0.010907875248919813,0.5185185185185185,24.59259259259259,16.296296296296298,False
published_umbrella,rolling,2014-2018,2014,2018,pooled focal fields,dm_model:atomic_dm,Atomic DM,candidate,candidate,candidate,30,7,0.008482278097546198,1.0596685864689999,0.006080033433688679,0.006080033433688666,5,4,0.8785714285714284,0.7545806746344834,0.4074074074074074,0.48148148148148145,0.48148148148148145,0.4074074074074074,9.613337507763424,13.553806924220488,0.006080033433688679,0.48148148148148145,23.407407407407405,15.703703703703702,False
published_umbrella,rolling,2014-2018,2014,2018,pooled focal fields,dm_model:macho,MACHO,candidate,candidate,candidate,24,6,0.007270524083611027,3.3050707388589036,0.00011334917524836885,0.00011334917524836133,2,2,0.5999999999999999,0.3868528072345415,0.37037037037037035,0.037037037037037035,0.037037037037037035,0.16666666666666666,9.435424634693677,12.970376126253825,0.00011334917524836885,0.037037037037037035,9.185185185185185,8.592592592592592,False
published_umbrella,rolling,2014-2018,2014,2018,pooled focal fields,dm_model:wimpzilla,WIMPzilla,candidate,candidate,candidate,11,6,0.006361708573159649,1.543351849015411,0.0028515574188714018,0.0028515574188713736,5,4,0.7782312925170067,0.6756134310465511,0.3333333333333333,0.25925925925925924,0.25925925925925924,0.4074074074074074,9.292013196757544,10.979685432611692,0.0028515574188714018,0.25925925925925924,16.296296296296298,12.148148148148149,False
published_umbrella,rolling,2014-2018,2014,2018,pooled focal fields,dm_model:inert_doublet_model,Inert Doublet Model,candidate,candidate,candidate,15,4,0.005755831566192063,0.9768465179874948,0.004178021604028336,0.00417802160402834,3,4,0.8908587257617728,0.7653823190691127,0.2962962962962963,0.37037037037037035,0.37037037037037035,0.3148148148148148,9.190630705443402,11.759944391436312,0.004178021604028336,0.37037037037037035,19.85185185185185,13.925925925925926,False
published_umbrella,rolling,2014-2018,2014,2018,pooled focal fields,dm_model:scotogenic_model,Scotogenic Model,candidate,candidate,candidate,15,3,0.003332323538321721,0.14400257047894602,0.0035046248499850173,0.003504624849985013,3,3,0.7735537190082645,0.5955539999137374,0.25925925925925924,0.3333333333333333,0.3333333333333333,0.3148148148148148,8.718215268373108,11.759944391436312,0.0035046248499850173,0.3333333333333333,18.666666666666664,13.333333333333332,False
published_umbrella,rolling,2014-2018,2014,2018,pooled focal fields,dm_model:lkp_kaluza_klein,LKP Kaluza-Klein,candidate,candidate,candidate,8,2,0.0021205695243865495,0.6803775870233304,0.0013934024635908898,0.0013934024635908933,2,2,0.5877551020408163,0.38113827019130503,0.16666666666666666,0.2222222222222222,0.2222222222222222,0.16666666666666666,8.414138853382415,10.19942647378707,0.0013934024635908898,0.2222222222222222,15.11111111111111,11.555555555555555,False
published_umbrella,rolling,2014-2018,2014,2018,pooled focal fields,dm_model:macroscopic_dm,Macroscopic DM,candidate,candidate,candidate,21,2,0.0021205695243865495,0.2786341999906891,0.001371844159088767,0.0013718441590887538,2,1,0.0,0.0,0.16666666666666666,0.18518518518518517,0.18518518518518517,0.16666666666666666,8.414138853382415,12.623663060308218,0.001371844159088767,0.18518518518518517,13.925925925925926,10.962962962962962,False
published_umbrella,rolling,2014-2018,2014,2018,pooled focal fields,dm_model:q_ball,Q-ball,candidate,candidate,candidate,14,2,0.0021205695243865495,0.8858065752966942,0.00014656440674648292,0.00014656440674648362,2,2,0.5877551020408163,0.38113827019130503,0.16666666666666666,0.07407407407407407,0.07407407407407407,0.16666666666666666,8.414138853382415,11.584901300020448,0.00014656440674648292,0.07407407407407407,10.37037037037037,9.185185185185185,False
published_umbrella,rolling,2014-2018,2014,2018,pooled focal fields,dm_model:superwimp,SuperWIMP,candidate,candidate,candidate,6,2,0.0021205695243865495,0.27778451110203517,0.0034003732853907028,0.0034003732853907127,2,2,0.5877551020408163,0.38113827019130503,0.16666666666666666,0.2962962962962963,0.2962962962962963,0.16666666666666666,8.414138853382415,9.517804805544495,0.0034003732853907028,0.2962962962962963,17.48148148148148,12.74074074074074,False
published_umbrella,rolling,2014-2018,2014,2018,pooled focal fields,dm_model:planckian_dm,Planckian DM,candidate,candidate,candidate,3,2,0.0018176310209027568,0.5537679314422189,0.0012738948185377454,0.0012738948185377257,2,1,0.0,0.0,0.05555555555555555,0.14814814814814814,0.14814814814814814,0.16666666666666666,8.325182416847541,8.0,0.0012738948185377454,0.14814814814814814,12.74074074074074,10.37037037037037,False
published_umbrella,rolling,2014-2018,2014,2018,pooled focal fields,dm_model:quark_nugget_aqn,Quark Nugget / AQN,candidate,candidate,candidate,22,1,0.0018176310209027568,0.18909415421062023,0.0004675285243727712,0.0004675285243727397,1,1,0.0,0.0,0.05555555555555555,0.1111111111111111,0.1111111111111111,0.037037037037037035,8.325182416847541,12.744226311559306,0.0004675285243727712,0.1111111111111111,11.555555555555555,9.777777777777779,False
published_umbrella,rolling,2015-2019,2015,2019,pooled focal fields,dm_model:wimp_related,WIMP-related,candidate,candidate,candidate,1359,164,1.3723619543220584,12.258573093138251,1.0,1.0,7,6,0.8858787976875309,0.8589631717103692,1.0,1.0,1.0,0.7592592592592593,40.0,24.0,1.0,1.0,40.0,24.0,True
published_umbrella,rolling,2015-2019,2015,2019,pooled focal fields,dm_model:axion_alp,Axion + ALP,candidate,candidate,candidate,979,135,0.629950852847644,8.812802257474655,0.2541671943421985,0.2541671943421984,7,6,0.8371676655698636,0.8106827604528114,0.9629629629629629,0.9629629629629629,0.9629629629629629,0.7592592592592593,29.41437022221973,23.10052368695846,0.2541671943421985,0.9629629629629629,38.81481481481481,23.407407407407405,False
published_umbrella,rolling,2015-2019,2015,2019,pooled focal fields,dm_model:sterile_nu,Sterile nu,candidate,candidate,candidate,373,79,0.2633709164498409,12.561777780683167,0.09674478113345242,0.09674478113345246,7,6,0.9485442590318838,0.9127348020008247,0.9259259259259259,0.8518518518518519,0.8518518518518519,0.7592592592592593,21.55473691696414,20.456349354393595,0.09674478113345242,0.8518518518518519,35.25925925925926,21.62962962962963,False
published_umbrella,rolling,2015-2019,2015,2019,pooled focal fields,dm_model:pbh,PBH,candidate,candidate,candidate,322,57,0.19138479329285918,8.854809781040055,0.038865763085989956,0.03886576308598987,7,6,0.8713721123392448,0.8155109047333368,0.8888888888888888,0.7777777777777778,0.7777777777777778,0.7592592592592593,19.433002615372814,20.053934279532818,0.038865763085989956,0.7777777777777778,32.888888888888886,20.444444444444443,False
published_umbrella,rolling,2015-2019,2015,2019,pooled focal fields,dm_model:bino,Bino,candidate,candidate,candidate,106,33,0.13125180688060134,7.099972383552009,0.11783816270423306,0.11783816270423315,7,5,0.8603000252285122,0.7904278501895021,0.8518518518518519,0.9259259259259259,0.9259259259259259,0.7592592592592593,17.326195284597013,17.021280180519376,0.11783816270423306,0.9259259259259259,37.62962962962963,22.814814814814817,False
published_umbrella,rolling,2015-2019,2015,2019,pooled focal fields,dm_model:wino,Wino,candidate,candidate,candidate,119,36,0.12113327551315412,6.527124032271977,0.09925353666475809,0.0992535366647582,7,5,0.8837543645798327,0.8146758895428727,0.8148148148148148,0.8888888888888888,0.8888888888888888,0.7592592592592593,16.927050022666137,17.33602089924895,0.09925353666475809,0.8888888888888888,36.44444444444444,22.22222222222222,False
published_umbrella,rolling,2015-2019,2015,2019,pooled focal fields,dm_model:ula_fuzzy,ULA / Fuzzy,candidate,candidate,candidate,143,37,0.08326105810928018,7.645791754547303,0.016332609143759745,0.01633260914375973,7,6,0.7275462962962962,0.6728633466043569,0.7777777777777778,0.5555555555555556,0.5555555555555556,0.7592592592592593,15.260061562827374,17.836479318330802,0.016332609143759745,0.5555555555555556,25.77777777777778,16.88888888888889,False
published_umbrella,rolling,2015-2019,2015,2019,pooled focal fields,dm_model:vector_dm,Vector DM,candidate,candidate,candidate,53,19,0.04943625325238508,4.0525525381359,0.034129143037855206,0.03412914303785524,7,6,0.9539755822304299,0.9351190752723925,0.7407407407407407,0.7407407407407407,0.7407407407407407,0.7592592592592593,13.40491281925927,15.144179702294641,0.034129143037855206,0.7407407407407407,31.703703703703702,19.85185185185185,False
published_umbrella,rolling,2015-2019,2015,2019,pooled focal fields,dm_model:asymmetric_dm,Asymmetric DM,candidate,candidate,candidate,93,21,0.046834345186470075,3.056003620620155,0.029392874165377066,0.0293928741653771,7,6,0.9605852766346594,0.9457588229677049,0.7037037037037037,0.7037037037037037,0.7037037037037037,0.7592592592592593,13.238746575059192,16.66571933452196,0.029392874165377066,0.7037037037037037,30.51851851851852,19.25925925925926,False
published_umbrella,rolling,2015-2019,2015,2019,pooled focal fields,dm_model:dark_photon,Dark Photon,candidate,candidate,candidate,84,22,0.04452153801676785,3.64023681819334,0.025216775651412785,0.025216775651412796,7,6,0.9777702816663856,0.9682325881922941,0.6666666666666666,0.6296296296296297,0.6296296296296297,0.7592592592592593,13.087123956210561,16.38946072479844,0.025216775651412785,0.6296296296296297,28.14814814814815,18.074074074074076,False
published_umbrella,rolling,2015-2019,2015,2019,pooled focal fields,dm_model:twin_higgs,Twin Higgs,candidate,candidate,candidate,59,15,0.04163052905464006,2.4779954379820963,0.04030946134991295,0.040309461349912985,7,6,0.8021990740740741,0.7501680193088216,0.6296296296296297,0.8148148148148148,0.8148148148148148,0.7592592592592593,12.891943750814187,15.433386080448562,0.04030946134991295,0.8148148148148148,34.074074074074076,21.037037037037038,False
published_umbrella,rolling,2015-2019,2015,2019,pooled focal fields,dm_model:generic_composite,Generic Composite,candidate,candidate,candidate,55,12,0.028620988725065043,1.8026693684207808,0.025108329298666653,0.02510832929866667,7,6,0.8607284970921336,0.8365743646913206,0.5925925925925926,0.5925925925925926,0.5925925925925926,0.7592592592592593,11.915205448852241,15.244006042237846,0.025108329298666653,0.5925925925925926,26.962962962962962,17.48148148148148,False
published_umbrella,rolling,2015-2019,2015,2019,pooled focal fields,dm_model:axino,Axino,candidate,candidate,candidate,31,15,0.02746458514021393,3.4368484373915624,0.027688289161765946,0.027688289161765984,7,5,0.7041772853185595,0.6669762325692105,0.5555555555555556,0.6666666666666666,0.6666666666666666,0.7592592592592593,11.818452334209194,13.707904456401172,0.027688289161765946,0.6666666666666666,29.333333333333332,18.666666666666664,False
published_umbrella,rolling,2015-2019,2015,2019,pooled focal fields,dm_model:minimal_su_2_l,Minimal SU(2)L,candidate,candidate,candidate,32,8,0.01358774212200058,0.9081961584153116,0.015068304768785559,0.01506830476878557,7,5,0.9050248981439566,0.841335519045247,0.5185185185185185,0.5185185185185185,0.5185185185185185,0.7592592592592593,10.441030928987168,13.792370253642545,0.015068304768785559,0.5185185185185185,24.59259259259259,16.296296296296298,False
published_umbrella,rolling,2015-2019,2015,2019,pooled focal fields,dm_model:sfdm,SFDM,candidate,candidate,candidate,34,9,0.012431338537149464,2.981685345181489,0.0021644700669501806,0.002164470066950179,5,2,0.5737155219037318,0.3745372444690609,0.48148148148148145,0.3333333333333333,0.3333333333333333,0.4444444444444444,10.2989522877196,13.953882825920225,0.0021644700669501806,0.3333333333333333,18.666666666666664,13.333333333333332,False
published_umbrella,rolling,2015-2019,2015,2019,pooled focal fields,dm_model:mirror_dm,Mirror DM,candidate,candidate,candidate,25,7,0.010985834056085574,2.1374480417610204,0.004534616214470461,0.004534616214470465,5,6,0.9623268698060944,0.9459340321379602,0.4444444444444444,0.4074074074074074,0.4074074074074074,0.4444444444444444,10.111704200003205,13.137950633806755,0.004534616214470461,0.4074074074074074,21.037037037037038,14.518518518518519,False
published_umbrella,rolling,2015-2019,2015,2019,pooled focal fields,dm_model:scotogenic_model,Scotogenic Model,candidate,candidate,candidate,21,7,0.009251228678808903,1.0443900866195193,0.008201971802484618,0.008201971802484628,5,5,0.93984375,0.8746652452413574,0.4074074074074074,0.4444444444444444,0.4444444444444444,0.4444444444444444,9.869888262112228,12.679400232077926,0.008201971802484618,0.4444444444444444,22.22222222222222,15.11111111111111,False
published_umbrella,rolling,2015-2019,2015,2019,pooled focal fields,dm_model:inert_doublet_model,Inert Doublet Model,candidate,candidate,candidate,20,5,0.008383925990170571,1.010090550533525,0.008292390131234121,0.00829239013123413,4,4,0.8732461355529132,0.7471686251674339,0.37037037037037035,0.48148148148148145,0.48148148148148145,0.35185185185185186,9.740447665475413,12.551706426201683,0.008292390131234121,0.48148148148148145,23.407407407407405,15.703703703703702,False
published_umbrella,rolling,2015-2019,2015,2019,pooled focal fields,dm_model:wimpzilla,WIMPzilla,candidate,candidate,candidate,16,5,0.006938421509106679,1.122779648346172,0.004377125953896924,0.004377125953896924,4,4,0.7875,0.6769924126604477,0.3333333333333333,0.37037037037037035,0.37037037037037035,0.35185185185185186,9.508815116364623,11.971679484714887,0.004377125953896924,0.37037037037037035,19.85185185185185,13.925925925925926,False
published_umbrella,rolling,2015-2019,2015,2019,pooled focal fields,dm_model:macho,MACHO,candidate,candidate,candidate,19,5,0.005492917028042787,2.509193233810846,0.00015984229974173492,0.00015984229974173384,2,2,0.5983379501385041,0.3860794435485528,0.2962962962962963,0.1111111111111111,0.1111111111111111,0.2222222222222222,9.251505347589529,12.417781240083553,0.00015984229974173492,0.1111111111111111,11.555555555555555,9.777777777777779,False
published_umbrella,rolling,2015-2019,2015,2019,pooled focal fields,dm_model:quark_nugget_aqn,Quark Nugget / AQN,candidate,candidate,candidate,30,2,0.003180109858340561,0.1823387243977308,0.0020401248135840794,0.002040124813584075,2,1,0.0,0.0,0.25925925925925924,0.2962962962962963,0.2962962962962963,0.2222222222222222,8.754936224120518,13.620756761713714,0.0020401248135840794,0.2962962962962963,17.48148148148148,12.74074074074074,False
published_umbrella,rolling,2015-2019,2015,2019,pooled focal fields,dm_model:macroscopic_dm,Macroscopic DM,candidate,candidate,candidate,27,3,0.0028910089621277824,0.32094726084715053,0.0018590074480514527,0.0018590074480514527,3,2,0.5039999999999999,0.34092985835764694,0.2222222222222222,0.18518518518518517,0.18518518518518517,0.2962962962962963,8.68140085061759,13.341371223437452,0.0018590074480514527,0.18518518518518517,13.925925925925926,10.962962962962962,False
published_umbrella,rolling,2015-2019,2015,2019,pooled focal fields,dm_model:planckian_dm,Planckian DM,candidate,candidate,candidate,4,2,0.002023706273489448,0.5098951243803191,0.0019367968435587168,0.001936796843558717,2,1,0.0,0.0,0.18518518518518517,0.2222222222222222,0.2222222222222222,0.2222222222222222,8.435312970917938,8.61251160248277,0.0019367968435587168,0.2222222222222222,15.11111111111111,11.555555555555555,False
published_umbrella,rolling,2015-2019,2015,2019,pooled focal fields,dm_model:atomic_dm,Atomic DM,candidate,candidate,candidate,17,1,0.0011564035848511131,0.0,0.0016010885625939726,0.001601088562594006,1,1,0.0,0.0,0.12962962962962962,0.14814814814814814,0.14814814814814814,0.09259259259259259,8.127658634931246,12.12857486192963,0.0016010885625939726,0.14814814814814814,12.74074074074074,10.37037037037037,False
published_umbrella,rolling,2015-2019,2015,2019,pooled focal fields,dm_model:superwimp,SuperWIMP,candidate,candidate,candidate,4,1,0.0011564035848511131,0.24251092259079646,0.001954251009856429,0.0019542510098564314,1,1,0.0,0.0,0.12962962962962962,0.25925925925925924,0.25925925925925924,0.09259259259259259,8.127658634931246,8.61251160248277,0.001954251009856429,0.25925925925925924,16.296296296296298,12.148148148148149,False
published_umbrella,rolling,2015-2019,2015,2019,pooled focal fields,dm_model:lkp_kaluza_klein,LKP Kaluza-Klein,candidate,candidate,candidate,6,1,0.0008673026886383347,0.5798894681102259,3.383234013303814e-05,3.3832340133038085e-05,1,1,0.0,0.0,0.05555555555555555,0.07407407407407407,0.07407407407407407,0.09259259259259259,8.0,9.536101585836672,3.383234013303814e-05,0.07407407407407407,10.37037037037037,9.185185185185185,False
published_umbrella,rolling,2015-2019,2015,2019,pooled focal fields,dm_model:superfluid_dm,Superfluid DM,candidate,candidate,candidate,6,1,0.0008673026886383347,0.7309096431400061,2.8089235350954194e-06,2.8089235350953664e-06,1,1,0.0,0.0,0.05555555555555555,0.037037037037037035,0.037037037037037035,0.09259259259259259,8.0,9.536101585836672,2.8089235350954194e-06,0.037037037037037035,9.185185185185185,8.592592592592592,False
published_umbrella,rolling,2016-2020,2016,2020,pooled focal fields,dm_model:wimp_related,WIMP-related,candidate,candidate,candidate,1230,159,1.171016856987493,13.78091829894002,1.0,1.0,8,6,0.890735040807269,0.8648024190248456,1.0,1.0,1.0,0.8448275862068966,40.0,24.0,1.0,1.0,40.0,24.0,True
published_umbrella,rolling,2016-2020,2016,2020,pooled focal fields,dm_model:axion_alp,Axion + ALP,candidate,candidate,candidate,1148,159,0.6786296900489397,8.94263015880717,0.32596122494221563,0.32596122494221436,8,6,0.8517512635601578,0.8270249266088211,0.9655172413793104,0.9655172413793104,0.9655172413793104,0.8448275862068966,32.15333379511557,23.807487838174815,0.32596122494221563,0.9655172413793104,38.896551724137936,23.448275862068968,False
published_umbrella,rolling,2016-2020,2016,2020,pooled focal fields,dm_model:sterile_nu,Sterile nu,candidate,candidate,candidate,386,86,0.25557368134855907,12.581877425780513,0.1176683951384435,0.11766839513844338,8,6,0.9509660479855138,0.9174153976938616,0.9310344827586207,0.9310344827586207,0.9310344827586207,0.8448275862068966,22.487296970296633,20.768443183571506,0.1176683951384435,0.9310344827586207,37.79310344827586,22.89655172413793,False
published_umbrella,rolling,2016-2020,2016,2020,pooled focal fields,dm_model:pbh,PBH,candidate,candidate,candidate,443,69,0.2422512234910278,8.469245231249127,0.06423442842003806,0.06423442842003756,8,6,0.8651513262063204,0.809606367943255,0.896551724137931,0.8275862068965517,0.8275862068965517,0.8448275862068966,22.081737794502494,21.15215543552789,0.06423442842003806,0.8275862068965517,34.48275862068965,21.241379310344826,False
published_umbrella,rolling,2016-2020,2016,2020,pooled focal fields,dm_model:bino,Bino,candidate,candidate,candidate,91,32,0.10603588907014681,7.366056382712723,0.11206607282042919,0.11206607282042934,8,5,0.8715108481262327,0.8025124269957439,0.8620689655172413,0.896551724137931,0.896551724137931,0.8448275862068966,17.022889716136454,16.75639512484866,0.11206607282042919,0.896551724137931,36.689655172413794,22.344827586206897,False
published_umbrella,rolling,2016-2020,2016,2020,pooled focal fields,dm_model:ula_fuzzy,ULA / Fuzzy,candidate,candidate,candidate,172,42,0.0935290918977705,8.663892638862581,0.022023886199480265,0.022023886199480144,7,6,0.7371214169821525,0.6940506118900988,0.8275862068965517,0.5862068965517241,0.5862068965517241,0.6379310344827587,16.421318890083818,18.51997354742174,0.022023886199480265,0.5862068965517241,26.75862068965517,17.379310344827587,False
published_umbrella,rolling,2016-2020,2016,2020,pooled focal fields,dm_model:wino,Wino,candidate,candidate,candidate,96,27,0.0851005981511691,5.22206686036375,0.0856745330150336,0.08567453301503374,8,5,0.8797313435882778,0.8105502661507544,0.7931034482758621,0.8620689655172413,0.8620689655172413,0.8448275862068966,15.992905135045518,16.904189834765788,0.0856745330150336,0.8620689655172413,35.58620689655172,21.79310344827586,False
published_umbrella,rolling,2016-2020,2016,2020,pooled focal fields,dm_model:vector_dm,Vector DM,candidate,candidate,candidate,59,23,0.0524741707449701,5.033866504456395,0.04391997544952464,0.043919975449524654,8,6,0.9656312921152246,0.9526934310938667,0.7586206896551724,0.7931034482758621,0.7931034482758621,0.8448275862068966,14.09012280306353,15.562685798720233,0.04391997544952464,0.7931034482758621,33.37931034482759,20.689655172413794,False
published_umbrella,rolling,2016-2020,2016,2020,pooled focal fields,dm_model:dark_photon,Dark Photon,candidate,candidate,candidate,94,26,0.050842849374660146,4.1372276171477695,0.03227061898432899,0.03227061898432898,8,6,0.9757442306042494,0.9672167761973488,0.7241379310344828,0.7241379310344828,0.7241379310344828,0.8448275862068966,13.981120312181973,16.846007141887604,0.03227061898432899,0.7241379310344828,31.17241379310345,19.586206896551722,False
published_umbrella,rolling,2016-2020,2016,2020,pooled focal fields,dm_model:asymmetric_dm,Asymmetric DM,candidate,candidate,candidate,89,22,0.04241435562805874,3.145057527338918,0.031990372207335985,0.03199037220733587,8,6,0.9479289940828404,0.9251429475962598,0.6896551724137931,0.6896551724137931,0.6896551724137931,0.8448275862068966,13.387754024980513,16.69501533002586,0.031990372207335985,0.6896551724137931,30.06896551724138,19.03448275862069,False
published_umbrella,rolling,2016-2020,2016,2020,pooled focal fields,dm_model:twin_higgs,Twin Higgs,candidate,candidate,candidate,51,12,0.029091897770527463,2.202471196342864,0.03583402987537532,0.0358340298753753,7,5,0.7948991178268845,0.7254238187081478,0.6551724137931034,0.7586206896551724,0.7586206896551724,0.6379310344827587,12.313044588011978,15.163052617051104,0.03583402987537532,0.7586206896551724,32.275862068965516,20.137931034482758,False
published_umbrella,rolling,2016-2020,2016,2020,pooled focal fields,dm_model:generic_composite,Generic Composite,candidate,candidate,candidate,53,12,0.027732463295269176,1.8694453728213438,0.029756584978176966,0.029756584978176945,8,6,0.8440599769319492,0.832197635048044,0.6206896551724138,0.6551724137931034,0.6551724137931034,0.8448275862068966,12.190557200194876,15.268448832512231,0.029756584978176966,0.6551724137931034,28.96551724137931,18.482758620689655,False
published_umbrella,rolling,2016-2020,2016,2020,pooled focal fields,dm_model:axino,Axino,candidate,candidate,candidate,24,12,0.017944535073409467,2.0327603556957197,0.023400613706234214,0.02340061370623422,6,4,0.5338842975206612,0.4897137034894998,0.5862068965517241,0.6206896551724138,0.6206896551724138,0.5689655172413793,11.20121141146986,13.117792057638518,0.023400613706234214,0.6206896551724138,27.862068965517242,17.93103448275862,False
published_umbrella,rolling,2016-2020,2016,2020,pooled focal fields,dm_model:scotogenic_model,Scotogenic Model,candidate,candidate,candidate,31,8,0.012234910277324632,1.2222944116752528,0.012911116735101607,0.012911116735101622,6,5,0.9339259259259258,0.8688049046688395,0.5517241379310345,0.5172413793103449,0.5172413793103449,0.5689655172413793,10.492138466610623,13.80719035789302,0.012911116735101607,0.5172413793103449,24.551724137931036,16.275862068965516,False
published_umbrella,rolling,2016-2020,2016,2020,pooled focal fields,dm_model:minimal_su_2_l,Minimal SU(2)L,candidate,candidate,candidate,31,5,0.011147362697117998,0.4545820823827478,0.01814623168125971,0.018146231681259735,5,4,0.8080904223676383,0.6987864810720137,0.5,0.5517241379310345,0.5517241379310345,0.46551724137931033,10.339349590470938,13.80719035789302,0.01814623168125971,0.5517241379310345,25.655172413793103,16.82758620689655,False
published_umbrella,rolling,2016-2020,2016,2020,pooled focal fields,dm_model:mirror_dm,Mirror DM,candidate,candidate,candidate,28,8,0.011147362697117998,1.932432982926958,0.005823552681321834,0.005823552681321829,5,6,0.9608566329565734,0.9437517238215629,0.5,0.41379310344827586,0.41379310344827586,0.46551724137931033,10.339349590470938,13.532279892648777,0.005823552681321834,0.41379310344827586,21.241379310344826,14.620689655172413,False
published_umbrella,rolling,2016-2020,2016,2020,pooled focal fields,dm_model:wimpzilla,WIMPzilla,candidate,candidate,candidate,18,7,0.00897226753670473,1.6784804057158826,0.006985559277727396,0.0069855592777273825,5,4,0.6214876033057852,0.5580366143095354,0.4482758620689655,0.4482758620689655,0.4482758620689655,0.46551724137931033,10.009531228355284,12.351380993770672,0.006985559277727396,0.4482758620689655,22.344827586206897,15.172413793103448,False
published_umbrella,rolling,2016-2020,2016,2020,pooled focal fields,dm_model:macho,MACHO,candidate,candidate,candidate,27,7,0.008428493746601415,2.8081377194524233,0.0007238600519021586,0.0007238600519021482,4,2,0.5943808532778355,0.3842352914065921,0.41379310344827586,0.10344827586206896,0.10344827586206896,0.3448275862068966,9.920987770668656,13.434281478185476,0.0007238600519021586,0.10344827586206896,11.310344827586206,9.655172413793103,False
published_umbrella,rolling,2016-2020,2016,2020,pooled focal fields,dm_model:sfdm,SFDM,candidate,candidate,candidate,26,7,0.008156606851549755,1.9843075280300586,0.0025212326387779507,0.0025212326387779403,5,2,0.576,0.37561496315083553,0.3793103448275862,0.27586206896551724,0.27586206896551724,0.46551724137931033,9.875644472325943,13.33271871321456,0.0025212326387779507,0.27586206896551724,16.82758620689655,12.413793103448276,False
published_umbrella,rolling,2016-2020,2016,2020,pooled focal fields,dm_model:inert_doublet_model,Inert Doublet Model,candidate,candidate,candidate,19,5,0.0076128330614464385,1.0996719488796471,0.009094703181067672,0.009094703181067684,4,4,0.8724489795918366,0.7472295183177499,0.3448275862068966,0.4827586206896552,0.4827586206896552,0.3448275862068966,9.782631395057127,12.494626148116932,0.009094703181067672,0.4827586206896552,23.448275862068968,15.724137931034484,False
published_umbrella,rolling,2016-2020,2016,2020,pooled focal fields,dm_model:planckian_dm,Planckian DM,candidate,candidate,candidate,5,4,0.004078303425774877,1.1642021782376901,0.004205902774219249,0.00420590277421924,4,3,0.672,0.5303560860446522,0.3103448275862069,0.3793103448275862,0.3793103448275862,0.3448275862068966,9.072213856769926,9.13232953130563,0.004205902774219249,0.3793103448275862,20.137931034482758,14.068965517241379,False
published_umbrella,rolling,2016-2020,2016,2020,pooled focal fields,dm_model:quark_nugget_aqn,Quark Nugget / AQN,candidate,candidate,candidate,42,2,0.003806416530723219,0.1179233581395256,0.00420371944664553,0.0042037194466455095,2,1,0.0,0.0,0.27586206896551724,0.3448275862068966,0.3448275862068966,0.22413793103448276,9.006443679094117,14.632323882364904,0.00420371944664553,0.3448275862068966,19.03448275862069,13.517241379310345,False
published_umbrella,rolling,2016-2020,2016,2020,pooled focal fields,dm_model:macroscopic_dm,Macroscopic DM,candidate,candidate,candidate,31,3,0.002990755845568244,0.1723019517171014,0.0028483385576147133,0.002848338557614707,3,3,0.7735537190082645,0.5955539999137374,0.2413793103448276,0.3103448275862069,0.3103448275862069,0.27586206896551724,8.793580437850343,13.80719035789302,0.0028483385576147133,0.3103448275862069,17.93103448275862,12.96551724137931,False
published_umbrella,rolling,2016-2020,2016,2020,pooled focal fields,dm_model:superfluid_dm,Superfluid DM,candidate,candidate,candidate,8,2,0.0019032082653616094,1.2026477562208593,7.646694226223217e-05,7.64669422622313e-05,2,1,0.0,0.0,0.20689655172413793,0.06896551724137931,0.06896551724137931,0.22413793103448276,8.457596081662976,10.264659062611258,7.646694226223217e-05,0.06896551724137931,10.206896551724139,9.10344827586207,False
published_umbrella,rolling,2016-2020,2016,2020,pooled focal fields,dm_model:atomic_dm,Atomic DM,candidate,candidate,candidate,14,1,0.0008156606851549756,0.0,0.0015112847135593304,0.0015112847135593233,1,1,0.0,0.0,0.10344827586206896,0.1724137931034483,0.15517241379310345,0.10344827586206896,8.0,11.691225560124888,0.0015112847135593304,0.1724137931034483,13.517241379310345,10.758620689655173,False
published_umbrella,rolling,2016-2020,2016,2020,pooled focal fields,dm_model:lkp_kaluza_klein,LKP Kaluza-Klein,candidate,candidate,candidate,5,1,0.0008156606851549756,0.6192019142004265,3.582367408754953e-05,3.582367408754941e-05,1,1,0.0,0.0,0.10344827586206896,0.034482758620689655,0.034482758620689655,0.10344827586206896,8.0,9.13232953130563,3.582367408754953e-05,0.034482758620689655,9.10344827586207,8.551724137931034,False
published_umbrella,rolling,2016-2020,2016,2020,pooled focal fields,dm_model:majoron,Majoron,candidate,candidate,candidate,6,1,0.0008156606851549756,0.10720267541243818,0.0015112847135593244,0.0015112847135593233,1,1,0.0,0.0,0.10344827586206896,0.13793103448275862,0.15517241379310345,0.10344827586206896,8.0,9.562821239590129,0.0015112847135593244,0.13793103448275862,12.413793103448276,10.206896551724139,False
published_umbrella,rolling,2016-2020,2016,2020,pooled focal fields,dm_model:q_ball,Q-ball,candidate,candidate,candidate,15,1,0.0008156606851549756,0.02586710213023924,0.001834703255361664,0.0018347032553616678,1,1,0.0,0.0,0.10344827586206896,0.2413793103448276,0.2413793103448276,0.10344827586206896,8.0,11.871460238595347,0.001834703255361664,0.2413793103448276,15.724137931034484,11.862068965517242,False
published_umbrella,rolling,2016-2020,2016,2020,pooled focal fields,dm_model:superwimp,SuperWIMP,candidate,candidate,candidate,3,1,0.0008156606851549756,0.2559067197365015,0.0015785625013131647,0.0015785625013131682,1,1,0.0,0.0,0.10344827586206896,0.20689655172413793,0.20689655172413793,0.10344827586206896,8.0,8.0,0.0015785625013131647,0.20689655172413793,14.620689655172413,11.310344827586206,False
published_umbrella,rolling,2017-2021,2017,2021,pooled focal fields,dm_model:wimp_related,WIMP-related,candidate,candidate,candidate,1141,150,0.9766459627329191,14.985923133989633,1.0,1.0,8,6,0.8935447069944329,0.8686971900810422,1.0,1.0,1.0,0.8035714285714286,40.0,23.48744580624415,1.0,1.0,40.0,24.0,True
published_umbrella,rolling,2017-2021,2017,2021,pooled focal fields,dm_model:axion_alp,Axion + ALP,candidate,candidate,candidate,1376,185,0.7453416149068323,9.243499212448903,0.4580134759927337,0.45801347599273423,8,6,0.8651821333333334,0.8426477876439856,0.9642857142857143,0.9642857142857143,0.9642857142857143,0.8035714285714286,35.840053089243796,24.0,0.4580134759927337,0.9642857142857143,38.85714285714286,23.42857142857143,False
published_umbrella,rolling,2017-2021,2017,2021,pooled focal fields,dm_model:pbh,PBH,candidate,candidate,candidate,618,93,0.33068322981366477,9.678636377040025,0.12343094762791207,0.12343094762791228,8,6,0.886250261774785,0.8436051220728301,0.9285714285714286,0.8571428571428571,0.8571428571428571,0.8035714285714286,26.240214706018218,21.80994532182629,0.12343094762791207,0.8571428571428571,35.42857142857143,21.714285714285715,False
published_umbrella,rolling,2017-2021,2017,2021,pooled focal fields,dm_model:sterile_nu,Sterile nu,candidate,candidate,candidate,386,89,0.2377639751552795,12.843109344136508,0.14170491242012054,0.14170491242012068,8,6,0.9557793915809267,0.9274065945780898,0.8928571428571429,0.9285714285714286,0.9285714285714286,0.8035714285714286,23.328433493487005,20.523450600479492,0.14170491242012054,0.9285714285714286,37.714285714285715,22.857142857142858,False
published_umbrella,rolling,2017-2021,2017,2021,pooled focal fields,dm_model:ula_fuzzy,ULA / Fuzzy,candidate,candidate,candidate,218,59,0.11478260869565216,10.630814467441036,0.03144580192205307,0.03144580192205312,8,6,0.7365941417889471,0.6941488634324503,0.8571428571428571,0.6071428571428571,0.6071428571428571,0.8035714285714286,18.372864752501428,18.963944814024877,0.03144580192205307,0.6071428571428571,27.428571428571427,17.714285714285715,False
published_umbrella,rolling,2017-2021,2017,2021,pooled focal fields,dm_model:bino,Bino,candidate,candidate,candidate,91,30,0.09913043478260869,7.893068513853297,0.12715162670861035,0.12715162670861047,8,5,0.8580096858688073,0.7885278039555197,0.8214285714285714,0.8928571428571429,0.8928571428571429,0.8035714285714286,17.575457693320182,16.588383110433995,0.12715162670861035,0.8928571428571429,36.57142857142857,22.285714285714285,False
published_umbrella,rolling,2017-2021,2017,2021,pooled focal fields,dm_model:wino,Wino,candidate,candidate,candidate,111,30,0.09391304347826085,6.4583557670308585,0.11818898231640403,0.11818898231640407,8,5,0.862299487696313,0.79019835952153,0.7857142857142857,0.8214285714285714,0.8214285714285714,0.8035714285714286,17.295818321182118,17.127189197260307,0.11818898231640403,0.8214285714285714,34.285714285714285,21.142857142857142,False
published_umbrella,rolling,2017-2021,2017,2021,pooled focal fields,dm_model:dark_photon,Dark Photon,candidate,candidate,candidate,117,31,0.0648447204968944,5.33001619030521,0.050020073547476916,0.050020073547477006,8,6,0.9818646232439336,0.9758524600826476,0.75,0.75,0.75,0.8035714285714286,15.570661470309059,17.27013037663116,0.050020073547476916,0.75,32.0,20.0,False
published_umbrella,rolling,2017-2021,2017,2021,pooled focal fields,dm_model:vector_dm,Vector DM,candidate,candidate,candidate,63,25,0.048944099378881986,5.573772476112756,0.050548752591518115,0.05054875259151816,8,6,0.9488932979463526,0.9236436157859019,0.7142857142857143,0.7857142857142857,0.7857142857142857,0.8035714285714286,14.45799502081853,15.594354355141942,0.050548752591518115,0.7857142857142857,33.14285714285714,20.57142857142857,False
published_umbrella,rolling,2017-2021,2017,2021,pooled focal fields,dm_model:asymmetric_dm,Asymmetric DM,candidate,candidate,candidate,89,26,0.04173913043478261,4.591020870828637,0.03538184728699655,0.035381847286996566,8,6,0.9494047619047619,0.9210444854552818,0.6785714285714286,0.6428571428571429,0.6428571428571429,0.8035714285714286,13.89416922696445,16.528181031192272,0.03538184728699655,0.6428571428571429,28.571428571428573,18.285714285714285,False
published_umbrella,rolling,2017-2021,2017,2021,pooled focal fields,dm_model:generic_composite,Generic Composite,candidate,candidate,candidate,61,17,0.03130434782608696,3.2112521184057403,0.04143838107014909,0.04143838107014916,8,6,0.8347694633408921,0.8222107990980227,0.6428571428571429,0.7142857142857143,0.7142857142857143,0.8035714285714286,12.982700099234766,15.507391992718194,0.04143838107014909,0.7142857142857143,30.857142857142858,19.42857142857143,False
published_umbrella,rolling,2017-2021,2017,2021,pooled focal fields,dm_model:twin_higgs,Twin Higgs,candidate,candidate,candidate,45,13,0.025341614906832306,2.458723439886417,0.03641216166908133,0.03641216166908136,8,6,0.8959630911188003,0.871972985580995,0.6071428571428571,0.6785714285714286,0.6785714285714286,0.8035714285714286,12.391958279076526,14.68979452164851,0.03641216166908133,0.6785714285714286,29.714285714285715,18.857142857142858,False
published_umbrella,rolling,2017-2021,2017,2021,pooled focal fields,dm_model:axino,Axino,candidate,candidate,candidate,21,8,0.011925465838509317,1.275643175830001,0.021598421073837484,0.021598421073837495,6,4,0.49999999999999967,0.4671320180863539,0.5357142857142857,0.5714285714285714,0.5714285714285714,0.5178571428571429,10.727386884412663,12.66944880604299,0.021598421073837484,0.5714285714285714,26.285714285714285,17.142857142857142,False
published_umbrella,rolling,2017-2021,2017,2021,pooled focal fields,dm_model:mirror_dm,Mirror DM,candidate,candidate,candidate,34,9,0.011925465838509317,1.9815501957041295,0.007612426013216743,0.007612426013216756,6,6,0.925,0.8987721766481472,0.5357142857142857,0.42857142857142855,0.42857142857142855,0.5178571428571429,10.727386884412663,13.941221027051931,0.007612426013216743,0.42857142857142855,21.714285714285715,14.857142857142858,False
published_umbrella,rolling,2017-2021,2017,2021,pooled focal fields,dm_model:sfdm,SFDM,candidate,candidate,candidate,32,10,0.011925465838509317,2.565160549200032,0.004116987176096515,0.00411698717609652,6,4,0.646875,0.5507990697343527,0.5357142857142857,0.2857142857142857,0.2857142857142857,0.5178571428571429,10.727386884412663,13.7800519347796,0.004116987176096515,0.2857142857142857,17.142857142857142,12.571428571428571,False
published_umbrella,rolling,2017-2021,2017,2021,pooled focal fields,dm_model:scotogenic_model,Scotogenic Model,candidate,candidate,candidate,33,8,0.011180124223602485,1.2447412279235646,0.014659318813210566,0.014659318813210585,6,5,0.920888888888889,0.8541440658270014,0.4642857142857143,0.5,0.5,0.5178571428571429,10.611912365860706,13.861821718697108,0.014659318813210566,0.5,24.0,16.0,False
published_umbrella,rolling,2017-2021,2017,2021,pooled focal fields,dm_model:inert_doublet_model,Inert Doublet Model,candidate,candidate,candidate,22,6,0.008695652173913045,1.3775089661891358,0.011571139425738747,0.011571139425738758,5,4,0.8698775510204083,0.7409070827539275,0.42857142857142855,0.4642857142857143,0.4642857142857143,0.4107142857142857,10.196137607895835,12.791205932863026,0.011571139425738747,0.4642857142857143,22.857142857142858,15.428571428571429,False
published_umbrella,rolling,2017-2021,2017,2021,pooled focal fields,dm_model:minimal_su_2_l,Minimal SU(2)L,candidate,candidate,candidate,26,5,0.0084472049689441,0.5027916400374486,0.016894046249315953,0.016894046249315967,5,4,0.8200692041522493,0.7077453524555185,0.39285714285714285,0.5357142857142857,0.5357142857142857,0.4107142857142857,10.151455183856852,13.230397974995313,0.016894046249315953,0.5357142857142857,25.142857142857142,16.57142857142857,False
published_umbrella,rolling,2017-2021,2017,2021,pooled focal fields,dm_model:macho,MACHO,candidate,candidate,candidate,28,7,0.008198757763975157,2.7575872609426897,0.0012726126280158418,0.0012726126280158444,3,3,0.6920110192837465,0.5205766804889793,0.35714285714285715,0.14285714285714285,0.14285714285714285,0.25,10.106110689773518,13.426130104314996,0.0012726126280158418,0.14285714285714285,12.571428571428571,10.285714285714285,False
published_umbrella,rolling,2017-2021,2017,2021,pooled focal fields,dm_model:wimpzilla,WIMPzilla,candidate,candidate,candidate,20,5,0.005962732919254659,1.4376272285482203,0.005643131883945806,0.005643131883945815,3,3,0.7208333333333333,0.5611617220913482,0.32142857142857145,0.35714285714285715,0.35714285714285715,0.25,9.662276053045705,12.542026559640458,0.005643131883945806,0.35714285714285715,19.42857142857143,13.714285714285715,False
published_umbrella,rolling,2017-2021,2017,2021,pooled focal fields,dm_model:quark_nugget_aqn,Quark Nugget / AQN,candidate,candidate,candidate,50,4,0.005714285714285714,0.4432765637948658,0.0066900160252861204,0.0066900160252861265,4,2,0.5081285444234405,0.3429608331164423,0.2857142857142857,0.39285714285714285,0.39285714285714285,0.3392857142857143,9.608135147137114,14.972424847433718,0.0066900160252861204,0.39285714285714285,20.57142857142857,14.285714285714285,False
published_umbrella,rolling,2017-2021,2017,2021,pooled focal fields,dm_model:planckian_dm,Planckian DM,candidate,candidate,candidate,4,4,0.0032298136645962736,1.1901635706139482,0.004369010459206049,0.004369010459206055,4,3,0.7242603550295857,0.5637474095724163,0.25,0.32142857142857145,0.32142857142857145,0.3392857142857143,8.983373886753016,8.611209007362596,0.004369010459206049,0.32142857142857145,18.285714285714285,13.142857142857142,False
published_umbrella,rolling,2017-2021,2017,2021,pooled focal fields,dm_model:macroscopic_dm,Macroscopic DM,candidate,candidate,candidate,35,3,0.002732919254658385,0.16097659905320397,0.00307024175455103,0.0030702417545510332,3,3,0.7933884297520661,0.6083738791013144,0.21428571428571427,0.21428571428571427,0.21428571428571427,0.25,8.831720462846302,14.01838343504419,0.00307024175455103,0.21428571428571427,14.857142857142858,11.428571428571429,False
published_umbrella,rolling,2017-2021,2017,2021,pooled focal fields,dm_model:atomic_dm,Atomic DM,candidate,candidate,candidate,21,2,0.002484472049689441,0.3357809167271151,0.0038704341189727694,0.0038704341189727686,2,2,0.576,0.37561496315083553,0.17857142857142858,0.25,0.25,0.16071428571428573,8.75070583812528,12.66944880604299,0.0038704341189727694,0.25,16.0,12.0,False
published_umbrella,rolling,2017-2021,2017,2021,pooled focal fields,dm_model:superfluid_dm,Superfluid DM,candidate,candidate,candidate,11,2,0.002236024844720497,1.1644502468922364,0.00012115842366291984,0.00012115842366292001,2,1,0.0,0.0,0.14285714285714285,0.07142857142857142,0.07142857142857142,0.16071428571428573,8.665528590429018,11.009191717522095,0.00012115842366291984,0.07142857142857142,10.285714285714285,9.142857142857142,False
published_umbrella,rolling,2017-2021,2017,2021,pooled focal fields,dm_model:glueball,Glueball,candidate,candidate,candidate,7,1,0.0007453416149068323,0.19289935884843457,0.000972943341436014,0.0009729433414360156,1,1,0.0,0.0,0.07142857142857142,0.10714285714285714,0.10714285714285714,0.07142857142857142,8.0,9.898588588785486,0.000972943341436014,0.10714285714285714,11.428571428571429,9.714285714285714,False
published_umbrella,rolling,2017-2021,2017,2021,pooled focal fields,dm_model:lkp_kaluza_klein,LKP Kaluza-Klein,candidate,candidate,candidate,5,1,0.0007453416149068323,0.6346555831138352,3.694201829119477e-05,3.694201829119481e-05,1,1,0.0,0.0,0.07142857142857142,0.03571428571428571,0.03571428571428571,0.07142857142857142,8.0,9.110603128736608,3.694201829119477e-05,0.03571428571428571,9.142857142857142,8.571428571428571,False
published_umbrella,rolling,2017-2021,2017,2021,pooled focal fields,dm_model:majoron,Majoron,candidate,candidate,candidate,7,1,0.0007453416149068323,0.09220233362386389,0.0018271681580271698,0.001827168158027172,1,1,0.0,0.0,0.07142857142857142,0.17857142857142858,0.17857142857142858,0.07142857142857142,8.0,9.898588588785486,0.0018271681580271698,0.17857142857142858,13.714285714285715,10.857142857142858,False
published_umbrella,rolling,2018-2022,2018,2022,pooled focal fields,dm_model:wimp_related,WIMP-related,candidate,candidate,candidate,1064,157,0.8697478991596638,16.417951930072103,1.0,1.0,8,6,0.9036359377417511,0.881175251592781,1.0,1.0,1.0,0.7962962962962963,40.0,23.00225172877863,1.0,1.0,40.0,24.0,True
published_umbrella,rolling,2018-2022,2018,2022,pooled focal fields,dm_model:axion_alp,Axion + ALP,candidate,candidate,candidate,1543,199,0.7766106442577031,9.242108840732161,0.6016428630696491,0.6016428630696493,8,6,0.8780970950306031,0.8549592170102268,0.9629629629629629,0.9629629629629629,0.9629629629629629,0.7962962962962963,38.186678247081105,24.0,0.6016428630696491,0.9629629629629629,38.81481481481481,23.407407407407405,False
published_umbrella,rolling,2018-2022,2018,2022,pooled focal fields,dm_model:pbh,PBH,candidate,candidate,candidate,750,109,0.392156862745098,11.113366524002917,0.19235021660303978,0.1923502166030399,8,6,0.8896513605442177,0.8481124343604083,0.9259259259259259,0.9259259259259259,0.9259259259259259,0.7962962962962963,29.180356892722664,22.063812601692046,0.19235021660303978,0.9259259259259259,37.62962962962963,22.814814814814817,False
published_umbrella,rolling,2018-2022,2018,2022,pooled focal fields,dm_model:sterile_nu,Sterile nu,candidate,candidate,candidate,388,87,0.22128851540616243,12.68944150686642,0.16500814948351827,0.1650081494835183,8,6,0.9600945361320301,0.9340355046309398,0.8888888888888888,0.8888888888888888,0.8888888888888888,0.7962962962962963,23.67794297339534,20.296601666032,0.16500814948351827,0.8888888888888888,36.44444444444444,22.22222222222222,False
published_umbrella,rolling,2018-2022,2018,2022,pooled focal fields,dm_model:ula_fuzzy,ULA / Fuzzy,candidate,candidate,candidate,245,70,0.12581699346405226,13.58696454275654,0.04038958050993752,0.04038958050993754,8,6,0.7552390360765661,0.7216227409003934,0.8518518518518519,0.6666666666666666,0.6666666666666666,0.7962962962962963,19.591820223991242,19.065546405764515,0.04038958050993752,0.6666666666666666,29.333333333333332,18.666666666666664,False
published_umbrella,rolling,2018-2022,2018,2022,pooled focal fields,dm_model:bino,Bino,candidate,candidate,candidate,88,27,0.08800186741363211,7.356187714576195,0.13241814472402605,0.13241814472402613,8,5,0.8594839898965023,0.7887172572880549,0.8148148148148148,0.8518518518518519,0.8518518518518519,0.7962962962962963,17.541600052044885,16.334255799576376,0.13241814472402605,0.8518518518518519,35.25925925925926,21.62962962962963,False
published_umbrella,rolling,2018-2022,2018,2022,pooled focal fields,dm_model:wino,Wino,candidate,candidate,candidate,102,31,0.08426704014939307,6.928031044652487,0.11993290985782695,0.11993290985782701,8,5,0.8607852917027954,0.7890670784388778,0.7777777777777778,0.8148148148148148,0.8148148148148148,0.7962962962962963,17.316884932263168,16.726724859921113,0.11993290985782695,0.8148148148148148,34.074074074074076,21.037037037037038,False
published_umbrella,rolling,2018-2022,2018,2022,pooled focal fields,dm_model:dark_photon,Dark Photon,candidate,candidate,candidate,150,40,0.07983193277310924,6.613738544314499,0.07492613817310417,0.0749261381731042,8,6,0.9765466297322252,0.9666449348104781,0.7407407407407407,0.7777777777777778,0.7777777777777778,0.7962962962962963,17.043464745598012,17.75442477811324,0.07492613817310417,0.7777777777777778,32.888888888888886,20.444444444444443,False
published_umbrella,rolling,2018-2022,2018,2022,pooled focal fields,dm_model:vector_dm,Vector DM,candidate,candidate,candidate,69,25,0.04738562091503268,4.95113093780396,0.05716385993040017,0.05716385993040019,8,6,0.9629935208328279,0.9454532231893225,0.7037037037037037,0.7407407407407407,0.7407407407407407,0.7962962962962963,14.752849315036588,15.689131058154882,0.05716385993040017,0.7407407407407407,31.703703703703702,19.85185185185185,False
published_umbrella,rolling,2018-2022,2018,2022,pooled focal fields,dm_model:generic_composite,Generic Composite,candidate,candidate,candidate,79,21,0.037114845938375336,3.925534213944646,0.055995608921138224,0.05599560892113825,8,6,0.8550611130888809,0.829343893058588,0.6666666666666666,0.7037037037037037,0.7037037037037037,0.7962962962962963,13.868915276185577,16.04785513832303,0.055995608921138224,0.7037037037037037,30.51851851851852,19.25925925925926,False
published_umbrella,rolling,2018-2022,2018,2022,pooled focal fields,dm_model:asymmetric_dm,Asymmetric DM,candidate,candidate,candidate,81,23,0.03524743230625582,4.294920552029336,0.037679313262014055,0.037679313262014555,8,6,0.9513266961975353,0.9209674888361535,0.6296296296296297,0.6296296296296297,0.6296296296296297,0.7962962962962963,13.695550735042346,16.114190361556542,0.037679313262014055,0.6296296296296297,28.14814814814815,18.074074074074076,False
published_umbrella,rolling,2018-2022,2018,2022,pooled focal fields,dm_model:twin_higgs,Twin Higgs,candidate,candidate,candidate,38,13,0.022642390289449116,3.024569998870293,0.0368189853654444,0.03681898536544439,8,6,0.9305133382931234,0.9033896907577138,0.5925925925925926,0.5925925925925926,0.5925925925925926,0.7962962962962963,12.379405796245402,14.117742023474714,0.0368189853654444,0.5925925925925926,26.962962962962962,17.48148148148148,False
published_umbrella,rolling,2018-2022,2018,2022,pooled focal fields,dm_model:sfdm,SFDM,candidate,candidate,candidate,37,10,0.010971055088702147,3.1570359672837514,0.003654961683593978,0.003654961683593978,6,4,0.743141693073789,0.641875050305971,0.5555555555555556,0.18518518518518517,0.18518518518518517,0.5185185185185185,10.764429431912394,14.047960436659908,0.003654961683593978,0.18518518518518517,13.925925925925926,10.962962962962962,False
published_umbrella,rolling,2018-2022,2018,2022,pooled focal fields,dm_model:scotogenic_model,Scotogenic Model,candidate,candidate,candidate,34,8,0.010504201680672268,1.2527440935356862,0.016532506766182665,0.01653250676618267,6,5,0.9208888888888888,0.8541440658270014,0.5185185185185185,0.5555555555555556,0.5555555555555556,0.5185185185185185,10.68487274045378,13.827032716481112,0.016532506766182665,0.5555555555555556,25.77777777777778,16.88888888888889,False
published_umbrella,rolling,2018-2022,2018,2022,pooled focal fields,dm_model:mirror_dm,Mirror DM,candidate,candidate,candidate,35,9,0.009803921568627449,1.4627397640359947,0.007656487578171298,0.007656487578171305,6,6,0.9006802721088436,0.8790915812510962,0.48148148148148145,0.37037037037037035,0.37037037037037035,0.5185185185185185,10.562145440602796,13.90271208841595,0.007656487578171298,0.37037037037037035,19.85185185185185,13.925925925925926,False
published_umbrella,rolling,2018-2022,2018,2022,pooled focal fields,dm_model:macho,MACHO,candidate,candidate,candidate,28,7,0.009337068160597572,2.942574598009641,0.0019512659192480115,0.0019512659192480128,3,3,0.7185,0.5469795069546584,0.4444444444444444,0.07407407407407407,0.07407407407407407,0.2037037037037037,10.47787595501569,13.3218416715622,0.0019512659192480115,0.07407407407407407,10.37037037037037,9.185185185185185,False
published_umbrella,rolling,2018-2022,2018,2022,pooled focal fields,dm_model:inert_doublet_model,Inert Doublet Model,candidate,candidate,candidate,25,7,0.009103641456582632,1.7298611150577725,0.013271256600752688,0.013271256600752698,5,5,0.919921104536489,0.8458571234292823,0.4074074074074074,0.4444444444444444,0.4444444444444444,0.42592592592592593,10.434950972682314,13.028484320940509,0.013271256600752688,0.4444444444444444,22.22222222222222,15.11111111111111,False
published_umbrella,rolling,2018-2022,2018,2022,pooled focal fields,dm_model:axino,Axino,candidate,candidate,candidate,17,5,0.0070028011204481795,0.6599767763826414,0.016486779229175075,0.016486779229175078,5,3,0.5093333333333332,0.4221169458938298,0.37037037037037035,0.5185185185185185,0.5185185185185185,0.42592592592592593,10.020701009193784,12.040613746742181,0.016486779229175075,0.5185185185185185,24.59259259259259,16.296296296296298,False
published_umbrella,rolling,2018-2022,2018,2022,pooled focal fields,dm_model:minimal_su_2_l,Minimal SU(2)L,candidate,candidate,candidate,22,5,0.00676937441643324,0.8529268634628697,0.014270451381609532,0.014270451381609539,4,5,0.9046373365041618,0.8397827161862622,0.3333333333333333,0.48148148148148145,0.48148148148148145,0.3333333333333333,9.97102981941313,12.699120533484777,0.014270451381609532,0.48148148148148145,23.407407407407405,15.703703703703702,False
published_umbrella,rolling,2018-2022,2018,2022,pooled focal fields,dm_model:quark_nugget_aqn,Quark Nugget / AQN,candidate,candidate,candidate,56,4,0.005135387488328665,0.39408731557869237,0.007923305684191315,0.007923305684191315,4,2,0.5553719008264463,0.3658313435250293,0.2962962962962963,0.4074074074074074,0.4074074074074074,0.3333333333333333,9.596179461767074,15.137218139194115,0.007923305684191315,0.4074074074074074,21.037037037037038,14.518518518518519,False
published_umbrella,rolling,2018-2022,2018,2022,pooled focal fields,dm_model:wimpzilla,WIMPzilla,candidate,candidate,candidate,22,4,0.004435107376283847,1.1603371964728673,0.004767296141135798,0.004767296141135799,3,3,0.7180055401662051,0.5543535431002306,0.25925925925925924,0.2962962962962963,0.2962962962962963,0.2037037037037037,9.417310274928692,12.699120533484777,0.004767296141135798,0.2962962962962963,17.48148148148148,12.74074074074074,False
published_umbrella,rolling,2018-2022,2018,2022,pooled focal fields,dm_model:planckian_dm,Planckian DM,candidate,candidate,candidate,4,4,0.003034547152194211,1.202111567804764,0.005196458607186177,0.00519645860718618,4,3,0.7242603550295857,0.5637474095724163,0.2222222222222222,0.3333333333333333,0.3333333333333333,0.3333333333333333,9.010843157192685,8.599461771627952,0.005196458607186177,0.3333333333333333,18.666666666666664,13.333333333333332,False
published_umbrella,rolling,2018-2022,2018,2022,pooled focal fields,dm_model:atomic_dm,Atomic DM,candidate,candidate,candidate,21,3,0.0028011204481792717,0.586234590919195,0.004043715303373919,0.004043715303373972,3,3,0.7833333333333334,0.6013956368435128,0.18518518518518517,0.25925925925925924,0.25925925925925924,0.2037037037037037,8.93452429649411,12.579703538524544,0.004043715303373919,0.25925925925925924,16.296296296296298,12.148148148148149,False
published_umbrella,rolling,2018-2022,2018,2022,pooled focal fields,dm_model:macroscopic_dm,Macroscopic DM,candidate,candidate,candidate,38,3,0.0025676937441643324,0.13811029400938554,0.0037022783774022312,0.0037022783774022334,3,3,0.7933884297520661,0.6083738791013144,0.14814814814814814,0.2222222222222222,0.2222222222222222,0.2037037037037037,8.854953492146654,14.117742023474714,0.0037022783774022312,0.2222222222222222,15.11111111111111,11.555555555555555,False
published_umbrella,rolling,2018-2022,2018,2022,pooled focal fields,dm_model:superfluid_dm,Superfluid DM,candidate,candidate,candidate,14,2,0.002334267040149393,1.253652876953801,4.050187174022674e-05,4.050187174022678e-05,2,2,0.5039999999999999,0.34092985835764694,0.1111111111111111,0.037037037037037035,0.037037037037037035,0.07407407407407407,8.77167582926079,11.550817815835929,4.050187174022674e-05,0.037037037037037035,9.185185185185185,8.592592592592592,False
published_umbrella,rolling,2018-2022,2018,2022,pooled focal fields,dm_model:superwimp,SuperWIMP,candidate,candidate,candidate,5,2,0.0018674136321195143,0.7974036026867479,0.003046325582752695,0.003046325582752696,2,2,0.5625,0.3692254733516234,0.07407407407407407,0.1111111111111111,0.1111111111111111,0.07407407407407407,8.591547489268548,9.089257702534205,0.003046325582752695,0.1111111111111111,11.555555555555555,9.777777777777779,False
published_umbrella,rolling,2018-2022,2018,2022,pooled focal fields,dm_model:majoron,Majoron,candidate,candidate,candidate,7,2,0.0016339869281045752,0.5507443248005364,0.003107372770610374,0.003107372770610374,2,2,0.5877551020408165,0.38113827019130503,0.037037037037037035,0.14814814814814814,0.14814814814814814,0.07407407407407407,8.492985145992428,9.862098341673768,0.003107372770610374,0.14814814814814814,12.74074074074074,10.37037037037037,False
published_umbrella,rolling,2019-2023,2019,2023,pooled focal fields,dm_model:axion_alp,Axion + ALP,candidate,candidate,candidate,1777,211,0.807865892972276,8.766318859831756,0.8969215574950813,0.8969215574950801,8,6,0.884116035852873,0.859404984337136,1.0,0.9615384615384616,0.9615384615384616,0.8269230769230769,40.0,24.0,0.8969215574950813,0.9615384615384616,38.769230769230774,23.384615384615387,False
published_umbrella,rolling,2019-2023,2019,2023,pooled focal fields,dm_model:wimp_related,WIMP-related,candidate,candidate,candidate,999,160,0.746615087040619,17.925613947329328,1.0,1.0,8,6,0.916510609780228,0.8964610809437241,0.9615384615384616,1.0,1.0,0.8269230769230769,38.72704103478113,22.489765192354533,1.0,1.0,40.0,24.0,True
published_umbrella,rolling,2019-2023,2019,2023,pooled focal fields,dm_model:pbh,PBH,candidate,candidate,candidate,883,116,0.42789598108747046,12.031676259892633,0.3234766681266213,0.3234766681266203,8,6,0.9016762271003038,0.8599917362431645,0.9230769230769231,0.9230769230769231,0.9230769230769231,0.8269230769230769,31.035679614813027,22.166198254175505,0.3234766681266213,0.9230769230769231,37.53846153846154,22.76923076923077,False
published_umbrella,rolling,2019-2023,2019,2023,pooled focal fields,dm_model:sterile_nu,Sterile nu,candidate,candidate,candidate,414,93,0.21104663657855144,12.221682343312464,0.21493333207107432,0.21493333207107415,8,6,0.9555983258738763,0.928502052146819,0.8846153846153846,0.8846153846153846,0.8846153846153846,0.8269230769230769,23.900910364318463,20.181786938770287,0.21493333207107432,0.8846153846153846,36.30769230769231,22.153846153846153,False
published_umbrella,rolling,2019-2023,2019,2023,pooled focal fields,dm_model:ula_fuzzy,ULA / Fuzzy,candidate,candidate,candidate,270,70,0.12443584784010313,13.750146705361367,0.06285571464434744,0.06285571464434733,8,6,0.7360913492084799,0.707624469792097,0.8461538461538461,0.6538461538461539,0.6538461538461539,0.8269230769230769,19.99375910081244,19.063431838571347,0.06285571464434744,0.6538461538461539,28.923076923076923,18.46153846153846,False
published_umbrella,rolling,2019-2023,2019,2023,pooled focal fields,dm_model:dark_photon,Dark Photon,candidate,candidate,candidate,175,48,0.0887599398237696,7.8140704215178465,0.1071237227076076,0.10712372270760753,8,6,0.9812380913296085,0.9741032049297005,0.8076923076923077,0.7692307692307693,0.7692307692307693,0.8269230769230769,17.98497592003859,17.93070856689991,0.1071237227076076,0.7692307692307693,32.61538461538461,20.307692307692307,False
published_umbrella,rolling,2019-2023,2019,2023,pooled focal fields,dm_model:wino,Wino,candidate,candidate,candidate,98,28,0.07328605200945626,6.6433749369055315,0.12468305877734616,0.12468305877734623,7,5,0.8639141390252923,0.7950394580875263,0.7692307692307693,0.8076923076923077,0.8076923076923077,0.5769230769230769,16.98799239686884,16.420801771620038,0.12468305877734616,0.8076923076923077,33.84615384615385,20.923076923076923,False
published_umbrella,rolling,2019-2023,2019,2023,pooled focal fields,dm_model:bino,Bino,candidate,candidate,candidate,85,20,0.07199656135826349,5.927202683144933,0.1311876126847399,0.13118761268473994,7,5,0.8438547560703945,0.7734977406995586,0.7307692307692307,0.8461538461538461,0.8461538461538461,0.5769230769230769,16.900347502428364,16.05137757726122,0.1311876126847399,0.8461538461538461,35.07692307692308,21.53846153846154,False
published_umbrella,rolling,2019-2023,2019,2023,pooled focal fields,dm_model:vector_dm,Vector DM,candidate,candidate,candidate,79,21,0.04427251235761875,3.6628193320228406,0.07508975268711506,0.07508975268711503,8,6,0.9568102554434914,0.9341378169511432,0.6923076923076923,0.6923076923076923,0.6923076923076923,0.8269230769230769,14.778617669137097,15.861589146185946,0.07508975268711506,0.6923076923076923,30.153846153846153,19.076923076923077,False
published_umbrella,rolling,2019-2023,2019,2023,pooled focal fields,dm_model:generic_composite,Generic Composite,candidate,candidate,candidate,90,24,0.039974210186976146,4.4005363122841175,0.0786587851708819,0.07865878517088185,8,6,0.8514741588622963,0.8341807627785324,0.6538461538461539,0.7307692307692307,0.7307692307692307,0.8269230769230769,14.394846048232004,16.199680475606073,0.0786587851708819,0.7307692307692307,31.384615384615383,19.692307692307693,False
published_umbrella,rolling,2019-2023,2019,2023,pooled focal fields,dm_model:asymmetric_dm,Asymmetric DM,candidate,candidate,candidate,84,20,0.028153879217709003,3.32719852850517,0.04500205874553038,0.0450020587455301,8,6,0.9490356039857817,0.9103569313072383,0.6153846153846154,0.6153846153846154,0.6153846153846154,0.8269230769230769,13.217157509104922,16.020684093712177,0.04500205874553038,0.6153846153846154,27.692307692307693,17.846153846153847,False
published_umbrella,rolling,2019-2023,2019,2023,pooled focal fields,dm_model:twin_higgs,Twin Higgs,candidate,candidate,candidate,33,12,0.017837954008166772,3.0517706986065716,0.03728439372784927,0.03728439372784927,8,6,0.9193787196980694,0.896401540933724,0.5769230769230769,0.5769230769230769,0.5769230769230769,0.8269230769230769,11.962968519949026,13.616096295248216,0.03728439372784927,0.5769230769230769,26.46153846153846,17.23076923076923,False
published_umbrella,rolling,2019-2023,2019,2023,pooled focal fields,dm_model:sfdm,SFDM,candidate,candidate,candidate,42,12,0.011390500752202876,3.7420608646258398,0.0029840372285384023,0.0029840372285383954,6,5,0.6613029547881808,0.6266370234977402,0.5384615384615384,0.15384615384615385,0.15384615384615385,0.4807692307692308,10.979891958484819,14.232377128020559,0.0029840372285384023,0.15384615384615385,12.923076923076923,10.461538461538462,False
published_umbrella,rolling,2019-2023,2019,2023,pooled focal fields,dm_model:scotogenic_model,Scotogenic Model,candidate,candidate,candidate,34,10,0.010745755426606489,1.741505849806356,0.019220162567851397,0.01922016256785139,7,5,0.8841600000000002,0.8078174355760739,0.5,0.5,0.5,0.5769230769230769,10.867614349991532,13.692167213624066,0.019220162567851397,0.5,24.0,16.0,False
published_umbrella,rolling,2019-2023,2019,2023,pooled focal fields,dm_model:minimal_su_2_l,Minimal SU(2)L,candidate,candidate,candidate,25,7,0.00859660434128519,1.2678878223144765,0.020668668816049035,0.020668668816049028,6,5,0.8640000000000001,0.8059891378363269,0.46153846153846156,0.5384615384615384,0.5384615384615384,0.4807692307692308,10.466658531451726,12.91210106044597,0.020668668816049035,0.5384615384615384,25.23076923076923,16.615384615384613,False
published_umbrella,rolling,2019-2023,2019,2023,pooled focal fields,dm_model:inert_doublet_model,Inert Doublet Model,candidate,candidate,candidate,29,7,0.007951859015688803,1.4940571348249114,0.01564977767429278,0.015649777674292775,5,5,0.9238860482103725,0.8512576793168376,0.4230769230769231,0.46153846153846156,0.46153846153846156,0.38461538461538464,10.33679034150571,13.28763529930535,0.01564977767429278,0.46153846153846156,22.76923076923077,15.384615384615385,False
published_umbrella,rolling,2019-2023,2019,2023,pooled focal fields,dm_model:axino,Axino,candidate,candidate,candidate,17,4,0.006017623038899635,0.8978150851958943,0.01433552144746332,0.014335521447463345,4,3,0.6153061224489796,0.48551292641411536,0.36538461538461536,0.4230769230769231,0.4230769230769231,0.3076923076923077,9.911800448157832,11.947094552442108,0.01433552144746332,0.4230769230769231,21.53846153846154,14.76923076923077,False
published_umbrella,rolling,2019-2023,2019,2023,pooled focal fields,dm_model:mirror_dm,Mirror DM,candidate,candidate,candidate,31,6,0.006017623038899635,1.0416941439808833,0.008626363447068136,0.00862636344706812,5,4,0.7622448979591837,0.6595552486417218,0.36538461538461536,0.34615384615384615,0.34615384615384615,0.38461538461538464,9.911800448157832,13.457001347721985,0.008626363447068136,0.34615384615384615,19.076923076923077,13.538461538461538,False
published_umbrella,rolling,2019-2023,2019,2023,pooled focal fields,dm_model:macho,MACHO,candidate,candidate,candidate,23,6,0.005587792821835375,2.555565606633611,0.0021378402741419403,0.0021378402741419307,3,3,0.7207100591715977,0.5601530274173594,0.3076923076923077,0.07692307692307693,0.07692307692307693,0.19230769230769232,9.808416749674432,12.702047950082047,0.0021378402741419403,0.07692307692307693,10.461538461538462,9.23076923076923,False
published_umbrella,rolling,2019-2023,2019,2023,pooled focal fields,dm_model:macroscopic_dm,Macroscopic DM,candidate,candidate,candidate,44,6,0.004513217279174727,0.778048238155966,0.005986905668879139,0.0059869056688791255,5,3,0.729251700680272,0.5650840575509678,0.2692307692307692,0.2692307692307692,0.2692307692307692,0.38461538461538464,9.531032035578951,14.35168235090607,0.005986905668879139,0.2692307692307692,16.615384615384613,12.307692307692307,False
published_umbrella,rolling,2019-2023,2019,2023,pooled focal fields,dm_model:superfluid_dm,Superfluid DM,candidate,candidate,candidate,18,4,0.003868471953578337,1.9233865131077872,0.000454967832688023,0.00045496783268802245,3,2,0.5703703703703705,0.37295657656127285,0.23076923076923078,0.038461538461538464,0.038461538461538464,0.19230769230769232,9.348451139928663,12.088981156814324,0.000454967832688023,0.038461538461538464,9.23076923076923,8.615384615384615,False
published_umbrella,rolling,2019-2023,2019,2023,pooled focal fields,dm_model:wimpzilla,WIMPzilla,candidate,candidate,candidate,23,4,0.0036535568450462063,1.0651242343009046,0.005906971425102121,0.005906971425102107,3,3,0.7224913494809687,0.5596398242166715,0.19230769230769232,0.23076923076923078,0.23076923076923078,0.19230769230769232,9.284248224408199,12.702047950082047,0.005906971425102121,0.23076923076923078,15.384615384615385,11.692307692307693,False
published_umbrella,rolling,2019-2023,2019,2023,pooled focal fields,dm_model:quark_nugget_aqn,Quark Nugget / AQN,candidate,candidate,candidate,54,3,0.003438641736514077,0.19449327424782792,0.009154855487790442,0.00915485548779043,3,2,0.515625,0.34663490564547045,0.15384615384615385,0.38461538461538464,0.38461538461538464,0.19230769230769232,9.218127539963515,14.878295017641893,0.009154855487790442,0.38461538461538464,20.307692307692307,14.153846153846153,False
published_umbrella,rolling,2019-2023,2019,2023,pooled focal fields,dm_model:atomic_dm,Atomic DM,candidate,candidate,candidate,18,3,0.0025789813023855577,0.6204944988633215,0.006055403627720057,0.0060554036277200695,3,3,0.75,0.5802792108518123,0.11538461538461539,0.3076923076923077,0.3076923076923077,0.19230769230769232,8.930293675165641,12.088981156814324,0.006055403627720057,0.3076923076923077,17.846153846153847,12.923076923076923,False
published_umbrella,rolling,2019-2023,2019,2023,pooled focal fields,dm_model:majoron,Majoron,candidate,candidate,candidate,6,1,0.0008596604341285192,0.1630874447848224,0.003721459272021856,0.0037214592720218524,1,1,0.0,0.0,0.057692307692307696,0.19230769230769232,0.19230769230769232,0.057692307692307696,8.143916932398938,9.468578965919441,0.003721459272021856,0.19230769230769232,14.153846153846153,11.076923076923077,False
published_umbrella,rolling,2019-2023,2019,2023,pooled focal fields,dm_model:superwimp,SuperWIMP,candidate,candidate,candidate,6,1,0.0008596604341285192,0.266427840292483,0.0022330307116922863,0.002233030711692289,1,1,0.0,0.0,0.057692307692307696,0.11538461538461539,0.11538461538461539,0.057692307692307696,8.143916932398938,9.468578965919441,0.0022330307116922863,0.11538461538461539,11.692307692307693,9.846153846153847,False
published_umbrella,rolling,2020-2024,2020,2024,pooled focal fields,dm_model:axion_alp,Axion + ALP,candidate,candidate,candidate,2171,231,0.8674607676309322,8.72720100989541,1.0,1.0,8,6,0.8999722941998725,0.8764963094443322,1.0,1.0,1.0,0.8035714285714286,40.0,24.0,1.0,1.0,40.0,24.0,False
published_umbrella,rolling,2020-2024,2020,2024,pooled focal fields,dm_model:wimp_related,WIMP-related,candidate,candidate,candidate,965,146,0.6430327093968614,17.706667635055805,0.77471979330491,0.7747197933049108,8,6,0.9212853234009992,0.9012088983612191,0.9642857142857143,0.9642857142857143,0.9642857142857143,0.8035714285714286,35.43452377827833,21.941303399573673,0.77471979330491,0.9642857142857143,38.85714285714286,23.42857142857143,True
published_umbrella,rolling,2020-2024,2020,2024,pooled focal fields,dm_model:pbh,PBH,candidate,candidate,candidate,1113,135,0.4895065229722064,12.585941916264366,0.42211791791814146,0.42211791791814135,8,6,0.9116888592301773,0.8719156091471841,0.9285714285714286,0.9285714285714286,0.9285714285714286,0.8035714285714286,31.829399320623136,22.30349774375878,0.42211791791814146,0.9285714285714286,37.714285714285715,22.857142857142858,False
published_umbrella,rolling,2020-2024,2020,2024,pooled focal fields,dm_model:sterile_nu,Sterile nu,candidate,candidate,candidate,442,91,0.190773303081868,11.816640552396459,0.20527130133762395,0.20527130133762403,8,6,0.9530353675198731,0.925940636248284,0.8928571428571429,0.8928571428571429,0.8928571428571429,0.8035714285714286,22.56071229765673,19.960473086338936,0.20527130133762395,0.8928571428571429,36.57142857142857,22.285714285714285,False
published_umbrella,rolling,2020-2024,2020,2024,pooled focal fields,dm_model:ula_fuzzy,ULA / Fuzzy,candidate,candidate,candidate,299,73,0.1236528644356211,14.040477699875638,0.07145271250601525,0.07145271250601529,8,6,0.7524450803804392,0.7216028151280287,0.8571428571428571,0.7142857142857143,0.7142857142857143,0.8035714285714286,19.558976091330926,18.970082669186645,0.07145271250601525,0.7142857142857143,30.857142857142858,19.42857142857143,False
published_umbrella,rolling,2020-2024,2020,2024,pooled focal fields,dm_model:dark_photon,Dark Photon,candidate,candidate,candidate,203,52,0.0862166761202496,8.136438195665336,0.10149081295644959,0.10149081295644963,8,6,0.9751731301939056,0.9656683389909851,0.8214285714285714,0.7857142857142857,0.7857142857142857,0.8035714285714286,17.513355274558585,17.99017278046067,0.10149081295644959,0.7857142857142857,33.14285714285714,20.57142857142857,False
published_umbrella,rolling,2020-2024,2020,2024,pooled focal fields,dm_model:bino,Bino,candidate,candidate,candidate,95,23,0.07581773492153528,7.577616596319223,0.11219020518085922,0.11219020518085931,8,5,0.8592483877587827,0.7837099290854881,0.7857142857142857,0.8571428571428571,0.8571428571428571,0.8035714285714286,16.86893480843319,16.074952919207156,0.11219020518085922,0.8571428571428571,35.42857142857143,21.714285714285715,False
published_umbrella,rolling,2020-2024,2020,2024,pooled focal fields,dm_model:wino,Wino,candidate,candidate,candidate,104,26,0.06806579693703915,7.2029781101588,0.10172799058258188,0.10172799058258193,8,5,0.8475370370370371,0.772990998158956,0.75,0.8214285714285714,0.8214285714285714,0.8035714285714286,16.359225712009618,16.30264382723955,0.10172799058258188,0.8214285714285714,34.285714285714285,21.142857142857142,False
published_umbrella,rolling,2020-2024,2020,2024,pooled focal fields,dm_model:generic_composite,Generic Composite,candidate,candidate,candidate,104,28,0.04518812629986764,4.928933819959923,0.08297456541477395,0.08297456541477395,8,6,0.8470019782566833,0.8197807141116713,0.7142857142857143,0.75,0.75,0.8035714285714286,14.655518566088821,16.30264382723955,0.08297456541477395,0.75,32.0,20.0,False
published_umbrella,rolling,2020-2024,2020,2024,pooled focal fields,dm_model:vector_dm,Vector DM,candidate,candidate,candidate,90,25,0.04254112308564946,4.429741294008324,0.0709129635129386,0.07091296351293859,8,6,0.9483377777777777,0.9226275745603834,0.6785714285714286,0.6785714285714286,0.6785714285714286,0.8035714285714286,14.432679366055218,15.939046280822044,0.0709129635129386,0.6785714285714286,29.714285714285715,18.857142857142858,False
published_umbrella,rolling,2020-2024,2020,2024,pooled focal fields,dm_model:asymmetric_dm,Asymmetric DM,candidate,candidate,candidate,83,23,0.024957458876914355,3.842269645247738,0.03776988512531273,0.03776988512531274,8,6,0.9382920110192838,0.9075251829097953,0.6428571428571429,0.6428571428571429,0.6428571428571429,0.8035714285714286,12.730507390832528,15.735669896879894,0.03776988512531273,0.6428571428571429,28.571428571428573,18.285714285714285,False
published_umbrella,rolling,2020-2024,2020,2024,pooled focal fields,dm_model:twin_higgs,Twin Higgs,candidate,candidate,candidate,34,16,0.018339950841368878,3.8850333393566285,0.033184672317588586,0.03318467231758861,8,6,0.9414815602083113,0.9207381080934719,0.6071428571428571,0.6071428571428571,0.6071428571428571,0.8035714285714286,11.93525903006952,13.511236575812926,0.033184672317588586,0.6071428571428571,27.428571428571427,17.714285714285715,False
published_umbrella,rolling,2020-2024,2020,2024,pooled focal fields,dm_model:sfdm,SFDM,candidate,candidate,candidate,54,16,0.015125732652675365,4.837350716681793,0.00535918073737366,0.005359180737373662,6,6,0.61875,0.614912871670567,0.5714285714285714,0.2857142857142857,0.2857142857142857,0.5357142857142857,11.496690045775674,14.659662244237687,0.00535918073737366,0.2857142857142857,17.142857142857142,12.571428571428571,False
published_umbrella,rolling,2020-2024,2020,2024,pooled focal fields,dm_model:scotogenic_model,Scotogenic Model,candidate,candidate,candidate,38,12,0.010966156173189641,2.244452583310324,0.01735558855494019,0.0173555885549402,7,5,0.8596908442330559,0.7722923796296022,0.5357142857142857,0.5357142857142857,0.5357142857142857,0.5714285714285714,10.852596017282941,13.786190886795396,0.01735558855494019,0.5357142857142857,25.142857142857142,16.57142857142857,False
published_umbrella,rolling,2020-2024,2020,2024,pooled focal fields,dm_model:minimal_su_2_l,Minimal SU(2)L,candidate,candidate,candidate,28,5,0.007751937984496125,0.9674100735319021,0.01983855597463806,0.019838555974638065,5,5,0.8908982748364072,0.8239109543844461,0.5,0.5714285714285714,0.5714285714285714,0.44642857142857145,10.264669334636565,13.033424368468463,0.01983855597463806,0.5714285714285714,26.285714285714285,17.142857142857142,False
published_umbrella,rolling,2020-2024,2020,2024,pooled focal fields,dm_model:macroscopic_dm,Macroscopic DM,candidate,candidate,candidate,49,7,0.005672149744753261,1.4988656668561076,0.006418513175689359,0.006418513175689358,5,3,0.728,0.5661429511027822,0.4642857142857143,0.32142857142857145,0.32142857142857145,0.44642857142857145,9.815767312615312,14.417493528499845,0.006418513175689359,0.32142857142857145,18.285714285714285,13.142857142857142,False
published_umbrella,rolling,2020-2024,2020,2024,pooled focal fields,dm_model:axino,Axino,candidate,candidate,candidate,17,3,0.00548307808659482,0.8253286769447322,0.011158097701475649,0.01115809770147566,3,3,0.7134363852556479,0.5477143280674358,0.42857142857142855,0.5,0.5,0.23214285714285715,9.771133632336998,11.821632613593067,0.011158097701475649,0.5,24.0,16.0,False
published_umbrella,rolling,2020-2024,2020,2024,pooled focal fields,dm_model:macho,MACHO,candidate,candidate,candidate,25,5,0.005294006428436377,2.3873755132370067,0.0017218235832322816,0.001721823583232281,3,3,0.7377551020408163,0.5687289385920195,0.39285714285714285,0.10714285714285714,0.10714285714285714,0.23214285714285715,9.725723539479008,12.755965524628952,0.0017218235832322816,0.10714285714285714,11.428571428571429,9.714285714285714,False
published_umbrella,rolling,2020-2024,2020,2024,pooled focal fields,dm_model:mirror_dm,Mirror DM,candidate,candidate,candidate,33,6,0.005104934770277935,1.0262860833896363,0.008469624958786986,0.008469624958786984,5,3,0.6716049382716051,0.526269946874196,0.35714285714285715,0.42857142857142855,0.42857142857142855,0.44642857142857145,9.679495049191708,13.437583639773871,0.008469624958786986,0.42857142857142855,21.714285714285715,14.857142857142858,False
published_umbrella,rolling,2020-2024,2020,2024,pooled focal fields,dm_model:inert_doublet_model,Inert Doublet Model,candidate,candidate,candidate,28,5,0.004915863112119494,0.696203254096044,0.009686943615605131,0.00968694361560513,5,4,0.8698224852071007,0.7450259421302645,0.32142857142857145,0.4642857142857143,0.4642857142857143,0.44642857142857145,9.63240225051126,13.033424368468463,0.009686943615605131,0.4642857142857143,22.857142857142858,15.428571428571429,False
published_umbrella,rolling,2020-2024,2020,2024,pooled focal fields,dm_model:superfluid_dm,Superfluid DM,candidate,candidate,candidate,17,6,0.004726791453961051,2.631590997952827,0.0011723818302041855,0.0011723818302041857,4,2,0.43776000000000004,0.3075635639444367,0.2857142857142857,0.07142857142857142,0.07142857142857142,0.3392857142857143,9.584394772287837,11.821632613593067,0.0011723818302041855,0.07142857142857142,10.285714285714285,9.142857142857142,False
published_umbrella,rolling,2020-2024,2020,2024,pooled focal fields,dm_model:atomic_dm,Atomic DM,candidate,candidate,candidate,24,3,0.0035923615050103995,0.7206770827054818,0.00811547879206883,0.008115478792068833,3,3,0.7578947368421052,0.5837715294174136,0.25,0.39285714285714285,0.39285714285714285,0.23214285714285715,9.273570734779863,12.656311639239666,0.00811547879206883,0.39285714285714285,20.57142857142857,14.285714285714285,False
published_umbrella,rolling,2020-2024,2020,2024,pooled focal fields,dm_model:quark_nugget_aqn,Quark Nugget / AQN,candidate,candidate,candidate,58,4,0.003592361505010399,0.28300705269144505,0.008017953725511397,0.008017953725511397,4,3,0.6847645429362881,0.5353299071371544,0.21428571428571427,0.35714285714285715,0.35714285714285715,0.3392857142857143,9.273570734779863,14.838040620997987,0.008017953725511397,0.35714285714285715,19.42857142857143,13.714285714285715,False
published_umbrella,rolling,2020-2024,2020,2024,pooled focal fields,dm_model:wimpzilla,WIMPzilla,candidate,candidate,candidate,21,4,0.002457931556059747,1.0227686410469792,0.002936485849592986,0.0029364858495929858,3,4,0.8946745562130178,0.7689757089061959,0.17857142857142858,0.21428571428571427,0.21428571428571427,0.23214285714285715,8.908326345491185,12.331506424617855,0.002936485849592986,0.21428571428571427,14.857142857142858,11.428571428571429,False
published_umbrella,rolling,2020-2024,2020,2024,pooled focal fields,dm_model:glueball,Glueball,candidate,candidate,candidate,8,2,0.0013235016071090943,0.3001824971606532,0.004381113134696036,0.004381113134696038,2,2,0.5877551020408163,0.38113827019130503,0.125,0.25,0.25,0.125,8.442988007441576,10.060450724332888,0.004381113134696036,0.25,16.0,12.0,False
published_umbrella,rolling,2020-2024,2020,2024,pooled focal fields,dm_model:superwimp,SuperWIMP,candidate,candidate,candidate,7,2,0.0013235016071090943,0.483043802763478,0.0027571430557517726,0.002757143055751777,2,2,0.5877551020408163,0.38113827019130503,0.125,0.17857142857142858,0.17857142857142858,0.125,8.442988007441576,9.761181889260179,0.0027571430557517726,0.17857142857142858,13.714285714285715,10.857142857142858,False
published_umbrella,rolling,2020-2024,2020,2024,pooled focal fields,dm_model:majoron,Majoron,candidate,candidate,candidate,5,1,0.0005672149744753262,0.14519205123400702,0.0024232429521727663,0.0024232429521727655,1,1,0.0,0.0,0.05357142857142857,0.14285714285714285,0.14285714285714285,0.05357142857142857,8.0,9.030225362166444,0.0024232429521727663,0.14285714285714285,12.571428571428571,10.285714285714285,False
published_umbrella,rolling,2020-2024,2020,2024,pooled focal fields,dm_model:q_ball,Q-ball,candidate,candidate,candidate,18,1,0.0005672149744753262,0.39800042589568957,7.917193420617393e-05,7.917193420617397e-05,1,1,0.0,0.0,0.05357142857142857,0.03571428571428571,0.03571428571428571,0.05357142857142857,8.0,11.959009225046508,7.917193420617393e-05,0.03571428571428571,9.142857142857142,8.571428571428571,False
published_umbrella,rolling,2021-2025,2021,2025,pooled focal fields,dm_model:axion_alp,Axion + ALP,candidate,candidate,candidate,2583,249,0.9173457508731082,8.914425625542151,1.0,1.0,8,6,0.9008319393618459,0.8762039189828621,1.0,1.0,1.0,0.7857142857142857,40.0,24.0,1.0,1.0,40.0,24.0,False
published_umbrella,rolling,2021-2025,2021,2025,pooled focal fields,dm_model:wimp_related,WIMP-related,candidate,candidate,candidate,973,150,0.5694328953933145,17.284426186258315,0.5748209366507008,0.574820936650701,8,6,0.9270254907633854,0.9081866305090606,0.9642857142857143,0.9642857142857143,0.9642857142857143,0.7857142857142857,33.049763798847465,21.587481891374672,0.5748209366507008,0.9642857142857143,38.85714285714286,23.42857142857143,True
published_umbrella,rolling,2021-2025,2021,2025,pooled focal fields,dm_model:pbh,PBH,candidate,candidate,candidate,1335,153,0.5394977548644604,13.205857081262065,0.4366939084190537,0.4366939084190537,8,6,0.9154358002861397,0.8780824380984664,0.9285714285714286,0.9285714285714286,0.9285714285714286,0.7857142857142857,32.36208550989861,22.36889766608831,0.4366939084190537,0.9285714285714286,37.714285714285715,22.857142857142858,False
published_umbrella,rolling,2021-2025,2021,2025,pooled focal fields,dm_model:sterile_nu,Sterile nu,candidate,candidate,candidate,446,99,0.1767836354565109,13.582542824850979,0.16342756006344453,0.16342756006344455,8,6,0.9539688256934482,0.9257136014143448,0.8928571428571429,0.8928571428571429,0.8928571428571429,0.7857142857142857,21.619011653702948,19.661654435713466,0.16342756006344453,0.8928571428571429,36.57142857142857,22.285714285714285,False
published_umbrella,rolling,2021-2025,2021,2025,pooled focal fields,dm_model:ula_fuzzy,ULA / Fuzzy,candidate,candidate,candidate,350,79,0.12938632961915852,14.360248612658733,0.07097587385414114,0.07097587385414109,8,6,0.7706451847397254,0.7388319511971418,0.8571428571428571,0.7142857142857143,0.7142857142857143,0.7857142857142857,19.54074223511521,19.06383681887926,0.07097587385414114,0.7142857142857143,30.857142857142858,19.42857142857143,False
published_umbrella,rolling,2021-2025,2021,2025,pooled focal fields,dm_model:dark_photon,Dark Photon,candidate,candidate,candidate,256,58,0.09379677365707634,8.639710698809175,0.10451314129235305,0.10451314129235306,8,6,0.9679719330013581,0.9577512615695052,0.8214285714285714,0.8571428571428571,0.8571428571428571,0.7857142857142857,17.71263217140548,18.293087823455295,0.10451314129235305,0.8571428571428571,35.42857142857143,21.714285714285715,False
published_umbrella,rolling,2021-2025,2021,2025,pooled focal fields,dm_model:bino,Bino,candidate,candidate,candidate,106,32,0.08032596041909197,9.721903209960377,0.0913171628862799,0.09131716288627996,8,5,0.8586602883119221,0.7860741848630206,0.7857142857142857,0.8214285714285714,0.8214285714285714,0.7857142857142857,16.931169281144854,16.126438092036874,0.0913171628862799,0.8214285714285714,34.285714285714285,21.142857142857142,False
published_umbrella,rolling,2021-2025,2021,2025,pooled focal fields,dm_model:wino,Wino,candidate,candidate,candidate,113,28,0.06618992183602196,7.472905761846664,0.08004499949379211,0.08004499949379217,8,5,0.8469634605186738,0.7737699996879889,0.75,0.75,0.75,0.7857142857142857,16.036815979810328,16.28312874862865,0.08004499949379211,0.75,32.0,20.0,False
published_umbrella,rolling,2021-2025,2021,2025,pooled focal fields,dm_model:generic_composite,Generic Composite,candidate,candidate,candidate,126,29,0.0488940628637951,4.846272621318201,0.08144635716488627,0.08144635716488631,8,6,0.8503956684714702,0.817096262155797,0.7142857142857143,0.7857142857142857,0.7857142857142857,0.7857142857142857,14.80004863898208,16.550146480829362,0.08144635716488627,0.7857142857142857,33.14285714285714,20.57142857142857,False
published_umbrella,rolling,2021-2025,2021,2025,pooled focal fields,dm_model:vector_dm,Vector DM,candidate,candidate,candidate,105,34,0.046066855147181104,5.353048673828212,0.06013537145918233,0.06013537145918237,8,6,0.9635470291545569,0.9436875697903773,0.6785714285714286,0.6785714285714286,0.6785714285714286,0.7857142857142857,14.57810125206668,16.10322058305524,0.06013537145918233,0.6785714285714286,29.714285714285715,18.857142857142858,False
published_umbrella,rolling,2021-2025,2021,2025,pooled focal fields,dm_model:asymmetric_dm,Asymmetric DM,candidate,candidate,candidate,105,32,0.03309496091801098,5.180355291051111,0.04129286909970255,0.041292869099702756,8,6,0.9593091083558495,0.9396064982837103,0.6428571428571429,0.6428571428571429,0.6428571428571429,0.7857142857142857,13.459089194643415,16.10322058305524,0.04129286909970255,0.6428571428571429,28.571428571428573,18.285714285714285,False
published_umbrella,rolling,2021-2025,2021,2025,pooled focal fields,dm_model:sfdm,SFDM,candidate,candidate,candidate,60,16,0.014468651255612839,4.679343183492399,0.005499632916887592,0.005499632916887588,6,6,0.5672611969877129,0.5790103933889322,0.6071428571428571,0.32142857142857145,0.32142857142857145,0.48214285714285715,11.350677110427158,14.736922079469721,0.005499632916887592,0.32142857142857145,18.285714285714285,13.142857142857142,False
published_umbrella,rolling,2021-2025,2021,2025,pooled focal fields,dm_model:twin_higgs,Twin Higgs,candidate,candidate,candidate,31,15,0.013969732246798604,3.639668638877212,0.020293916299203928,0.02029391629920393,8,6,0.9564625850340136,0.9415775030946782,0.5714285714285714,0.6071428571428571,0.6071428571428571,0.7857142857142857,11.27911041836137,13.141723931861632,0.020293916299203928,0.6071428571428571,27.428571428571427,17.714285714285715,False
published_umbrella,rolling,2021-2025,2021,2025,pooled focal fields,dm_model:minimal_su_2_l,Minimal SU(2)L,candidate,candidate,candidate,33,12,0.010477299185098954,2.3239295459206564,0.017558696208970517,0.01755869620897052,8,5,0.9281934996220711,0.8613989916652384,0.5357142857142857,0.5714285714285714,0.5714285714285714,0.7857142857142857,10.737423769781934,13.291627193196794,0.017558696208970517,0.5714285714285714,26.285714285714285,17.142857142857142,False
published_umbrella,rolling,2021-2025,2021,2025,pooled focal fields,dm_model:scotogenic_model,Scotogenic Model,candidate,candidate,candidate,34,10,0.008814235822384834,2.3220670502253555,0.011646446885577165,0.011646446885577175,6,4,0.8159487362050551,0.6868547537875066,0.5,0.5357142857142857,0.5357142857142857,0.48214285714285715,10.447524843097305,13.363303125931367,0.011646446885577165,0.5357142857142857,25.142857142857142,16.57142857142857,False
published_umbrella,rolling,2021-2025,2021,2025,pooled focal fields,dm_model:inert_doublet_model,Inert Doublet Model,candidate,candidate,candidate,36,9,0.0066522534508564775,1.759056959614684,0.008784981259936717,0.008784981259936719,7,6,0.9615,0.9472228978043508,0.4642857142857143,0.5,0.5,0.5357142857142857,10.025982189715275,13.500707726082744,0.008784981259936717,0.5,24.0,16.0,False
published_umbrella,rolling,2021-2025,2021,2025,pooled focal fields,dm_model:macroscopic_dm,Macroscopic DM,candidate,candidate,candidate,51,7,0.004989190088142359,1.8022059616190984,0.00291796547052715,0.002917965470527148,4,3,0.6693333333333336,0.5125242771719692,0.42857142857142855,0.14285714285714285,0.14285714285714285,0.26785714285714285,9.652182889575023,14.342213152392457,0.00291796547052715,0.14285714285714285,12.571428571428571,10.285714285714285,False
published_umbrella,rolling,2021-2025,2021,2025,pooled focal fields,dm_model:macho,MACHO,candidate,candidate,candidate,23,5,0.004656577415599534,2.37902309565024,0.0019902914564800885,0.0019902914564800876,3,3,0.6581632653061226,0.5176585879112803,0.39285714285714285,0.10714285714285714,0.10714285714285714,0.10714285714285714,9.570251256454974,12.430387850974288,0.0019902914564800885,0.10714285714285714,11.428571428571429,9.714285714285714,False
published_umbrella,rolling,2021-2025,2021,2025,pooled focal fields,dm_model:mirror_dm,Mirror DM,candidate,candidate,candidate,32,7,0.00432396474305671,1.2485867578800682,0.005907573703349707,0.005907573703349706,5,3,0.6071005917159764,0.4829693907160016,0.35714285714285715,0.35714285714285715,0.35714285714285715,0.4107142857142857,9.485337382417049,13.217811367174725,0.005907573703349707,0.35714285714285715,19.42857142857143,13.714285714285715,False
published_umbrella,rolling,2021-2025,2021,2025,pooled focal fields,dm_model:quark_nugget_aqn,Quark Nugget / AQN,candidate,candidate,candidate,66,5,0.004157658406785298,0.47464093510335614,0.00812794370323397,0.008127943703233964,5,4,0.7449600000000001,0.6505092173936021,0.32142857142857145,0.4642857142857143,0.4642857142857143,0.4107142857142857,9.44165494935345,14.968902699886872,0.00812794370323397,0.4642857142857143,22.857142857142858,15.428571428571429,False
published_umbrella,rolling,2021-2025,2021,2025,pooled focal fields,dm_model:axino,Axino,candidate,candidate,candidate,13,3,0.0039913520705138865,0.8874891128580398,0.006394148446933923,0.006394148446933925,3,3,0.7625000000000001,0.5863352583727444,0.26785714285714285,0.39285714285714285,0.39285714285714285,0.10714285714285714,9.397089775281344,11.097640018703832,0.006394148446933923,0.39285714285714285,20.57142857142857,14.285714285714285,False
published_umbrella,rolling,2021-2025,2021,2025,pooled focal fields,dm_model:superfluid_dm,Superfluid DM,candidate,candidate,candidate,18,5,0.0039913520705138865,2.4605229557293455,0.0011976503857844465,0.0011976503857844458,4,2,0.39583333333333337,0.28560757300637163,0.26785714285714285,0.03571428571428571,0.03571428571428571,0.26785714285714285,9.397089775281344,11.852740897654364,0.0011976503857844465,0.03571428571428571,9.142857142857142,8.571428571428571,False
published_umbrella,rolling,2021-2025,2021,2025,pooled focal fields,dm_model:atomic_dm,Atomic DM,candidate,candidate,candidate,26,4,0.0038250457342424746,0.7312868842633832,0.007971415961108353,0.007971415961108416,4,4,0.8347826086956521,0.7158119402888384,0.21428571428571427,0.42857142857142855,0.42857142857142855,0.26785714285714285,9.351586078148264,12.721623666486806,0.007971415961108353,0.42857142857142855,21.714285714285715,14.857142857142858,False
published_umbrella,rolling,2021-2025,2021,2025,pooled focal fields,dm_model:wimpzilla,WIMPzilla,candidate,candidate,candidate,29,4,0.0034924330616996507,0.9752315456547473,0.0035427643922531665,0.0035427643922531686,4,4,0.8653061224489796,0.7417349457926434,0.17857142857142858,0.2857142857142857,0.2857142857142857,0.26785714285714285,9.25750832408121,12.982142980914611,0.0035427643922531665,0.2857142857142857,17.142857142857142,12.571428571428571,False
published_umbrella,rolling,2021-2025,2021,2025,pooled focal fields,dm_model:superwimp,SuperWIMP,candidate,candidate,candidate,8,4,0.002328288707799767,1.0616370604004584,0.003138309793371637,0.0031383097933716385,4,4,0.8816326530612246,0.7579183152070363,0.14285714285714285,0.21428571428571427,0.21428571428571427,0.26785714285714285,8.88653742777713,10.005143792799732,0.003138309793371637,0.21428571428571427,14.857142857142858,11.428571428571429,False
published_umbrella,rolling,2021-2025,2021,2025,pooled focal fields,dm_model:majoron,Majoron,candidate,candidate,candidate,7,4,0.0019956760352569432,1.1546196575508996,0.002932774199275513,0.0029327741992755106,4,3,0.75,0.5802792108518123,0.10714285714285714,0.17857142857142858,0.17857142857142858,0.26785714285714285,8.76409377019895,9.71390797728721,0.002932774199275513,0.17857142857142858,13.714285714285715,10.857142857142858,False
published_umbrella,rolling,2021-2025,2021,2025,pooled focal fields,dm_model:q_ball,Q-ball,candidate,candidate,candidate,26,3,0.0014967570264427074,0.413022152059196,0.0016006323589017554,0.001600632358901757,3,3,0.8,0.6131471927654584,0.07142857142857142,0.07142857142857142,0.07142857142857142,0.10714285714285714,8.55935546153249,12.721623666486806,0.0016006323589017554,0.07142857142857142,10.285714285714285,9.142857142857142,False
published_umbrella,rolling,2021-2025,2021,2025,pooled focal fields,dm_model:glueball,Glueball,candidate,candidate,candidate,8,2,0.0011641443538998836,0.29915912739920425,0.0034819844406442074,0.0034819844406442082,2,2,0.5877551020408165,0.38113827019130503,0.03571428571428571,0.25,0.25,0.03571428571428571,8.403078743128011,10.005143792799732,0.0034819844406442074,0.25,16.0,12.0,False
canonical_core,full,2006-2025,2006,2025,pooled focal fields,dm_model:wimp_core,Canonical WIMP core,candidate,candidate,candidate,4892,223,1.1530639913232104,16.70853494894117,1.0,1.0,11,6,0.900651199056059,0.8759485326659572,1.0,1.0,1.0,0.8064516129032258,40.0,24.0,1.0,1.0,40.0,24.0,True
canonical_core,full,2006-2025,2006,2025,pooled focal fields,dm_model:axion_alp,Axion + ALP,candidate,candidate,candidate,4540,250,0.6738069414316703,12.00232476249203,0.30701610331434703,0.30701610331434553,11,6,0.8824160010363995,0.8596158195961804,0.967741935483871,0.967741935483871,0.967741935483871,0.8064516129032258,32.33045362980659,23.82181247804749,0.30701610331434703,0.967741935483871,38.96774193548387,23.483870967741936,False
canonical_core,full,2006-2025,2006,2025,pooled focal fields,dm_model:pbh,PBH,candidate,candidate,candidate,1928,139,0.2992136659436009,14.887240690234279,0.06797983728491024,0.06797983728490962,11,6,0.9022146241856399,0.8614529868703587,0.9354838709677419,0.8064516129032258,0.8064516129032258,0.8064516129032258,24.027138401306544,21.77844522584985,0.06797983728491024,0.8064516129032258,33.806451612903224,20.903225806451612,False
canonical_core,full,2006-2025,2006,2025,pooled focal fields,dm_model:sterile_nu,Sterile nu,candidate,candidate,candidate,1315,124,0.21183568329718,14.889817810279874,0.09096076063391495,0.09096076063391463,11,6,0.95161810944,0.9173518514136033,0.9032258064516129,0.8387096774193549,0.8387096774193549,0.8064516129032258,21.396906706085012,20.865757329667158,0.09096076063391495,0.8387096774193549,34.83870967741936,21.41935483870968,False
canonical_core,full,2006-2025,2006,2025,pooled focal fields,dm_model:gravitino,Gravitino,candidate,candidate,candidate,859,87,0.21027657266811275,9.814938933806033,0.186097566053345,0.18609756605334485,11,6,0.7650839852494242,0.7306702465129419,0.8709677419354839,0.9354838709677419,0.9354838709677419,0.8064516129032258,21.34545705485484,19.85040572038416,0.186097566053345,0.9354838709677419,37.935483870967744,22.967741935483872,False
canonical_core,full,2006-2025,2006,2025,pooled focal fields,dm_model:bino,Bino,candidate,candidate,candidate,402,50,0.11659436008676788,8.522906961404768,0.12886066193810072,0.12886066193810075,11,5,0.8465808545159547,0.7782574070595266,0.8387096774193549,0.9032258064516129,0.9032258064516129,0.8064516129032258,17.79494570491149,18.041292879287322,0.12886066193810072,0.9032258064516129,36.903225806451616,22.451612903225808,False
canonical_core,full,2006-2025,2006,2025,pooled focal fields,dm_model:wino,Wino,candidate,candidate,candidate,414,52,0.10256236442516267,7.688270904887108,0.1095695678608889,0.10956956786088884,11,6,0.8699509734755277,0.8196410351998041,0.8064516129032258,0.8709677419354839,0.8709677419354839,0.8064516129032258,17.151986119436934,18.11132349370846,0.1095695678608889,0.8709677419354839,35.87096774193549,21.935483870967744,False
canonical_core,full,2006-2025,2006,2025,pooled focal fields,dm_model:ula_fuzzy,ULA / Fuzzy,candidate,candidate,candidate,563,70,0.0823617136659436,13.429804981082857,0.01586388811081439,0.01586388811081427,11,6,0.7514545546918663,0.7139253874820836,0.7741935483870968,0.5806451612903226,0.5806451612903226,0.8064516129032258,16.14334170861292,18.8435068313779,0.01586388811081439,0.5806451612903226,26.580645161290324,17.29032258064516,False
canonical_core,full,2006-2025,2006,2025,pooled focal fields,dm_model:dark_photon,Dark Photon,candidate,candidate,candidate,388,44,0.05267082429501085,5.061637271310923,0.03326449369888041,0.03326449369888035,11,6,0.9687074829931973,0.9594206424695901,0.7419354838709677,0.7419354838709677,0.7419354838709677,0.8064516129032258,14.400346297011975,17.9569056103879,0.03326449369888041,0.7419354838709677,31.741935483870968,19.870967741935484,False
canonical_core,full,2006-2025,2006,2025,pooled focal fields,dm_model:asymmetric_dm,Asymmetric DM,candidate,candidate,candidate,317,43,0.04440075921908894,4.9004147800807205,0.030440223242468693,0.030440223242468603,11,6,0.96670730143931,0.9529665774143008,0.7096774193548387,0.7096774193548387,0.7096774193548387,0.8064516129032258,13.830737459712658,17.475917709582667,0.030440223242468693,0.7096774193548387,30.70967741935484,19.35483870967742,False
canonical_core,full,2006-2025,2006,2025,pooled focal fields,dm_model:vector_dm,Vector DM,candidate,candidate,candidate,189,28,0.034707158351409986,4.0387054368994555,0.02905655003256333,0.029056550032563282,11,6,0.9482025146484375,0.9178638794157141,0.6774193548387096,0.6451612903225806,0.6451612903225806,0.8064516129032258,13.090427392848136,16.246699173544712,0.02905655003256333,0.6451612903225806,28.64516129032258,18.32258064516129,False
canonical_core,full,2006-2025,2006,2025,pooled focal fields,dm_model:axino,Axino,candidate,candidate,candidate,159,32,0.03341919739696313,4.623285533626141,0.0374153023476961,0.037415302347696085,11,6,0.7336495932918877,0.7082099404131105,0.6451612903225806,0.7741935483870968,0.7741935483870968,0.8064516129032258,12.984627977686365,15.836543213110374,0.0374153023476961,0.7741935483870968,32.774193548387096,20.387096774193548,False
canonical_core,full,2006-2025,2006,2025,pooled focal fields,dm_model:generic_composite,Generic Composite,candidate,candidate,candidate,235,29,0.03301247288503254,4.016181250504469,0.02971508716963897,0.02971508716963889,11,6,0.8739590755958832,0.8573407288367504,0.6129032258064516,0.6774193548387096,0.6774193548387096,0.8064516129032258,12.950795520665217,16.764155390912123,0.02971508716963897,0.6774193548387096,29.677419354838708,18.838709677419352,False
canonical_core,full,2006-2025,2006,2025,pooled focal fields,dm_model:twin_higgs,Twin Higgs,candidate,candidate,candidate,120,17,0.01904826464208243,2.581213100468178,0.022262833237849673,0.022262833237849645,10,6,0.8780739858917694,0.8443539950682841,0.5806451612903226,0.6129032258064516,0.6129032258064516,0.5645161290322581,11.626467804409087,15.169737615396379,0.022262833237849673,0.6129032258064516,27.612903225806452,17.806451612903224,False
canonical_core,full,2006-2025,2006,2025,pooled focal fields,dm_model:sfdm,SFDM,candidate,candidate,candidate,129,17,0.012066160520607374,4.013376535746265,0.002348654873648224,0.0023486548736482084,8,5,0.6281782603206668,0.5752149446937888,0.5483870967741935,0.22580645161290322,0.22580645161290322,0.43548387096774194,10.772363440816068,15.340969190658125,0.002348654873648224,0.22580645161290322,15.225806451612904,11.612903225806452,False
canonical_core,full,2006-2025,2006,2025,pooled focal fields,dm_model:mirror_dm,Mirror DM,candidate,candidate,candidate,117,17,0.011727223427331885,3.6470734036129464,0.005164461866351167,0.005164461866351149,8,6,0.9197768051054162,0.885308820084379,0.5161290322580645,0.3870967741935484,0.3870967741935484,0.43548387096774194,10.72525261098544,15.10981717432017,0.005164461866351167,0.3870967741935484,20.387096774193548,14.193548387096774,False
canonical_core,full,2006-2025,2006,2025,pooled focal fields,dm_model:minimal_su_2_l,Minimal SU(2)L,candidate,candidate,candidate,88,16,0.011388286334056398,2.338306851618582,0.011468017921843375,0.011468017921843359,10,6,0.9467687074829932,0.9152614168808286,0.4838709677419355,0.5483870967741935,0.5483870967741935,0.5645161290322581,10.677455925770285,14.436651041909737,0.011468017921843375,0.5483870967741935,25.548387096774192,16.774193548387096,False
canonical_core,full,2006-2025,2006,2025,pooled focal fields,dm_model:macho,MACHO,candidate,candidate,candidate,120,9,0.009151301518438177,3.6228034012002546,0.00044028821923061863,0.00044028821923061136,4,3,0.6521152263374486,0.49566199294378543,0.45161290322580644,0.06451612903225806,0.06451612903225806,0.12903225806451613,10.342310938813057,15.169737615396379,0.00044028821923061863,0.06451612903225806,10.064516129032258,9.032258064516128,False
canonical_core,full,2006-2025,2006,2025,pooled focal fields,dm_model:atomic_dm,Atomic DM,candidate,candidate,candidate,86,13,0.00711767895878525,2.3229325209438327,0.005522142639652934,0.005522142639652904,8,6,0.9473741496598638,0.9209327238685954,0.41935483870967744,0.41935483870967744,0.41935483870967744,0.43548387096774194,9.999809681367129,14.382405399125005,0.005522142639652934,0.41935483870967744,21.41935483870968,14.70967741935484,False
canonical_core,full,2006-2025,2006,2025,pooled focal fields,dm_model:scotogenic_model,Scotogenic Model,candidate,candidate,candidate,71,10,0.0067787418655097615,1.3474029386247366,0.006520393482487151,0.006520393482487139,8,5,0.8956799999999999,0.8216716619602977,0.3870967741935484,0.4838709677419355,0.4838709677419355,0.43548387096774194,9.938161727498866,13.930740469992074,0.006520393482487151,0.4838709677419355,23.483870967741936,15.741935483870968,False
canonical_core,full,2006-2025,2006,2025,pooled focal fields,dm_model:inert_doublet_model,Inert Doublet Model,candidate,candidate,candidate,88,9,0.006710954446854663,1.0940704003700354,0.007307387048211176,0.0073073870482111706,8,5,0.9452096724823997,0.8794317266795085,0.3548387096774194,0.5161290322580645,0.5161290322580645,0.43548387096774194,9.92564853504886,14.436651041909737,0.007307387048211176,0.5161290322580645,24.516129032258064,16.258064516129032,False
canonical_core,full,2006-2025,2006,2025,pooled focal fields,dm_model:lkp_kaluza_klein,LKP Kaluza-Klein,candidate,candidate,candidate,58,10,0.0067109544468546625,1.562307627818704,0.0062883040969983475,0.0062883040969983475,8,5,0.8741965105601469,0.800290810845542,0.3225806451612903,0.45161290322580644,0.45161290322580644,0.43548387096774194,9.92564853504886,13.455478957728214,0.0062883040969983475,0.45161290322580644,22.451612903225808,15.225806451612904,False
canonical_core,full,2006-2025,2006,2025,pooled focal fields,dm_model:wimpzilla,WIMPzilla,candidate,candidate,candidate,68,8,0.004880694143167028,1.4078440656675355,0.0028831884839926685,0.0028831884839926564,7,4,0.8356481481481481,0.71894768110964,0.2903225806451613,0.2903225806451613,0.2903225806451613,0.3064516129032258,9.560032493513754,13.829163202434621,0.0028831884839926685,0.2903225806451613,17.29032258064516,12.64516129032258,False
canonical_core,full,2006-2025,2006,2025,pooled focal fields,dm_model:q_ball,Q-ball,candidate,candidate,candidate,70,9,0.004745119305856833,1.3002733449811066,0.004438387133648301,0.004438387133648297,7,4,0.6940408163265308,0.5925043867708535,0.25806451612903225,0.3225806451612903,0.3225806451612903,0.3064516129032258,9.530405342944139,13.897359428772774,0.004438387133648301,0.3225806451612903,18.32258064516129,13.161290322580644,False
canonical_core,full,2006-2025,2006,2025,pooled focal fields,dm_model:quark_nugget_aqn,Quark Nugget / AQN,candidate,candidate,candidate,146,5,0.0037960954446854666,0.21672616377613577,0.0026526153263147544,0.002652615326314733,5,4,0.6053571428571429,0.5458750794889784,0.22580645161290322,0.25806451612903225,0.25806451612903225,0.20967741935483872,9.309904940611062,15.634290853602895,0.0026526153263147544,0.25806451612903225,16.258064516129032,12.129032258064516,False
canonical_core,full,2006-2025,2006,2025,pooled focal fields,dm_model:superwimp,SuperWIMP,candidate,candidate,candidate,29,5,0.0030504338394793926,0.9568203619757858,0.004632955225307271,0.004632955225307273,5,4,0.8971851851851852,0.7711343022068953,0.1935483870967742,0.3548387096774194,0.3548387096774194,0.20967741935483872,9.116408892173752,11.841254383550716,0.004632955225307271,0.3548387096774194,19.35483870967742,13.67741935483871,False
canonical_core,full,2006-2025,2006,2025,pooled focal fields,dm_model:macroscopic_dm,Macroscopic DM,candidate,candidate,candidate,99,6,0.0027114967462039045,0.9990357157241062,0.0014239621537250858,0.0014239621537250784,5,3,0.6375,0.502442468830035,0.16129032258064516,0.1935483870967742,0.1935483870967742,0.20967741935483872,9.020636150379165,14.714782946885226,0.0014239621537250858,0.1935483870967742,14.193548387096774,11.096774193548388,False
canonical_core,full,2006-2025,2006,2025,pooled focal fields,dm_model:superfluid_dm,Superfluid DM,candidate,candidate,candidate,27,5,0.002101409978308026,1.9890041218291208,0.00012260269188891116,0.0001226026918889095,5,2,0.5943808532778355,0.3842352914065921,0.12903225806451613,0.03225806451612903,0.03225806451612903,0.20967741935483872,8.831713415699628,11.676588714881216,0.00012260269188891116,0.03225806451612903,9.032258064516128,8.516129032258064,False
canonical_core,full,2006-2025,2006,2025,pooled focal fields,dm_model:majoron,Majoron,candidate,candidate,candidate,18,3,0.0011523861171366593,0.6697985207186181,0.0008447151985568895,0.0008447151985568862,3,3,0.7972318339100346,0.611174591750473,0.0967741935483871,0.12903225806451613,0.12903225806451613,0.0967741935483871,8.471073695304424,10.751106573402042,0.0008447151985568895,0.12903225806451613,12.129032258064516,10.064516129032258,False
canonical_core,full,2006-2025,2006,2025,pooled focal fields,dm_model:glueball,Glueball,candidate,candidate,candidate,13,2,0.0006778741865509761,0.23290043053917256,0.001015643554765393,0.0010156435547653904,2,2,0.6,0.3868528072345416,0.06451612903225806,0.16129032258064516,0.16129032258064516,0.06451612903225806,8.231215852146144,10.02225049828926,0.001015643554765393,0.16129032258064516,13.161290322580644,10.580645161290322,False
canonical_core,full,2006-2025,2006,2025,pooled focal fields,dm_model:planckian_dm,Planckian DM,candidate,candidate,candidate,7,1,0.00040672451193058567,0.18585322412168195,0.0007124432690346315,0.0007124432690346293,1,1,0.0,0.0,0.03225806451612903,0.0967741935483871,0.0967741935483871,0.03225806451612903,8.05327788755604,8.686612396375747,0.0007124432690346315,0.0967741935483871,11.096774193548388,9.548387096774194,False
canonical_core,stable,2006-2015,2006,2015,pooled focal fields,dm_model:wimp_core,Canonical WIMP core,candidate,candidate,candidate,2858,153,1.9104919976289274,8.074324926919498,1.0,1.0,7,6,0.8865385430572296,0.8603533915526141,1.0,1.0,1.0,0.84,40.0,24.0,1.0,1.0,40.0,24.0,True
canonical_core,stable,2006-2015,2006,2015,pooled focal fields,dm_model:gravitino,Gravitino,candidate,candidate,candidate,603,69,0.4135546334716459,7.550439999311968,0.22394850641935013,0.22394850641935057,7,6,0.7665423091418646,0.7300550650593567,0.96,0.96,0.96,0.84,22.49007635949728,19.966175608599755,0.22394850641935013,0.96,38.72,23.36,False
canonical_core,stable,2006-2015,2006,2015,pooled focal fields,dm_model:axion_alp,Axion + ALP,candidate,candidate,candidate,809,78,0.33688994269907135,8.376709060314633,0.12007567663295025,0.12007567663295057,7,6,0.8225704285308865,0.8087736973843865,0.92,0.92,0.92,0.84,21.0056549721012,20.727610032090197,0.12007567663295025,0.92,37.44,22.72,False
canonical_core,stable,2006-2015,2006,2015,pooled focal fields,dm_model:sterile_nu,Sterile nu,candidate,candidate,candidate,483,53,0.18810511756569842,8.157087178679411,0.042370850194946234,0.042370850194946325,7,6,0.9383606383729962,0.8873457742815829,0.88,0.76,0.76,0.84,17.530045107070826,19.391482150589944,0.042370850194946234,0.76,32.32,20.16,False
canonical_core,stable,2006-2015,2006,2015,pooled focal fields,dm_model:bino,Bino,candidate,candidate,candidate,205,34,0.15589804386484885,4.626994621746457,0.10599481914970019,0.10599481914970034,7,5,0.8199549894702347,0.7521115387262779,0.84,0.88,0.88,0.84,16.60917196309421,17.175085273063644,0.10599481914970019,0.88,36.16,22.08,False
canonical_core,stable,2006-2015,2006,2015,pooled focal fields,dm_model:wino,Wino,candidate,candidate,candidate,205,35,0.14127642758348152,4.3220004454898096,0.09395132727992814,0.09395132727992819,7,5,0.8530568731967332,0.7893636525875936,0.8,0.84,0.84,0.84,16.159730116691666,17.175085273063644,0.09395132727992814,0.84,34.879999999999995,21.439999999999998,False
canonical_core,stable,2006-2015,2006,2015,pooled focal fields,dm_model:axino,Axino,candidate,candidate,candidate,122,26,0.07034182967792925,3.480914527768696,0.04832130890628891,0.048321308906289044,7,6,0.7316311071834365,0.6952803912005189,0.76,0.8,0.8,0.84,13.53848365707314,15.837030914362753,0.04832130890628891,0.8,33.6,20.8,False
canonical_core,stable,2006-2015,2006,2015,pooled focal fields,dm_model:asymmetric_dm,Asymmetric DM,candidate,candidate,candidate,123,20,0.046038332345386276,2.82499066890159,0.020543486952385698,0.02054348695238531,7,6,0.9709812300834424,0.9556471932504531,0.72,0.72,0.72,0.84,12.338462998340432,15.858040570058627,0.020543486952385698,0.72,31.04,19.52,False
canonical_core,stable,2006-2015,2006,2015,pooled focal fields,dm_model:pbh,PBH,candidate,candidate,candidate,150,10,0.028255285516696305,2.78275263123227,0.003176116534200286,0.003176116534200168,5,5,0.6622915545992468,0.5757185249586944,0.68,0.36,0.36,0.58,11.237526935614222,16.369187709863418,0.003176116534200286,0.36,19.52,13.76,False
canonical_core,stable,2006-2015,2006,2015,pooled focal fields,dm_model:lkp_kaluza_klein,LKP Kaluza-Klein,candidate,candidate,candidate,52,10,0.017585457419482316,1.2956600521470303,0.009515715728284978,0.009515715728284998,7,5,0.8768589824517108,0.8052145060207107,0.64,0.64,0.64,0.84,10.39693228471464,13.652590863103473,0.009515715728284978,0.64,28.48,18.240000000000002,False
canonical_core,stable,2006-2015,2006,2015,pooled focal fields,dm_model:macho,MACHO,candidate,candidate,candidate,70,7,0.014621616281367319,3.6599115128731325,0.0002493848745697645,0.00024938487456974796,2,3,0.6245434623813002,0.4742471391105909,0.6,0.12,0.12,0.12,10.119987738452327,14.411243567682883,0.0002493848745697645,0.12,11.84,9.92,False
canonical_core,stable,2006-2015,2006,2015,pooled focal fields,dm_model:mirror_dm,Mirror DM,candidate,candidate,candidate,57,8,0.013633669235328987,1.8498409961169973,0.003511548320346654,0.003511548320346692,4,5,0.8962822936357908,0.8363346117379623,0.56,0.4,0.4,0.4,10.021518053286304,13.886503958360048,0.003511548320346654,0.4,20.8,14.4,False
canonical_core,stable,2006-2015,2006,2015,pooled focal fields,dm_model:twin_higgs,Twin Higgs,candidate,candidate,candidate,38,5,0.013436079826121319,1.3149836169112092,0.01066837080184278,0.010668370801842804,4,3,0.7141868512110727,0.5423991266275149,0.52,0.68,0.68,0.4,10.00140042526871,12.856724493710235,0.01066837080184278,0.68,29.76,18.880000000000003,False
canonical_core,stable,2006-2015,2006,2015,pooled focal fields,dm_model:vector_dm,Vector DM,candidate,candidate,candidate,25,7,0.01165777514325232,1.7648280135970236,0.005696402938073961,0.0056964029380739585,5,5,0.8887101407641481,0.8246396046705475,0.48,0.56,0.56,0.58,9.81323147700337,11.804672975555963,0.005696402938073961,0.56,25.92,16.96,False
canonical_core,stable,2006-2015,2006,2015,pooled focal fields,dm_model:generic_composite,Generic Composite,candidate,candidate,candidate,56,6,0.00948429164196799,0.32133223395521565,0.0067043064239319305,0.006704306423931934,6,4,0.7958333333333336,0.6875506256562981,0.44,0.6,0.6,0.64,9.5624987729264,13.841377980914688,0.0067043064239319305,0.6,27.2,17.6,False
canonical_core,stable,2006-2015,2006,2015,pooled focal fields,dm_model:atomic_dm,Atomic DM,candidate,candidate,candidate,46,6,0.007705986959098993,1.2008669746671004,0.00361636988597287,0.0036163698859728883,4,3,0.6848126232741617,0.529631255401791,0.4,0.44,0.44,0.4,9.334988848562354,13.340855024079502,0.00361636988597287,0.44,22.08,15.04,False
canonical_core,stable,2006-2015,2006,2015,pooled focal fields,dm_model:ula_fuzzy,ULA / Fuzzy,candidate,candidate,candidate,41,6,0.007508397549891326,1.8906753012748239,0.00045877183356811293,0.0004587718335681269,4,2,0.5185595567867036,0.3480683988441809,0.36,0.16,0.16,0.4,9.308154073520118,13.049010841049547,0.00045877183356811293,0.16,13.120000000000001,10.56,False
canonical_core,stable,2006-2015,2006,2015,pooled focal fields,dm_model:sfdm,SFDM,candidate,candidate,candidate,43,5,0.006915629322268326,1.4924101334044888,0.0010421941445778139,0.0010421941445778395,4,2,0.5407346938775509,0.35881626451947113,0.32,0.2,0.2,0.4,9.225457839733599,13.169715316217834,0.0010421941445778139,0.2,14.4,11.2,False
canonical_core,stable,2006-2015,2006,2015,pooled focal fields,dm_model:q_ball,Q-ball,candidate,candidate,candidate,29,4,0.006520450503852994,1.1845881947755936,0.005223431666123344,0.0052234316661233775,3,2,0.4407713498622591,0.3091141634825838,0.28,0.52,0.52,0.2,9.1683419850159,12.175973629522879,0.005223431666123344,0.52,24.64,16.32,False
canonical_core,stable,2006-2015,2006,2015,pooled focal fields,dm_model:dark_photon,Dark Photon,candidate,candidate,candidate,38,4,0.0061252716854376605,0.6784073888411184,0.0029793085243563964,0.0029793085243563886,4,4,0.8765868886576484,0.7520569930440428,0.24,0.32,0.32,0.4,9.109467488338543,12.856724493710235,0.0029793085243563964,0.32,18.240000000000002,13.120000000000001,False
canonical_core,stable,2006-2015,2006,2015,pooled focal fields,dm_model:minimal_su_2_l,Minimal SU(2)L,candidate,candidate,candidate,24,4,0.004149377593360996,0.8147772752083052,0.0013243013022718785,0.0013243013022718815,4,3,0.7346938775510204,0.5704354118765422,0.2,0.24,0.24,0.4,8.781395938452215,11.702907842155149,0.0013243013022718785,0.24,15.68,11.84,False
canonical_core,stable,2006-2015,2006,2015,pooled focal fields,dm_model:inert_doublet_model,Inert Doublet Model,candidate,candidate,candidate,33,3,0.003556609365737996,0.08964389447548786,0.0027658652745669605,0.002765865274566966,3,3,0.8,0.6131471927654584,0.16,0.28,0.28,0.2,8.668196296070821,12.500731720733516,0.0027658652745669605,0.28,16.96,12.48,False
canonical_core,stable,2006-2015,2006,2015,pooled focal fields,dm_model:superwimp,SuperWIMP,candidate,candidate,candidate,18,3,0.0033590199565303298,0.18697677108667404,0.003869796170522094,0.003869796170522089,3,3,0.7972318339100347,0.611174591750473,0.12,0.48,0.48,0.2,8.628390668812425,10.990832513392247,0.003869796170522094,0.48,23.36,15.68,False
canonical_core,stable,2006-2015,2006,2015,pooled focal fields,dm_model:quark_nugget_aqn,Quark Nugget / AQN,candidate,candidate,candidate,38,1,0.0019758940920766646,0.29896883792325946,0.00023404952754931324,0.00023404952754932013,1,1,0.0,0.0,0.08,0.08,0.08,0.06,8.308431324903966,12.856724493710235,0.00023404952754931324,0.08,10.56,9.28,False
canonical_core,stable,2006-2015,2006,2015,pooled focal fields,dm_model:wimpzilla,WIMPzilla,candidate,candidate,candidate,21,1,0.0009879470460383323,0.21142313966189394,0.0001335549713253369,0.0001335549713253283,1,1,0.0,0.0,0.04,0.04,0.04,0.06,8.0,11.371221366849667,0.0001335549713253369,0.04,9.28,8.64,False
canonical_core,stable,2016-2025,2016,2025,pooled focal fields,dm_model:axion_alp,Axion + ALP,candidate,candidate,candidate,3731,229,0.8251986379114643,8.684578212250663,0.8826441020509084,0.8826441020509084,10,6,0.8874075683845991,0.8632144280414525,1.0,0.9655172413793104,0.9655172413793104,0.8103448275862069,40.0,24.0,0.8826441020509084,0.9655172413793104,38.896551724137936,23.448275862068968,False
canonical_core,stable,2016-2025,2016,2025,pooled focal fields,dm_model:wimp_core,Canonical WIMP core,candidate,candidate,candidate,2034,155,0.7272727272727272,16.580258846367574,1.0,1.0,10,6,0.9139534355629824,0.8905626321356291,0.9655172413793104,1.0,1.0,0.8103448275862069,37.99111378315844,22.49164219073009,1.0,1.0,40.0,24.0,True
canonical_core,stable,2016-2025,2016,2025,pooled focal fields,dm_model:pbh,PBH,candidate,candidate,candidate,1778,134,0.4267877412031782,12.486914697191585,0.29783135104685293,0.2978313510468527,10,6,0.9061653771760156,0.8659158898310312,0.9310344827586207,0.9310344827586207,0.9310344827586207,0.8103448275862069,30.782707706588962,22.157252233360254,0.29783135104685293,0.9310344827586207,37.79310344827586,22.89655172413793,False
canonical_core,stable,2016-2025,2016,2025,pooled focal fields,dm_model:sterile_nu,Sterile nu,candidate,candidate,candidate,832,100,0.20575791971932716,13.65749422042176,0.20066474605173976,0.20066474605173976,10,6,0.9549432651012214,0.9257073017296663,0.896551724137931,0.896551724137931,0.896551724137931,0.8103448275862069,23.568103862700433,20.270032928817585,0.20066474605173976,0.896551724137931,36.689655172413794,22.344827586206897,False
canonical_core,stable,2016-2025,2016,2025,pooled focal fields,dm_model:ula_fuzzy,ULA / Fuzzy,candidate,candidate,candidate,522,69,0.11557114848828812,12.307164827236791,0.06129446937983709,0.06129446937983703,10,6,0.7452206632653062,0.7095034169981665,0.8620689655172413,0.6551724137931034,0.6551724137931034,0.8103448275862069,19.462003040784687,19.11236089359432,0.06129446937983709,0.6551724137931034,28.96551724137931,18.482758620689655,False
canonical_core,stable,2016-2025,2016,2025,pooled focal fields,dm_model:bino,Bino,candidate,candidate,candidate,197,34,0.0891548859766794,8.525439043017133,0.14799509417181936,0.14799509417181944,10,5,0.8584329989711936,0.7873826051420292,0.8275862068965517,0.8620689655172413,0.8620689655172413,0.8103448275862069,17.96732528495371,16.69650893323373,0.14799509417181936,0.8620689655172413,35.58620689655172,21.79310344827586,False
canonical_core,stable,2016-2025,2016,2025,pooled focal fields,dm_model:gravitino,Gravitino,candidate,candidate,candidate,256,33,0.086987926942524,6.201689153688867,0.13387645735589251,0.13387645735589268,10,6,0.6909098584533293,0.6638955629173937,0.7931034482758621,0.8275862068965517,0.8275862068965517,0.8103448275862069,17.835414697004204,17.34519286422835,0.13387645735589251,0.8275862068965517,34.48275862068965,21.241379310344826,False
canonical_core,stable,2016-2025,2016,2025,pooled focal fields,dm_model:wino,Wino,candidate,candidate,candidate,209,32,0.07398617273759159,7.034655000837052,0.12242119591715508,0.12242119591715518,10,5,0.8606618698318773,0.7904784711368308,0.7586206896551724,0.7931034482758621,0.7931034482758621,0.8103448275862069,17.006839039819006,16.842856946240957,0.12242119591715508,0.7931034482758621,33.37931034482759,20.689655172413794,False
canonical_core,stable,2016-2025,2016,2025,pooled focal fields,dm_model:dark_photon,Dark Photon,candidate,candidate,candidate,350,41,0.07233515633061603,5.019523839067062,0.09326759497067567,0.09326759497067563,10,6,0.963753838514777,0.9535040005550628,0.7241379310344828,0.7586206896551724,0.7586206896551724,0.8103448275862069,16.89656896111649,18.120477904230437,0.09326759497067567,0.7586206896551724,32.275862068965516,20.137931034482758,False
canonical_core,stable,2016-2025,2016,2025,pooled focal fields,dm_model:vector_dm,Vector DM,candidate,candidate,candidate,164,25,0.043751934784851926,3.787187807871804,0.07402544365345975,0.07402544365345973,10,6,0.9457102171591314,0.916703514775381,0.6896551724137931,0.6896551724137931,0.6896551724137931,0.8103448275862069,14.736632281286123,16.24303900087794,0.07402544365345975,0.6896551724137931,30.06896551724138,19.03448275862069,False
canonical_core,stable,2016-2025,2016,2025,pooled focal fields,dm_model:generic_composite,Generic Composite,candidate,candidate,candidate,179,23,0.04034671344546487,3.8647125614083158,0.0788265511751244,0.07882655117512444,10,6,0.8383932601173463,0.8064232865861487,0.6551724137931034,0.7241379310344828,0.7241379310344828,0.8103448275862069,14.43658264885114,16.459453581421823,0.0788265511751244,0.7241379310344828,31.17241379310345,19.586206896551722,False
canonical_core,stable,2016-2025,2016,2025,pooled focal fields,dm_model:asymmetric_dm,Asymmetric DM,candidate,candidate,candidate,194,26,0.033949024868434624,3.501581722305278,0.0522451050441721,0.052245105044171736,10,6,0.9467318298980978,0.9160144243886409,0.6206896551724138,0.6206896551724138,0.6206896551724138,0.8103448275862069,13.836379853179245,16.658535696957465,0.0522451050441721,0.6206896551724138,27.862068965517242,17.93103448275862,False
canonical_core,stable,2016-2025,2016,2025,pooled focal fields,dm_model:twin_higgs,Twin Higgs,candidate,candidate,candidate,82,12,0.018057991951295014,2.237534403841514,0.04012798190183833,0.04012798190183835,9,6,0.8990302040816328,0.872590635583861,0.5862068965517241,0.5862068965517241,0.5862068965517241,0.5862068965517241,12.034482423452335,14.534072696330472,0.04012798190183833,0.5862068965517241,26.75862068965517,17.379310344827587,False
canonical_core,stable,2016-2025,2016,2025,pooled focal fields,dm_model:sfdm,SFDM,candidate,candidate,candidate,86,11,0.010628418119905064,2.5407911520548665,0.005742782245030993,0.005742782245030985,7,5,0.5784522575172021,0.5526456737396912,0.5517241379310345,0.27586206896551724,0.27586206896551724,0.4827586206896552,10.904125542901763,14.651138946423142,0.005742782245030993,0.27586206896551724,16.82758620689655,12.413793103448276,False
canonical_core,stable,2016-2025,2016,2025,pooled focal fields,dm_model:scotogenic_model,Scotogenic Model,candidate,candidate,candidate,65,10,0.01021566401816118,1.761953831906407,0.017853180428865887,0.017853180428865884,7,5,0.8942760942760943,0.8207831352549799,0.5172413793103449,0.4827586206896552,0.4827586206896552,0.4827586206896552,10.831083232498955,13.964041917330732,0.017853180428865887,0.4827586206896552,23.448275862068968,15.724137931034484,False
canonical_core,stable,2016-2025,2016,2025,pooled focal fields,dm_model:minimal_su_2_l,Minimal SU(2)L,candidate,candidate,candidate,64,8,0.009596532865545352,1.0811947871118632,0.023699380370250513,0.023699380370250513,8,5,0.8985084980922651,0.8366931696090424,0.4827586206896552,0.5517241379310345,0.5517241379310345,0.5517241379310345,10.718694551264132,13.926068681054472,0.023699380370250513,0.5517241379310345,25.655172413793103,16.82758620689655,False
canonical_core,stable,2016-2025,2016,2025,pooled focal fields,dm_model:axino,Axino,candidate,candidate,candidate,37,7,0.00815189350944175,1.170100630384613,0.020054164098993847,0.02005416409899387,6,3,0.5099182823265502,0.4244945959308262,0.4482758620689655,0.5172413793103449,0.5172413793103449,0.41379310344827586,10.441430684588173,12.590937677362682,0.020054164098993847,0.5172413793103449,24.551724137931036,16.275862068965516,False
canonical_core,stable,2016-2025,2016,2025,pooled focal fields,dm_model:mirror_dm,Mirror DM,candidate,candidate,candidate,60,8,0.006500877102466206,1.2892128234972662,0.008759111228937222,0.008759111228937215,7,4,0.8066515495086923,0.6904613812711627,0.41379310344827586,0.3793103448275862,0.3793103448275862,0.4827586206896552,10.09242119143482,13.768098223237804,0.008759111228937222,0.3793103448275862,20.137931034482758,14.068965517241379,False
canonical_core,stable,2016-2025,2016,2025,pooled focal fields,dm_model:inert_doublet_model,Inert Doublet Model,candidate,candidate,candidate,55,6,0.0059849344752863475,1.0594658956314702,0.012605691919483577,0.01260569191948358,5,4,0.8839476813317481,0.7575082458019026,0.3793103448275862,0.4482758620689655,0.4482758620689655,0.3793103448275862,9.974432881463422,13.555387587776572,0.012605691919483577,0.4482758620689655,22.344827586206897,15.172413793103448,False
canonical_core,stable,2016-2025,2016,2025,pooled focal fields,dm_model:macho,MACHO,candidate,candidate,candidate,50,6,0.005572180373542462,2.5333633851679287,0.0016089608215623533,0.0016089608215623496,3,3,0.7078189300411524,0.5368314986294909,0.3448275862068966,0.06896551724137931,0.06896551724137931,0.1724137931034483,9.876328328794838,13.322769701304697,0.0016089608215623533,0.06896551724137931,10.206896551724139,9.10344827586207,False
canonical_core,stable,2016-2025,2016,2025,pooled focal fields,dm_model:wimpzilla,WIMPzilla,candidate,candidate,candidate,47,4,0.004333918068310804,0.6961734693091662,0.007957004678288731,0.007957004678288727,4,3,0.746938775510204,0.5774219423301942,0.3103448275862069,0.3448275862068966,0.3448275862068966,0.29310344827586204,9.557858877250428,13.171984222957434,0.007957004678288731,0.3448275862068966,19.03448275862069,13.517241379310345,False
canonical_core,stable,2016-2025,2016,2025,pooled focal fields,dm_model:quark_nugget_aqn,Quark Nugget / AQN,candidate,candidate,candidate,108,4,0.004024352492002889,0.2797994053582962,0.008929849598106356,0.008929849598106354,4,3,0.5333333333333333,0.44046994409716816,0.27586206896551724,0.41379310344827586,0.41379310344827586,0.29310344827586204,9.471337752512653,15.211852425049221,0.008929849598106356,0.41379310344827586,21.241379310344826,14.620689655172413,False
canonical_core,stable,2016-2025,2016,2025,pooled focal fields,dm_model:macroscopic_dm,Macroscopic DM,candidate,candidate,candidate,82,5,0.0033020328139510887,0.7167870041021974,0.00444463588615067,0.004444635886150666,4,2,0.41015625,0.29318741077557664,0.2413793103448276,0.2413793103448276,0.2413793103448276,0.29310344827586204,9.255480130364443,14.534072696330472,0.00444463588615067,0.2413793103448276,15.724137931034484,11.862068965517242,False
canonical_core,stable,2016-2025,2016,2025,pooled focal fields,dm_model:superfluid_dm,Superfluid DM,candidate,candidate,candidate,26,5,0.0030956557630791456,2.080564319450301,0.0006811055489261183,0.000681105548926117,4,2,0.5973333333333333,0.38561164105999624,0.20689655172413793,0.034482758620689655,0.034482758620689655,0.29310344827586204,9.189553698932448,11.740939290820176,0.0006811055489261183,0.034482758620689655,9.10344827586207,8.551724137931034,False
canonical_core,stable,2016-2025,2016,2025,pooled focal fields,dm_model:atomic_dm,Atomic DM,candidate,candidate,candidate,40,2,0.002166959034155402,0.3450263460496903,0.005796873792436766,0.005796873792436755,2,2,0.5659863945578232,0.3708803832588167,0.1724137931034483,0.3103448275862069,0.3103448275862069,0.08620689655172414,8.86120370604062,12.779929723630763,0.005796873792436766,0.3103448275862069,17.93103448275862,12.96551724137931,False
canonical_core,stable,2016-2025,2016,2025,pooled focal fields,dm_model:superwimp,SuperWIMP,candidate,candidate,candidate,11,3,0.0018573934578474875,0.8813013627529764,0.003869994502630988,0.003869994502630994,3,3,0.7777777777777778,0.5983187821727769,0.13793103448275862,0.20689655172413793,0.20689655172413793,0.1724137931034483,8.736442433625468,9.723994740985813,0.003869994502630988,0.20689655172413793,14.620689655172413,11.310344827586206,False
canonical_core,stable,2016-2025,2016,2025,pooled focal fields,dm_model:majoron,Majoron,candidate,candidate,candidate,13,3,0.0015478278815395726,0.8086406127805575,0.0024725721661902618,0.0024725721661902596,3,3,0.8,0.6131471927654584,0.10344827586206896,0.10344827586206896,0.10344827586206896,0.1724137931034483,8.600772616905855,10.107398105804949,0.0024725721661902618,0.10344827586206896,11.310344827586206,9.655172413793103,False
canonical_core,stable,2016-2025,2016,2025,pooled focal fields,dm_model:glueball,Glueball,candidate,candidate,candidate,13,2,0.0010318852543597151,0.2513432235785629,0.003164372721457345,0.0031643727214573435,2,2,0.6,0.3868528072345416,0.06896551724137931,0.1724137931034483,0.1724137931034483,0.08620689655172414,8.339932916201812,10.107398105804949,0.003164372721457345,0.1724137931034483,13.517241379310345,10.758620689655173,False
canonical_core,stable,2016-2025,2016,2025,pooled focal fields,dm_model:planckian_dm,Planckian DM,candidate,candidate,candidate,6,1,0.0006191311526158291,0.2110718637370302,0.002515484621421444,0.0025154846214214435,1,1,0.0,0.0,0.034482758620689655,0.13793103448275862,0.13793103448275862,0.034482758620689655,8.078329005203976,8.383403364819136,0.002515484621421444,0.13793103448275862,12.413793103448276,10.206896551724139,False
canonical_core,rolling,2006-2010,2006,2010,pooled focal fields,dm_model:wimp_core,Canonical WIMP core,candidate,candidate,candidate,1291,131,1.886046511627907,6.841628369261717,1.0,1.0,7,6,0.8918579397647332,0.8686700579984173,1.0,1.0,1.0,0.8571428571428571,40.0,24.0,1.0,1.0,40.0,24.0,True
canonical_core,rolling,2006-2010,2006,2010,pooled focal fields,dm_model:gravitino,Gravitino,candidate,candidate,candidate,308,62,0.45720930232558143,7.0659472497096285,0.2595158533487992,0.259515853348798,7,6,0.7645066848530824,0.7275159641046367,0.9523809523809523,0.9523809523809523,0.9523809523809523,0.8571428571428571,23.30126631932797,20.038237464183474,0.2595158533487992,0.9523809523809523,38.476190476190474,23.238095238095237,False
canonical_core,rolling,2006-2010,2006,2010,pooled focal fields,dm_model:axion_alp,Axion + ALP,candidate,candidate,candidate,305,57,0.2674418604651163,6.137837822672133,0.10652384359167166,0.1065238435916713,7,6,0.7997943289224952,0.7885977856073598,0.9047619047619048,0.9047619047619048,0.9047619047619048,0.8571428571428571,19.492233022035823,20.011219777691956,0.10652384359167166,0.9047619047619048,36.95238095238095,22.476190476190474,False
canonical_core,rolling,2006-2010,2006,2010,pooled focal fields,dm_model:sterile_nu,Sterile nu,candidate,candidate,candidate,169,38,0.1297674418604651,6.319058879383881,0.030918760937260342,0.030918760937260238,6,6,0.9268431803291325,0.8675003909579504,0.8571428571428571,0.7142857142857143,0.7142857142857143,0.6666666666666666,15.73372494674852,18.383467515647183,0.030918760937260342,0.7142857142857143,30.857142857142858,19.42857142857143,False
canonical_core,rolling,2006-2010,2006,2010,pooled focal fields,dm_model:bino,Bino,candidate,candidate,candidate,69,20,0.10418604651162792,2.990385877317221,0.07763593055170022,0.07763593055170015,7,5,0.7814732142857144,0.7310359281279014,0.8095238095238095,0.8571428571428571,0.8571428571428571,0.8571428571428571,14.836613143855214,15.926266852507293,0.07763593055170022,0.8571428571428571,35.42857142857143,21.714285714285715,False
canonical_core,rolling,2006-2010,2006,2010,pooled focal fields,dm_model:wino,Wino,candidate,candidate,candidate,61,18,0.0958139534883721,3.5002564746069327,0.067474166503914,0.06747416650391397,7,6,0.8542746724479218,0.8178949026676958,0.7619047619047619,0.8095238095238095,0.8095238095238095,0.8571428571428571,14.519474363070742,15.590183335632535,0.067474166503914,0.8095238095238095,33.904761904761905,20.952380952380953,False
canonical_core,rolling,2006-2010,2006,2010,pooled focal fields,dm_model:axino,Axino,candidate,candidate,candidate,61,25,0.08837209302325583,3.833726129331071,0.0594123148128289,0.05941231481282869,7,5,0.7350914127423822,0.681318979014858,0.7142857142857143,0.7619047619047619,0.7619047619047619,0.8571428571428571,14.22572498746387,15.590183335632535,0.0594123148128289,0.7619047619047619,32.38095238095238,20.19047619047619,False
canonical_core,rolling,2006-2010,2006,2010,pooled focal fields,dm_model:lkp_kaluza_klein,LKP Kaluza-Klein,candidate,candidate,candidate,38,14,0.03720930232558138,1.9363267721480035,0.018815814609137244,0.01881581460913725,7,5,0.8924999999999998,0.8216094067481167,0.6666666666666666,0.6666666666666666,0.6666666666666666,0.8571428571428571,11.725631662003881,14.306415568431554,0.018815814609137244,0.6666666666666666,29.333333333333332,18.666666666666664,False
canonical_core,rolling,2006-2010,2006,2010,pooled focal fields,dm_model:pbh,PBH,candidate,candidate,candidate,65,7,0.02930232558139535,2.562541528685359,0.002871285438619201,0.002871285438619165,4,3,0.6040816326530611,0.4509868330739194,0.6190476190476191,0.47619047619047616,0.47619047619047616,0.5714285714285714,11.205434346182683,15.763320391263356,0.002871285438619201,0.47619047619047616,23.238095238095237,15.619047619047619,False
canonical_core,rolling,2006-2010,2006,2010,pooled focal fields,dm_model:macho,MACHO,candidate,candidate,candidate,45,8,0.023255813953488372,3.6299880580410067,0.000479057981092456,0.0004790579810924582,3,4,0.6796800000000001,0.5663387896045765,0.5714285714285714,0.23809523809523808,0.23809523809523808,0.40476190476190477,10.757986827176143,14.763569418817262,0.000479057981092456,0.23809523809523808,15.619047619047619,11.80952380952381,False
canonical_core,rolling,2006-2010,2006,2010,pooled focal fields,dm_model:mirror_dm,Mirror DM,candidate,candidate,candidate,26,6,0.013023255813953489,2.0890179810933467,0.002112871905738987,0.002112871905738996,4,4,0.826530612244898,0.7138995528955996,0.5238095238095238,0.42857142857142855,0.42857142857142855,0.5714285714285714,9.838713232908853,13.2880786812574,0.002112871905738987,0.42857142857142855,21.714285714285715,14.857142857142858,False
canonical_core,rolling,2006-2010,2006,2010,pooled focal fields,dm_model:twin_higgs,Twin Higgs,candidate,candidate,candidate,16,4,0.01116279069767442,1.324831314585846,0.00639477550718454,0.006394775507184537,3,3,0.7125,0.5437754171820363,0.47619047619047616,0.6190476190476191,0.6190476190476191,0.40476190476190477,9.635946761266053,12.006939571965837,0.00639477550718454,0.6190476190476191,27.80952380952381,17.904761904761905,False
canonical_core,rolling,2006-2010,2006,2010,pooled focal fields,dm_model:superwimp,SuperWIMP,candidate,candidate,candidate,12,4,0.0065116279069767444,0.6912291479825372,0.005567321706106938,0.005567321706106932,4,3,0.746938775510204,0.5774219423301942,0.42857142857142855,0.5238095238095238,0.5238095238095238,0.5714285714285714,9.038106540734699,11.26403855518732,0.005567321706106938,0.5238095238095238,24.761904761904763,16.38095238095238,False
canonical_core,rolling,2006-2010,2006,2010,pooled focal fields,dm_model:atomic_dm,Atomic DM,candidate,candidate,candidate,14,4,0.0060465116279069765,1.2941015028943168,0.0015064506355615536,0.001506450635561751,3,3,0.7668639053254438,0.5904282594133305,0.38095238095238093,0.38095238095238093,0.38095238095238093,0.40476190476190477,8.967797931155646,11.660326419212629,0.0015064506355615536,0.38095238095238093,20.19047619047619,14.095238095238095,False
canonical_core,rolling,2006-2010,2006,2010,pooled focal fields,dm_model:q_ball,Q-ball,candidate,candidate,candidate,13,3,0.005581395348837209,0.7315006425371977,0.006116474578257544,0.00611647457825753,3,2,0.45,0.3138452198949893,0.3333333333333333,0.5714285714285714,0.5714285714285714,0.40476190476190477,8.894728993638806,11.469265088063596,0.006116474578257544,0.5714285714285714,26.285714285714285,17.142857142857142,False
canonical_core,rolling,2006-2010,2006,2010,pooled focal fields,dm_model:quark_nugget_aqn,Quark Nugget / AQN,candidate,candidate,candidate,25,1,0.004186046511627907,0.4311747736165629,0.0003938376028824402,0.0003938376028824389,1,1,0.0,0.0,0.2857142857142857,0.19047619047619047,0.19047619047619047,0.16666666666666666,8.654987082348576,13.183564734424971,0.0003938376028824402,0.19047619047619047,14.095238095238095,11.047619047619047,False
canonical_core,rolling,2006-2010,2006,2010,pooled focal fields,dm_model:asymmetric_dm,Asymmetric DM,candidate,candidate,candidate,17,1,0.0018604651162790699,0.31920139540577463,0.0001908327198277023,0.00019083271982771435,1,1,0.0,0.0,0.21428571428571427,0.047619047619047616,0.047619047619047616,0.16666666666666666,8.138415057019449,12.165227847250815,0.0001908327198277023,0.047619047619047616,9.523809523809524,8.761904761904763,False
canonical_core,rolling,2006-2010,2006,2010,pooled focal fields,dm_model:wimpzilla,WIMPzilla,candidate,candidate,candidate,12,1,0.0018604651162790699,0.29241819881200176,0.0002726717659941347,0.0002726717659941239,1,1,0.0,0.0,0.21428571428571427,0.09523809523809523,0.09523809523809523,0.16666666666666666,8.138415057019449,11.26403855518732,0.0002726717659941347,0.09523809523809523,11.047619047619047,9.523809523809524,False
canonical_core,rolling,2006-2010,2006,2010,pooled focal fields,dm_model:generic_composite,Generic Composite,candidate,candidate,candidate,19,1,0.0013953488372093023,0.005229636113138937,0.0009558008470708241,0.0009558008470708233,1,1,0.0,0.0,0.09523809523809523,0.30952380952380953,0.30952380952380953,0.16666666666666666,8.0,12.457001764443696,0.0009558008470708241,0.30952380952380953,17.904761904761905,12.952380952380953,False
canonical_core,rolling,2006-2010,2006,2010,pooled focal fields,dm_model:inert_doublet_model,Inert Doublet Model,candidate,candidate,candidate,18,1,0.0013953488372093023,0.01345327438590014,0.0009558008470708241,0.0009558008470708233,1,1,0.0,0.0,0.09523809523809523,0.30952380952380953,0.30952380952380953,0.16666666666666666,8.0,12.31495571108356,0.0009558008470708241,0.30952380952380953,17.904761904761905,12.952380952380953,False
canonical_core,rolling,2006-2010,2006,2010,pooled focal fields,dm_model:minimal_su_2_l,Minimal SU(2)L,candidate,candidate,candidate,5,1,0.0013953488372093023,0.4016372965031028,0.000277821624266742,0.000277821624266742,1,1,0.0,0.0,0.09523809523809523,0.14285714285714285,0.14285714285714285,0.16666666666666666,8.0,9.122850834006583,0.000277821624266742,0.14285714285714285,12.571428571428571,10.285714285714285,False
canonical_core,rolling,2007-2011,2007,2011,pooled focal fields,dm_model:wimp_core,Canonical WIMP core,candidate,candidate,candidate,1428,133,1.9747647562018822,6.983672597122343,1.0,1.0,6,6,0.8955444065445624,0.8710696572103076,1.0,1.0,1.0,0.8,40.0,24.0,1.0,1.0,40.0,24.0,True
canonical_core,rolling,2007-2011,2007,2011,pooled focal fields,dm_model:gravitino,Gravitino,candidate,candidate,candidate,322,63,0.45295124037639023,7.095681254974703,0.2507427075795116,0.25074270757951145,6,6,0.762282018152782,0.7160598018984174,0.95,0.95,0.95,0.8,22.889460317100216,19.952452928502474,0.2507427075795116,0.95,38.4,23.2,False
canonical_core,rolling,2007-2011,2007,2011,pooled focal fields,dm_model:axion_alp,Axion + ALP,candidate,candidate,candidate,323,56,0.2609067579127459,6.347432446217646,0.09975849799137124,0.09975849799137115,6,6,0.7969599570008061,0.7878640769328601,0.9,0.9,0.9,0.8,19.098691810038172,19.96086657503296,0.09975849799137124,0.9,36.8,22.4,False
canonical_core,rolling,2007-2011,2007,2011,pooled focal fields,dm_model:sterile_nu,Sterile nu,candidate,candidate,candidate,187,37,0.12917023096663813,6.038464829113143,0.02973335640175945,0.02973335640175944,6,6,0.933669575895794,0.8893697891882524,0.85,0.7,0.7,0.8,15.56118782537908,18.479379812432896,0.02973335640175945,0.7,30.4,19.2,False
canonical_core,rolling,2007-2011,2007,2011,pooled focal fields,dm_model:bino,Bino,candidate,candidate,candidate,77,20,0.10906757912745939,3.1316835766791495,0.07880878237865112,0.0788087823786512,6,5,0.7971211072664361,0.7371530608588404,0.8,0.85,0.85,0.8,14.880062779064948,16.08491117878808,0.07880878237865112,0.85,35.2,21.6,False
canonical_core,rolling,2007-2011,2007,2011,pooled focal fields,dm_model:axino,Axino,candidate,candidate,candidate,67,25,0.09067579127459367,3.657262154536924,0.059227487274261414,0.05922748727426138,6,5,0.7446600213599146,0.6900354473646264,0.75,0.75,0.75,0.8,14.199386264231311,15.711475453260839,0.059227487274261414,0.75,32.0,20.0,False
canonical_core,rolling,2007-2011,2007,2011,pooled focal fields,dm_model:wino,Wino,candidate,candidate,candidate,63,18,0.08853721129170232,3.127926739344001,0.06081411391838052,0.06081411391838057,6,6,0.8557865994538961,0.8191071539095796,0.7,0.8,0.8,0.8,14.115914469601503,15.546466600686625,0.06081411391838052,0.8,33.6,20.8,False
canonical_core,rolling,2007-2011,2007,2011,pooled focal fields,dm_model:pbh,PBH,candidate,candidate,candidate,73,9,0.0320786997433704,2.7131051647425766,0.002868154619678328,0.0028681546196783177,5,3,0.63744,0.48034397607993445,0.65,0.4,0.4,0.55,11.348147973315251,15.941624807716696,0.002868154619678328,0.4,20.8,14.4,False
canonical_core,rolling,2007-2011,2007,2011,pooled focal fields,dm_model:lkp_kaluza_klein,LKP Kaluza-Klein,candidate,candidate,candidate,29,10,0.023096663815226688,1.5575956513234026,0.011798996304748953,0.011798996304748963,6,5,0.8518518518518519,0.772381179166974,0.6,0.65,0.65,0.8,10.714210211192002,13.484188197902437,0.011798996304748953,0.65,28.8,18.4,False
canonical_core,rolling,2007-2011,2007,2011,pooled focal fields,dm_model:macho,MACHO,candidate,candidate,candidate,40,7,0.020530367835757058,3.2154038771982623,0.00040817955464621486,0.0004081795546462159,3,3,0.646875,0.4826206370770256,0.55,0.2,0.2,0.35,10.511110979986437,14.3344135157297,0.00040817955464621486,0.2,14.4,11.2,False
canonical_core,rolling,2007-2011,2007,2011,pooled focal fields,dm_model:asymmetric_dm,Asymmetric DM,candidate,candidate,candidate,32,9,0.017536355859709155,1.724281568716484,0.008280594317900642,0.008280594317900673,6,5,0.9294467578822129,0.861298199626234,0.5,0.6,0.6,0.8,10.257359450580646,13.743604635266337,0.008280594317900642,0.6,27.2,17.6,False
canonical_core,rolling,2007-2011,2007,2011,pooled focal fields,dm_model:mirror_dm,Mirror DM,candidate,candidate,candidate,27,7,0.013259195893926434,1.9962672829148103,0.0031335422442930233,0.0031335422442930307,4,5,0.9040582726326744,0.8416060208742743,0.45,0.45,0.45,0.5,9.85366048590274,13.29640253889523,0.0031335422442930233,0.45,22.4,15.2,False
canonical_core,rolling,2007-2011,2007,2011,pooled focal fields,dm_model:twin_higgs,Twin Higgs,candidate,candidate,candidate,15,4,0.0106928999144568,1.4163433888619779,0.006060618288365549,0.006060618288365553,3,3,0.6835199999999999,0.5267163190785487,0.4,0.5,0.5,0.35,9.579280673771512,11.773233300343314,0.006060618288365549,0.5,24.0,16.0,False
canonical_core,rolling,2007-2011,2007,2011,pooled focal fields,dm_model:atomic_dm,Atomic DM,candidate,candidate,candidate,17,5,0.007271171941830624,1.4737776590619238,0.0019158130214990054,0.0019158130214990095,3,4,0.855363321799308,0.7356030897821619,0.325,0.35,0.35,0.35,9.155509599971326,12.093816637344823,0.0019158130214990054,0.35,19.2,13.6,False
canonical_core,rolling,2007-2011,2007,2011,pooled focal fields,dm_model:q_ball,Q-ball,candidate,candidate,candidate,14,4,0.007271171941830624,1.097573074445782,0.006176984920072394,0.00617698492007239,3,2,0.5813148788927336,0.3781168265518321,0.325,0.55,0.55,0.35,9.155509599971326,11.597571547730778,0.006176984920072394,0.55,25.6,16.8,False
canonical_core,rolling,2007-2011,2007,2011,pooled focal fields,dm_model:generic_composite,Generic Composite,candidate,candidate,candidate,22,3,0.00427715996578272,0.47691071450362355,0.0014698439716512553,0.0014698439716512557,3,3,0.792,0.6077266474915606,0.25,0.3,0.3,0.35,8.691176482379493,12.760994004036915,0.0014698439716512553,0.3,17.6,12.8,False
canonical_core,rolling,2007-2011,2007,2011,pooled focal fields,dm_model:quark_nugget_aqn,Quark Nugget / AQN,candidate,candidate,candidate,15,1,0.00213857998289136,0.37650928011644114,0.00020135348274230062,0.0002013534827423008,1,1,0.0,0.0,0.2,0.1,0.1,0.125,8.243573118445195,11.773233300343314,0.00020135348274230062,0.1,11.2,9.6,False
canonical_core,rolling,2007-2011,2007,2011,pooled focal fields,dm_model:minimal_su_2_l,Minimal SU(2)L,candidate,candidate,candidate,8,1,0.001710863986313088,0.37241353905575375,0.00034544972365766147,0.0003454497236576618,1,1,0.0,0.0,0.15,0.15,0.15,0.125,8.129490073511317,10.207199987173166,0.00034544972365766147,0.15,12.8,10.4,False
canonical_core,rolling,2007-2011,2007,2011,pooled focal fields,dm_model:inert_doublet_model,Inert Doublet Model,candidate,candidate,candidate,22,1,0.0012831479897348161,0.0,0.0008559597300889708,0.0008559597300889722,1,1,0.0,0.0,0.075,0.25,0.25,0.125,8.0,12.760994004036915,0.0008559597300889708,0.25,16.0,12.0,False
canonical_core,rolling,2007-2011,2007,2011,pooled focal fields,dm_model:wimpzilla,WIMPzilla,candidate,candidate,candidate,11,1,0.0012831479897348161,0.2598777847625962,0.00017233700874100713,0.00017233700874100453,1,1,0.0,0.0,0.075,0.05,0.05,0.125,8.0,10.99021664375824,0.00017233700874100713,0.05,9.6,8.8,False
canonical_core,rolling,2008-2012,2008,2012,pooled focal fields,dm_model:wimp_core,Canonical WIMP core,candidate,candidate,candidate,1525,136,2.010346199761242,7.196303814204374,1.0,1.0,8,6,0.8911066476342004,0.8646799407854278,1.0,1.0,1.0,0.8478260869565217,40.0,24.0,1.0,1.0,40.0,24.0,True
canonical_core,rolling,2008-2012,2008,2012,pooled focal fields,dm_model:gravitino,Gravitino,candidate,candidate,candidate,317,63,0.4436927974532432,7.701945911294119,0.24082678172526897,0.24082678172526892,8,6,0.7644189909308452,0.7223224969669586,0.9565217391304348,0.9565217391304348,0.9565217391304348,0.8478260869565217,22.609570201712557,19.7783995125244,0.24082678172526897,0.9565217391304348,38.608695652173914,23.304347826086957,False
canonical_core,rolling,2008-2012,2008,2012,pooled focal fields,dm_model:axion_alp,Axion + ALP,candidate,candidate,candidate,356,62,0.27855153203342625,7.189549098247376,0.11051087559161332,0.11051087559161332,8,6,0.8039412244897959,0.7951027635486904,0.9130434782608695,0.9130434782608695,0.9130434782608695,0.8478260869565217,19.409770739198095,20.089791818367043,0.11051087559161332,0.9130434782608695,37.21739130434783,22.608695652173914,False
canonical_core,rolling,2008-2012,2008,2012,pooled focal fields,dm_model:bino,Bino,candidate,candidate,candidate,89,28,0.13052128929566262,3.96767290903498,0.08977431592157471,0.08977431592157475,8,5,0.761801011302796,0.6923766813547129,0.8695652173913043,0.8695652173913043,0.8695652173913043,0.8478260869565217,15.558096663629176,16.380773205347275,0.08977431592157471,0.8695652173913043,35.826086956521735,21.913043478260867,False
canonical_core,rolling,2008-2012,2008,2012,pooled focal fields,dm_model:sterile_nu,Sterile nu,candidate,candidate,candidate,200,39,0.12654198169518505,6.002602730264572,0.030463255224693262,0.030463255224693283,8,6,0.9254776314228076,0.8829240583499625,0.8260869565217391,0.7391304347826086,0.7391304347826086,0.8478260869565217,15.429711673979064,18.543573349307245,0.030463255224693262,0.7391304347826086,31.652173913043477,19.82608695652174,False
canonical_core,rolling,2008-2012,2008,2012,pooled focal fields,dm_model:wino,Wino,candidate,candidate,candidate,70,24,0.09470752089136492,3.368019096029755,0.06453759149062088,0.06453759149062094,8,6,0.8367205705811734,0.7911855330711955,0.782608695652174,0.8260869565217391,0.8260869565217391,0.8478260869565217,14.319763220546086,15.742481493112344,0.06453759149062088,0.8260869565217391,34.434782608695656,21.217391304347828,False
canonical_core,rolling,2008-2012,2008,2012,pooled focal fields,dm_model:axino,Axino,candidate,candidate,candidate,77,25,0.0947075208913649,3.5722566969786818,0.06264816919762956,0.06264816919762956,8,5,0.729778970411694,0.6765574838007085,0.7391304347826086,0.782608695652174,0.782608695652174,0.8478260869565217,14.319763220546086,15.995582963147857,0.06264816919762956,0.782608695652174,33.04347826086956,20.52173913043478,False
canonical_core,rolling,2008-2012,2008,2012,pooled focal fields,dm_model:asymmetric_dm,Asymmetric DM,candidate,candidate,candidate,55,16,0.04257859132510944,2.6578613562642706,0.018977171083000968,0.018977171083000698,8,6,0.9516988383264915,0.9215051867003055,0.6956521739130435,0.6956521739130435,0.6956521739130435,0.8478260869565217,11.974092877151614,15.103655758488667,0.018977171083000968,0.6956521739130435,30.26086956521739,19.130434782608695,False
canonical_core,rolling,2008-2012,2008,2012,pooled focal fields,dm_model:pbh,PBH,candidate,candidate,candidate,77,9,0.02984480700358138,3.0746537350441416,0.0027716127010987434,0.002771612701098736,5,4,0.6958933333333333,0.5650000076783765,0.6521739130434783,0.30434782608695654,0.30434782608695654,0.5652173913043478,11.197077147559654,15.995582963147857,0.0027716127010987434,0.30434782608695654,17.73913043478261,12.869565217391305,False
canonical_core,rolling,2008-2012,2008,2012,pooled focal fields,dm_model:mirror_dm,Mirror DM,candidate,candidate,candidate,33,10,0.019498607242339833,2.6454185827617342,0.004066104605968099,0.004066104605968108,5,5,0.9096209912536445,0.8381784164659326,0.6086956521739131,0.43478260869565216,0.43478260869565216,0.5652173913043478,10.430939078696328,13.760501356021445,0.004066104605968099,0.43478260869565216,21.913043478260867,14.956521739130434,False
canonical_core,rolling,2008-2012,2008,2012,pooled focal fields,dm_model:lkp_kaluza_klein,LKP Kaluza-Klein,candidate,candidate,candidate,26,10,0.01870274572224433,1.818877704975892,0.007957917629606931,0.00795791762960694,6,4,0.7974649162516976,0.6718931232921144,0.5652173913043478,0.6521739130434783,0.6521739130434783,0.6521739130434783,10.364329690507981,13.139991639696127,0.007957917629606931,0.6521739130434783,28.869565217391305,18.434782608695652,False
canonical_core,rolling,2008-2012,2008,2012,pooled focal fields,dm_model:macho,MACHO,candidate,candidate,candidate,40,6,0.01631516116195782,3.071386310009773,0.00024011748741799632,0.0002401174874179969,2,2,0.5710886377156454,0.3732962341547948,0.5217391304347826,0.13043478260869565,0.13043478260869565,0.17391304347826086,10.155505781344889,14.264426122674347,0.00024011748741799632,0.13043478260869565,12.173913043478262,10.08695652173913,False
canonical_core,rolling,2008-2012,2008,2012,pooled focal fields,dm_model:q_ball,Q-ball,candidate,candidate,candidate,16,4,0.008356545961002786,1.1533523596206656,0.007438272868886836,0.007438272868886836,3,2,0.5333333333333333,0.355245321275764,0.4782608695652174,0.6086956521739131,0.6086956521739131,0.3695652173913043,9.315398476792735,11.894729473990115,0.007438272868886836,0.6086956521739131,27.47826086956522,17.73913043478261,False
canonical_core,rolling,2008-2012,2008,2012,pooled focal fields,dm_model:minimal_su_2_l,Minimal SU(2)L,candidate,candidate,candidate,14,6,0.007958615200955034,1.218790998922533,0.0041612133997678885,0.00416121339976789,5,3,0.738,0.5639220950878291,0.43478260869565216,0.4782608695652174,0.4782608695652174,0.5652173913043478,9.264435137949896,11.557822855396351,0.0041612133997678885,0.4782608695652174,23.304347826086957,15.652173913043478,False
canonical_core,rolling,2008-2012,2008,2012,pooled focal fields,dm_model:generic_composite,Generic Composite,candidate,candidate,candidate,25,6,0.007560684440907282,0.973720903094338,0.004599611182896689,0.004599611182896691,4,4,0.7778393351800554,0.6765175874900858,0.391304347826087,0.5652173913043478,0.5652173913043478,0.45652173913043476,9.212180974848675,13.038404495228262,0.004599611182896689,0.5652173913043478,26.08695652173913,17.043478260869563,False
canonical_core,rolling,2008-2012,2008,2012,pooled focal fields,dm_model:twin_higgs,Twin Higgs,candidate,candidate,candidate,10,3,0.0067648229208117795,0.9466807084780203,0.004321926057815535,0.004321926057815539,2,2,0.4982698961937716,0.33810202193785543,0.34782608695652173,0.5217391304347826,0.5217391304347826,0.17391304347826086,9.103372182262353,10.722966477800941,0.004321926057815535,0.5217391304347826,24.695652173913043,16.347826086956523,False
canonical_core,rolling,2008-2012,2008,2012,pooled focal fields,dm_model:atomic_dm,Atomic DM,candidate,candidate,candidate,20,4,0.005571030640668524,0.7060850523374707,0.0022116168061042034,0.0022116168061042116,3,3,0.6979591836734695,0.5469323304346799,0.30434782608695654,0.2608695652173913,0.2608695652173913,0.3695652173913043,8.92734971195505,12.46351858031427,0.0022116168061042034,0.2608695652173913,16.347826086956523,12.173913043478262,False
canonical_core,rolling,2008-2012,2008,2012,pooled focal fields,dm_model:vector_dm,Vector DM,candidate,candidate,candidate,8,4,0.00477516912057302,0.5825185826663677,0.0034056414139893823,0.003405641413989387,4,4,0.9,0.7737056144690831,0.2608695652173913,0.34782608695652173,0.34782608695652173,0.45652173913043476,8.799269286889913,10.18281317177653,0.0034056414139893823,0.34782608695652173,19.130434782608695,13.565217391304348,False
canonical_core,rolling,2008-2012,2008,2012,pooled focal fields,dm_model:quark_nugget_aqn,Quark Nugget / AQN,candidate,candidate,candidate,19,2,0.003183446080382014,0.4155357477879724,0.0007419319598614998,0.0007419319598615009,2,2,0.5625,0.3692254733516234,0.21739130434782608,0.17391304347826086,0.17391304347826086,0.17391304347826086,8.505931993082399,12.332188151539416,0.0007419319598614998,0.17391304347826086,13.565217391304348,10.782608695652174,False
canonical_core,rolling,2008-2012,2008,2012,pooled focal fields,dm_model:inert_doublet_model,Inert Doublet Model,candidate,candidate,candidate,24,2,0.0031834460803820135,0.08772432377393861,0.0018882149199033005,0.0018882149199033033,2,2,0.6,0.3868528072345416,0.17391304347826086,0.21739130434782608,0.21739130434782608,0.17391304347826086,8.505931993082399,12.932832539016172,0.0018882149199033005,0.21739130434782608,14.956521739130434,11.478260869565217,False
canonical_core,rolling,2008-2012,2008,2012,pooled focal fields,dm_model:sfdm,SFDM,candidate,candidate,candidate,12,2,0.002785515320334262,1.039158296456842,4.9931863069166685e-05,4.9931863069166767e-05,2,2,0.5877551020408163,0.38113827019130503,0.10869565217391304,0.08695652173913043,0.08695652173913043,0.17391304347826086,8.421634715718888,11.172632613196932,4.9931863069166685e-05,0.08695652173913043,10.782608695652174,9.391304347826086,False
canonical_core,rolling,2008-2012,2008,2012,pooled focal fields,dm_model:superwimp,SuperWIMP,candidate,candidate,candidate,8,2,0.002785515320334262,0.22963416775863885,0.003425019932651552,0.0034250199326515533,2,2,0.5877551020408163,0.38113827019130503,0.10869565217391304,0.391304347826087,0.391304347826087,0.17391304347826086,8.421634715718888,10.18281317177653,0.003425019932651552,0.391304347826087,20.52173913043478,14.26086956521739,False
canonical_core,rolling,2008-2012,2008,2012,pooled focal fields,dm_model:ula_fuzzy,ULA / Fuzzy,candidate,candidate,candidate,17,2,0.00238758456028651,0.8666593995686587,4.709509550261378e-05,4.7095095502613876e-05,2,2,0.6,0.3868528072345416,0.043478260869565216,0.043478260869565216,0.043478260869565216,0.17391304347826086,8.331068178618075,12.04858505380786,4.709509550261378e-05,0.043478260869565216,9.391304347826086,8.695652173913043,False
canonical_core,rolling,2009-2013,2009,2013,pooled focal fields,dm_model:wimp_core,Canonical WIMP core,candidate,candidate,candidate,1591,146,2.0709749719835635,7.482617058569067,1.0,1.0,8,6,0.8866125697294528,0.858695801181311,1.0,1.0,1.0,0.8541666666666666,40.0,24.0,1.0,1.0,40.0,24.0,True
canonical_core,rolling,2009-2013,2009,2013,pooled focal fields,dm_model:gravitino,Gravitino,candidate,candidate,candidate,317,69,0.44602166604407917,8.123171475644082,0.22320930371193173,0.2232093037119316,8,6,0.7705259968182622,0.7274056858218364,0.9583333333333334,0.9583333333333334,0.9583333333333334,0.8541666666666666,22.442046392097243,19.69509290056324,0.22320930371193173,0.9583333333333334,38.66666666666667,23.333333333333336,False
canonical_core,rolling,2009-2013,2009,2013,pooled focal fields,dm_model:axion_alp,Axion + ALP,candidate,candidate,candidate,407,76,0.3391856555846096,9.147492422231347,0.12542502752519985,0.1254250275251997,8,6,0.8577267169943139,0.8467334174564008,0.9166666666666666,0.9166666666666666,0.9166666666666666,0.8541666666666666,20.496654743360743,20.361172351707904,0.12542502752519985,0.9166666666666666,37.33333333333333,22.666666666666664,False
canonical_core,rolling,2009-2013,2009,2013,pooled focal fields,dm_model:bino,Bino,candidate,candidate,candidate,111,34,0.16511019798281662,4.44559722867651,0.10413054335830565,0.10413054335830567,8,5,0.8151921541327983,0.7436260879803388,0.875,0.875,0.875,0.8541666666666666,16.48851749451581,16.905988407781457,0.10413054335830565,0.875,36.0,22.0,False
canonical_core,rolling,2009-2013,2009,2013,pooled focal fields,dm_model:sterile_nu,Sterile nu,candidate,candidate,candidate,219,47,0.15726559581621213,7.631525846726795,0.03164592107020558,0.03164592107020559,8,6,0.9298796553844767,0.882853979939209,0.8333333333333334,0.75,0.75,0.8541666666666666,16.2660885089961,18.710405914408245,0.03164592107020558,0.75,32.0,20.0,False
canonical_core,rolling,2009-2013,2009,2013,pooled focal fields,dm_model:wino,Wino,candidate,candidate,candidate,107,31,0.13933507657825922,3.822621902463844,0.09038823718444058,0.09038823718444057,8,5,0.844378957658001,0.7787124445703545,0.7916666666666666,0.8333333333333334,0.8333333333333334,0.8541666666666666,15.735845454967297,16.808788546123775,0.09038823718444058,0.8333333333333334,34.66666666666667,21.333333333333336,False
canonical_core,rolling,2009-2013,2009,2013,pooled focal fields,dm_model:axino,Axino,candidate,candidate,candidate,75,28,0.09264101606275679,4.193749689357205,0.056759276996923354,0.05675927699692333,8,6,0.7709547346514048,0.744938152349007,0.75,0.7916666666666666,0.7916666666666666,0.8541666666666666,14.167133256016633,15.869606843097815,0.056759276996923354,0.7916666666666666,33.33333333333333,20.666666666666664,False
canonical_core,rolling,2009-2013,2009,2013,pooled focal fields,dm_model:asymmetric_dm,Asymmetric DM,candidate,candidate,candidate,74,23,0.06088905491221518,3.4637236920470524,0.02328434379221712,0.023284343792216857,8,6,0.946576837667959,0.9156438775544851,0.7083333333333334,0.7083333333333334,0.7083333333333334,0.8541666666666666,12.855527160015072,15.83420630404509,0.02328434379221712,0.7083333333333334,30.666666666666668,19.333333333333336,False
canonical_core,rolling,2009-2013,2009,2013,pooled focal fields,dm_model:pbh,PBH,candidate,candidate,candidate,88,14,0.034740381023533815,3.4022931146719264,0.0036177477049190543,0.003617747704918944,6,6,0.7941727367325702,0.7287524835879734,0.6666666666666666,0.375,0.375,0.625,11.481165327421134,16.29163452642389,0.0036177477049190543,0.375,20.0,14.0,False
canonical_core,rolling,2009-2013,2009,2013,pooled focal fields,dm_model:mirror_dm,Mirror DM,candidate,candidate,candidate,36,7,0.016436309301456856,1.6723604876501785,0.004319820640912135,0.00431982064091218,4,5,0.9334710743801654,0.8693637407404095,0.625,0.4583333333333333,0.4583333333333333,0.3958333333333333,10.156565464925514,13.945754980240277,0.004319820640912135,0.4583333333333333,22.666666666666664,15.333333333333332,False
canonical_core,rolling,2009-2013,2009,2013,pooled focal fields,dm_model:macho,MACHO,candidate,candidate,candidate,38,6,0.014942099364960777,3.1062687751152223,0.00016816109125230707,0.00016816109125229904,2,2,0.5759999999999998,0.3756149631508354,0.5833333333333334,0.08333333333333333,0.08333333333333333,0.14583333333333334,10.020737596692243,14.086455972250775,0.00016816109125230707,0.08333333333333333,10.666666666666666,9.333333333333334,False
canonical_core,rolling,2009-2013,2009,2013,pooled focal fields,dm_model:lkp_kaluza_klein,LKP Kaluza-Klein,candidate,candidate,candidate,23,8,0.01307433694434068,1.570600131200293,0.005662094134257657,0.005662094134257684,5,4,0.8052244897959184,0.6801697859007249,0.5416666666666666,0.5833333333333334,0.5833333333333334,0.5208333333333334,9.84100519291793,12.788838444264243,0.005662094134257657,0.5833333333333334,26.666666666666668,17.333333333333336,False
canonical_core,rolling,2009-2013,2009,2013,pooled focal fields,dm_model:q_ball,Q-ball,candidate,candidate,candidate,18,6,0.011580127007844604,1.82930708533394,0.007879135331500312,0.007879135331500317,4,3,0.6368366285119667,0.4939892007590075,0.5,0.6666666666666666,0.6666666666666666,0.3958333333333333,9.68774370710129,12.16445565198518,0.007879135331500312,0.6666666666666666,29.333333333333332,18.666666666666664,False
canonical_core,rolling,2009-2013,2009,2013,pooled focal fields,dm_model:generic_composite,Generic Composite,candidate,candidate,candidate,26,7,0.010085917071348526,0.49656583673639054,0.006529337384539485,0.006529337384539482,6,4,0.8296296296296296,0.7122522994045601,0.4583333333333333,0.625,0.625,0.625,9.524231571903735,13.103637355011141,0.006529337384539485,0.625,28.0,18.0,False
canonical_core,rolling,2009-2013,2009,2013,pooled focal fields,dm_model:vector_dm,Vector DM,candidate,candidate,candidate,11,6,0.008591707134852447,1.4957175150399562,0.004764715901808042,0.004764715901808055,5,4,0.8710775047258981,0.7466333276220509,0.4166666666666667,0.5416666666666666,0.5416666666666666,0.5208333333333334,9.348087272012915,10.936262848707926,0.004764715901808042,0.5416666666666666,25.333333333333332,16.666666666666664,False
canonical_core,rolling,2009-2013,2009,2013,pooled focal fields,dm_model:minimal_su_2_l,Minimal SU(2)L,candidate,candidate,candidate,15,6,0.007097497198356371,0.6949720249888844,0.004433684815270148,0.004433684815270162,6,3,0.7977839335180056,0.6116262662670316,0.375,0.5,0.5,0.625,9.155833548862413,11.705151191112634,0.004433684815270148,0.5,24.0,16.0,False
canonical_core,rolling,2009-2013,2009,2013,pooled focal fields,dm_model:atomic_dm,Atomic DM,candidate,candidate,candidate,21,5,0.006723944714232351,0.7060000533911446,0.0030435494684136954,0.0030435494684137258,4,2,0.3333333333333332,0.2514629985800607,0.3333333333333333,0.3333333333333333,0.3333333333333333,0.3958333333333333,9.104679014550372,12.55628299562703,0.0030435494684136954,0.3333333333333333,18.666666666666664,13.333333333333332,False
canonical_core,rolling,2009-2013,2009,2013,pooled focal fields,dm_model:ula_fuzzy,ULA / Fuzzy,candidate,candidate,candidate,22,5,0.0063503922301083315,1.6289141381030954,0.0003165577619302825,0.0003165577619302914,4,2,0.5480968858131486,0.3623524061243634,0.2916666666666667,0.125,0.125,0.3958333333333333,9.052082660594113,12.675089293665586,0.0003165577619302825,0.125,12.0,10.0,False
canonical_core,rolling,2009-2013,2009,2013,pooled focal fields,dm_model:twin_higgs,Twin Higgs,candidate,candidate,candidate,8,3,0.0056032872618602915,0.9168011077912577,0.0037768356406065813,0.003776835640606589,3,2,0.5333333333333333,0.355245321275764,0.25,0.4166666666666667,0.4166666666666667,0.2708333333333333,8.942026918162188,10.167374506303217,0.0037768356406065813,0.4166666666666667,21.333333333333336,14.666666666666668,False
canonical_core,rolling,2009-2013,2009,2013,pooled focal fields,dm_model:inert_doublet_model,Inert Doublet Model,candidate,candidate,candidate,25,3,0.004109077325364214,0.03742236180948088,0.003010925243886907,0.0030109252438869157,3,3,0.7735537190082644,0.5955539999137374,0.20833333333333334,0.25,0.25,0.2708333333333333,8.697224839486822,13.002768719099166,0.003010925243886907,0.25,16.0,12.0,False
canonical_core,rolling,2009-2013,2009,2013,pooled focal fields,dm_model:sfdm,SFDM,candidate,candidate,candidate,16,2,0.003361972357116175,1.0340962403638296,4.7914661101565976e-05,4.7914661101568165e-05,2,2,0.5333333333333333,0.355245321275764,0.16666666666666666,0.041666666666666664,0.041666666666666664,0.14583333333333334,8.557907476567054,11.86718271633103,4.7914661101565976e-05,0.041666666666666664,9.333333333333334,8.666666666666666,False
canonical_core,rolling,2009-2013,2009,2013,pooled focal fields,dm_model:quark_nugget_aqn,Quark Nugget / AQN,candidate,candidate,candidate,18,2,0.0029884198729921555,0.4154240541757244,0.0006900602029840148,0.0006900602029840151,2,2,0.5625,0.3692254733516234,0.125,0.16666666666666666,0.16666666666666666,0.14583333333333334,8.482414081049626,12.16445565198518,0.0006900602029840148,0.16666666666666666,13.333333333333332,10.666666666666666,False
canonical_core,rolling,2009-2013,2009,2013,pooled focal fields,dm_model:superwimp,SuperWIMP,candidate,candidate,candidate,7,2,0.0026148673888681364,0.2617340568073522,0.0030287519928746285,0.003028751992874631,2,2,0.5877551020408165,0.38113827019130503,0.08333333333333333,0.2916666666666667,0.2916666666666667,0.14583333333333334,8.402035306529864,9.852575595556317,0.0030287519928746285,0.2916666666666667,17.333333333333336,12.666666666666668,False
canonical_core,rolling,2009-2013,2009,2013,pooled focal fields,dm_model:dark_photon,Dark Photon,candidate,candidate,candidate,16,1,0.0018677624206200972,0.1799899301707893,0.0008413379083303254,0.0008413379083303324,1,1,0.0,0.0,0.041666666666666664,0.20833333333333334,0.20833333333333334,0.041666666666666664,8.221771463005918,11.86718271633103,0.0008413379083303254,0.20833333333333334,14.666666666666668,11.333333333333334,False
canonical_core,rolling,2010-2014,2010,2014,pooled focal fields,dm_model:wimp_core,Canonical WIMP core,candidate,candidate,candidate,1580,146,2.0050143266475646,8.129150628630368,1.0,1.0,8,6,0.8826253596158787,0.8528391976772167,1.0,1.0,1.0,0.8541666666666666,40.0,24.0,1.0,1.0,40.0,24.0,True
canonical_core,rolling,2010-2014,2010,2014,pooled focal fields,dm_model:gravitino,Gravitino,candidate,candidate,candidate,316,73,0.4373209169054441,8.486005864987446,0.2182195998724139,0.21821959987241396,8,6,0.7759040702529646,0.7358310008969624,0.9583333333333334,0.9583333333333334,0.9583333333333334,0.8541666666666666,22.540665973841108,19.700226177722428,0.2182195998724139,0.9583333333333334,38.66666666666667,23.333333333333336,False
canonical_core,rolling,2010-2014,2010,2014,pooled focal fields,dm_model:axion_alp,Axion + ALP,candidate,candidate,candidate,449,86,0.3710601719197709,9.59930608935368,0.12328789686946519,0.12328789686946523,8,6,0.8553427945319836,0.8435245857543313,0.9166666666666666,0.9166666666666666,0.9166666666666666,0.8541666666666666,21.334069379996834,20.637681754556635,0.12328789686946519,0.9166666666666666,37.33333333333333,22.666666666666664,False
canonical_core,rolling,2010-2014,2010,2014,pooled focal fields,dm_model:sterile_nu,Sterile nu,candidate,candidate,candidate,265,57,0.19842406876790833,9.269394428886969,0.0380032661015335,0.038003266101533505,8,6,0.9430358795240391,0.9008836963046559,0.875,0.75,0.75,0.8541666666666666,17.546949885897412,19.23087610333907,0.0380032661015335,0.75,32.0,20.0,False
canonical_core,rolling,2010-2014,2010,2014,pooled focal fields,dm_model:bino,Bino,candidate,candidate,candidate,126,36,0.18588825214899712,4.8142621345154675,0.11769913481045034,0.1176991348104505,8,5,0.8355329836167819,0.7625239325467976,0.8333333333333334,0.875,0.875,0.8541666666666666,17.216111069823327,17.252631934603684,0.11769913481045034,0.875,36.0,22.0,False
canonical_core,rolling,2010-2014,2010,2014,pooled focal fields,dm_model:wino,Wino,candidate,candidate,candidate,124,36,0.16224928366762176,4.536326091045216,0.10259705631980827,0.10259705631980824,8,6,0.8554361650804789,0.8020120871753442,0.7916666666666666,0.8333333333333334,0.8333333333333334,0.8541666666666666,16.56034034990423,17.210158015087217,0.10259705631980827,0.8333333333333334,34.66666666666667,21.333333333333336,False
canonical_core,rolling,2010-2014,2010,2014,pooled focal fields,dm_model:asymmetric_dm,Asymmetric DM,candidate,candidate,candidate,94,31,0.08130372492836675,4.645086140190261,0.02978569547802033,0.029785695478020142,8,6,0.9653748374701625,0.9458483424956698,0.75,0.7083333333333334,0.7083333333333334,0.8541666666666666,13.838229920419163,16.47581969858456,0.02978569547802033,0.7083333333333334,30.666666666666668,19.333333333333336,False
canonical_core,rolling,2010-2014,2010,2014,pooled focal fields,dm_model:axino,Axino,candidate,candidate,candidate,62,24,0.06840974212034384,3.4616479103881037,0.042318063031759064,0.042318063031759195,8,6,0.7888599544968615,0.7589702659370312,0.7083333333333334,0.7916666666666666,0.7916666666666666,0.8541666666666666,13.29258685101098,15.376755506438784,0.042318063031759064,0.7916666666666666,33.33333333333333,20.666666666666664,False
canonical_core,rolling,2010-2014,2010,2014,pooled focal fields,dm_model:pbh,PBH,candidate,candidate,candidate,81,13,0.030444126074498572,3.281028967539093,0.003167008065532903,0.003167008065532745,5,5,0.7610242214532872,0.6668812476402033,0.6666666666666666,0.2916666666666667,0.2916666666666667,0.4375,11.27824914017912,16.082055164066325,0.003167008065532903,0.2916666666666667,17.333333333333336,12.666666666666668,False
canonical_core,rolling,2010-2014,2010,2014,pooled focal fields,dm_model:mirror_dm,Mirror DM,candidate,candidate,candidate,35,10,0.02041547277936963,2.633875011808359,0.004877313034199687,0.004877313034199727,5,5,0.8731301939058171,0.8145403520633493,0.625,0.4583333333333333,0.4583333333333333,0.4375,10.547200046836076,13.879335163518078,0.004877313034199687,0.4583333333333333,22.666666666666664,15.333333333333332,False
canonical_core,rolling,2010-2014,2010,2014,pooled focal fields,dm_model:vector_dm,Vector DM,candidate,candidate,candidate,19,9,0.0171919770773639,2.1367134330668502,0.007521471950109429,0.007521471950109419,7,5,0.928125,0.8637160644185115,0.5833333333333334,0.625,0.625,0.625,10.275031273329434,12.306535166989894,0.007521471950109429,0.625,28.0,18.0,False
canonical_core,rolling,2010-2014,2010,2014,pooled focal fields,dm_model:atomic_dm,Atomic DM,candidate,candidate,candidate,34,9,0.013968481375358166,0.7809879329276175,0.0071382896194298745,0.007138289619429898,7,5,0.7573964497041421,0.711794568255255,0.5208333333333334,0.5833333333333334,0.5833333333333334,0.625,9.975903545314656,13.803955509910601,0.0071382896194298745,0.5833333333333334,26.666666666666668,17.333333333333336,False
canonical_core,rolling,2010-2014,2010,2014,pooled focal fields,dm_model:generic_composite,Generic Composite,candidate,candidate,candidate,34,7,0.013968481375358166,0.5782776797959712,0.008771689794265595,0.008771689794265588,7,4,0.8220907297830374,0.7070636376385361,0.5208333333333334,0.6666666666666666,0.6666666666666666,0.625,9.975903545314656,13.803955509910601,0.008771689794265595,0.6666666666666666,29.333333333333332,18.666666666666664,False
canonical_core,rolling,2010-2014,2010,2014,pooled focal fields,dm_model:macho,MACHO,candidate,candidate,candidate,29,7,0.012535816618911174,3.8407419854900704,0.00023026715751222167,0.00023026715751222205,2,3,0.6191020408163265,0.4801754269151055,0.4583333333333333,0.041666666666666664,0.041666666666666664,0.10416666666666667,9.831893292092976,13.391479005807703,0.00023026715751222167,0.041666666666666664,9.333333333333334,8.666666666666666,False
canonical_core,rolling,2010-2014,2010,2014,pooled focal fields,dm_model:q_ball,Q-ball,candidate,candidate,candidate,15,6,0.009670487106017192,1.9444643257332448,0.0055438204821959824,0.005543820482196003,4,3,0.6288065843621398,0.4941503348117125,0.3958333333333333,0.5416666666666666,0.5416666666666666,0.2708333333333333,9.516687515552956,11.709447485882466,0.0055438204821959824,0.5416666666666666,25.333333333333332,16.666666666666664,False
canonical_core,rolling,2010-2014,2010,2014,pooled focal fields,dm_model:sfdm,SFDM,candidate,candidate,candidate,27,6,0.009670487106017192,1.706521658791488,0.001664820122318488,0.0016648201223184945,5,2,0.5333333333333332,0.355245321275764,0.3958333333333333,0.16666666666666666,0.16666666666666666,0.4375,9.516687515552956,13.206867828803173,0.001664820122318488,0.16666666666666666,13.333333333333332,10.666666666666666,False
canonical_core,rolling,2010-2014,2010,2014,pooled focal fields,dm_model:ula_fuzzy,ULA / Fuzzy,candidate,candidate,candidate,27,7,0.00967048710601719,2.2781951393912765,0.00046500184753867936,0.00046500184753865535,5,2,0.5333333333333332,0.355245321275764,0.3333333333333333,0.08333333333333333,0.08333333333333333,0.4375,9.516687515552956,13.206867828803173,0.00046500184753867936,0.08333333333333333,10.666666666666666,9.333333333333334,False
canonical_core,rolling,2010-2014,2010,2014,pooled focal fields,dm_model:dark_photon,Dark Photon,candidate,candidate,candidate,22,6,0.009312320916905443,1.3353863915591724,0.003467454893142918,0.0034674548931428665,4,4,0.8520710059171599,0.7289519779393747,0.2916666666666667,0.3333333333333333,0.3333333333333333,0.2708333333333333,9.474159816608289,12.680510276682162,0.003467454893142918,0.3333333333333333,18.666666666666664,13.333333333333332,False
canonical_core,rolling,2010-2014,2010,2014,pooled focal fields,dm_model:lkp_kaluza_klein,LKP Kaluza-Klein,candidate,candidate,candidate,19,5,0.0082378223495702,0.8930368560489987,0.004990368663889034,0.004990368663889052,5,4,0.8030245746691872,0.689079497019323,0.25,0.5,0.5,0.4375,9.341415027103874,12.306535166989894,0.004990368663889034,0.5,24.0,16.0,False
canonical_core,rolling,2010-2014,2010,2014,pooled focal fields,dm_model:minimal_su_2_l,Minimal SU(2)L,candidate,candidate,candidate,14,5,0.006446991404011461,0.5913036817041588,0.0044778634218193185,0.004477863421819358,5,3,0.7481481481481481,0.5728060327967242,0.20833333333333334,0.4166666666666667,0.4166666666666667,0.4375,9.099211498400656,11.536755262866468,0.0044778634218193185,0.4166666666666667,21.333333333333336,14.666666666666668,False
canonical_core,rolling,2010-2014,2010,2014,pooled focal fields,dm_model:twin_higgs,Twin Higgs,candidate,candidate,candidate,9,2,0.003939828080229226,0.3362139140973115,0.003594928846547346,0.003594928846547371,2,2,0.5950413223140495,0.3845433777858056,0.16666666666666666,0.375,0.375,0.10416666666666667,8.693773983609535,10.451811424048662,0.003594928846547346,0.375,20.0,14.0,False
canonical_core,rolling,2010-2014,2010,2014,pooled focal fields,dm_model:inert_doublet_model,Inert Doublet Model,candidate,candidate,candidate,17,3,0.0035816618911174787,0.0963909948409894,0.002781804962705107,0.002781804962705126,3,3,0.7919999999999999,0.6077266474915606,0.125,0.25,0.25,0.20833333333333334,8.62619618381489,12.024611420576846,0.002781804962705107,0.25,16.0,12.0,False
canonical_core,rolling,2010-2014,2010,2014,pooled focal fields,dm_model:quark_nugget_aqn,Quark Nugget / AQN,candidate,candidate,candidate,16,2,0.002148997134670487,0.31176833458044967,0.0006312302350673096,0.0006312302350673109,2,2,0.6,0.3868528072345416,0.0625,0.125,0.125,0.10416666666666667,8.314116269411995,11.87166689417457,0.0006312302350673096,0.125,12.0,10.0,False
canonical_core,rolling,2010-2014,2010,2014,pooled focal fields,dm_model:superwimp,SuperWIMP,candidate,candidate,candidate,7,2,0.002148997134670487,0.21297416145903325,0.0023168587648921602,0.0023168587648921563,2,2,0.6,0.3868528072345416,0.0625,0.20833333333333334,0.20833333333333334,0.10416666666666667,8.314116269411995,9.854723742941232,0.0023168587648921602,0.20833333333333334,14.666666666666668,11.333333333333334,False
canonical_core,rolling,2011-2015,2011,2015,pooled focal fields,dm_model:wimp_core,Canonical WIMP core,candidate,candidate,candidate,1567,150,1.9333562349708004,8.542607652390135,1.0,1.0,8,6,0.881574082072125,0.8516811209660332,1.0,1.0,1.0,0.8541666666666666,40.0,24.0,1.0,1.0,40.0,24.0,True
canonical_core,rolling,2011-2015,2011,2015,pooled focal fields,dm_model:axion_alp,Axion + ALP,candidate,candidate,candidate,504,81,0.3957402954311234,9.276383469580242,0.12727923551296405,0.12727923551296394,8,6,0.838230613425926,0.8216373415007443,0.9583333333333334,0.9166666666666666,0.9166666666666666,0.8541666666666666,22.063573055468204,20.964131730857744,0.12727923551296405,0.9166666666666666,37.33333333333333,22.666666666666664,False
canonical_core,rolling,2011-2015,2011,2015,pooled focal fields,dm_model:gravitino,Gravitino,candidate,candidate,candidate,295,71,0.3854345585709379,8.469221115125777,0.19655651667074459,0.19655651667074445,8,6,0.7711859075180874,0.732741195416414,0.9166666666666666,0.9583333333333334,0.9583333333333334,0.8541666666666666,21.869333399251833,19.532745228550095,0.19655651667074459,0.9583333333333334,38.66666666666667,23.333333333333336,False
canonical_core,rolling,2011-2015,2011,2015,pooled focal fields,dm_model:sterile_nu,Sterile nu,candidate,candidate,candidate,314,59,0.23840604603229135,9.720706372454377,0.049445090905543616,0.049445090905543616,8,6,0.943648730576618,0.8982177439488755,0.875,0.7916666666666666,0.7916666666666666,0.8541666666666666,18.74635821187499,19.699445497058182,0.049445090905543616,0.7916666666666666,33.33333333333333,20.666666666666664,False
canonical_core,rolling,2011-2015,2011,2015,pooled focal fields,dm_model:bino,Bino,candidate,candidate,candidate,136,36,0.19409137753349365,5.251508978792425,0.1263094190243402,0.1263094190243403,8,5,0.8298823713681573,0.7576328984583546,0.8333333333333334,0.875,0.875,0.8541666666666666,17.62239664662103,17.468515458252917,0.1263094190243402,0.875,36.0,22.0,False
canonical_core,rolling,2011-2015,2011,2015,pooled focal fields,dm_model:wino,Wino,candidate,candidate,candidate,144,40,0.17588457574716593,4.8315268564371845,0.11173178742889428,0.11173178742889432,8,6,0.8620697021484375,0.8035188645352579,0.7916666666666666,0.8333333333333334,0.8333333333333334,0.8541666666666666,17.12362468569466,17.62058466738193,0.11173178742889428,0.8333333333333334,34.66666666666667,21.333333333333336,False
canonical_core,rolling,2011-2015,2011,2015,pooled focal fields,dm_model:asymmetric_dm,Asymmetric DM,candidate,candidate,candidate,106,30,0.08450704225352115,4.136542599671321,0.03305237308339068,0.03305237308339106,8,6,0.9741027166369225,0.9592211996960263,0.75,0.7083333333333334,0.7083333333333334,0.8541666666666666,14.092062662991472,16.806271268003464,0.03305237308339068,0.7083333333333334,30.666666666666668,19.333333333333336,False
canonical_core,rolling,2011-2015,2011,2015,pooled focal fields,dm_model:axino,Axino,candidate,candidate,candidate,61,17,0.054620405358983166,2.7970142872644037,0.03904400272881044,0.039044002728810596,8,5,0.7249080337011986,0.6810013755715586,0.7083333333333334,0.75,0.75,0.8541666666666666,12.749471604385093,15.344082634356909,0.03904400272881044,0.75,32.0,20.0,False
canonical_core,rolling,2011-2015,2011,2015,pooled focal fields,dm_model:pbh,PBH,candidate,candidate,candidate,85,15,0.03332188251459979,3.925657552494329,0.0048504143147805046,0.0048504143147804,5,5,0.7409926665958124,0.6513748100143798,0.6666666666666666,0.4166666666666667,0.4166666666666667,0.3333333333333333,11.544072881363114,16.22084984366729,0.0048504143147805046,0.4166666666666667,21.333333333333336,14.666666666666668,False
canonical_core,rolling,2011-2015,2011,2015,pooled focal fields,dm_model:mirror_dm,Mirror DM,candidate,candidate,candidate,31,13,0.019924424596358643,3.278252358357692,0.005491299990512233,0.00549129999051229,5,5,0.8197384066587396,0.7639859539021988,0.625,0.4583333333333333,0.4583333333333333,0.3333333333333333,10.56903245989332,13.571864969171223,0.005491299990512233,0.4583333333333333,22.666666666666664,15.333333333333332,False
canonical_core,rolling,2011-2015,2011,2015,pooled focal fields,dm_model:twin_higgs,Twin Higgs,candidate,candidate,candidate,22,9,0.019580900034352457,2.3911247808499105,0.01359105857234979,0.013591058572349763,6,4,0.7652816251154201,0.6487812188528777,0.5833333333333334,0.6666666666666666,0.6666666666666666,0.5416666666666666,10.54024140271424,12.686982153495759,0.01359105857234979,0.6666666666666666,29.333333333333332,18.666666666666664,False
canonical_core,rolling,2011-2015,2011,2015,pooled focal fields,dm_model:vector_dm,Vector DM,candidate,candidate,candidate,22,8,0.019580900034352453,1.990246739606019,0.009448884698959558,0.009448884698959496,6,5,0.8908587257617728,0.8260377558411779,0.5416666666666666,0.625,0.625,0.5416666666666666,10.54024140271424,12.686982153495759,0.009448884698959558,0.625,28.0,18.0,False
canonical_core,rolling,2011-2015,2011,2015,pooled focal fields,dm_model:atomic_dm,Atomic DM,candidate,candidate,candidate,32,12,0.015458605290278257,2.0886386817217923,0.00671061724072666,0.006710617240726683,6,6,0.8130370370370372,0.7934564002405244,0.5,0.5416666666666666,0.5416666666666666,0.5416666666666666,10.17275701592009,13.65431764866808,0.00671061724072666,0.5416666666666666,25.333333333333332,16.666666666666664,False
canonical_core,rolling,2011-2015,2011,2015,pooled focal fields,dm_model:ula_fuzzy,ULA / Fuzzy,candidate,candidate,candidate,36,10,0.015115080728272074,3.2058156234258406,0.0016346485112631757,0.0016346485112631417,5,4,0.7214876033057852,0.5983903606240781,0.4583333333333333,0.20833333333333334,0.20833333333333334,0.3333333333333333,10.140029406935062,13.960880259378875,0.0016346485112631757,0.20833333333333334,14.666666666666668,11.333333333333334,False
canonical_core,rolling,2011-2015,2011,2015,pooled focal fields,dm_model:dark_photon,Dark Photon,candidate,candidate,candidate,33,9,0.015115080728272072,1.482013398577398,0.006385166643573536,0.006385166643573454,6,6,0.9582644628099173,0.9396745325571352,0.4166666666666667,0.5,0.5,0.5416666666666666,10.140029406935062,13.734308682926871,0.006385166643573536,0.5,24.0,16.0,False
canonical_core,rolling,2011-2015,2011,2015,pooled focal fields,dm_model:generic_composite,Generic Composite,candidate,candidate,candidate,37,7,0.014428031604259706,0.5436925013089349,0.00922794217992247,0.009227942179922479,7,4,0.8326530612244898,0.7127263906780549,0.375,0.5833333333333334,0.5833333333333334,0.6666666666666666,10.073438862855197,14.032337844854567,0.00922794217992247,0.5833333333333334,26.666666666666668,17.333333333333336,False
canonical_core,rolling,2011-2015,2011,2015,pooled focal fields,dm_model:sfdm,SFDM,candidate,candidate,candidate,35,6,0.011679835108210237,1.726980934333038,0.0014887387905125873,0.0014887387905125702,5,2,0.49826989619377154,0.3381020219378554,0.3333333333333333,0.125,0.125,0.3333333333333333,9.789719060356838,13.887464690145485,0.0014887387905125873,0.125,12.0,10.0,False
canonical_core,rolling,2011-2015,2011,2015,pooled focal fields,dm_model:q_ball,Q-ball,candidate,candidate,candidate,16,7,0.010305736860185504,2.240224474789463,0.004678262123353465,0.004678262123353501,5,4,0.7493333333333332,0.6408467285961802,0.2916666666666667,0.375,0.375,0.3333333333333333,9.635270167054752,11.877020359869798,0.004678262123353465,0.375,20.0,14.0,False
canonical_core,rolling,2011-2015,2011,2015,pooled focal fields,dm_model:macho,MACHO,candidate,candidate,candidate,25,6,0.009618687736173137,3.5447892221478376,0.00017696713883309496,0.00017696713883309388,2,2,0.5234693877551022,0.35046087352921457,0.25,0.08333333333333333,0.08333333333333333,0.125,9.55417723465321,13.015495155622986,0.00017696713883309496,0.08333333333333333,10.666666666666666,9.333333333333334,False
canonical_core,rolling,2011-2015,2011,2015,pooled focal fields,dm_model:minimal_su_2_l,Minimal SU(2)L,candidate,candidate,candidate,19,6,0.008244589488148402,0.6382830039533304,0.0044372228835528145,0.004437222883552827,6,5,0.8875,0.8270597743969956,0.20833333333333334,0.3333333333333333,0.3333333333333333,0.5416666666666666,9.382788336951283,12.312489937612455,0.0044372228835528145,0.3333333333333333,18.666666666666664,13.333333333333332,False
canonical_core,rolling,2011-2015,2011,2015,pooled focal fields,dm_model:inert_doublet_model,Inert Doublet Model,candidate,candidate,candidate,15,4,0.005152868430092751,0.23705635090307015,0.004181451988860396,0.004181451988860375,4,4,0.8853333333333332,0.760396419603471,0.16666666666666666,0.2916666666666667,0.2916666666666667,0.20833333333333334,8.934803668044976,11.714576646114148,0.004181451988860396,0.2916666666666667,17.333333333333336,12.666666666666668,False
canonical_core,rolling,2011-2015,2011,2015,pooled focal fields,dm_model:lkp_kaluza_klein,LKP Kaluza-Klein,candidate,candidate,candidate,14,3,0.004122294744074201,0.6095894597933001,0.0023723186672851442,0.002372318667285118,3,3,0.7833333333333334,0.6013956368435128,0.125,0.25,0.25,0.16666666666666666,8.756272053852424,11.541645636571051,0.0023723186672851442,0.25,16.0,12.0,False
canonical_core,rolling,2011-2015,2011,2015,pooled focal fields,dm_model:superwimp,SuperWIMP,candidate,candidate,candidate,6,1,0.0010305736860185502,0.06812829537816761,0.001556692063485103,0.0015566920634851205,1,1,0.0,0.0,0.0625,0.16666666666666666,0.16666666666666666,0.0625,8.0,9.499490869300242,0.001556692063485103,0.16666666666666666,13.333333333333332,10.666666666666666,False
canonical_core,rolling,2011-2015,2011,2015,pooled focal fields,dm_model:wimpzilla,WIMPzilla,candidate,candidate,candidate,9,1,0.0010305736860185502,0.41733888569256444,7.025238014695836e-05,7.025238014696365e-05,1,1,0.0,0.0,0.0625,0.041666666666666664,0.041666666666666664,0.0625,8.0,10.455201614555381,7.025238014695836e-05,0.041666666666666664,9.333333333333334,8.666666666666666,False
canonical_core,rolling,2012-2016,2012,2016,pooled focal fields,dm_model:wimp_core,Canonical WIMP core,candidate,candidate,candidate,1513,151,1.7821944809461234,9.03618972436668,1.0,1.0,7,6,0.8763832640319394,0.8453117425946117,1.0,1.0,1.0,0.78,40.0,24.0,1.0,1.0,40.0,24.0,True
canonical_core,rolling,2012-2016,2012,2016,pooled focal fields,dm_model:axion_alp,Axion + ALP,candidate,candidate,candidate,607,96,0.47109067017082784,8.770430190388371,0.152571685848982,0.15257168584898154,7,6,0.8333957738835105,0.8141283693516927,0.96,0.92,0.92,0.78,24.077802536525663,21.540964032762417,0.152571685848982,0.92,37.44,22.72,False
canonical_core,rolling,2012-2016,2012,2016,pooled focal fields,dm_model:gravitino,Gravitino,candidate,candidate,candidate,267,63,0.32457293035479645,8.179147876432724,0.1766288191565543,0.17662881915655412,7,6,0.7521636152043141,0.718621335123356,0.92,0.96,0.96,0.78,21.21440003470429,19.332990761174354,0.1766288191565543,0.96,38.72,23.36,False
canonical_core,rolling,2012-2016,2012,2016,pooled focal fields,dm_model:sterile_nu,Sterile nu,candidate,candidate,candidate,350,65,0.26609724047306177,10.826465473398843,0.06009803345984435,0.06009803345984415,7,6,0.9421600365797896,0.8960113119474428,0.88,0.8,0.8,0.78,19.892102797474678,20.060185970089254,0.06009803345984435,0.8,33.6,20.8,False
canonical_core,rolling,2012-2016,2012,2016,pooled focal fields,dm_model:bino,Bino,candidate,candidate,candidate,139,35,0.1911957950065703,5.25841625479394,0.13216344741181307,0.1321634474118131,7,5,0.8414142487689092,0.769828061904437,0.84,0.88,0.88,0.78,17.962995281473276,17.582799595813242,0.13216344741181307,0.88,36.16,22.08,False
canonical_core,rolling,2012-2016,2012,2016,pooled focal fields,dm_model:wino,Wino,candidate,candidate,candidate,145,42,0.17279894875164256,5.3415431045045265,0.11168229289192194,0.11168229289192193,7,6,0.8690974280385723,0.810817197781302,0.8,0.84,0.84,0.78,17.43354294987768,17.695906527458177,0.11168229289192194,0.84,34.879999999999995,21.439999999999998,False
canonical_core,rolling,2012-2016,2012,2016,pooled focal fields,dm_model:asymmetric_dm,Asymmetric DM,candidate,candidate,candidate,106,32,0.07720105124835741,4.118816929259001,0.032713520959471915,0.03271352095947188,7,6,0.9762969669533724,0.9611373030322421,0.76,0.72,0.72,0.78,14.049911941863762,16.858261041697993,0.032713520959471915,0.72,31.04,19.52,False
canonical_core,rolling,2012-2016,2012,2016,pooled focal fields,dm_model:axino,Axino,candidate,candidate,candidate,56,19,0.05223390275952694,3.630954946450977,0.036719357971052184,0.03671935797105214,7,5,0.7633558799098138,0.7090598545756603,0.72,0.76,0.76,0.78,12.839636917809472,15.16080917297697,0.036719357971052184,0.76,32.32,20.16,False
canonical_core,rolling,2012-2016,2012,2016,pooled focal fields,dm_model:pbh,PBH,candidate,candidate,candidate,102,21,0.04697766097240474,5.428550055620762,0.007446487440061014,0.00744648744006097,6,5,0.7830602963470097,0.6867478923303579,0.68,0.48,0.48,0.42,12.549876564941945,16.755569776381428,0.007446487440061014,0.48,23.36,15.68,False
canonical_core,rolling,2012-2016,2012,2016,pooled focal fields,dm_model:vector_dm,Vector DM,candidate,candidate,candidate,32,12,0.03186596583442839,2.6122098232991164,0.01622852410923037,0.01622852410923037,7,6,0.91087256881709,0.882503403656208,0.64,0.64,0.64,0.78,11.611354564203772,13.687699165771617,0.01622852410923037,0.64,28.48,18.240000000000002,False
canonical_core,rolling,2012-2016,2012,2016,pooled focal fields,dm_model:ula_fuzzy,ULA / Fuzzy,candidate,candidate,candidate,49,17,0.02923784494086728,4.4126633636066295,0.0046113031047057725,0.004611303104705749,6,4,0.7426335058704708,0.6109275143243217,0.6,0.32,0.32,0.42,11.426766368881276,14.807646118808318,0.0046113031047057725,0.32,18.240000000000002,13.120000000000001,False
canonical_core,rolling,2012-2016,2012,2016,pooled focal fields,dm_model:twin_higgs,Twin Higgs,candidate,candidate,candidate,33,10,0.02529566360052563,2.119672353210538,0.01956438794421564,0.01956438794421562,6,5,0.7520998482037443,0.678411275212572,0.56,0.68,0.68,0.42,11.133554625590666,13.768162444825299,0.01956438794421564,0.68,29.76,18.880000000000003,False
canonical_core,rolling,2012-2016,2012,2016,pooled focal fields,dm_model:dark_photon,Dark Photon,candidate,candidate,candidate,43,11,0.022010512483574246,1.7691135729833403,0.009597842850359143,0.009597842850359146,7,6,0.9516596123858321,0.9346133746665813,0.52,0.56,0.56,0.78,10.871222824387447,14.463094316945298,0.009597842850359143,0.56,25.92,16.96,False
canonical_core,rolling,2012-2016,2012,2016,pooled focal fields,dm_model:generic_composite,Generic Composite,candidate,candidate,candidate,44,10,0.02168199737187911,1.3248203741441227,0.01273381256439385,0.012733812564393834,7,6,0.8694214876033058,0.8415273655945115,0.48,0.6,0.6,0.78,10.843942648805072,14.523665847566594,0.01273381256439385,0.6,27.2,17.6,False
canonical_core,rolling,2012-2016,2012,2016,pooled focal fields,dm_model:mirror_dm,Mirror DM,candidate,candidate,candidate,30,13,0.018725361366622867,3.4106394050625566,0.004952477108505876,0.00495247710850587,6,5,0.8088642659279778,0.7527364525692436,0.44,0.36,0.36,0.42,10.588466064598279,13.51918681726196,0.004952477108505876,0.36,19.52,13.76,False
canonical_core,rolling,2012-2016,2012,2016,pooled focal fields,dm_model:sfdm,SFDM,candidate,candidate,candidate,36,8,0.014126149802890932,1.6772619383130336,0.004043916748753588,0.004043916748753581,6,4,0.6892374256354787,0.5821114059775296,0.4,0.28,0.28,0.42,10.146926244183298,13.996071636781851,0.004043916748753588,0.28,16.96,12.48,False
canonical_core,rolling,2012-2016,2012,2016,pooled focal fields,dm_model:atomic_dm,Atomic DM,candidate,candidate,candidate,29,11,0.01281208935611038,1.9713359377389659,0.005874213886810176,0.005874213886810155,6,6,0.8220907297830375,0.8125663391606468,0.34,0.44,0.44,0.42,10.007914250912215,13.430807762536357,0.005874213886810176,0.44,22.08,15.04,False
canonical_core,rolling,2012-2016,2012,2016,pooled focal fields,dm_model:minimal_su_2_l,Minimal SU(2)L,candidate,candidate,candidate,25,9,0.01281208935611038,1.2600573600190574,0.007554804046272997,0.007554804046272994,7,6,0.9309664694280076,0.9040575700028699,0.34,0.52,0.52,0.78,10.007914250912215,13.0451052425907,0.007554804046272997,0.52,24.64,16.32,False
canonical_core,rolling,2012-2016,2012,2016,pooled focal fields,dm_model:q_ball,Q-ball,candidate,candidate,candidate,16,6,0.008212877792378448,1.8798593916483424,0.004040144058517149,0.004040144058517146,4,4,0.70272,0.6187056221474598,0.28,0.24,0.24,0.26,9.453985938074627,11.899909208621379,0.004040144058517149,0.24,15.68,11.84,False
canonical_core,rolling,2012-2016,2012,2016,pooled focal fields,dm_model:inert_doublet_model,Inert Doublet Model,candidate,candidate,candidate,16,5,0.0072273324572930345,0.8655535481739041,0.005449271056902681,0.005449271056902684,4,4,0.8876033057851238,0.7620401678899591,0.24,0.4,0.4,0.26,9.316244772174986,11.899909208621379,0.005449271056902681,0.4,20.8,14.4,False
canonical_core,rolling,2012-2016,2012,2016,pooled focal fields,dm_model:lkp_kaluza_klein,LKP Kaluza-Klein,candidate,candidate,candidate,13,3,0.0036136662286465177,0.6213698902208495,0.002391237675465776,0.002391237675465778,3,3,0.7933884297520661,0.6083738791013144,0.2,0.2,0.2,0.2,8.705013497194715,11.376596682103203,0.002391237675465776,0.2,14.4,11.2,False
canonical_core,rolling,2012-2016,2012,2016,pooled focal fields,dm_model:macho,MACHO,candidate,candidate,candidate,20,3,0.0032851511169513796,2.1066294728758104,0.0,0.0,1,2,0.5039999999999999,0.34092985835764694,0.16,0.04,0.04,0.08,8.63634090051118,12.469454767133442,0.0,0.04,9.28,8.64,False
canonical_core,rolling,2012-2016,2012,2016,pooled focal fields,dm_model:wimpzilla,WIMPzilla,candidate,candidate,candidate,11,2,0.0019710906701708277,0.5067057121540228,0.0006982487272312421,0.0006982487272312433,2,2,0.6,0.3868528072345416,0.12,0.08,0.08,0.16,8.319205122786135,10.96111132123416,0.0006982487272312421,0.08,10.56,9.28,False
canonical_core,rolling,2012-2016,2012,2016,pooled focal fields,dm_model:superwimp,SuperWIMP,candidate,candidate,candidate,7,1,0.001314060446780552,0.09898021119816347,0.0020467061461495162,0.0020467061461495136,1,1,0.0,0.0,0.08,0.16,0.16,0.08,8.119216773264297,9.86825323620392,0.0020467061461495162,0.16,13.120000000000001,10.56,False
canonical_core,rolling,2012-2016,2012,2016,pooled focal fields,dm_model:macroscopic_dm,Macroscopic DM,candidate,candidate,candidate,15,1,0.0009855453350854138,0.0,0.0008646007796556701,0.0008646007796556681,1,1,0.0,0.0,0.04,0.12,0.12,0.08,8.0,11.736506472407841,0.0008646007796556701,0.12,11.84,9.92,False
canonical_core,rolling,2013-2017,2013,2017,pooled focal fields,dm_model:wimp_core,Canonical WIMP core,candidate,candidate,candidate,1430,154,1.6246835443037975,9.95410145385838,1.0,1.0,8,6,0.8796581039895507,0.8489202486483988,1.0,1.0,1.0,0.7962962962962963,40.0,24.0,1.0,1.0,40.0,24.0,True
canonical_core,rolling,2013-2017,2013,2017,pooled focal fields,dm_model:axion_alp,Axion + ALP,candidate,candidate,candidate,721,107,0.5212025316455696,8.067487524171407,0.17092930854594435,0.17092930854594418,8,6,0.8415588092496927,0.8169557301197878,0.9629629629629629,0.9629629629629629,0.9629629629629629,0.7962962962962963,25.780897253762298,22.138441073051776,0.17092930854594435,0.9629629629629629,38.81481481481481,23.407407407407405,False
canonical_core,rolling,2013-2017,2013,2017,pooled focal fields,dm_model:sterile_nu,Sterile nu,candidate,candidate,candidate,388,74,0.30253164556962026,11.841779177418385,0.07670051655836305,0.076700516558363,8,6,0.94555329913692,0.9059340904368768,0.9259259259259259,0.8148148148148148,0.8148148148148148,0.7962962962962963,21.358007591962995,20.455547981136924,0.07670051655836305,0.8148148148148148,34.074074074074076,21.037037037037038,False
canonical_core,rolling,2013-2017,2013,2017,pooled focal fields,dm_model:gravitino,Gravitino,candidate,candidate,candidate,233,63,0.26898734177215194,8.789813440139332,0.1601711895012776,0.16017118950127762,8,6,0.7538159169550174,0.7224002243474709,0.8888888888888888,0.9259259259259259,0.9259259259259259,0.7962962962962963,20.550459272216358,19.072493447037605,0.1601711895012776,0.9259259259259259,37.62962962962963,22.814814814814817,False
canonical_core,rolling,2013-2017,2013,2017,pooled focal fields,dm_model:bino,Bino,candidate,candidate,candidate,135,37,0.18291139240506332,6.140615569327465,0.13519683653356263,0.13519683653356265,8,5,0.8542282779181285,0.7845293039238787,0.8518518518518519,0.8888888888888888,0.8888888888888888,0.7962962962962963,18.21035067946759,17.595809061722022,0.13519683653356263,0.8888888888888888,36.44444444444444,22.22222222222222,False
canonical_core,rolling,2013-2017,2013,2017,pooled focal fields,dm_model:wino,Wino,candidate,candidate,candidate,147,39,0.16708860759493677,4.99692314784989,0.1176246483427341,0.1176246483427341,8,6,0.8770833333333334,0.8212254252119133,0.8148148148148148,0.8518518518518519,0.8518518518518519,0.7962962962962963,17.7236771265667,17.825903671904726,0.1176246483427341,0.8518518518518519,35.25925925925926,21.62962962962963,False
canonical_core,rolling,2013-2017,2013,2017,pooled focal fields,dm_model:pbh,PBH,candidate,candidate,candidate,139,33,0.08006329113924052,7.341713045552026,0.011557763694961512,0.011557763694961488,8,6,0.8304332203283913,0.7745460788750811,0.7777777777777778,0.5555555555555556,0.5555555555555556,0.7962962962962963,14.486931849429455,17.674688934345262,0.011557763694961512,0.5555555555555556,25.77777777777778,16.88888888888889,False
canonical_core,rolling,2013-2017,2013,2017,pooled focal fields,dm_model:asymmetric_dm,Asymmetric DM,candidate,candidate,candidate,106,25,0.059810126582278474,2.5370687732005752,0.030975511606690594,0.03097551160669045,8,6,0.9678340471991266,0.9482556113085663,0.7407407407407407,0.7777777777777778,0.7777777777777778,0.7962962962962963,13.4991743368418,16.94320278962114,0.030975511606690594,0.7777777777777778,32.888888888888886,20.444444444444443,False
canonical_core,rolling,2013-2017,2013,2017,pooled focal fields,dm_model:ula_fuzzy,ULA / Fuzzy,candidate,candidate,candidate,73,25,0.04810126582278481,6.370168392077678,0.008500880838015461,0.00850088083801545,7,5,0.7350415512465374,0.6592797736023194,0.7037037037037037,0.48148148148148145,0.48148148148148145,0.5,12.849791545449543,15.939735780138136,0.008500880838015461,0.48148148148148145,23.407407407407405,15.703703703703702,False
canonical_core,rolling,2013-2017,2013,2017,pooled focal fields,dm_model:axino,Axino,candidate,candidate,candidate,42,19,0.04145569620253164,4.117644511595814,0.029944117629281248,0.02994411762928126,8,5,0.7775770642736438,0.7244952890646565,0.6666666666666666,0.7407407407407407,0.7407407407407407,0.7962962962962963,12.445532365537648,14.462510569010632,0.029944117629281248,0.7407407407407407,31.703703703703702,19.85185185185185,False
canonical_core,rolling,2013-2017,2013,2017,pooled focal fields,dm_model:vector_dm,Vector DM,candidate,candidate,candidate,37,16,0.03829113924050633,3.0923192663192633,0.021196400812723594,0.021196400812723594,8,6,0.9220681647428453,0.8903243322945366,0.6296296296296297,0.6666666666666666,0.6666666666666666,0.7962962962962963,12.2416312805016,14.126136590642592,0.021196400812723594,0.6666666666666666,29.333333333333332,18.666666666666664,False
canonical_core,rolling,2013-2017,2013,2017,pooled focal fields,dm_model:twin_higgs,Twin Higgs,candidate,candidate,candidate,44,12,0.03259493670886076,2.6163060843508203,0.026039695992480225,0.026039695992480235,7,5,0.7494768592704308,0.6930324455995812,0.5925925925925926,0.7037037037037037,0.7037037037037037,0.5,11.852107332360855,14.586221193062784,0.026039695992480225,0.7037037037037037,30.51851851851852,19.25925925925926,False
canonical_core,rolling,2013-2017,2013,2017,pooled focal fields,dm_model:dark_photon,Dark Photon,candidate,candidate,candidate,53,14,0.030696202531645577,2.807008197982494,0.01440263658644753,0.014402636586447528,7,6,0.9422467849930918,0.9214966525654112,0.5555555555555556,0.5925925925925926,0.5925925925925926,0.5,11.714791884338897,15.08234824377639,0.01440263658644753,0.5925925925925926,26.962962962962962,17.48148148148148,False
canonical_core,rolling,2013-2017,2013,2017,pooled focal fields,dm_model:generic_composite,Generic Composite,candidate,candidate,candidate,47,10,0.025000000000000005,1.441708441859694,0.01676786713006518,0.016767867130065187,8,6,0.866015061688832,0.8365223916604189,0.5185185185185185,0.6296296296296297,0.6296296296296297,0.7962962962962963,11.275128289185307,14.76184116204751,0.01676786713006518,0.6296296296296297,28.14814814814815,18.074074074074076,False
canonical_core,rolling,2013-2017,2013,2017,pooled focal fields,dm_model:sfdm,SFDM,candidate,candidate,candidate,39,10,0.015822784810126583,2.372783833371085,0.004240690085981225,0.004240690085981222,7,4,0.6105600000000002,0.5273908671522586,0.48148148148148145,0.3333333333333333,0.3333333333333333,0.5,10.443490038880324,14.265714111333905,0.004240690085981225,0.3333333333333333,18.666666666666664,13.333333333333332,False
canonical_core,rolling,2013-2017,2013,2017,pooled focal fields,dm_model:mirror_dm,Mirror DM,candidate,candidate,candidate,29,9,0.013607594936708862,2.3604928872187774,0.0049435359153767585,0.004943535915376757,5,5,0.9267712276906437,0.8608619245999255,0.4444444444444444,0.37037037037037035,0.37037037037037035,0.37037037037037035,10.208419042322618,13.48288370631505,0.0049435359153767585,0.37037037037037035,19.85185185185185,13.925925925925926,False
canonical_core,rolling,2013-2017,2013,2017,pooled focal fields,dm_model:minimal_su_2_l,Minimal SU(2)L,candidate,candidate,candidate,26,8,0.012341772151898734,0.6423925923932738,0.010177520070381772,0.010177520070381772,8,6,0.923076923076923,0.9087190360228007,0.4074074074074074,0.5185185185185185,0.5185185185185185,0.7962962962962963,10.065425432792324,13.196180352009799,0.010177520070381772,0.5185185185185185,24.59259259259259,16.296296296296298,False
canonical_core,rolling,2013-2017,2013,2017,pooled focal fields,dm_model:atomic_dm,Atomic DM,candidate,candidate,candidate,28,10,0.01170886075949367,2.025426218892806,0.006261914170852787,0.006261914170852769,6,4,0.7766252739225713,0.6681072012791073,0.37037037037037035,0.4444444444444444,0.4444444444444444,0.4074074074074074,9.991175669224077,13.390631988288757,0.006261914170852787,0.4444444444444444,22.22222222222222,15.11111111111111,False
canonical_core,rolling,2013-2017,2013,2017,pooled focal fields,dm_model:inert_doublet_model,Inert Doublet Model,candidate,candidate,candidate,17,5,0.007278481012658228,0.8447210763506012,0.0059757841702498815,0.005975784170249884,4,4,0.8801512287334594,0.7555825613989439,0.3333333333333333,0.4074074074074074,0.4074074074074074,0.2962962962962963,9.402190263527736,12.092842865262064,0.0059757841702498815,0.4074074074074074,21.037037037037038,14.518518518518519,False
canonical_core,rolling,2013-2017,2013,2017,pooled focal fields,dm_model:q_ball,Q-ball,candidate,candidate,candidate,18,5,0.006329113924050633,1.7333975398017887,0.0023435607537193115,0.0023435607537193124,4,4,0.828,0.7116122844284783,0.2962962962962963,0.2222222222222222,0.2222222222222222,0.2962962962962963,9.254045596416479,12.239968698876002,0.0023435607537193115,0.2222222222222222,15.11111111111111,11.555555555555555,False
canonical_core,rolling,2013-2017,2013,2017,pooled focal fields,dm_model:wimpzilla,WIMPzilla,candidate,candidate,candidate,12,4,0.004746835443037975,0.804644520596044,0.0024434734227971313,0.0024434734227971305,4,2,0.46933333333333344,0.32365681966673027,0.25925925925925924,0.25925925925925924,0.25925925925925924,0.2962962962962963,8.979833427739242,11.20731479824236,0.0024434734227971313,0.25925925925925924,16.296296296296298,12.148148148148149,False
canonical_core,rolling,2013-2017,2013,2017,pooled focal fields,dm_model:lkp_kaluza_klein,LKP Kaluza-Klein,candidate,candidate,candidate,11,2,0.002848101265822785,0.64902261086375,0.0023336700754598688,0.0023336700754598696,2,2,0.5925925925925926,0.38340055593136474,0.2222222222222222,0.18518518518518517,0.18518518518518517,0.18518518518518517,8.580298062174833,10.989505378514327,0.0023336700754598688,0.18518518518518517,13.925925925925926,10.962962962962962,False
canonical_core,rolling,2013-2017,2013,2017,pooled focal fields,dm_model:macho,MACHO,candidate,candidate,candidate,16,2,0.0018987341772151898,1.4776172687764138,2.3480817749895483e-44,0.0,1,2,0.6,0.3868528072345416,0.14814814814814814,0.037037037037037035,0.037037037037037035,0.07407407407407407,8.328347875702638,11.937305386422251,2.3480817749895483e-44,0.037037037037037035,9.185185185185185,8.592592592592592,False
canonical_core,rolling,2013-2017,2013,2017,pooled focal fields,dm_model:macroscopic_dm,Macroscopic DM,candidate,candidate,candidate,20,2,0.0018987341772151898,0.29226382566164094,0.0009820510096356647,0.0009820510096356643,2,1,0.0,0.0,0.14814814814814814,0.14814814814814814,0.14814814814814814,0.18518518518518517,8.328347875702638,12.5123123097591,0.0009820510096356647,0.14814814814814814,12.74074074074074,10.37037037037037,False
canonical_core,rolling,2013-2017,2013,2017,pooled focal fields,dm_model:superwimp,SuperWIMP,candidate,candidate,candidate,6,2,0.0018987341772151898,0.2000851403645649,0.0029416048323485824,0.0029416048323485846,2,2,0.6,0.3868528072345416,0.14814814814814814,0.2962962962962963,0.2962962962962963,0.18518518518518517,8.328347875702638,9.522806931244771,0.0029416048323485824,0.2962962962962963,17.48148148148148,12.74074074074074,False
canonical_core,rolling,2013-2017,2013,2017,pooled focal fields,dm_model:quark_nugget_aqn,Quark Nugget / AQN,candidate,candidate,candidate,16,1,0.0012658227848101266,0.1902501942009025,0.00026732664655430263,0.0002673266465543011,1,1,0.0,0.0,0.07407407407407407,0.07407407407407407,0.07407407407407407,0.07407407407407407,8.122631409883988,11.937305386422251,0.00026732664655430263,0.07407407407407407,10.37037037037037,9.185185185185185,False
canonical_core,rolling,2013-2017,2013,2017,pooled focal fields,dm_model:scotogenic_model,Scotogenic Model,candidate,candidate,candidate,10,1,0.0009493670886075949,0.11663145207575869,0.0006924416060765412,0.0006924416060765416,1,1,0.0,0.0,0.037037037037037035,0.1111111111111111,0.1111111111111111,0.07407407407407407,8.0,10.752733059302614,0.0006924416060765412,0.1111111111111111,11.555555555555555,9.777777777777779,False
canonical_core,rolling,2014-2018,2014,2018,pooled focal fields,dm_model:wimp_core,Canonical WIMP core,candidate,candidate,candidate,1332,158,1.43289912147834,11.326741434793387,1.0,1.0,8,6,0.8841806650009609,0.8535031475359002,1.0,1.0,1.0,0.7857142857142857,40.0,24.0,1.0,1.0,40.0,24.0,True
canonical_core,rolling,2014-2018,2014,2018,pooled focal fields,dm_model:axion_alp,Axion + ALP,candidate,candidate,candidate,855,121,0.5904271432899123,8.951153365998609,0.2136975908412292,0.21369759084122736,8,6,0.8378257153093995,0.8113145877801491,0.9642857142857143,0.9642857142857143,0.9642857142857143,0.7857142857142857,28.245139063753534,22.78003069525666,0.2136975908412292,0.9642857142857143,38.85714285714286,23.42857142857143,False
canonical_core,rolling,2014-2018,2014,2018,pooled focal fields,dm_model:sterile_nu,Sterile nu,candidate,candidate,candidate,384,82,0.28597394728870035,12.445587807252682,0.09095078595707644,0.090950785957076,8,6,0.9493231111749498,0.9144466737307647,0.9285714285714286,0.8214285714285714,0.8214285714285714,0.7857142857142857,21.838309679674154,20.579192642331904,0.09095078595707644,0.8214285714285714,34.285714285714285,21.142857142857142,False
canonical_core,rolling,2014-2018,2014,2018,pooled focal fields,dm_model:gravitino,Gravitino,candidate,candidate,candidate,205,57,0.2241744925780067,8.128447903893989,0.15749172684792315,0.15749172684792292,8,6,0.726508400292184,0.693514217722728,0.8928571428571429,0.9285714285714286,0.9285714285714286,0.7857142857142857,20.157408821892126,18.85668291139129,0.15749172684792315,0.9285714285714286,37.714285714285715,22.857142857142858,False
canonical_core,rolling,2014-2018,2014,2018,pooled focal fields,dm_model:bino,Bino,candidate,candidate,candidate,121,38,0.16298091487428054,7.1195668039197955,0.13525744785646038,0.1352574478564605,8,5,0.8603114937604511,0.7909624508556186,0.8571428571428571,0.8928571428571429,0.8928571428571429,0.7857142857142857,18.24431194156101,17.413777689350628,0.13525744785646038,0.8928571428571429,36.57142857142857,22.285714285714285,False
canonical_core,rolling,2014-2018,2014,2018,pooled focal fields,dm_model:pbh,PBH,candidate,candidate,candidate,221,43,0.13783701908512574,8.267601149332043,0.026209962440759852,0.026209962440759516,8,6,0.8564183069677578,0.7978368905717805,0.8214285714285714,0.6428571428571429,0.6428571428571429,0.7857142857142857,17.354566773449037,19.062715182558684,0.026209962440759852,0.6428571428571429,28.571428571428573,18.285714285714285,False
canonical_core,rolling,2014-2018,2014,2018,pooled focal fields,dm_model:wino,Wino,candidate,candidate,candidate,127,32,0.1332929415328688,4.814468474151788,0.10972638624937849,0.10972638624937846,8,6,0.8753429752066116,0.8187393876151589,0.7857142857142857,0.8571428571428571,0.8571428571428571,0.7857142857142857,17.185336954009948,17.54601416063624,0.10972638624937849,0.8571428571428571,35.42857142857143,21.714285714285715,False
canonical_core,rolling,2014-2018,2014,2018,pooled focal fields,dm_model:ula_fuzzy,ULA / Fuzzy,candidate,candidate,candidate,109,34,0.0720993638291427,7.717911337974298,0.013353822649917234,0.013353822649917085,8,6,0.7647341289456959,0.7105305824146302,0.75,0.5357142857142857,0.5357142857142857,0.7857142857142857,14.536800140745132,17.128585506480405,0.013353822649917234,0.5357142857142857,25.142857142857142,16.57142857142857,False
canonical_core,rolling,2014-2018,2014,2018,pooled focal fields,dm_model:asymmetric_dm,Asymmetric DM,candidate,candidate,candidate,97,20,0.05028779157830959,2.115179176326786,0.03271800754778277,0.03271800754778255,8,6,0.9656263608651473,0.9506412282305313,0.7142857142857143,0.75,0.75,0.7857142857142857,13.322939427606109,16.810417103830247,0.03271800754778277,0.75,32.0,20.0,False
canonical_core,rolling,2014-2018,2014,2018,pooled focal fields,dm_model:vector_dm,Vector DM,candidate,candidate,candidate,44,19,0.045137837019085116,4.318747453360878,0.027580266159341466,0.0275802661593414,8,6,0.9222287284356561,0.8928403821738916,0.6785714285714286,0.6785714285714286,0.6785714285714286,0.7857142857142857,12.99954403282807,14.666655820884912,0.027580266159341466,0.6785714285714286,29.714285714285715,18.857142857142858,False
canonical_core,rolling,2014-2018,2014,2018,pooled focal fields,dm_model:twin_higgs,Twin Higgs,candidate,candidate,candidate,56,16,0.04241139048773099,2.869053079537405,0.03755670221903515,0.037556702219035086,8,6,0.7868571428571428,0.7406017493369355,0.6428571428571429,0.7857142857142857,0.7857142857142857,0.7857142857142857,12.820842550548413,15.317764470275572,0.03755670221903515,0.7857142857142857,33.14285714285714,20.57142857142857,False
canonical_core,rolling,2014-2018,2014,2018,pooled focal fields,dm_model:axino,Axino,candidate,candidate,candidate,37,20,0.0372614359285065,4.665874752749956,0.030006585353348842,0.030006585353348783,8,5,0.7338488994646045,0.6915710922755834,0.6071428571428571,0.7142857142857143,0.7142857142857143,0.7857142857142857,12.466861411479224,14.200952407210503,0.030006585353348842,0.7142857142857143,30.857142857142858,19.42857142857143,False
canonical_core,rolling,2014-2018,2014,2018,pooled focal fields,dm_model:dark_photon,Dark Photon,candidate,candidate,candidate,69,15,0.036958497425022704,2.6382876164620948,0.0203731862678001,0.020373186267800065,7,6,0.955227089492072,0.9412388663373177,0.5714285714285714,0.5714285714285714,0.5714285714285714,0.5,12.44529887924432,15.883638830606277,0.0203731862678001,0.5714285714285714,26.285714285714285,17.142857142857142,False
canonical_core,rolling,2014-2018,2014,2018,pooled focal fields,dm_model:generic_composite,Generic Composite,candidate,candidate,candidate,52,9,0.026052711299606183,1.4403009525833856,0.02164022163846428,0.021640221638464213,8,5,0.8537587885343427,0.7913414122087726,0.5357142857142857,0.6071428571428571,0.6071428571428571,0.7857142857142857,11.599635536274056,15.117356289797158,0.02164022163846428,0.6071428571428571,27.428571428571427,17.714285714285715,False
canonical_core,rolling,2014-2018,2014,2018,pooled focal fields,dm_model:sfdm,SFDM,candidate,candidate,candidate,43,13,0.019388064222962742,3.6041655316482912,0.0052694316902384235,0.005269431690238397,7,4,0.7013671875,0.5857641470809711,0.5,0.39285714285714285,0.39285714285714285,0.5,10.991729781694461,14.604756643852877,0.0052694316902384235,0.39285714285714285,20.57142857142857,14.285714285714285,False
canonical_core,rolling,2014-2018,2014,2018,pooled focal fields,dm_model:mirror_dm,Mirror DM,candidate,candidate,candidate,29,9,0.015449863677673432,2.7172999184659115,0.005732130119867294,0.00573213011986728,5,6,0.9771626297577853,0.9643860796544915,0.4642857142857143,0.42857142857142855,0.42857142857142855,0.39285714285714285,10.581928415859156,13.549843757819847,0.005732130119867294,0.42857142857142855,21.714285714285715,14.857142857142858,False
canonical_core,rolling,2014-2018,2014,2018,pooled focal fields,dm_model:minimal_su_2_l,Minimal SU(2)L,candidate,candidate,candidate,27,8,0.012723417146319298,1.0276610477556125,0.012080108063071086,0.012080108063071061,7,5,0.8829931972789116,0.8165520224050647,0.42857142857142855,0.5,0.5,0.5,10.266578195561934,13.359809967978746,0.012080108063071086,0.5,24.0,16.0,False
canonical_core,rolling,2014-2018,2014,2018,pooled focal fields,dm_model:atomic_dm,Atomic DM,candidate,candidate,candidate,30,7,0.008482278097546198,1.0596685864689999,0.006759689918317068,0.0067596899183170805,5,4,0.8785714285714284,0.7545806746344834,0.39285714285714285,0.4642857142857143,0.4642857142857143,0.39285714285714285,9.698947721686318,13.640159962450488,0.006759689918317068,0.4642857142857143,22.857142857142858,15.428571428571429,False
canonical_core,rolling,2014-2018,2014,2018,pooled focal fields,dm_model:macho,MACHO,candidate,candidate,candidate,24,6,0.007270524083611027,3.3050707388589036,0.00012110662763603938,0.00012110662763603498,2,2,0.5999999999999999,0.3868528072345415,0.35714285714285715,0.03571428571428571,0.03571428571428571,0.16071428571428573,9.511594071934788,13.047657725255059,0.00012110662763603938,0.03571428571428571,9.142857142857142,8.571428571428571,False
canonical_core,rolling,2014-2018,2014,2018,pooled focal fields,dm_model:wimpzilla,WIMPzilla,candidate,candidate,candidate,11,6,0.006361708573159649,1.543351849015411,0.003028861799544952,0.0030288617995449306,5,4,0.7782312925170067,0.6756134310465511,0.32142857142857145,0.25,0.25,0.39285714285714285,9.36057264301932,11.026014895192317,0.003028861799544952,0.25,16.0,12.0,False
canonical_core,rolling,2014-2018,2014,2018,pooled focal fields,dm_model:inert_doublet_model,Inert Doublet Model,candidate,candidate,candidate,15,4,0.005755831566192063,0.9768465179874948,0.004711005862756225,0.004711005862756228,3,4,0.8908587257617728,0.7653823190691127,0.2857142857142857,0.35714285714285715,0.35714285714285715,0.30357142857142855,9.253810386635767,11.818405664254495,0.004711005862756225,0.35714285714285715,19.42857142857143,13.714285714285715,False
canonical_core,rolling,2014-2018,2014,2018,pooled focal fields,dm_model:scotogenic_model,Scotogenic Model,candidate,candidate,candidate,15,3,0.003332323538321721,0.14400257047894602,0.0039176879233277255,0.00391768792332772,3,3,0.7735537190082645,0.5955539999137374,0.25,0.32142857142857145,0.32142857142857145,0.30357142857142855,8.756326675609495,11.818405664254495,0.0039176879233277255,0.32142857142857145,18.285714285714285,13.142857142857142,False
canonical_core,rolling,2014-2018,2014,2018,pooled focal fields,dm_model:lkp_kaluza_klein,LKP Kaluza-Klein,candidate,candidate,candidate,8,2,0.0021205695243865495,0.6803775870233304,0.0015616883630931147,0.0015616883630931173,2,2,0.5877551020408163,0.38113827019130503,0.16071428571428573,0.21428571428571427,0.21428571428571427,0.16071428571428573,8.436114736085967,10.233624126130138,0.0015616883630931147,0.21428571428571427,14.857142857142858,11.428571428571429,False
canonical_core,rolling,2014-2018,2014,2018,pooled focal fields,dm_model:macroscopic_dm,Macroscopic DM,candidate,candidate,candidate,21,2,0.0021205695243865495,0.2786341999906891,0.0015209766755718273,0.0015209766755718192,2,1,0.0,0.0,0.16071428571428573,0.17857142857142858,0.17857142857142858,0.16071428571428573,8.436114736085967,12.695553811725631,0.0015209766755718273,0.17857142857142858,13.714285714285715,10.857142857142858,False
canonical_core,rolling,2014-2018,2014,2018,pooled focal fields,dm_model:q_ball,Q-ball,candidate,candidate,candidate,14,2,0.0021205695243865495,0.8858065752966942,0.00014028335409392464,0.0001402833540939251,2,2,0.5877551020408163,0.38113827019130503,0.16071428571428573,0.07142857142857142,0.07142857142857142,0.16071428571428573,8.436114736085967,11.640640925692598,0.00014028335409392464,0.07142857142857142,10.285714285714285,9.142857142857142,False
canonical_core,rolling,2014-2018,2014,2018,pooled focal fields,dm_model:superwimp,SuperWIMP,candidate,candidate,candidate,6,2,0.0021205695243865495,0.27778451110203517,0.00368377063882299,0.003683770638822994,2,2,0.5877551020408163,0.38113827019130503,0.16071428571428573,0.2857142857142857,0.2857142857142857,0.16071428571428573,8.436114736085967,9.541404303724251,0.00368377063882299,0.2857142857142857,17.142857142857142,12.571428571428571,False
canonical_core,rolling,2014-2018,2014,2018,pooled focal fields,dm_model:planckian_dm,Planckian DM,candidate,candidate,candidate,3,2,0.0018176310209027568,0.5537679314422189,0.00134259382002282,0.0013425938200228068,2,1,0.0,0.0,0.05357142857142857,0.14285714285714285,0.14285714285714285,0.16071428571428573,8.342437911210203,8.0,0.00134259382002282,0.14285714285714285,12.571428571428571,10.285714285714285,False
canonical_core,rolling,2014-2018,2014,2018,pooled focal fields,dm_model:quark_nugget_aqn,Quark Nugget / AQN,candidate,candidate,candidate,22,1,0.0018176310209027568,0.18909415421062023,0.000533224898876117,0.0005332248988760973,1,1,0.0,0.0,0.05357142857142857,0.10714285714285714,0.10714285714285714,0.03571428571428571,8.342437911210203,12.817991633552626,0.000533224898876117,0.10714285714285714,11.428571428571429,9.714285714285714,False
canonical_core,rolling,2015-2019,2015,2019,pooled focal fields,dm_model:wimp_core,Canonical WIMP core,candidate,candidate,candidate,1251,155,1.2541196877710319,12.331027562483204,1.0,1.0,8,6,0.8916186653760043,0.8635295778159747,1.0,1.0,1.0,0.7678571428571429,40.0,24.0,1.0,1.0,40.0,24.0,True
canonical_core,rolling,2015-2019,2015,2019,pooled focal fields,dm_model:axion_alp,Axion + ALP,candidate,candidate,candidate,979,135,0.629950852847644,8.812802257474655,0.2718481971901421,0.271848197190138,8,6,0.8371676655698636,0.8106827604528114,0.9642857142857143,0.9642857142857143,0.9642857142857143,0.7678571428571429,30.427792012972944,23.317963610061895,0.2718481971901421,0.9642857142857143,38.85714285714286,23.42857142857143,False
canonical_core,rolling,2015-2019,2015,2019,pooled focal fields,dm_model:sterile_nu,Sterile nu,candidate,candidate,candidate,373,79,0.2633709164498409,12.561777780683167,0.10488265954448736,0.10488265954448656,8,6,0.9485442590318838,0.9127348020008247,0.9285714285714286,0.8214285714285714,0.8214285714285714,0.7678571428571429,22.196206435657956,20.635714501054572,0.10488265954448736,0.8214285714285714,34.285714285714285,21.142857142857142,False
canonical_core,rolling,2015-2019,2015,2019,pooled focal fields,dm_model:pbh,PBH,candidate,candidate,candidate,322,57,0.19138479329285918,8.854809781040055,0.039270894218056365,0.03927089421805528,8,6,0.8713721123392448,0.8155109047333368,0.8928571428571429,0.75,0.75,0.7678571428571429,19.97406237402661,20.2275048521282,0.039270894218056365,0.75,32.0,20.0,False
canonical_core,rolling,2015-2019,2015,2019,pooled focal fields,dm_model:gravitino,Gravitino,candidate,candidate,candidate,164,45,0.15958369470945355,7.074532546705594,0.1322794298059395,0.13227942980593918,8,6,0.6759057971014493,0.6455896845125514,0.8571428571428571,0.9285714285714286,0.9285714285714286,0.7678571428571429,18.859012278894667,18.357172524366753,0.1322794298059395,0.9285714285714286,37.714285714285715,22.857142857142858,False
canonical_core,rolling,2015-2019,2015,2019,pooled focal fields,dm_model:bino,Bino,candidate,candidate,candidate,106,33,0.13125180688060134,7.099972383552009,0.1275527080053198,0.12755270800531995,8,5,0.8603000252285122,0.7904278501895021,0.8214285714285714,0.8928571428571429,0.8928571428571429,0.7678571428571429,17.76755169284775,17.151182064017682,0.1275527080053198,0.8928571428571429,36.57142857142857,22.285714285714285,False
canonical_core,rolling,2015-2019,2015,2019,pooled focal fields,dm_model:wino,Wino,candidate,candidate,candidate,119,36,0.12113327551315412,6.527124032271977,0.10734203622479559,0.10734203622479567,8,5,0.8837543645798327,0.8146758895428727,0.7857142857142857,0.8571428571428571,0.8571428571428571,0.7678571428571429,17.34951712892391,17.47045489031497,0.10734203622479559,0.8571428571428571,35.42857142857143,21.714285714285715,False
canonical_core,rolling,2015-2019,2015,2019,pooled focal fields,dm_model:ula_fuzzy,ULA / Fuzzy,candidate,candidate,candidate,143,37,0.08326105810928018,7.645791754547303,0.017335295885354696,0.017335295885354353,8,6,0.7275462962962962,0.6728633466043569,0.75,0.5357142857142857,0.5357142857142857,0.7678571428571429,15.603639473997738,17.978119658157798,0.017335295885354696,0.5357142857142857,25.142857142857142,16.57142857142857,False
canonical_core,rolling,2015-2019,2015,2019,pooled focal fields,dm_model:vector_dm,Vector DM,candidate,candidate,candidate,53,19,0.04943625325238508,4.0525525381359,0.037858270850517725,0.03785827085051764,8,6,0.9539755822304299,0.9351190752723925,0.7142857142857143,0.7142857142857143,0.7142857142857143,0.7678571428571429,13.660696966601378,15.247052285875679,0.037858270850517725,0.7142857142857143,30.857142857142858,19.42857142857143,False
canonical_core,rolling,2015-2019,2015,2019,pooled focal fields,dm_model:asymmetric_dm,Asymmetric DM,candidate,candidate,candidate,93,21,0.046834345186470075,3.056003620620155,0.03218826218656295,0.032188262186562726,8,6,0.9605852766346594,0.9457588229677049,0.6785714285714286,0.6785714285714286,0.6785714285714286,0.7678571428571429,13.486667007941689,16.790501321213043,0.03218826218656295,0.6785714285714286,29.714285714285715,18.857142857142858,False
canonical_core,rolling,2015-2019,2015,2019,pooled focal fields,dm_model:dark_photon,Dark Photon,candidate,candidate,candidate,84,22,0.04452153801676785,3.64023681819334,0.027875253534081126,0.027875253534081063,8,6,0.9777702816663856,0.9682325881922941,0.6428571428571429,0.6071428571428571,0.6071428571428571,0.7678571428571429,13.327868942684045,16.51026472687785,0.027875253534081126,0.6071428571428571,27.428571428571427,17.714285714285715,False
canonical_core,rolling,2015-2019,2015,2019,pooled focal fields,dm_model:twin_higgs,Twin Higgs,candidate,candidate,candidate,59,15,0.04163052905464006,2.4779954379820963,0.04398651276291592,0.0439865127629158,8,6,0.8021990740740741,0.7501680193088216,0.6071428571428571,0.7857142857142857,0.7857142857142857,0.7678571428571429,13.123451955107306,15.540423089974716,0.04398651276291592,0.7857142857142857,33.14285714285714,20.57142857142857,False
canonical_core,rolling,2015-2019,2015,2019,pooled focal fields,dm_model:generic_composite,Generic Composite,candidate,candidate,candidate,55,12,0.028620988725065043,1.8026693684207808,0.02770978428523533,0.027709784285235198,8,6,0.8607284970921336,0.8365743646913206,0.5714285714285714,0.5714285714285714,0.5714285714285714,0.7678571428571429,12.100490118724325,15.348316074753168,0.02770978428523533,0.5714285714285714,26.285714285714285,17.142857142857142,False
canonical_core,rolling,2015-2019,2015,2019,pooled focal fields,dm_model:axino,Axino,candidate,candidate,candidate,31,15,0.02746458514021393,3.4368484373915624,0.02919901245944343,0.029199012459443344,8,5,0.7041772853185595,0.6669762325692105,0.5357142857142857,0.6428571428571429,0.6428571428571429,0.7678571428571429,11.99915822293175,13.790095401020764,0.02919901245944343,0.6428571428571429,28.571428571428573,18.285714285714285,False
canonical_core,rolling,2015-2019,2015,2019,pooled focal fields,dm_model:minimal_su_2_l,Minimal SU(2)L,candidate,candidate,candidate,32,8,0.01358774212200058,0.9081961584153116,0.016493128466263746,0.01649312846626372,7,5,0.9050248981439566,0.841335519045247,0.5,0.5,0.5,0.5,10.556551203908507,13.87577746313068,0.016493128466263746,0.5,24.0,16.0,False
canonical_core,rolling,2015-2019,2015,2019,pooled focal fields,dm_model:sfdm,SFDM,candidate,candidate,candidate,34,9,0.012431338537149464,2.981685345181489,0.002309815639554255,0.002309815639554212,5,2,0.5737155219037318,0.3745372444690609,0.4642857142857143,0.32142857142857145,0.32142857142857145,0.4107142857142857,10.407748779052302,14.039615734968477,0.002309815639554255,0.32142857142857145,18.285714285714285,13.142857142857142,False
canonical_core,rolling,2015-2019,2015,2019,pooled focal fields,dm_model:mirror_dm,Mirror DM,candidate,candidate,candidate,25,7,0.010985834056085574,2.1374480417610204,0.005039737379556011,0.005039737379555976,5,6,0.9623268698060944,0.9459340321379602,0.42857142857142855,0.39285714285714285,0.39285714285714285,0.4107142857142857,10.211639291705682,13.211934530914181,0.005039737379556011,0.39285714285714285,20.57142857142857,14.285714285714285,False
canonical_core,rolling,2015-2019,2015,2019,pooled focal fields,dm_model:scotogenic_model,Scotogenic Model,candidate,candidate,candidate,21,7,0.009251228678808903,1.0443900866195193,0.009053981706341984,0.009053981706341968,6,5,0.93984375,0.8746652452413574,0.39285714285714285,0.42857142857142855,0.42857142857142855,0.4642857142857143,9.958379564514946,12.746781234732289,0.009053981706341984,0.42857142857142855,21.714285714285715,14.857142857142858,False
canonical_core,rolling,2015-2019,2015,2019,pooled focal fields,dm_model:inert_doublet_model,Inert Doublet Model,candidate,candidate,candidate,20,5,0.008383925990170571,1.010090550533525,0.00919372711894861,0.009193727118948608,4,4,0.8732461355529132,0.7471686251674339,0.35714285714285715,0.4642857142857143,0.4642857142857143,0.3392857142857143,9.822813271914223,12.617248702471048,0.00919372711894861,0.4642857142857143,22.857142857142858,15.428571428571429,False
canonical_core,rolling,2015-2019,2015,2019,pooled focal fields,dm_model:wimpzilla,WIMPzilla,candidate,candidate,candidate,16,5,0.006938421509106679,1.122779648346172,0.004649935718873219,0.004649935718873171,4,4,0.7875,0.6769924126604477,0.32142857142857145,0.35714285714285715,0.35714285714285715,0.3392857142857143,9.580218856062519,12.028869665641775,0.004649935718873219,0.35714285714285715,19.42857142857143,13.714285714285715,False
canonical_core,rolling,2015-2019,2015,2019,pooled focal fields,dm_model:macho,MACHO,candidate,candidate,candidate,19,5,0.005492917028042787,2.509193233810846,0.00017190411850953537,0.0001719041185095232,2,2,0.5983379501385041,0.3860794435485528,0.2857142857142857,0.10714285714285714,0.10714285714285714,0.21428571428571427,9.310732062049494,12.481395061236071,0.00017190411850953537,0.10714285714285714,11.428571428571429,9.714285714285714,False
canonical_core,rolling,2015-2019,2015,2019,pooled focal fields,dm_model:quark_nugget_aqn,Quark Nugget / AQN,candidate,candidate,candidate,30,2,0.003180109858340561,0.1823387243977308,0.002281526525605461,0.002281526525605393,2,1,0.0,0.0,0.25,0.2857142857142857,0.2857142857142857,0.21428571428571427,8.790663112757143,13.701692823494518,0.002281526525605461,0.2857142857142857,17.142857142857142,12.571428571428571,False
canonical_core,rolling,2015-2019,2015,2019,pooled focal fields,dm_model:macroscopic_dm,Macroscopic DM,candidate,candidate,candidate,27,3,0.0028910089621277824,0.32094726084715053,0.0020410399260034316,0.0020410399260034065,3,2,0.5039999999999999,0.34092985835764694,0.21428571428571427,0.17857142857142858,0.17857142857142858,0.2857142857142857,8.71364772330578,13.418284274412912,0.0020410399260034316,0.17857142857142858,13.714285714285715,10.857142857142858,False
canonical_core,rolling,2015-2019,2015,2019,pooled focal fields,dm_model:planckian_dm,Planckian DM,candidate,candidate,candidate,4,2,0.002023706273489448,0.5098951243803191,0.0020599990557854156,0.002059999055785387,2,1,0.0,0.0,0.17857142857142858,0.21428571428571427,0.21428571428571427,0.21428571428571427,8.455913887309492,8.621331460555565,0.0020599990557854156,0.21428571428571427,14.857142857142858,11.428571428571429,False
canonical_core,rolling,2015-2019,2015,2019,pooled focal fields,dm_model:atomic_dm,Atomic DM,candidate,candidate,candidate,17,1,0.0011564035848511131,0.0,0.0017720307030797385,0.0017720307030797166,1,1,0.0,0.0,0.125,0.14285714285714285,0.14285714285714285,0.08928571428571429,8.13370000066251,12.188024257137034,0.0017720307030797385,0.14285714285714285,12.571428571428571,10.285714285714285,False
canonical_core,rolling,2015-2019,2015,2019,pooled focal fields,dm_model:superwimp,SuperWIMP,candidate,candidate,candidate,4,1,0.0011564035848511131,0.24251092259079646,0.0021624779814435366,0.0021624779814435444,1,1,0.0,0.0,0.125,0.25,0.25,0.08928571428571429,8.13370000066251,8.621331460555565,0.0021624779814435366,0.25,16.0,12.0,False
canonical_core,rolling,2015-2019,2015,2019,pooled focal fields,dm_model:lkp_kaluza_klein,LKP Kaluza-Klein,candidate,candidate,candidate,6,1,0.0008673026886383347,0.5798894681102259,3.678429504282714e-05,3.678429504282702e-05,1,1,0.0,0.0,0.05357142857142857,0.07142857142857142,0.07142857142857142,0.08928571428571429,8.0,9.558220673732404,3.678429504282714e-05,0.07142857142857142,10.285714285714285,9.142857142857142,False
canonical_core,rolling,2015-2019,2015,2019,pooled focal fields,dm_model:superfluid_dm,Superfluid DM,candidate,candidate,candidate,6,1,0.0008673026886383347,0.7309096431400061,3.3865851725533873e-06,3.3865851725529214e-06,1,1,0.0,0.0,0.05357142857142857,0.03571428571428571,0.03571428571428571,0.08928571428571429,8.0,9.558220673732404,3.3865851725533873e-06,0.03571428571428571,9.142857142857142,8.571428571428571,False
canonical_core,rolling,2016-2020,2016,2020,pooled focal fields,dm_model:wimp_core,Canonical WIMP core,candidate,candidate,candidate,1132,152,1.0682436106579662,13.796938350104496,1.0,1.0,8,6,0.8961564071767381,0.8692234526996421,1.0,1.0,1.0,0.8,40.0,23.96036143462559,1.0,1.0,40.0,24.0,True
canonical_core,rolling,2016-2020,2016,2020,pooled focal fields,dm_model:axion_alp,Axion + ALP,candidate,candidate,candidate,1148,159,0.6786296900489397,8.94263015880717,0.3537104566873986,0.35371045668739454,8,6,0.8517512635601578,0.8270249266088211,0.9666666666666667,0.9666666666666667,0.9666666666666667,0.8,33.320784882241426,24.0,0.3537104566873986,0.9666666666666667,38.93333333333334,23.46666666666667,False
canonical_core,rolling,2016-2020,2016,2020,pooled focal fields,dm_model:sterile_nu,Sterile nu,candidate,candidate,candidate,386,86,0.25557368134855907,12.581877425780513,0.12875864718644703,0.1287586471864463,8,6,0.9509660479855138,0.9174153976938616,0.9333333333333333,0.9,0.9,0.8,23.187540288298067,20.923944211032378,0.12875864718644703,0.9,36.8,22.4,False
canonical_core,rolling,2016-2020,2016,2020,pooled focal fields,dm_model:pbh,PBH,candidate,candidate,candidate,443,69,0.2422512234910278,8.469245231249127,0.0664007569605878,0.0664007569605863,8,6,0.8651513262063204,0.809606367943255,0.9,0.8,0.8,0.8,22.762378414810478,21.312329518941688,0.0664007569605878,0.8,33.6,20.8,False
canonical_core,rolling,2016-2020,2016,2020,pooled focal fields,dm_model:gravitino,Gravitino,candidate,candidate,candidate,146,35,0.13431212615551935,6.916433735249647,0.13368571766245532,0.13368571766245507,8,5,0.6761592551918569,0.6256956505077134,0.8666666666666667,0.9333333333333333,0.9333333333333333,0.8,18.759857399702703,18.1877413756503,0.13368571766245532,0.9333333333333333,37.86666666666667,22.933333333333334,False
canonical_core,rolling,2016-2020,2016,2020,pooled focal fields,dm_model:bino,Bino,candidate,candidate,candidate,91,32,0.10603588907014681,7.366056382712723,0.12171976368176625,0.1217197636817664,8,5,0.8715108481262327,0.8025124269957439,0.8333333333333334,0.8666666666666667,0.8666666666666667,0.8,17.459010977800563,16.863035254674294,0.12171976368176625,0.8666666666666667,35.733333333333334,21.866666666666667,False
canonical_core,rolling,2016-2020,2016,2020,pooled focal fields,dm_model:ula_fuzzy,ULA / Fuzzy,candidate,candidate,candidate,172,42,0.0935290918977705,8.663892638862581,0.023805080499523006,0.02380508049952265,8,6,0.7371214169821525,0.6940506118900988,0.8,0.5666666666666667,0.5666666666666667,0.8,16.828363233388924,18.64809149194845,0.023805080499523006,0.5666666666666667,26.133333333333333,17.066666666666666,False
canonical_core,rolling,2016-2020,2016,2020,pooled focal fields,dm_model:wino,Wino,candidate,candidate,candidate,96,27,0.0851005981511691,5.22206686036375,0.093169233323275,0.09316923332327513,8,5,0.8797313435882778,0.8105502661507544,0.7666666666666667,0.8333333333333334,0.8333333333333334,0.8,16.379242104855035,17.01262988874153,0.093169233323275,0.8333333333333334,34.66666666666667,21.333333333333336,False
canonical_core,rolling,2016-2020,2016,2020,pooled focal fields,dm_model:vector_dm,Vector DM,candidate,candidate,candidate,59,23,0.0524741707449701,5.033866504456395,0.049069492573216515,0.04906949257321644,8,6,0.9656312921152246,0.9526934310938667,0.7333333333333333,0.7666666666666667,0.7666666666666667,0.8,14.384488812637091,15.654788288832563,0.049069492573216515,0.7666666666666667,32.53333333333333,20.266666666666666,False
canonical_core,rolling,2016-2020,2016,2020,pooled focal fields,dm_model:dark_photon,Dark Photon,candidate,candidate,candidate,94,26,0.050842849374660146,4.1372276171477695,0.03569618000823139,0.03569618000823131,8,6,0.9757442306042494,0.9672167761973488,0.7,0.7,0.7,0.8,14.270217687721058,16.95373861546769,0.03569618000823139,0.7,30.4,19.2,False
canonical_core,rolling,2016-2020,2016,2020,pooled focal fields,dm_model:asymmetric_dm,Asymmetric DM,candidate,candidate,candidate,89,22,0.04241435562805874,3.145057527338918,0.03517935295113285,0.035179352951132524,8,6,0.9479289940828404,0.9251429475962598,0.6666666666666666,0.6666666666666666,0.6666666666666666,0.8,13.648171048443425,16.800907943414057,0.03517935295113285,0.6666666666666666,29.333333333333332,18.666666666666664,False
canonical_core,rolling,2016-2020,2016,2020,pooled focal fields,dm_model:twin_higgs,Twin Higgs,candidate,candidate,candidate,51,12,0.029091897770527463,2.202471196342864,0.039224596064991596,0.03922459606499149,8,5,0.7948991178268845,0.7254238187081478,0.6333333333333333,0.7333333333333333,0.7333333333333333,0.8,12.521515544270411,15.250288157492001,0.039224596064991596,0.7333333333333333,31.466666666666665,19.733333333333334,False
canonical_core,rolling,2016-2020,2016,2020,pooled focal fields,dm_model:generic_composite,Generic Composite,candidate,candidate,candidate,53,12,0.027732463295269176,1.8694453728213438,0.033146312842855526,0.033146312842855394,8,6,0.8440599769319492,0.832197635048044,0.6,0.6333333333333333,0.6333333333333333,0.8,12.393107730093979,15.356967945238258,0.033146312842855526,0.6333333333333333,28.266666666666666,18.133333333333333,False
canonical_core,rolling,2016-2020,2016,2020,pooled focal fields,dm_model:axino,Axino,candidate,candidate,candidate,24,12,0.017944535073409467,2.0327603556957197,0.024759034961854096,0.024759034961854054,7,4,0.5338842975206612,0.4897137034894998,0.5666666666666667,0.6,0.6,0.5666666666666667,11.355941925035482,13.18011930551458,0.024759034961854096,0.6,27.2,17.6,False
canonical_core,rolling,2016-2020,2016,2020,pooled focal fields,dm_model:scotogenic_model,Scotogenic Model,candidate,candidate,candidate,31,8,0.012234910277324632,1.2222944116752528,0.014364830710860258,0.01436483071086025,6,5,0.9339259259259258,0.8688049046688395,0.5333333333333333,0.5,0.5,0.5333333333333333,10.612595948248256,13.877913472240671,0.014364830710860258,0.5,24.0,16.0,False
canonical_core,rolling,2016-2020,2016,2020,pooled focal fields,dm_model:minimal_su_2_l,Minimal SU(2)L,candidate,candidate,candidate,31,5,0.011147362697117998,0.4545820823827478,0.019972525817730215,0.019972525817730204,5,4,0.8080904223676383,0.6987864810720137,0.48333333333333334,0.5333333333333333,0.5333333333333333,0.45,10.452422023689868,13.877913472240671,0.019972525817730215,0.5333333333333333,25.066666666666666,16.53333333333333,False
canonical_core,rolling,2016-2020,2016,2020,pooled focal fields,dm_model:mirror_dm,Mirror DM,candidate,candidate,candidate,28,8,0.011147362697117998,1.932432982926958,0.006494674126059839,0.006494674126059807,5,6,0.9608566329565734,0.9437517238215629,0.48333333333333334,0.4,0.4,0.45,10.452422023689868,13.59965499822272,0.006494674126059839,0.4,20.8,14.4,False
canonical_core,rolling,2016-2020,2016,2020,pooled focal fields,dm_model:wimpzilla,WIMPzilla,candidate,candidate,candidate,18,7,0.00897226753670473,1.6784804057158826,0.007444640981309717,0.007444640981309658,5,4,0.6214876033057852,0.5580366143095354,0.43333333333333335,0.43333333333333335,0.43333333333333335,0.45,10.106661895163324,12.404374471963507,0.007444640981309717,0.43333333333333335,21.866666666666667,14.933333333333334,False
canonical_core,rolling,2016-2020,2016,2020,pooled focal fields,dm_model:macho,MACHO,candidate,candidate,candidate,27,7,0.008428493746601415,2.8081377194524233,0.0007846514738885406,0.0007846514738885083,4,2,0.5943808532778355,0.3842352914065921,0.4,0.1,0.1,0.3333333333333333,10.013838690556002,13.500463105907851,0.0007846514738885406,0.1,11.2,9.6,False
canonical_core,rolling,2016-2020,2016,2020,pooled focal fields,dm_model:sfdm,SFDM,candidate,candidate,candidate,26,7,0.008156606851549755,1.9843075280300586,0.0027204351955350224,0.0027204351955349895,5,2,0.576,0.37561496315083553,0.36666666666666664,0.26666666666666666,0.26666666666666666,0.45,9.96630372445458,13.397663454491369,0.0027204351955350224,0.26666666666666666,16.53333333333333,12.266666666666666,False
canonical_core,rolling,2016-2020,2016,2020,pooled focal fields,dm_model:inert_doublet_model,Inert Doublet Model,candidate,candidate,candidate,19,5,0.0076128330614464385,1.0996719488796471,0.010159993601859799,0.0101599936018598,4,4,0.8724489795918366,0.7472295183177499,0.3333333333333333,0.4666666666666667,0.4666666666666667,0.3333333333333333,9.868794861258424,12.549364143504182,0.010159993601859799,0.4666666666666667,22.933333333333334,15.466666666666667,False
canonical_core,rolling,2016-2020,2016,2020,pooled focal fields,dm_model:planckian_dm,Planckian DM,candidate,candidate,candidate,5,4,0.004078303425774877,1.1642021782376901,0.004482677972607868,0.004482677972607836,4,3,0.672,0.5303560860446522,0.3,0.3333333333333333,0.3333333333333333,0.3333333333333333,9.124039300136696,9.146119654581492,0.004482677972607868,0.3333333333333333,18.666666666666664,13.333333333333332,False
canonical_core,rolling,2016-2020,2016,2020,pooled focal fields,dm_model:quark_nugget_aqn,Quark Nugget / AQN,candidate,candidate,candidate,42,2,0.003806416530723219,0.1179233581395256,0.004738576801514494,0.004738576801514426,2,1,0.0,0.0,0.26666666666666666,0.36666666666666664,0.36666666666666664,0.21666666666666667,9.055090121744902,14.713095920375615,0.004738576801514494,0.36666666666666664,19.733333333333334,13.866666666666667,False
canonical_core,rolling,2016-2020,2016,2020,pooled focal fields,dm_model:macroscopic_dm,Macroscopic DM,candidate,candidate,candidate,31,3,0.002990755845568244,0.1723019517171014,0.0031490452045899943,0.003149045204589968,3,3,0.7735537190082645,0.5955539999137374,0.23333333333333334,0.3,0.3,0.26666666666666666,8.83193813839591,13.877913472240671,0.0031490452045899943,0.3,17.6,12.8,False
canonical_core,rolling,2016-2020,2016,2020,pooled focal fields,dm_model:superfluid_dm,Superfluid DM,candidate,candidate,candidate,8,2,0.0019032082653616094,1.2026477562208593,8.63738921251987e-05,8.637389212519661e-05,2,1,0.0,0.0,0.2,0.06666666666666667,0.06666666666666667,0.21666666666666667,8.479713982551257,10.292239309162985,8.63738921251987e-05,0.06666666666666667,10.133333333333333,9.066666666666666,False
canonical_core,rolling,2016-2020,2016,2020,pooled focal fields,dm_model:atomic_dm,Atomic DM,candidate,candidate,candidate,14,1,0.0008156606851549756,0.0,0.0016785981005293243,0.0016785981005293773,1,1,0.0,0.0,0.1,0.13333333333333333,0.15,0.1,8.0,11.736179307338784,0.0016785981005293243,0.13333333333333333,12.266666666666666,10.133333333333333,False
canonical_core,rolling,2016-2020,2016,2020,pooled focal fields,dm_model:lkp_kaluza_klein,LKP Kaluza-Klein,candidate,candidate,candidate,5,1,0.0008156606851549756,0.6192019142004265,3.756627734625007e-05,3.756627734624988e-05,1,1,0.0,0.0,0.1,0.03333333333333333,0.03333333333333333,0.1,8.0,9.146119654581492,3.756627734625007e-05,0.03333333333333333,9.066666666666666,8.533333333333333,False
canonical_core,rolling,2016-2020,2016,2020,pooled focal fields,dm_model:majoron,Majoron,candidate,candidate,candidate,6,1,0.0008156606851549756,0.10720267541243818,0.001678598100529385,0.0016785981005293773,1,1,0.0,0.0,0.1,0.16666666666666666,0.15,0.1,8.0,9.58185412441407,0.001678598100529385,0.16666666666666666,13.333333333333332,10.666666666666666,False
canonical_core,rolling,2016-2020,2016,2020,pooled focal fields,dm_model:q_ball,Q-ball,candidate,candidate,candidate,15,1,0.0008156606851549756,0.02586710213023924,0.001886431343507128,0.0018864313435071319,1,1,0.0,0.0,0.1,0.23333333333333334,0.23333333333333334,0.1,8.0,11.918608981493781,0.001886431343507128,0.23333333333333334,15.466666666666667,11.733333333333334,False
canonical_core,rolling,2016-2020,2016,2020,pooled focal fields,dm_model:superwimp,SuperWIMP,candidate,candidate,candidate,3,1,0.0008156606851549756,0.2559067197365015,0.001754824361257096,0.0017548243612571018,1,1,0.0,0.0,0.1,0.2,0.2,0.1,8.0,8.0,0.001754824361257096,0.2,14.4,11.2,False
canonical_core,rolling,2017-2021,2017,2021,pooled focal fields,dm_model:wimp_core,Canonical WIMP core,candidate,candidate,candidate,1050,144,0.8936645962732919,15.143651186445911,1.0,1.0,8,6,0.9028609931870294,0.8777202065528953,1.0,1.0,1.0,0.7931034482758621,40.0,23.259994928620134,1.0,1.0,40.0,24.0,True
canonical_core,rolling,2017-2021,2017,2021,pooled focal fields,dm_model:axion_alp,Axion + ALP,candidate,candidate,candidate,1376,185,0.7453416149068323,9.243499212448903,0.5115369368659273,0.5115369368659273,8,6,0.8651821333333334,0.8426477876439856,0.9655172413793104,0.9655172413793104,0.9655172413793104,0.7931034482758621,37.14149667127087,24.0,0.5115369368659273,0.9655172413793104,38.896551724137936,23.448275862068968,False
canonical_core,rolling,2017-2021,2017,2021,pooled focal fields,dm_model:pbh,PBH,candidate,candidate,candidate,618,93,0.33068322981366477,9.678636377040025,0.13527039818868988,0.13527039818868988,8,6,0.886250261774785,0.8436051220728301,0.9310344827586207,0.8620689655172413,0.8620689655172413,0.7931034482758621,27.09289304997996,21.80994532182629,0.13527039818868988,0.8620689655172413,35.58620689655172,21.79310344827586,False
canonical_core,rolling,2017-2021,2017,2021,pooled focal fields,dm_model:sterile_nu,Sterile nu,candidate,candidate,candidate,386,89,0.2377639751552795,12.843109344136508,0.15790616669278468,0.15790616669278454,8,6,0.9557793915809267,0.9274065945780898,0.896551724137931,0.9310344827586207,0.9310344827586207,0.7931034482758621,24.044994317874764,20.523450600479492,0.15790616669278468,0.9310344827586207,37.79310344827586,22.89655172413793,False
canonical_core,rolling,2017-2021,2017,2021,pooled focal fields,dm_model:ula_fuzzy,ULA / Fuzzy,candidate,candidate,candidate,218,59,0.11478260869565216,10.630814467441036,0.0354902177165533,0.0354902177165533,8,6,0.7365941417889471,0.6941488634324503,0.8620689655172413,0.5862068965517241,0.5862068965517241,0.7931034482758621,18.857766782540786,18.963944814024877,0.0354902177165533,0.5862068965517241,26.75862068965517,17.379310344827587,False
canonical_core,rolling,2017-2021,2017,2021,pooled focal fields,dm_model:gravitino,Gravitino,candidate,candidate,candidate,133,31,0.10807453416149067,5.75198455276813,0.13510530803401824,0.13510530803401827,8,5,0.6362330558858502,0.5920331757477303,0.8275862068965517,0.8275862068965517,0.8275862068965517,0.7931034482758621,18.5074923756491,17.618419126772626,0.13510530803401824,0.8275862068965517,34.48275862068965,21.241379310344826,False
canonical_core,rolling,2017-2021,2017,2021,pooled focal fields,dm_model:bino,Bino,candidate,candidate,candidate,91,30,0.09913043478260869,7.893068513853297,0.1384736058084791,0.138473605808479,8,5,0.8580096858688073,0.7885278039555197,0.7931034482758621,0.896551724137931,0.896551724137931,0.7931034482758621,18.023083203228353,16.588383110433995,0.1384736058084791,0.896551724137931,36.689655172413794,22.344827586206897,False
canonical_core,rolling,2017-2021,2017,2021,pooled focal fields,dm_model:wino,Wino,candidate,candidate,candidate,111,30,0.09391304347826085,6.4583557670308585,0.12896091489597997,0.12896091489597994,8,5,0.862299487696313,0.79019835952153,0.7586206896551724,0.7931034482758621,0.7931034482758621,0.7931034482758621,17.73037148295272,17.127189197260307,0.12896091489597997,0.7931034482758621,33.37931034482759,20.689655172413794,False
canonical_core,rolling,2017-2021,2017,2021,pooled focal fields,dm_model:dark_photon,Dark Photon,candidate,candidate,candidate,117,31,0.0648447204968944,5.33001619030521,0.05619405742106362,0.05619405742106358,8,6,0.9818646232439336,0.9758524600826476,0.7241379310344828,0.7241379310344828,0.7241379310344828,0.7931034482758621,15.924568438469265,17.27013037663116,0.05619405742106362,0.7241379310344828,31.17241379310345,19.586206896551722,False
canonical_core,rolling,2017-2021,2017,2021,pooled focal fields,dm_model:vector_dm,Vector DM,candidate,candidate,candidate,63,25,0.048944099378881986,5.573772476112756,0.056886511035601835,0.05688651103560181,8,6,0.9488932979463526,0.9236436157859019,0.6896551724137931,0.7586206896551724,0.7586206896551724,0.7931034482758621,14.759887985809113,15.594354355141942,0.056886511035601835,0.7586206896551724,32.275862068965516,20.137931034482758,False
canonical_core,rolling,2017-2021,2017,2021,pooled focal fields,dm_model:asymmetric_dm,Asymmetric DM,candidate,candidate,candidate,89,26,0.04173913043478261,4.591020870828637,0.039801156995161915,0.039801156995162096,8,6,0.9494047619047619,0.9210444854552818,0.6551724137931034,0.6206896551724138,0.6206896551724138,0.7931034482758621,14.16970493399865,16.528181031192272,0.039801156995161915,0.6206896551724138,27.862068965517242,17.93103448275862,False
canonical_core,rolling,2017-2021,2017,2021,pooled focal fields,dm_model:generic_composite,Generic Composite,candidate,candidate,candidate,61,17,0.03130434782608696,3.2112521184057403,0.046652133042860124,0.04665213304286011,8,6,0.8347694633408921,0.8222107990980227,0.6206896551724138,0.6896551724137931,0.6896551724137931,0.7931034482758621,13.215627207689895,15.507391992718194,0.046652133042860124,0.6896551724137931,30.06896551724138,19.03448275862069,False
canonical_core,rolling,2017-2021,2017,2021,pooled focal fields,dm_model:twin_higgs,Twin Higgs,candidate,candidate,candidate,45,13,0.025341614906832306,2.458723439886417,0.04035207973502226,0.04035207973502224,8,6,0.8959630911188003,0.871972985580995,0.5862068965517241,0.6551724137931034,0.6551724137931034,0.7931034482758621,12.597269881626712,14.68979452164851,0.04035207973502226,0.6551724137931034,28.96551724137931,18.482758620689655,False
canonical_core,rolling,2017-2021,2017,2021,pooled focal fields,dm_model:axino,Axino,candidate,candidate,candidate,21,8,0.011925465838509317,1.275643175830001,0.02298167350098843,0.022981673500988415,7,4,0.49999999999999967,0.4671320180863539,0.5172413793103449,0.5517241379310345,0.5517241379310345,0.5344827586206896,10.854884491728473,12.66944880604299,0.02298167350098843,0.5517241379310345,25.655172413793103,16.82758620689655,False
canonical_core,rolling,2017-2021,2017,2021,pooled focal fields,dm_model:mirror_dm,Mirror DM,candidate,candidate,candidate,34,9,0.011925465838509317,1.9815501957041295,0.008627797126477682,0.008627797126477677,6,6,0.925,0.8987721766481472,0.5172413793103449,0.41379310344827586,0.41379310344827586,0.46551724137931033,10.854884491728473,13.941221027051931,0.008627797126477682,0.41379310344827586,21.241379310344826,14.620689655172413,False
canonical_core,rolling,2017-2021,2017,2021,pooled focal fields,dm_model:sfdm,SFDM,candidate,candidate,candidate,32,10,0.011925465838509317,2.565160549200032,0.0045076289573867225,0.004507628957386725,7,4,0.646875,0.5507990697343527,0.5172413793103449,0.27586206896551724,0.27586206896551724,0.5344827586206896,10.854884491728473,13.7800519347796,0.0045076289573867225,0.27586206896551724,16.82758620689655,12.413793103448276,False
canonical_core,rolling,2017-2021,2017,2021,pooled focal fields,dm_model:scotogenic_model,Scotogenic Model,candidate,candidate,candidate,33,8,0.011180124223602485,1.2447412279235646,0.01645730767497403,0.01645730767497402,6,5,0.920888888888889,0.8541440658270014,0.4482758620689655,0.4827586206896552,0.4827586206896552,0.46551724137931033,10.73401186669391,13.861821718697108,0.01645730767497403,0.4827586206896552,23.448275862068968,15.724137931034484,False
canonical_core,rolling,2017-2021,2017,2021,pooled focal fields,dm_model:inert_doublet_model,Inert Doublet Model,candidate,candidate,candidate,22,6,0.008695652173913045,1.3775089661891358,0.013009673798965705,0.013009673798965702,5,4,0.8698775510204083,0.7409070827539275,0.41379310344827586,0.4482758620689655,0.4482758620689655,0.39655172413793105,10.298800817117538,12.791205932863026,0.013009673798965705,0.4482758620689655,22.344827586206897,15.172413793103448,False
canonical_core,rolling,2017-2021,2017,2021,pooled focal fields,dm_model:minimal_su_2_l,Minimal SU(2)L,candidate,candidate,candidate,26,5,0.0084472049689441,0.5027916400374486,0.018794058590246514,0.0187940585902465,5,4,0.8200692041522493,0.7077453524555185,0.3793103448275862,0.5172413793103449,0.5172413793103449,0.39655172413793105,10.252029616386622,13.230397974995313,0.018794058590246514,0.5172413793103449,24.551724137931036,16.275862068965516,False
canonical_core,rolling,2017-2021,2017,2021,pooled focal fields,dm_model:macho,MACHO,candidate,candidate,candidate,28,7,0.008198757763975157,2.7575872609426897,0.0014803357106831856,0.0014803357106831843,3,3,0.6920110192837465,0.5205766804889793,0.3448275862068966,0.13793103448275862,0.13793103448275862,0.2413793103448276,10.20456539571312,13.426130104314996,0.0014803357106831856,0.13793103448275862,12.413793103448276,10.206896551724139,False
canonical_core,rolling,2017-2021,2017,2021,pooled focal fields,dm_model:wimpzilla,WIMPzilla,candidate,candidate,candidate,20,5,0.005962732919254659,1.4376272285482203,0.006082123837685117,0.0060821238376851175,3,3,0.7208333333333333,0.5611617220913482,0.3103448275862069,0.3448275862068966,0.3448275862068966,0.2413793103448276,9.739982747564527,12.542026559640458,0.006082123837685117,0.3448275862068966,19.03448275862069,13.517241379310345,False
canonical_core,rolling,2017-2021,2017,2021,pooled focal fields,dm_model:quark_nugget_aqn,Quark Nugget / AQN,candidate,candidate,candidate,50,4,0.005714285714285714,0.4432765637948658,0.00768974218790937,0.007689742187909367,4,2,0.5081285444234405,0.3429608331164423,0.27586206896551724,0.3793103448275862,0.3793103448275862,0.3275862068965517,9.683310907742339,14.972424847433718,0.00768974218790937,0.3793103448275862,20.137931034482758,14.068965517241379,False
canonical_core,rolling,2017-2021,2017,2021,pooled focal fields,dm_model:planckian_dm,Planckian DM,candidate,candidate,candidate,4,4,0.0032298136645962736,1.1901635706139482,0.004765270507071809,0.004765270507071808,4,3,0.7242603550295857,0.5637474095724163,0.2413793103448276,0.3103448275862069,0.3103448275862069,0.3275862068965517,9.02934382903528,8.611209007362596,0.004765270507071809,0.3103448275862069,17.93103448275862,12.96551724137931,False
canonical_core,rolling,2017-2021,2017,2021,pooled focal fields,dm_model:macroscopic_dm,Macroscopic DM,candidate,candidate,candidate,35,3,0.002732919254658385,0.16097659905320397,0.0034696690859083354,0.0034696690859083337,3,3,0.7933884297520661,0.6083738791013144,0.20689655172413793,0.20689655172413793,0.20689655172413793,0.2413793103448276,8.870601037353186,14.01838343504419,0.0034696690859083354,0.20689655172413793,14.620689655172413,11.310344827586206,False
canonical_core,rolling,2017-2021,2017,2021,pooled focal fields,dm_model:atomic_dm,Atomic DM,candidate,candidate,candidate,21,2,0.002484472049689441,0.3357809167271151,0.004337331905533691,0.004337331905533663,2,2,0.576,0.37561496315083553,0.1724137931034483,0.2413793103448276,0.2413793103448276,0.15517241379310345,8.785799208525349,12.66944880604299,0.004337331905533691,0.2413793103448276,15.724137931034484,11.862068965517242,False
canonical_core,rolling,2017-2021,2017,2021,pooled focal fields,dm_model:superfluid_dm,Superfluid DM,candidate,candidate,candidate,11,2,0.002236024844720497,1.1644502468922364,0.0001389609052207903,0.0001389609052207907,2,1,0.0,0.0,0.13793103448275862,0.06896551724137931,0.06896551724137931,0.15517241379310345,8.69664016589523,11.009191717522095,0.0001389609052207903,0.06896551724137931,10.206896551724139,9.10344827586207,False
canonical_core,rolling,2017-2021,2017,2021,pooled focal fields,dm_model:glueball,Glueball,candidate,candidate,candidate,7,1,0.0007453416149068323,0.19289935884843457,0.0011034410895121893,0.0011034410895121886,1,1,0.0,0.0,0.06896551724137931,0.10344827586206896,0.10344827586206896,0.06896551724137931,8.0,9.898588588785486,0.0011034410895121893,0.10344827586206896,11.310344827586206,9.655172413793103,False
canonical_core,rolling,2017-2021,2017,2021,pooled focal fields,dm_model:lkp_kaluza_klein,LKP Kaluza-Klein,candidate,candidate,candidate,5,1,0.0007453416149068323,0.6346555831138352,4.376886765628157e-05,4.376886765628153e-05,1,1,0.0,0.0,0.06896551724137931,0.034482758620689655,0.034482758620689655,0.06896551724137931,8.0,9.110603128736608,4.376886765628157e-05,0.034482758620689655,9.10344827586207,8.551724137931034,False
canonical_core,rolling,2017-2021,2017,2021,pooled focal fields,dm_model:majoron,Majoron,candidate,candidate,candidate,7,1,0.0007453416149068323,0.09220233362386389,0.0020576568485547227,0.002057656848554722,1,1,0.0,0.0,0.06896551724137931,0.1724137931034483,0.1724137931034483,0.06896551724137931,8.0,9.898588588785486,0.0020576568485547227,0.1724137931034483,13.517241379310345,10.758620689655173,False
canonical_core,rolling,2018-2022,2018,2022,pooled focal fields,dm_model:wimp_core,Canonical WIMP core,candidate,candidate,candidate,975,147,0.7871148459383752,16.62994188498893,1.0,1.0,8,6,0.9127003626262754,0.8894212179483645,1.0,1.0,1.0,0.7857142857142857,40.0,22.76781284452609,1.0,1.0,40.0,24.0,True
canonical_core,rolling,2018-2022,2018,2022,pooled focal fields,dm_model:axion_alp,Axion + ALP,candidate,candidate,candidate,1543,199,0.7766106442577031,9.242108840732161,0.6834859074039394,0.6834859074039391,8,6,0.8780970950306031,0.8549592170102268,0.9642857142857143,0.9642857142857143,0.9642857142857143,0.7857142857142857,39.77917298012101,24.0,0.6834859074039394,0.9642857142857143,38.85714285714286,23.42857142857143,False
canonical_core,rolling,2018-2022,2018,2022,pooled focal fields,dm_model:pbh,PBH,candidate,candidate,candidate,750,109,0.392156862745098,11.113366524002917,0.21613888118932334,0.21613888118932337,8,6,0.8896513605442177,0.8481124343604083,0.9285714285714286,0.9285714285714286,0.9285714285714286,0.7857142857142857,30.297724180354848,22.063812601692046,0.21613888118932334,0.9285714285714286,37.714285714285715,22.857142857142858,False
canonical_core,rolling,2018-2022,2018,2022,pooled focal fields,dm_model:sterile_nu,Sterile nu,candidate,candidate,candidate,388,87,0.22128851540616243,12.68944150686642,0.18568727421562586,0.1856872742156258,8,6,0.9600945361320301,0.9340355046309398,0.8928571428571429,0.8928571428571429,0.8928571428571429,0.7857142857142857,24.505031048660673,20.296601666032,0.18568727421562586,0.8928571428571429,36.57142857142857,22.285714285714285,False
canonical_core,rolling,2018-2022,2018,2022,pooled focal fields,dm_model:ula_fuzzy,ULA / Fuzzy,candidate,candidate,candidate,245,70,0.12581699346405226,13.58696454275654,0.04652545003288552,0.04652545003288552,8,6,0.7552390360765661,0.7216227409003934,0.8571428571428571,0.6428571428571429,0.6428571428571429,0.7857142857142857,20.20334536438447,19.065546405764515,0.04652545003288552,0.6428571428571429,28.571428571428573,18.285714285714285,False
canonical_core,rolling,2018-2022,2018,2022,pooled focal fields,dm_model:gravitino,Gravitino,candidate,candidate,candidate,126,31,0.10014005602240894,6.3166062277640425,0.13850583916396256,0.13850583916396259,8,6,0.66969859976853,0.6400896146736587,0.8214285714285714,0.8214285714285714,0.8214285714285714,0.7857142857142857,18.7810110737806,17.289421482371775,0.13850583916396256,0.8214285714285714,34.285714285714285,21.142857142857142,False
canonical_core,rolling,2018-2022,2018,2022,pooled focal fields,dm_model:bino,Bino,candidate,candidate,candidate,88,27,0.08800186741363211,7.356187714576195,0.14430002729456892,0.14430002729456884,8,5,0.8594839898965023,0.7887172572880549,0.7857142857142857,0.8571428571428571,0.8571428571428571,0.7857142857142857,18.044966063478228,16.334255799576376,0.14430002729456892,0.8571428571428571,35.42857142857143,21.714285714285715,False
canonical_core,rolling,2018-2022,2018,2022,pooled focal fields,dm_model:wino,Wino,candidate,candidate,candidate,102,31,0.08426704014939307,6.928031044652487,0.13109850105664303,0.131098501056643,8,5,0.8607852917027954,0.7890670784388778,0.75,0.7857142857142857,0.7857142857142857,0.7857142857142857,17.80839612344243,16.726724859921113,0.13109850105664303,0.7857142857142857,33.14285714285714,20.57142857142857,False
canonical_core,rolling,2018-2022,2018,2022,pooled focal fields,dm_model:dark_photon,Dark Photon,candidate,candidate,candidate,150,40,0.07983193277310924,6.613738544314499,0.0845902773374905,0.0845902773374905,8,6,0.9765466297322252,0.9666449348104781,0.7142857142857143,0.75,0.75,0.7857142857142857,17.520551686331196,17.75442477811324,0.0845902773374905,0.75,32.0,20.0,False
canonical_core,rolling,2018-2022,2018,2022,pooled focal fields,dm_model:vector_dm,Vector DM,candidate,candidate,candidate,69,25,0.04738562091503268,4.95113093780396,0.06444842793394785,0.06444842793394782,8,6,0.9629935208328279,0.9454532231893225,0.6785714285714286,0.7142857142857143,0.7142857142857143,0.7857142857142857,15.109095102638204,15.689131058154882,0.06444842793394785,0.7142857142857143,30.857142857142858,19.42857142857143,False
canonical_core,rolling,2018-2022,2018,2022,pooled focal fields,dm_model:generic_composite,Generic Composite,candidate,candidate,candidate,79,21,0.037114845938375336,3.925534213944646,0.06359990320518037,0.0635999032051804,8,6,0.8550611130888809,0.829343893058588,0.6428571428571429,0.6785714285714286,0.6785714285714286,0.7857142857142857,14.178529225407921,16.04785513832303,0.06359990320518037,0.6785714285714286,29.714285714285715,18.857142857142858,False
canonical_core,rolling,2018-2022,2018,2022,pooled focal fields,dm_model:asymmetric_dm,Asymmetric DM,candidate,candidate,candidate,81,23,0.03524743230625582,4.294920552029336,0.04274117355369556,0.04274117355369572,8,6,0.9513266961975353,0.9209674888361535,0.6071428571428571,0.6071428571428571,0.6071428571428571,0.7857142857142857,13.996018857870453,16.114190361556542,0.04274117355369556,0.6071428571428571,27.428571428571427,17.714285714285715,False
canonical_core,rolling,2018-2022,2018,2022,pooled focal fields,dm_model:twin_higgs,Twin Higgs,candidate,candidate,candidate,38,13,0.022642390289449116,3.024569998870293,0.0411142255115824,0.0411142255115824,8,6,0.9305133382931234,0.9033896907577138,0.5714285714285714,0.5714285714285714,0.5714285714285714,0.7857142857142857,12.61044084446372,14.117742023474714,0.0411142255115824,0.5714285714285714,26.285714285714285,17.142857142857142,False
canonical_core,rolling,2018-2022,2018,2022,pooled focal fields,dm_model:sfdm,SFDM,candidate,candidate,candidate,37,10,0.010971055088702147,3.1570359672837514,0.0042302592783484555,0.004230259278348453,6,4,0.743141693073789,0.641875050305971,0.5357142857142857,0.17857142857142858,0.17857142857142858,0.48214285714285715,10.910266588095904,14.047960436659908,0.0042302592783484555,0.17857142857142858,13.714285714285715,10.857142857142858,False
canonical_core,rolling,2018-2022,2018,2022,pooled focal fields,dm_model:scotogenic_model,Scotogenic Model,candidate,candidate,candidate,34,8,0.010504201680672268,1.2527440935356862,0.01861429524159245,0.018614295241592457,7,5,0.9208888888888888,0.8541440658270014,0.5,0.5357142857142857,0.5357142857142857,0.5357142857142857,10.826512892545324,13.827032716481112,0.01861429524159245,0.5357142857142857,25.142857142857142,16.57142857142857,False
canonical_core,rolling,2018-2022,2018,2022,pooled focal fields,dm_model:mirror_dm,Mirror DM,candidate,candidate,candidate,35,9,0.009803921568627449,1.4627397640359947,0.008764974091835801,0.008764974091835803,6,6,0.9006802721088436,0.8790915812510962,0.4642857142857143,0.35714285714285715,0.35714285714285715,0.48214285714285715,10.69731112813043,13.90271208841595,0.008764974091835801,0.35714285714285715,19.42857142857143,13.714285714285715,False
canonical_core,rolling,2018-2022,2018,2022,pooled focal fields,dm_model:macho,MACHO,candidate,candidate,candidate,28,7,0.009337068160597572,2.942574598009641,0.002320586389727161,0.0023205863897271606,3,3,0.7185,0.5469795069546584,0.42857142857142855,0.07142857142857142,0.07142857142857142,0.19642857142857142,10.60859601554008,13.3218416715622,0.002320586389727161,0.07142857142857142,10.285714285714285,9.142857142857142,False
canonical_core,rolling,2018-2022,2018,2022,pooled focal fields,dm_model:inert_doublet_model,Inert Doublet Model,candidate,candidate,candidate,25,7,0.009103641456582632,1.7298611150577725,0.014952067677097674,0.014952067677097676,5,5,0.919921104536489,0.8458571234292823,0.39285714285714285,0.42857142857142855,0.42857142857142855,0.39285714285714285,10.563406530709205,13.028484320940509,0.014952067677097674,0.42857142857142855,21.714285714285715,14.857142857142858,False
canonical_core,rolling,2018-2022,2018,2022,pooled focal fields,dm_model:axino,Axino,candidate,candidate,candidate,17,5,0.0070028011204481795,0.6599767763826414,0.01746072091126212,0.017460720911262103,5,3,0.5093333333333332,0.4221169458938298,0.35714285714285715,0.5,0.5,0.39285714285714285,10.127302858123642,12.040613746742181,0.01746072091126212,0.5,24.0,16.0,False
canonical_core,rolling,2018-2022,2018,2022,pooled focal fields,dm_model:minimal_su_2_l,Minimal SU(2)L,candidate,candidate,candidate,22,5,0.00676937441643324,0.8529268634628697,0.016118174008454108,0.016118174008454108,5,5,0.9046373365041618,0.8397827161862622,0.32142857142857145,0.4642857142857143,0.4642857142857143,0.39285714285714285,10.075011270448854,12.699120533484777,0.016118174008454108,0.4642857142857143,22.857142857142858,15.428571428571429,False
canonical_core,rolling,2018-2022,2018,2022,pooled focal fields,dm_model:quark_nugget_aqn,Quark Nugget / AQN,candidate,candidate,candidate,56,4,0.005135387488328665,0.39408731557869237,0.009193882550994074,0.00919388255099407,4,2,0.5553719008264463,0.3658313435250293,0.2857142857142857,0.39285714285714285,0.39285714285714285,0.30357142857142855,9.680385725372654,15.137218139194115,0.009193882550994074,0.39285714285714285,20.57142857142857,14.285714285714285,False
canonical_core,rolling,2018-2022,2018,2022,pooled focal fields,dm_model:wimpzilla,WIMPzilla,candidate,candidate,candidate,22,4,0.004435107376283847,1.1603371964728673,0.005298844126439264,0.005298844126439264,3,3,0.7180055401662051,0.5543535431002306,0.25,0.2857142857142857,0.2857142857142857,0.19642857142857142,9.492080315190591,12.699120533484777,0.005298844126439264,0.2857142857142857,17.142857142857142,12.571428571428571,False
canonical_core,rolling,2018-2022,2018,2022,pooled focal fields,dm_model:planckian_dm,Planckian DM,candidate,candidate,candidate,4,4,0.003034547152194211,1.202111567804764,0.005741873921924271,0.005741873921924272,4,3,0.7242603550295857,0.5637474095724163,0.21428571428571427,0.32142857142857145,0.32142857142857145,0.30357142857142855,9.064170071488546,8.599461771627952,0.005741873921924271,0.32142857142857145,18.285714285714285,13.142857142857142,False
canonical_core,rolling,2018-2022,2018,2022,pooled focal fields,dm_model:atomic_dm,Atomic DM,candidate,candidate,candidate,21,3,0.0028011204481792717,0.586234590919195,0.004574047132626119,0.004574047132626113,3,3,0.7833333333333334,0.6013956368435128,0.17857142857142858,0.25,0.25,0.19642857142857142,8.983825018086709,12.579703538524544,0.004574047132626119,0.25,16.0,12.0,False
canonical_core,rolling,2018-2022,2018,2022,pooled focal fields,dm_model:macroscopic_dm,Macroscopic DM,candidate,candidate,candidate,38,3,0.0025676937441643324,0.13811029400938554,0.004241308554886773,0.004241308554886773,3,3,0.7933884297520661,0.6083738791013144,0.14285714285714285,0.21428571428571427,0.21428571428571427,0.19642857142857142,8.90005646512346,14.117742023474714,0.004241308554886773,0.21428571428571427,14.857142857142858,11.428571428571429,False
canonical_core,rolling,2018-2022,2018,2022,pooled focal fields,dm_model:superfluid_dm,Superfluid DM,candidate,candidate,candidate,14,2,0.002334267040149393,1.253652876953801,5.105684050470698e-05,5.105684050470716e-05,2,2,0.5039999999999999,0.34092985835764694,0.10714285714285714,0.03571428571428571,0.03571428571428571,0.07142857142857142,8.812385498726686,11.550817815835929,5.105684050470698e-05,0.03571428571428571,9.142857142857142,8.571428571428571,False
canonical_core,rolling,2018-2022,2018,2022,pooled focal fields,dm_model:superwimp,SuperWIMP,candidate,candidate,candidate,5,2,0.0018674136321195143,0.7974036026867479,0.00337545635563571,0.0033754563556357073,2,2,0.5625,0.3692254733516234,0.07142857142857142,0.10714285714285714,0.10714285714285714,0.07142857142857142,8.622754508911203,9.089257702534205,0.00337545635563571,0.10714285714285714,11.428571428571429,9.714285714285714,False
canonical_core,rolling,2018-2022,2018,2022,pooled focal fields,dm_model:majoron,Majoron,candidate,candidate,candidate,7,2,0.0016339869281045752,0.5507443248005364,0.0035003876040839745,0.003500387604083975,2,2,0.5877551020408165,0.38113827019130503,0.03571428571428571,0.14285714285714285,0.14285714285714285,0.07142857142857142,8.518992520571171,9.862098341673768,0.0035003876040839745,0.14285714285714285,12.571428571428571,10.285714285714285,False
canonical_core,rolling,2019-2023,2019,2023,pooled focal fields,dm_model:axion_alp,Axion + ALP,candidate,candidate,candidate,1777,211,0.807865892972276,8.766318859831756,1.0,1.0,8,6,0.884116035852873,0.859404984337136,1.0,1.0,1.0,0.7777777777777778,40.0,24.0,1.0,1.0,40.0,24.0,False
canonical_core,rolling,2019-2023,2019,2023,pooled focal fields,dm_model:wimp_core,Canonical WIMP core,candidate,candidate,candidate,921,147,0.6802063185041908,17.49595008344395,0.9825125950495422,0.9825125950495428,8,6,0.9237458877084223,0.9032249026262619,0.9629629629629629,0.9629629629629629,0.9629629629629629,0.7777777777777778,37.28635520862227,22.276648654561523,0.9825125950495422,0.9629629629629629,38.81481481481481,23.407407407407405,True
canonical_core,rolling,2019-2023,2019,2023,pooled focal fields,dm_model:pbh,PBH,candidate,candidate,candidate,883,116,0.42789598108747046,12.031676259892633,0.3616405166423778,0.3616405166423779,8,6,0.9016762271003038,0.8599917362431645,0.9259259259259259,0.9259259259259259,0.9259259259259259,0.7777777777777778,31.035679614813027,22.166198254175505,0.3616405166423778,0.9259259259259259,37.62962962962963,22.814814814814817,False
canonical_core,rolling,2019-2023,2019,2023,pooled focal fields,dm_model:sterile_nu,Sterile nu,candidate,candidate,candidate,414,93,0.21104663657855144,12.221682343312464,0.23591670880599155,0.23591670880599167,8,6,0.9555983258738763,0.928502052146819,0.8888888888888888,0.8888888888888888,0.8888888888888888,0.7777777777777778,23.900910364318463,20.181786938770287,0.23591670880599155,0.8888888888888888,36.44444444444444,22.22222222222222,False
canonical_core,rolling,2019-2023,2019,2023,pooled focal fields,dm_model:ula_fuzzy,ULA / Fuzzy,candidate,candidate,candidate,270,70,0.12443584784010313,13.750146705361367,0.07098536813283567,0.07098536813283571,8,6,0.7360913492084799,0.707624469792097,0.8518518518518519,0.6296296296296297,0.6296296296296297,0.7777777777777778,19.99375910081244,19.063431838571347,0.07098536813283567,0.6296296296296297,28.14814814814815,18.074074074074076,False
canonical_core,rolling,2019-2023,2019,2023,pooled focal fields,dm_model:dark_photon,Dark Photon,candidate,candidate,candidate,175,48,0.0887599398237696,7.8140704215178465,0.1177714383388954,0.11777143833889543,8,6,0.9812380913296085,0.9741032049297005,0.8148148148148148,0.7407407407407407,0.7407407407407407,0.7777777777777778,17.98497592003859,17.93070856689991,0.1177714383388954,0.7407407407407407,31.703703703703702,19.85185185185185,False
canonical_core,rolling,2019-2023,2019,2023,pooled focal fields,dm_model:gravitino,Gravitino,candidate,candidate,candidate,119,31,0.08123791102514505,6.494598487296832,0.1307919929279356,0.13079199292793564,8,6,0.7029142521206013,0.6789443944705736,0.7777777777777778,0.7777777777777778,0.7777777777777778,0.7777777777777778,17.512226929492154,16.92563619778667,0.1307919929279356,0.7777777777777778,32.888888888888886,20.444444444444443,False
canonical_core,rolling,2019-2023,2019,2023,pooled focal fields,dm_model:wino,Wino,candidate,candidate,candidate,98,28,0.07328605200945626,6.6433749369055315,0.13222251114432065,0.13222251114432074,8,5,0.8639141390252923,0.7950394580875263,0.7407407407407407,0.8148148148148148,0.8148148148148148,0.7777777777777778,16.98799239686884,16.420801771620038,0.13222251114432065,0.8148148148148148,34.074074074074076,21.037037037037038,False
canonical_core,rolling,2019-2023,2019,2023,pooled focal fields,dm_model:bino,Bino,candidate,candidate,candidate,85,20,0.07199656135826349,5.927202683144933,0.13836929505517898,0.13836929505517898,8,5,0.8438547560703945,0.7734977406995586,0.7037037037037037,0.8518518518518519,0.8518518518518519,0.7777777777777778,16.900347502428364,16.05137757726122,0.13836929505517898,0.8518518518518519,35.25925925925926,21.62962962962963,False
canonical_core,rolling,2019-2023,2019,2023,pooled focal fields,dm_model:vector_dm,Vector DM,candidate,candidate,candidate,79,21,0.04427251235761875,3.6628193320228406,0.08218763700865214,0.0821876370086522,8,6,0.9568102554434914,0.9341378169511432,0.6666666666666666,0.6666666666666666,0.6666666666666666,0.7777777777777778,14.778617669137097,15.861589146185946,0.08218763700865214,0.6666666666666666,29.333333333333332,18.666666666666664,False
canonical_core,rolling,2019-2023,2019,2023,pooled focal fields,dm_model:generic_composite,Generic Composite,candidate,candidate,candidate,90,24,0.039974210186976146,4.4005363122841175,0.08684422654535386,0.08684422654535393,8,6,0.8514741588622963,0.8341807627785324,0.6296296296296297,0.7037037037037037,0.7037037037037037,0.7777777777777778,14.394846048232004,16.199680475606073,0.08684422654535386,0.7037037037037037,30.51851851851852,19.25925925925926,False
canonical_core,rolling,2019-2023,2019,2023,pooled focal fields,dm_model:asymmetric_dm,Asymmetric DM,candidate,candidate,candidate,84,20,0.028153879217709003,3.32719852850517,0.049777705099973986,0.049777705099973896,8,6,0.9490356039857817,0.9103569313072383,0.5925925925925926,0.5925925925925926,0.5925925925925926,0.7777777777777778,13.217157509104922,16.020684093712177,0.049777705099973986,0.5925925925925926,26.962962962962962,17.48148148148148,False
canonical_core,rolling,2019-2023,2019,2023,pooled focal fields,dm_model:twin_higgs,Twin Higgs,candidate,candidate,candidate,33,12,0.017837954008166772,3.0517706986065716,0.04061689011824242,0.040616890118242446,8,6,0.9193787196980694,0.896401540933724,0.5555555555555556,0.5555555555555556,0.5555555555555556,0.7777777777777778,11.962968519949026,13.616096295248216,0.04061689011824242,0.5555555555555556,25.77777777777778,16.88888888888889,False
canonical_core,rolling,2019-2023,2019,2023,pooled focal fields,dm_model:sfdm,SFDM,candidate,candidate,candidate,42,12,0.011390500752202876,3.7420608646258398,0.0033283822898057796,0.0033283822898057796,6,5,0.6613029547881808,0.6266370234977402,0.5185185185185185,0.14814814814814814,0.14814814814814814,0.46296296296296297,10.979891958484819,14.232377128020559,0.0033283822898057796,0.14814814814814814,12.74074074074074,10.37037037037037,False
canonical_core,rolling,2019-2023,2019,2023,pooled focal fields,dm_model:scotogenic_model,Scotogenic Model,candidate,candidate,candidate,34,10,0.010745755426606489,1.741505849806356,0.021013801623000938,0.02101380162300095,7,5,0.8841600000000002,0.8078174355760739,0.48148148148148145,0.48148148148148145,0.48148148148148145,0.5185185185185185,10.867614349991532,13.692167213624066,0.021013801623000938,0.48148148148148145,23.407407407407405,15.703703703703702,False
canonical_core,rolling,2019-2023,2019,2023,pooled focal fields,dm_model:minimal_su_2_l,Minimal SU(2)L,candidate,candidate,candidate,25,7,0.00859660434128519,1.2678878223144765,0.02243497774942828,0.0224349777494283,6,5,0.8640000000000001,0.8059891378363269,0.4444444444444444,0.5185185185185185,0.5185185185185185,0.46296296296296297,10.466658531451726,12.91210106044597,0.02243497774942828,0.5185185185185185,24.59259259259259,16.296296296296298,False
canonical_core,rolling,2019-2023,2019,2023,pooled focal fields,dm_model:inert_doublet_model,Inert Doublet Model,candidate,candidate,candidate,29,7,0.007951859015688803,1.4940571348249114,0.017074476872335462,0.017074476872335466,5,5,0.9238860482103725,0.8512576793168376,0.4074074074074074,0.4444444444444444,0.4444444444444444,0.37037037037037035,10.33679034150571,13.28763529930535,0.017074476872335462,0.4444444444444444,22.22222222222222,15.11111111111111,False
canonical_core,rolling,2019-2023,2019,2023,pooled focal fields,dm_model:axino,Axino,candidate,candidate,candidate,17,4,0.006017623038899635,0.8978150851958943,0.014629905957836555,0.014629905957836559,4,3,0.6153061224489796,0.48551292641411536,0.35185185185185186,0.4074074074074074,0.4074074074074074,0.2962962962962963,9.911800448157832,11.947094552442108,0.014629905957836555,0.4074074074074074,21.037037037037038,14.518518518518519,False
canonical_core,rolling,2019-2023,2019,2023,pooled focal fields,dm_model:mirror_dm,Mirror DM,candidate,candidate,candidate,31,6,0.006017623038899635,1.0416941439808833,0.009683191329476813,0.009683191329476815,5,4,0.7622448979591837,0.6595552486417218,0.35185185185185186,0.3333333333333333,0.3333333333333333,0.37037037037037035,9.911800448157832,13.457001347721985,0.009683191329476813,0.3333333333333333,18.666666666666664,13.333333333333332,False
canonical_core,rolling,2019-2023,2019,2023,pooled focal fields,dm_model:macho,MACHO,candidate,candidate,candidate,23,6,0.005587792821835375,2.555565606633611,0.0024768039085785766,0.002476803908578578,3,3,0.7207100591715977,0.5601530274173594,0.2962962962962963,0.1111111111111111,0.1111111111111111,0.18518518518518517,9.808416749674432,12.702047950082047,0.0024768039085785766,0.1111111111111111,11.555555555555555,9.777777777777779,False
canonical_core,rolling,2019-2023,2019,2023,pooled focal fields,dm_model:macroscopic_dm,Macroscopic DM,candidate,candidate,candidate,44,6,0.004513217279174727,0.778048238155966,0.006739873706277444,0.006739873706277448,5,3,0.729251700680272,0.5650840575509678,0.25925925925925924,0.2962962962962963,0.2962962962962963,0.37037037037037035,9.531032035578951,14.35168235090607,0.006739873706277444,0.2962962962962963,17.48148148148148,12.74074074074074,False
canonical_core,rolling,2019-2023,2019,2023,pooled focal fields,dm_model:superfluid_dm,Superfluid DM,candidate,candidate,candidate,18,4,0.003868471953578337,1.9233865131077872,0.0005186206807903553,0.0005186206807903555,3,2,0.5703703703703705,0.37295657656127285,0.2222222222222222,0.037037037037037035,0.037037037037037035,0.18518518518518517,9.348451139928663,12.088981156814324,0.0005186206807903553,0.037037037037037035,9.185185185185185,8.592592592592592,False
canonical_core,rolling,2019-2023,2019,2023,pooled focal fields,dm_model:wimpzilla,WIMPzilla,candidate,candidate,candidate,23,4,0.0036535568450462063,1.0651242343009046,0.0065255493255307355,0.006525549325530738,3,3,0.7224913494809687,0.5596398242166715,0.18518518518518517,0.2222222222222222,0.2222222222222222,0.18518518518518517,9.284248224408199,12.702047950082047,0.0065255493255307355,0.2222222222222222,15.11111111111111,11.555555555555555,False
canonical_core,rolling,2019-2023,2019,2023,pooled focal fields,dm_model:quark_nugget_aqn,Quark Nugget / AQN,candidate,candidate,candidate,54,3,0.003438641736514077,0.19449327424782792,0.010246272841931142,0.01024627284193115,3,2,0.515625,0.34663490564547045,0.14814814814814814,0.37037037037037035,0.37037037037037035,0.18518518518518517,9.218127539963515,14.878295017641893,0.010246272841931142,0.37037037037037035,19.85185185185185,13.925925925925926,False
canonical_core,rolling,2019-2023,2019,2023,pooled focal fields,dm_model:atomic_dm,Atomic DM,candidate,candidate,candidate,18,3,0.0025789813023855577,0.6204944988633215,0.006689961208915147,0.006689961208915169,3,3,0.75,0.5802792108518123,0.1111111111111111,0.25925925925925924,0.25925925925925924,0.18518518518518517,8.930293675165641,12.088981156814324,0.006689961208915147,0.25925925925925924,16.296296296296298,12.148148148148149,False
canonical_core,rolling,2019-2023,2019,2023,pooled focal fields,dm_model:majoron,Majoron,candidate,candidate,candidate,6,1,0.0008596604341285192,0.1630874447848224,0.0041114279843566135,0.004111427984356616,1,1,0.0,0.0,0.05555555555555555,0.18518518518518517,0.18518518518518517,0.05555555555555555,8.143916932398938,9.468578965919441,0.0041114279843566135,0.18518518518518517,13.925925925925926,10.962962962962962,False
canonical_core,rolling,2019-2023,2019,2023,pooled focal fields,dm_model:superwimp,SuperWIMP,candidate,candidate,candidate,6,1,0.0008596604341285192,0.266427840292483,0.0023833602479058948,0.0023833602479058974,1,1,0.0,0.0,0.05555555555555555,0.07407407407407407,0.07407407407407407,0.05555555555555555,8.143916932398938,9.468578965919441,0.0023833602479058948,0.07407407407407407,10.37037037037037,9.185185185185185,False
canonical_core,rolling,2020-2024,2020,2024,pooled focal fields,dm_model:axion_alp,Axion + ALP,candidate,candidate,candidate,2171,231,0.8674607676309322,8.72720100989541,1.0,1.0,8,6,0.8999722941998725,0.8764963094443322,1.0,1.0,1.0,0.7931034482758621,40.0,24.0,1.0,1.0,40.0,24.0,False
canonical_core,rolling,2020-2024,2020,2024,pooled focal fields,dm_model:wimp_core,Canonical WIMP core,candidate,candidate,candidate,893,137,0.5902817167706561,17.651721223147632,0.68634741055905,0.6863474105590494,8,6,0.9267636303048237,0.9062502134246118,0.9655172413793104,0.9655172413793104,0.9655172413793104,0.7931034482758621,34.24997485378046,21.7444942159216,0.68634741055905,0.9655172413793104,38.896551724137936,23.448275862068968,True
canonical_core,rolling,2020-2024,2020,2024,pooled focal fields,dm_model:pbh,PBH,candidate,candidate,candidate,1113,135,0.4895065229722064,12.585941916264366,0.424558131787552,0.42455813178755203,8,6,0.9116888592301773,0.8719156091471841,0.9310344827586207,0.9310344827586207,0.9310344827586207,0.7931034482758621,31.829399320623136,22.30349774375878,0.424558131787552,0.9310344827586207,37.79310344827586,22.89655172413793,False
canonical_core,rolling,2020-2024,2020,2024,pooled focal fields,dm_model:sterile_nu,Sterile nu,candidate,candidate,candidate,442,91,0.190773303081868,11.816640552396459,0.20205558293006698,0.20205558293006687,8,6,0.9530353675198731,0.925940636248284,0.896551724137931,0.896551724137931,0.896551724137931,0.7931034482758621,22.56071229765673,19.960473086338936,0.20205558293006698,0.896551724137931,36.689655172413794,22.344827586206897,False
canonical_core,rolling,2020-2024,2020,2024,pooled focal fields,dm_model:ula_fuzzy,ULA / Fuzzy,candidate,candidate,candidate,299,73,0.1236528644356211,14.040477699875638,0.07204496602007911,0.0720449660200791,8,6,0.7524450803804392,0.7216028151280287,0.8620689655172413,0.6896551724137931,0.6896551724137931,0.7931034482758621,19.558976091330926,18.970082669186645,0.07204496602007911,0.6896551724137931,30.06896551724138,19.03448275862069,False
canonical_core,rolling,2020-2024,2020,2024,pooled focal fields,dm_model:dark_photon,Dark Photon,candidate,candidate,candidate,203,52,0.0862166761202496,8.136438195665336,0.10006698096158449,0.10006698096158441,8,6,0.9751731301939056,0.9656683389909851,0.8275862068965517,0.8275862068965517,0.8275862068965517,0.7931034482758621,17.513355274558585,17.99017278046067,0.10006698096158449,0.8275862068965517,34.48275862068965,21.241379310344826,False
canonical_core,rolling,2020-2024,2020,2024,pooled focal fields,dm_model:bino,Bino,candidate,candidate,candidate,95,23,0.07581773492153528,7.577616596319223,0.10638328324167058,0.10638328324167048,8,5,0.8592483877587827,0.7837099290854881,0.7931034482758621,0.8620689655172413,0.8620689655172413,0.7931034482758621,16.86893480843319,16.074952919207156,0.10638328324167058,0.8620689655172413,35.58620689655172,21.79310344827586,False
canonical_core,rolling,2020-2024,2020,2024,pooled focal fields,dm_model:gravitino,Gravitino,candidate,candidate,candidate,112,34,0.07184723010020799,7.594720547070043,0.09149869653472609,0.09149869653472606,8,6,0.7359390581717451,0.7130783847311283,0.7586206896551724,0.7586206896551724,0.7586206896551724,0.7931034482758621,16.611299047515416,16.489211891598547,0.09149869653472609,0.7586206896551724,32.275862068965516,20.137931034482758,False
canonical_core,rolling,2020-2024,2020,2024,pooled focal fields,dm_model:wino,Wino,candidate,candidate,candidate,104,26,0.06806579693703915,7.2029781101588,0.09664807497701032,0.09664807497701022,8,5,0.8475370370370371,0.772990998158956,0.7241379310344828,0.7931034482758621,0.7931034482758621,0.7931034482758621,16.359225712009618,16.30264382723955,0.09664807497701032,0.7931034482758621,33.37931034482759,20.689655172413794,False
canonical_core,rolling,2020-2024,2020,2024,pooled focal fields,dm_model:generic_composite,Generic Composite,candidate,candidate,candidate,104,28,0.04518812629986764,4.928933819959923,0.08212563947571157,0.08212563947571151,8,6,0.8470019782566833,0.8197807141116713,0.6896551724137931,0.7241379310344828,0.7241379310344828,0.7931034482758621,14.655518566088821,16.30264382723955,0.08212563947571157,0.7241379310344828,31.17241379310345,19.586206896551722,False
canonical_core,rolling,2020-2024,2020,2024,pooled focal fields,dm_model:vector_dm,Vector DM,candidate,candidate,candidate,90,25,0.04254112308564946,4.429741294008324,0.06962952537314418,0.06962952537314411,8,6,0.9483377777777777,0.9226275745603834,0.6551724137931034,0.6551724137931034,0.6551724137931034,0.7931034482758621,14.432679366055218,15.939046280822044,0.06962952537314418,0.6551724137931034,28.96551724137931,18.482758620689655,False
canonical_core,rolling,2020-2024,2020,2024,pooled focal fields,dm_model:asymmetric_dm,Asymmetric DM,candidate,candidate,candidate,83,23,0.024957458876914355,3.842269645247738,0.03739715256034683,0.03739715256034666,8,6,0.9382920110192838,0.9075251829097953,0.6206896551724138,0.6206896551724138,0.6206896551724138,0.7931034482758621,12.730507390832528,15.735669896879894,0.03739715256034683,0.6206896551724138,27.862068965517242,17.93103448275862,False
canonical_core,rolling,2020-2024,2020,2024,pooled focal fields,dm_model:twin_higgs,Twin Higgs,candidate,candidate,candidate,34,16,0.018339950841368878,3.8850333393566285,0.032423272807268325,0.03242327280726828,8,6,0.9414815602083113,0.9207381080934719,0.5862068965517241,0.5862068965517241,0.5862068965517241,0.7931034482758621,11.93525903006952,13.511236575812926,0.032423272807268325,0.5862068965517241,26.75862068965517,17.379310344827587,False
canonical_core,rolling,2020-2024,2020,2024,pooled focal fields,dm_model:sfdm,SFDM,candidate,candidate,candidate,54,16,0.015125732652675365,4.837350716681793,0.005424852297716003,0.005424852297716,6,6,0.61875,0.614912871670567,0.5517241379310345,0.27586206896551724,0.27586206896551724,0.5172413793103449,11.496690045775674,14.659662244237687,0.005424852297716003,0.27586206896551724,16.82758620689655,12.413793103448276,False
canonical_core,rolling,2020-2024,2020,2024,pooled focal fields,dm_model:scotogenic_model,Scotogenic Model,candidate,candidate,candidate,38,12,0.010966156173189641,2.244452583310324,0.016983484925871484,0.016983484925871463,7,5,0.8596908442330559,0.7722923796296022,0.5172413793103449,0.5172413793103449,0.5172413793103449,0.5517241379310345,10.852596017282941,13.786190886795396,0.016983484925871484,0.5172413793103449,24.551724137931036,16.275862068965516,False
canonical_core,rolling,2020-2024,2020,2024,pooled focal fields,dm_model:minimal_su_2_l,Minimal SU(2)L,candidate,candidate,candidate,28,5,0.007751937984496125,0.9674100735319021,0.019465969968202365,0.019465969968202344,5,5,0.8908982748364072,0.8239109543844461,0.4827586206896552,0.5517241379310345,0.5517241379310345,0.43103448275862066,10.264669334636565,13.033424368468463,0.019465969968202365,0.5517241379310345,25.655172413793103,16.82758620689655,False
canonical_core,rolling,2020-2024,2020,2024,pooled focal fields,dm_model:macroscopic_dm,Macroscopic DM,candidate,candidate,candidate,49,7,0.005672149744753261,1.4988656668561076,0.006448101544456537,0.006448101544456535,5,3,0.728,0.5661429511027822,0.4482758620689655,0.3103448275862069,0.3103448275862069,0.43103448275862066,9.815767312615312,14.417493528499845,0.006448101544456537,0.3103448275862069,17.93103448275862,12.96551724137931,False
canonical_core,rolling,2020-2024,2020,2024,pooled focal fields,dm_model:axino,Axino,candidate,candidate,candidate,17,3,0.00548307808659482,0.8253286769447322,0.010328132116748719,0.01032813211674871,3,3,0.7134363852556479,0.5477143280674358,0.41379310344827586,0.4827586206896552,0.4827586206896552,0.22413793103448276,9.771133632336998,11.821632613593067,0.010328132116748719,0.4827586206896552,23.448275862068968,15.724137931034484,False
canonical_core,rolling,2020-2024,2020,2024,pooled focal fields,dm_model:macho,MACHO,candidate,candidate,candidate,25,5,0.005294006428436377,2.3873755132370067,0.0017840356441733462,0.0017840356441733453,3,3,0.7377551020408163,0.5687289385920195,0.3793103448275862,0.10344827586206896,0.10344827586206896,0.22413793103448276,9.725723539479008,12.755965524628952,0.0017840356441733462,0.10344827586206896,11.310344827586206,9.655172413793103,False
canonical_core,rolling,2020-2024,2020,2024,pooled focal fields,dm_model:mirror_dm,Mirror DM,candidate,candidate,candidate,33,6,0.005104934770277935,1.0262860833896363,0.008452137467329023,0.008452137467329018,5,3,0.6716049382716051,0.526269946874196,0.3448275862068966,0.41379310344827586,0.41379310344827586,0.43103448275862066,9.679495049191708,13.437583639773871,0.008452137467329023,0.41379310344827586,21.241379310344826,14.620689655172413,False
canonical_core,rolling,2020-2024,2020,2024,pooled focal fields,dm_model:inert_doublet_model,Inert Doublet Model,candidate,candidate,candidate,28,5,0.004915863112119494,0.696203254096044,0.009441205568601984,0.009441205568601972,5,4,0.8698224852071007,0.7450259421302645,0.3103448275862069,0.4482758620689655,0.4482758620689655,0.43103448275862066,9.63240225051126,13.033424368468463,0.009441205568601984,0.4482758620689655,22.344827586206897,15.172413793103448,False
canonical_core,rolling,2020-2024,2020,2024,pooled focal fields,dm_model:superfluid_dm,Superfluid DM,candidate,candidate,candidate,17,6,0.004726791453961051,2.631590997952827,0.0011992591053932413,0.0011992591053932415,4,2,0.43776000000000004,0.3075635639444367,0.27586206896551724,0.06896551724137931,0.06896551724137931,0.3275862068965517,9.584394772287837,11.821632613593067,0.0011992591053932413,0.06896551724137931,10.206896551724139,9.10344827586207,False
canonical_core,rolling,2020-2024,2020,2024,pooled focal fields,dm_model:atomic_dm,Atomic DM,candidate,candidate,candidate,24,3,0.0035923615050103995,0.7206770827054818,0.008022814229502226,0.008022814229502233,3,3,0.7578947368421052,0.5837715294174136,0.2413793103448276,0.3448275862068966,0.3448275862068966,0.22413793103448276,9.273570734779863,12.656311639239666,0.008022814229502226,0.3448275862068966,19.03448275862069,13.517241379310345,False
canonical_core,rolling,2020-2024,2020,2024,pooled focal fields,dm_model:quark_nugget_aqn,Quark Nugget / AQN,candidate,candidate,candidate,58,4,0.003592361505010399,0.28300705269144505,0.00806671926288136,0.00806671926288136,4,3,0.6847645429362881,0.5353299071371544,0.20689655172413793,0.3793103448275862,0.3793103448275862,0.3275862068965517,9.273570734779863,14.838040620997987,0.00806671926288136,0.3793103448275862,20.137931034482758,14.068965517241379,False
canonical_core,rolling,2020-2024,2020,2024,pooled focal fields,dm_model:wimpzilla,WIMPzilla,candidate,candidate,candidate,21,4,0.002457931556059747,1.0227686410469792,0.0029181877860032825,0.0029181877860032816,3,4,0.8946745562130178,0.7689757089061959,0.1724137931034483,0.20689655172413793,0.20689655172413793,0.22413793103448276,8.908326345491185,12.331506424617855,0.0029181877860032825,0.20689655172413793,14.620689655172413,11.310344827586206,False
canonical_core,rolling,2020-2024,2020,2024,pooled focal fields,dm_model:glueball,Glueball,candidate,candidate,candidate,8,2,0.0013235016071090943,0.3001824971606532,0.004313483741267417,0.004313483741267414,2,2,0.5877551020408163,0.38113827019130503,0.1206896551724138,0.2413793103448276,0.2413793103448276,0.1206896551724138,8.442988007441576,10.060450724332888,0.004313483741267417,0.2413793103448276,15.724137931034484,11.862068965517242,False
canonical_core,rolling,2020-2024,2020,2024,pooled focal fields,dm_model:superwimp,SuperWIMP,candidate,candidate,candidate,7,2,0.0013235016071090943,0.483043802763478,0.0025493809140801453,0.002549380914080144,2,2,0.5877551020408163,0.38113827019130503,0.1206896551724138,0.1724137931034483,0.1724137931034483,0.1206896551724138,8.442988007441576,9.761181889260179,0.0025493809140801453,0.1724137931034483,13.517241379310345,10.758620689655173,False
canonical_core,rolling,2020-2024,2020,2024,pooled focal fields,dm_model:majoron,Majoron,candidate,candidate,candidate,5,1,0.0005672149744753262,0.14519205123400702,0.0023928124001228496,0.002392812400122848,1,1,0.0,0.0,0.05172413793103448,0.13793103448275862,0.13793103448275862,0.05172413793103448,8.0,9.030225362166444,0.0023928124001228496,0.13793103448275862,12.413793103448276,10.206896551724139,False
canonical_core,rolling,2020-2024,2020,2024,pooled focal fields,dm_model:q_ball,Q-ball,candidate,candidate,candidate,18,1,0.0005672149744753262,0.39800042589568957,8.046602780684801e-05,8.046602780684806e-05,1,1,0.0,0.0,0.05172413793103448,0.034482758620689655,0.034482758620689655,0.05172413793103448,8.0,11.959009225046508,8.046602780684801e-05,0.034482758620689655,9.10344827586207,8.551724137931034,False
canonical_core,rolling,2021-2025,2021,2025,pooled focal fields,dm_model:axion_alp,Axion + ALP,candidate,candidate,candidate,2583,249,0.9173457508731082,8.914425625542151,1.0,1.0,9,6,0.9008319393618459,0.8762039189828621,1.0,1.0,1.0,0.7931034482758621,40.0,24.0,1.0,1.0,40.0,24.0,False
canonical_core,rolling,2021-2025,2021,2025,pooled focal fields,dm_model:pbh,PBH,candidate,candidate,candidate,1335,153,0.5394977548644604,13.205857081262065,0.4374267665440145,0.43742676654401424,9,6,0.9154358002861397,0.8780824380984664,0.9655172413793104,0.9310344827586207,0.9310344827586207,0.7931034482758621,32.36208550989861,22.36889766608831,0.4374267665440145,0.9310344827586207,37.79310344827586,22.89655172413793,False
canonical_core,rolling,2021-2025,2021,2025,pooled focal fields,dm_model:wimp_core,Canonical WIMP core,candidate,candidate,candidate,902,139,0.5210377515383336,17.011006677538923,0.5135092687025226,0.5135092687025224,9,6,0.9345944028992769,0.9158774575625254,0.9310344827586207,0.9655172413793104,0.9655172413793104,0.7931034482758621,31.928472550422743,21.40033036506005,0.5135092687025226,0.9655172413793104,38.896551724137936,23.448275862068968,True
canonical_core,rolling,2021-2025,2021,2025,pooled focal fields,dm_model:sterile_nu,Sterile nu,candidate,candidate,candidate,446,99,0.1767836354565109,13.582542824850979,0.16161039164249935,0.16161039164249932,9,6,0.9539688256934482,0.9257136014143448,0.896551724137931,0.896551724137931,0.896551724137931,0.7931034482758621,21.619011653702948,19.661654435713466,0.16161039164249935,0.896551724137931,36.689655172413794,22.344827586206897,False
canonical_core,rolling,2021-2025,2021,2025,pooled focal fields,dm_model:ula_fuzzy,ULA / Fuzzy,candidate,candidate,candidate,350,79,0.12938632961915852,14.360248612658733,0.07137707968711958,0.07137707968711948,9,6,0.7706451847397254,0.7388319511971418,0.8620689655172413,0.7241379310344828,0.7241379310344828,0.7931034482758621,19.54074223511521,19.06383681887926,0.07137707968711958,0.7241379310344828,31.17241379310345,19.586206896551722,False
canonical_core,rolling,2021-2025,2021,2025,pooled focal fields,dm_model:dark_photon,Dark Photon,candidate,candidate,candidate,256,58,0.09379677365707634,8.639710698809175,0.10345633681973858,0.10345633681973855,9,6,0.9679719330013581,0.9577512615695052,0.8275862068965517,0.8620689655172413,0.8620689655172413,0.7931034482758621,17.71263217140548,18.293087823455295,0.10345633681973858,0.8620689655172413,35.58620689655172,21.79310344827586,False
canonical_core,rolling,2021-2025,2021,2025,pooled focal fields,dm_model:bino,Bino,candidate,candidate,candidate,106,32,0.08032596041909197,9.721903209960377,0.08744233107461491,0.08744233107461492,9,5,0.8586602883119221,0.7860741848630206,0.7931034482758621,0.8275862068965517,0.8275862068965517,0.7931034482758621,16.931169281144854,16.126438092036874,0.08744233107461491,0.8275862068965517,34.48275862068965,21.241379310344826,False
canonical_core,rolling,2021-2025,2021,2025,pooled focal fields,dm_model:wino,Wino,candidate,candidate,candidate,113,28,0.06618992183602196,7.472905761846664,0.07678987301169113,0.07678987301169111,9,5,0.8469634605186738,0.7737699996879889,0.7586206896551724,0.7586206896551724,0.7586206896551724,0.7931034482758621,16.036815979810328,16.28312874862865,0.07678987301169113,0.7586206896551724,32.275862068965516,20.137931034482758,False
canonical_core,rolling,2021-2025,2021,2025,pooled focal fields,dm_model:gravitino,Gravitino,candidate,candidate,candidate,110,32,0.061699650756693834,7.059002345427097,0.067986253844858,0.06798625384485799,9,6,0.7167689859852806,0.6996500501523292,0.7241379310344828,0.6896551724137931,0.6896551724137931,0.7931034482758621,15.733050386569062,16.21718759976982,0.067986253844858,0.6896551724137931,30.06896551724138,19.03448275862069,False
canonical_core,rolling,2021-2025,2021,2025,pooled focal fields,dm_model:generic_composite,Generic Composite,candidate,candidate,candidate,126,29,0.0488940628637951,4.846272621318201,0.08077963433892557,0.08077963433892554,9,6,0.8503956684714702,0.817096262155797,0.6896551724137931,0.7931034482758621,0.7931034482758621,0.7931034482758621,14.80004863898208,16.550146480829362,0.08077963433892557,0.7931034482758621,33.37931034482759,20.689655172413794,False
canonical_core,rolling,2021-2025,2021,2025,pooled focal fields,dm_model:vector_dm,Vector DM,candidate,candidate,candidate,105,34,0.046066855147181104,5.353048673828212,0.059264595975603795,0.05926459597560378,9,6,0.9635470291545569,0.9436875697903773,0.6551724137931034,0.6551724137931034,0.6551724137931034,0.7931034482758621,14.57810125206668,16.10322058305524,0.059264595975603795,0.6551724137931034,28.96551724137931,18.482758620689655,False
canonical_core,rolling,2021-2025,2021,2025,pooled focal fields,dm_model:asymmetric_dm,Asymmetric DM,candidate,candidate,candidate,105,32,0.03309496091801098,5.180355291051111,0.040882525124042786,0.04088252512404258,9,6,0.9593091083558495,0.9396064982837103,0.6206896551724138,0.6206896551724138,0.6206896551724138,0.7931034482758621,13.459089194643415,16.10322058305524,0.040882525124042786,0.6206896551724138,27.862068965517242,17.93103448275862,False
canonical_core,rolling,2021-2025,2021,2025,pooled focal fields,dm_model:sfdm,SFDM,candidate,candidate,candidate,60,16,0.014468651255612839,4.679343183492399,0.005546450653888069,0.005546450653888067,6,6,0.5672611969877129,0.5790103933889322,0.5862068965517241,0.3103448275862069,0.3103448275862069,0.46551724137931033,11.350677110427158,14.736922079469721,0.005546450653888069,0.3103448275862069,17.93103448275862,12.96551724137931,False
canonical_core,rolling,2021-2025,2021,2025,pooled focal fields,dm_model:twin_higgs,Twin Higgs,candidate,candidate,candidate,31,15,0.013969732246798604,3.639668638877212,0.019879528857017097,0.019879528857017097,8,6,0.9564625850340136,0.9415775030946782,0.5517241379310345,0.5862068965517241,0.5862068965517241,0.5517241379310345,11.27911041836137,13.141723931861632,0.019879528857017097,0.5862068965517241,26.75862068965517,17.379310344827587,False
canonical_core,rolling,2021-2025,2021,2025,pooled focal fields,dm_model:minimal_su_2_l,Minimal SU(2)L,candidate,candidate,candidate,33,12,0.010477299185098954,2.3239295459206564,0.0173592946863314,0.017359294686331402,9,5,0.9281934996220711,0.8613989916652384,0.5172413793103449,0.5517241379310345,0.5517241379310345,0.7931034482758621,10.737423769781934,13.291627193196794,0.0173592946863314,0.5517241379310345,25.655172413793103,16.82758620689655,False
canonical_core,rolling,2021-2025,2021,2025,pooled focal fields,dm_model:scotogenic_model,Scotogenic Model,candidate,candidate,candidate,34,10,0.008814235822384834,2.3220670502253555,0.01145648298925005,0.01145648298925005,6,4,0.8159487362050551,0.6868547537875066,0.4827586206896552,0.5172413793103449,0.5172413793103449,0.46551724137931033,10.447524843097305,13.363303125931367,0.01145648298925005,0.5172413793103449,24.551724137931036,16.275862068965516,False
canonical_core,rolling,2021-2025,2021,2025,pooled focal fields,dm_model:inert_doublet_model,Inert Doublet Model,candidate,candidate,candidate,36,9,0.0066522534508564775,1.759056959614684,0.008649479760973782,0.008649479760973784,7,6,0.9615,0.9472228978043508,0.4482758620689655,0.4827586206896552,0.4827586206896552,0.5172413793103449,10.025982189715275,13.500707726082744,0.008649479760973782,0.4827586206896552,23.448275862068968,15.724137931034484,False
canonical_core,rolling,2021-2025,2021,2025,pooled focal fields,dm_model:macroscopic_dm,Macroscopic DM,candidate,candidate,candidate,51,7,0.004989190088142359,1.8022059616190984,0.002951632253481977,0.002951632253481976,4,3,0.6693333333333336,0.5125242771719692,0.41379310344827586,0.13793103448275862,0.13793103448275862,0.25862068965517243,9.652182889575023,14.342213152392457,0.002951632253481977,0.13793103448275862,12.413793103448276,10.206896551724139,False
canonical_core,rolling,2021-2025,2021,2025,pooled focal fields,dm_model:macho,MACHO,candidate,candidate,candidate,23,5,0.004656577415599534,2.37902309565024,0.002032688166274961,0.002032688166274961,3,3,0.6581632653061226,0.5176585879112803,0.3793103448275862,0.10344827586206896,0.10344827586206896,0.10344827586206896,9.570251256454974,12.430387850974288,0.002032688166274961,0.10344827586206896,11.310344827586206,9.655172413793103,False
canonical_core,rolling,2021-2025,2021,2025,pooled focal fields,dm_model:mirror_dm,Mirror DM,candidate,candidate,candidate,32,7,0.00432396474305671,1.2485867578800682,0.005894766941068429,0.005894766941068427,5,3,0.6071005917159764,0.4829693907160016,0.3448275862068966,0.3448275862068966,0.3448275862068966,0.39655172413793105,9.485337382417049,13.217811367174725,0.005894766941068429,0.3448275862068966,19.03448275862069,13.517241379310345,False
canonical_core,rolling,2021-2025,2021,2025,pooled focal fields,dm_model:quark_nugget_aqn,Quark Nugget / AQN,candidate,candidate,candidate,66,5,0.004157658406785298,0.47464093510335614,0.008235580353300565,0.008235580353300558,5,4,0.7449600000000001,0.6505092173936021,0.3103448275862069,0.4482758620689655,0.4482758620689655,0.39655172413793105,9.44165494935345,14.968902699886872,0.008235580353300565,0.4482758620689655,22.344827586206897,15.172413793103448,False
canonical_core,rolling,2021-2025,2021,2025,pooled focal fields,dm_model:axino,Axino,candidate,candidate,candidate,13,3,0.0039913520705138865,0.8874891128580398,0.0060209577320352444,0.006020957732035239,3,3,0.7625000000000001,0.5863352583727444,0.25862068965517243,0.3793103448275862,0.3793103448275862,0.10344827586206896,9.397089775281344,11.097640018703832,0.0060209577320352444,0.3793103448275862,20.137931034482758,14.068965517241379,False
canonical_core,rolling,2021-2025,2021,2025,pooled focal fields,dm_model:superfluid_dm,Superfluid DM,candidate,candidate,candidate,18,5,0.0039913520705138865,2.4605229557293455,0.0012182021712816597,0.0012182021712816595,4,2,0.39583333333333337,0.28560757300637163,0.25862068965517243,0.034482758620689655,0.034482758620689655,0.25862068965517243,9.397089775281344,11.852740897654364,0.0012182021712816597,0.034482758620689655,9.10344827586207,8.551724137931034,False
canonical_core,rolling,2021-2025,2021,2025,pooled focal fields,dm_model:atomic_dm,Atomic DM,candidate,candidate,candidate,26,4,0.0038250457342424746,0.7312868842633832,0.007924967963428559,0.007924967963428542,4,4,0.8347826086956521,0.7158119402888384,0.20689655172413793,0.41379310344827586,0.41379310344827586,0.25862068965517243,9.351586078148264,12.721623666486806,0.007924967963428559,0.41379310344827586,21.241379310344826,14.620689655172413,False
canonical_core,rolling,2021-2025,2021,2025,pooled focal fields,dm_model:wimpzilla,WIMPzilla,candidate,candidate,candidate,29,4,0.0034924330616996507,0.9752315456547473,0.0035090442934179403,0.003509044293417939,4,4,0.8653061224489796,0.7417349457926434,0.1724137931034483,0.27586206896551724,0.27586206896551724,0.25862068965517243,9.25750832408121,12.982142980914611,0.0035090442934179403,0.27586206896551724,16.82758620689655,12.413793103448276,False
canonical_core,rolling,2021-2025,2021,2025,pooled focal fields,dm_model:superwimp,SuperWIMP,candidate,candidate,candidate,8,4,0.002328288707799767,1.0616370604004584,0.00299017195423475,0.002990171954234748,4,4,0.8816326530612246,0.7579183152070363,0.13793103448275862,0.20689655172413793,0.20689655172413793,0.25862068965517243,8.88653742777713,10.005143792799732,0.00299017195423475,0.20689655172413793,14.620689655172413,11.310344827586206,False
canonical_core,rolling,2021-2025,2021,2025,pooled focal fields,dm_model:majoron,Majoron,candidate,candidate,candidate,7,4,0.0019956760352569432,1.1546196575508996,0.002952974152092077,0.0029529741520920734,4,3,0.75,0.5802792108518123,0.10344827586206896,0.1724137931034483,0.1724137931034483,0.25862068965517243,8.76409377019895,9.71390797728721,0.002952974152092077,0.1724137931034483,13.517241379310345,10.758620689655173,False
canonical_core,rolling,2021-2025,2021,2025,pooled focal fields,dm_model:q_ball,Q-ball,candidate,candidate,candidate,26,3,0.0014967570264427074,0.413022152059196,0.0015977433758392863,0.0015977433758392866,3,3,0.8,0.6131471927654584,0.06896551724137931,0.06896551724137931,0.06896551724137931,0.10344827586206896,8.55935546153249,12.721623666486806,0.0015977433758392863,0.06896551724137931,10.206896551724139,9.10344827586207,False
canonical_core,rolling,2021-2025,2021,2025,pooled focal fields,dm_model:glueball,Glueball,candidate,candidate,candidate,8,2,0.0011641443538998836,0.29915912739920425,0.0034417068949016884,0.0034417068949016893,2,2,0.5877551020408165,0.38113827019130503,0.034482758620689655,0.2413793103448276,0.2413793103448276,0.034482758620689655,8.403078743128011,10.005143792799732,0.0034417068949016884,0.2413793103448276,15.724137931034484,11.862068965517242,False
