wimp_definition,window_kind,window,start_year,end_year,node_id,node_label,node_type,baseline_efficiency,removed_efficiency,relative_efficiency_loss,baseline_reachable_share,removed_reachable_share,reachable_share_loss,node_strength_mean_field_prevalence,removal_effect_percentile
explicit_generic,full,2006-2025,2006,2025,apparatus:antares,ANTARES,apparatus,0.0001028241293101316,0.0001028241293101316,0.0,1.0,1.0,0.0,0.0002894425566722583,0.38
explicit_generic,full,2006-2025,2006,2025,apparatus:bbo,Big Bang Observer,apparatus,0.0001028241293101316,0.0001028241293101316,0.0,1.0,1.0,0.0,0.0020201151815942677,0.38
explicit_generic,full,2006-2025,2006,2025,apparatus:chandra,Chandra X-ray Observatory,apparatus,0.0001028241293101316,0.0001028241293101316,0.0,1.0,1.0,0.0,3.8951731014926306e-05,0.38
explicit_generic,full,2006-2025,2006,2025,apparatus:cmb_s4,CMB-S4,apparatus,0.0001028241293101316,0.0001028241293101316,0.0,1.0,1.0,0.0,0.001386495016852307,0.38
explicit_generic,full,2006-2025,2006,2025,apparatus:cosmic_explorer,Cosmic Explorer,apparatus,0.0001028241293101316,0.0001028241293101316,0.0,1.0,1.0,0.0,0.0005677994676209407,0.38
explicit_generic,full,2006-2025,2006,2025,apparatus:coupp,COUPP,apparatus,0.0001028241293101316,0.0001028241293101316,0.0,1.0,1.0,0.0,0.00024390022661615045,0.38
explicit_generic,full,2006-2025,2006,2025,apparatus:cresst,CRESST,apparatus,0.0001028241293101316,0.0001028241293101316,0.0,1.0,1.0,0.0,0.002128182909250804,0.38
explicit_generic,full,2006-2025,2006,2025,apparatus:cta,Cherenkov Telescope Array,apparatus,0.0001028241293101316,0.0001028241293101316,0.0,1.0,1.0,0.0,0.0020401909206826324,0.38
explicit_generic,full,2006-2025,2006,2025,apparatus:deap,DEAP,apparatus,0.0001028241293101316,0.0001028241293101316,0.0,1.0,1.0,0.0,0.0001280421527566284,0.38
explicit_generic,full,2006-2025,2006,2025,apparatus:decigo,DECIGO,apparatus,0.0001028241293101316,0.0001028241293101316,0.0,1.0,1.0,0.0,0.0024042416398641527,0.38
explicit_generic,full,2006-2025,2006,2025,apparatus:desi,Dark Energy Spectroscopic Instrument,apparatus,0.0001028241293101316,0.0001028241293101316,0.0,1.0,1.0,0.0,0.0011232122283682281,0.38
explicit_generic,full,2006-2025,2006,2025,apparatus:drift,DRIFT,apparatus,0.0001028241293101316,0.0001028241293101316,0.0,1.0,1.0,0.0,9.688076794468734e-05,0.38
explicit_generic,full,2006-2025,2006,2025,dm_model:asymmetric_dm,Asymmetric DM,candidate,0.0001028241293101316,0.00010249640961571816,0.003187186671184845,1.0,0.995260663507109,0.004739336492891044,0.009959891168468668,0.86
explicit_generic,full,2006-2025,2006,2025,dm_model:atomic_dm,Atomic DM,candidate,0.0001028241293101316,0.0001028241293101316,0.0,1.0,1.0,0.0,0.0014723914530616919,0.38
explicit_generic,full,2006-2025,2006,2025,dm_model:axino,Axino,candidate,0.0001028241293101316,0.0001028241293101316,0.0,1.0,1.0,0.0,0.011919896467483591,0.38
explicit_generic,full,2006-2025,2006,2025,dm_model:axion_alp,Axion + ALP,candidate,0.0001028241293101316,8.674222278064161e-05,0.1564020686329837,1.0,0.9152495121271257,0.08475048787287431,0.1421040169281459,1.0
explicit_generic,full,2006-2025,2006,2025,dm_model:bino,Bino,candidate,0.0001028241293101316,0.0001028241293101316,0.0,1.0,1.0,0.0,0.036166595036097454,0.38
explicit_generic,full,2006-2025,2006,2025,dm_model:dark_photon,Dark Photon,candidate,0.0001028241293101316,0.00010261453116583024,0.002038413995893802,1.0,0.995260663507109,0.004739336492891044,0.012838464142215416,0.84
explicit_generic,full,2006-2025,2006,2025,dm_model:generic_composite,Generic Composite,candidate,0.0001028241293101316,0.00010281553623461778,8.357061296286044e-05,1.0,1.0,0.0,0.007493817308224523,0.76
explicit_generic,full,2006-2025,2006,2025,dm_model:generic_wimp,Generic WIMP,candidate,0.0001028241293101316,9.636887949846793e-05,0.0627795232011521,1.0,0.9144131586283802,0.08558684137161976,0.07904621273983464,0.96
explicit_generic,full,2006-2025,2006,2025,dm_model:glueball,Glueball,candidate,0.0001028241293101316,0.0001028241293101316,0.0,1.0,1.0,0.0,0.0001448225923244026,0.38
explicit_generic,full,2006-2025,2006,2025,dm_model:gravitino,Gravitino,candidate,0.0001028241293101316,0.00010278547209206185,0.00037595473289303615,1.0,1.0,0.0,0.05492110472141011,0.8
explicit_generic,full,2006-2025,2006,2025,dm_model:higgsino,Higgsino,candidate,0.0001028241293101316,0.0001028241293101316,0.0,1.0,1.0,0.0,0.06698693823508911,0.38
explicit_generic,full,2006-2025,2006,2025,dm_model:inert_doublet_model,Inert Doublet Model,candidate,0.0001028241293101316,0.0001028241293101316,0.0,1.0,1.0,0.0,0.0013445519282816103,0.38
explicit_generic,full,2006-2025,2006,2025,dm_model:lkp_kaluza_klein,LKP Kaluza-Klein,candidate,0.0001028241293101316,0.0001028241293101316,0.0,1.0,1.0,0.0,0.0013366602680903515,0.38
explicit_generic,full,2006-2025,2006,2025,dm_model:lsp,LSP,candidate,0.0001028241293101316,0.0001028241293101316,0.0,1.0,1.0,0.0,0.06853273810349826,0.38
explicit_generic,full,2006-2025,2006,2025,dm_model:macho,MACHO,candidate,0.0001028241293101316,0.0001028241293101316,0.0,1.0,1.0,0.0,0.0012487535728129757,0.38
explicit_generic,full,2006-2025,2006,2025,dm_model:macroscopic_dm,Macroscopic DM,candidate,0.0001028241293101316,0.0001028241293101316,0.0,1.0,1.0,0.0,0.0003517653262961404,0.38
explicit_generic,full,2006-2025,2006,2025,dm_model:majoron,Majoron,candidate,0.0001028241293101316,0.0001028241293101316,0.0,1.0,1.0,0.0,0.0003119177900842307,0.38
explicit_generic,full,2006-2025,2006,2025,dm_model:minimal_su_2_l,Minimal SU(2)L,candidate,0.0001028241293101316,0.0001028241293101316,0.0,1.0,1.0,0.0,0.002499736053367967,0.38
explicit_generic,full,2006-2025,2006,2025,dm_model:mirror_dm,Mirror DM,candidate,0.0001028241293101316,0.0001028241293101316,0.0,1.0,1.0,0.0,0.001770824103098739,0.38
explicit_generic,full,2006-2025,2006,2025,dm_model:neutralino,Neutralino,candidate,0.0001028241293101316,0.00010280700344440476,0.0001665549306543318,1.0,1.0,0.0,0.12959320628559204,0.78
explicit_generic,full,2006-2025,2006,2025,dm_model:pbh,PBH,candidate,0.0001028241293101316,9.282450427312076e-05,0.09724979053166222,1.0,0.9852941176470589,0.014705882352941124,0.044131570451885885,0.98
explicit_generic,full,2006-2025,2006,2025,dm_model:planckian_dm,Planckian DM,candidate,0.0001028241293101316,0.0001028241293101316,0.0,1.0,1.0,0.0,8.020164236518656e-05,0.38
explicit_generic,full,2006-2025,2006,2025,dm_model:q_ball,Q-ball,candidate,0.0001028241293101316,0.0001028241293101316,0.0,1.0,1.0,0.0,0.001173062997827661,0.38
explicit_generic,full,2006-2025,2006,2025,dm_model:quark_nugget_aqn,Quark Nugget / AQN,candidate,0.0001028241293101316,0.0001028241293101316,0.0,1.0,1.0,0.0,0.001098150893353579,0.38
explicit_generic,full,2006-2025,2006,2025,dm_model:scotogenic_model,Scotogenic Model,candidate,0.0001028241293101316,0.0001028241293101316,0.0,1.0,1.0,0.0,0.0015507001710446382,0.38
explicit_generic,full,2006-2025,2006,2025,dm_model:sfdm,SFDM,candidate,0.0001028241293101316,0.0001028241293101316,0.0,1.0,1.0,0.0,0.0018209467731280372,0.38
explicit_generic,full,2006-2025,2006,2025,dm_model:sneutrino,Sneutrino,candidate,0.0001028241293101316,0.0001028241293101316,0.0,1.0,1.0,0.0,0.025935428104965172,0.38
explicit_generic,full,2006-2025,2006,2025,dm_model:sterile_nu,Sterile nu,candidate,0.0001028241293101316,0.00010082448482658031,0.01944722991546166,1.0,0.995260663507109,0.004739336492891044,0.040402890305314104,0.9
explicit_generic,full,2006-2025,2006,2025,dm_model:superfluid_dm,Superfluid DM,candidate,0.0001028241293101316,0.0001028241293101316,0.0,1.0,1.0,0.0,0.00023041508656896704,0.38
explicit_generic,full,2006-2025,2006,2025,dm_model:superwimp,SuperWIMP,candidate,0.0001028241293101316,0.0001028241293101316,0.0,1.0,1.0,0.0,0.0009880889273265285,0.38
explicit_generic,full,2006-2025,2006,2025,dm_model:twin_higgs,Twin Higgs,candidate,0.0001028241293101316,0.0001028241293101316,0.0,1.0,1.0,0.0,0.0041774812579839764,0.38
explicit_generic,full,2006-2025,2006,2025,dm_model:ula_fuzzy,ULA / Fuzzy,candidate,0.0001028241293101316,9.900575585669413e-05,0.037134994276690966,1.0,0.9705882352941176,0.02941176470588236,0.014231336299238288,0.92
explicit_generic,full,2006-2025,2006,2025,dm_model:vector_dm,Vector DM,candidate,0.0001028241293101316,0.0001028241293101316,0.0,1.0,1.0,0.0,0.007324525244117634,0.38
explicit_generic,full,2006-2025,2006,2025,dm_model:wimpzilla,WIMPzilla,candidate,0.0001028241293101316,0.0001028241293101316,0.0,1.0,1.0,0.0,0.0007451858198956349,0.38
explicit_generic,full,2006-2025,2006,2025,dm_model:wino,Wino,candidate,0.0001028241293101316,0.0001028241293101316,0.0,1.0,1.0,0.0,0.032585776450211025,0.38
explicit_generic,full,2006-2025,2006,2025,mechanism:annihilation,Dark-matter annihilation,mechanism,0.0001028241293101316,0.00010275621079492485,0.0006605309051720491,1.0,1.0,0.0,0.020639640111051863,0.82
explicit_generic,full,2006-2025,2006,2025,phenomenon:black_holes,Black-hole systems,phenomenon,0.0001028241293101316,0.00010212366049843651,0.006812299957166467,1.0,1.0,0.0,0.018682866028767623,0.88
explicit_generic,full,2006-2025,2006,2025,phenomenon:cmb,Cosmic microwave background,phenomenon,0.0001028241293101316,9.812413046689747e-05,0.0457091042225925,1.0,0.9852941176470589,0.014705882352941124,0.041482324962428645,0.94
explicit_generic,stable,2006-2015,2006,2015,apparatus:antares,ANTARES,apparatus,0.00016666943722852543,0.00016666943722852543,0.0,1.0,1.0,0.0,0.00018056985513660145,0.3977272727272727
explicit_generic,stable,2006-2015,2006,2015,apparatus:cobe,COBE,apparatus,0.00016666943722852543,0.00016666943722852543,0.0,1.0,1.0,0.0,0.00014087628946359704,0.3977272727272727
explicit_generic,stable,2006-2015,2006,2015,apparatus:cresst,CRESST,apparatus,0.00016666943722852543,0.00016666943722852543,0.0,1.0,1.0,0.0,0.005036264536817991,0.3977272727272727
explicit_generic,stable,2006-2015,2006,2015,apparatus:cta,Cherenkov Telescope Array,apparatus,0.00016666943722852543,0.00016666943722852543,0.0,1.0,1.0,0.0,0.00025800817687452864,0.3977272727272727
explicit_generic,stable,2006-2015,2006,2015,apparatus:dama_libra,DAMA/LIBRA,apparatus,0.00016666943722852543,0.00016666943722852543,0.0,1.0,1.0,0.0,0.00032729257342444337,0.3977272727272727
explicit_generic,stable,2006-2015,2006,2015,apparatus:edelweiss,EDELWEISS,apparatus,0.00016666943722852543,0.00016666943722852543,0.0,1.0,1.0,0.0,0.0007915638170963205,0.3977272727272727
explicit_generic,stable,2006-2015,2006,2015,apparatus:egret,EGRET,apparatus,0.00016666943722852543,0.00016666943722852543,0.0,1.0,1.0,0.0,0.001202141141082936,0.3977272727272727
explicit_generic,stable,2006-2015,2006,2015,apparatus:eureca,EURECA,apparatus,0.00016666943722852543,0.00016666943722852543,0.0,1.0,1.0,0.0,0.00020236544758118528,0.3977272727272727
explicit_generic,stable,2006-2015,2006,2015,apparatus:iaxo,IAXO,apparatus,0.00016666943722852543,0.00016666943722852543,0.0,1.0,1.0,0.0,0.00020236544758118528,0.3977272727272727
explicit_generic,stable,2006-2015,2006,2015,apparatus:katrin,KATRIN,apparatus,0.00016666943722852543,0.00016666943722852543,0.0,1.0,1.0,0.0,0.00026580341530685515,0.3977272727272727
explicit_generic,stable,2006-2015,2006,2015,apparatus:kims,KIMS,apparatus,0.00016666943722852543,0.00016666943722852543,0.0,1.0,1.0,0.0,0.00028565019814335733,0.3977272727272727
explicit_generic,stable,2006-2015,2006,2015,apparatus:mimac,MIMAC,apparatus,0.00016666943722852543,0.00016666943722852543,0.0,1.0,1.0,0.0,0.00045842481484763227,0.3977272727272727
explicit_generic,stable,2006-2015,2006,2015,apparatus:xmm_newton,XMM-Newton,apparatus,0.00016666943722852543,0.00016666943722852543,0.0,1.0,1.0,0.0,0.00048411802650837933,0.3977272727272727
explicit_generic,stable,2006-2015,2006,2015,apparatus:zeplin,ZEPLIN,apparatus,0.00016666943722852543,0.00016666943722852543,0.0,1.0,1.0,0.0,0.0007756146534759815,0.3977272727272727
explicit_generic,stable,2006-2015,2006,2015,dm_model:asymmetric_dm,Asymmetric DM,candidate,0.00016666943722852543,0.00016575262476135487,0.005500783361459893,1.0,0.9915966386554622,0.008403361344537785,0.009391688717444627,0.8409090909090909
explicit_generic,stable,2006-2015,2006,2015,dm_model:atomic_dm,Atomic DM,candidate,0.00016666943722852543,0.00016666943722852543,0.0,1.0,1.0,0.0,0.0010394692591747551,0.3977272727272727
explicit_generic,stable,2006-2015,2006,2015,dm_model:axino,Axino,candidate,0.00016666943722852543,0.00016666943722852543,0.0,1.0,1.0,0.0,0.02524148453591807,0.3977272727272727
explicit_generic,stable,2006-2015,2006,2015,dm_model:axion_alp,Axion + ALP,candidate,0.00016666943722852543,0.00015772475714051097,0.053667188398495276,1.0,0.9411764705882353,0.05882352941176472,0.0761092302793468,0.9318181818181818
explicit_generic,stable,2006-2015,2006,2015,dm_model:bino,Bino,candidate,0.00016666943722852543,0.00016666943722852543,0.0,1.0,1.0,0.0,0.05035963206884527,0.3977272727272727
explicit_generic,stable,2006-2015,2006,2015,dm_model:dark_photon,Dark Photon,candidate,0.00016666943722852543,0.00016666943722852543,0.0,1.0,1.0,0.0,0.0012037312639353317,0.3977272727272727
explicit_generic,stable,2006-2015,2006,2015,dm_model:generic_composite,Generic Composite,candidate,0.00016666943722852543,0.00016666943722852543,0.0,1.0,1.0,0.0,0.0018879072416611287,0.3977272727272727
explicit_generic,stable,2006-2015,2006,2015,dm_model:generic_wimp,Generic WIMP,candidate,0.00016666943722852543,0.00013073575558751876,0.21559850587205698,1.0,0.9422268907563025,0.057773109243697496,0.10162024890341773,1.0
explicit_generic,stable,2006-2015,2006,2015,dm_model:gravitino,Gravitino,candidate,0.00016666943722852543,0.0001665069390226698,0.000974973027795185,1.0,1.0,0.0,0.10834940748634005,0.7954545454545454
explicit_generic,stable,2006-2015,2006,2015,dm_model:higgsino,Higgsino,candidate,0.00016666943722852543,0.00016666943722852543,0.0,1.0,1.0,0.0,0.08942407770172013,0.3977272727272727
explicit_generic,stable,2006-2015,2006,2015,dm_model:inert_doublet_model,Inert Doublet Model,candidate,0.00016666943722852543,0.00016666943722852543,0.0,1.0,1.0,0.0,0.0007277671626149647,0.3977272727272727
explicit_generic,stable,2006-2015,2006,2015,dm_model:lkp_kaluza_klein,LKP Kaluza-Klein,candidate,0.00016666943722852543,0.00016666943722852543,0.0,1.0,1.0,0.0,0.0033753398941317363,0.3977272727272727
explicit_generic,stable,2006-2015,2006,2015,dm_model:lsp,LSP,candidate,0.00016666943722852543,0.00016666943722852543,0.0,1.0,1.0,0.0,0.12445259648896048,0.3977272727272727
explicit_generic,stable,2006-2015,2006,2015,dm_model:macho,MACHO,candidate,0.00016666943722852543,0.00015392309140368265,0.07647680364676508,1.0,0.8333333333333334,0.16666666666666663,0.001468661929901163,0.9772727272727273
explicit_generic,stable,2006-2015,2006,2015,dm_model:minimal_su_2_l,Minimal SU(2)L,candidate,0.00016666943722852543,0.00016666943722852543,0.0,1.0,1.0,0.0,0.0004362705356473625,0.3977272727272727
explicit_generic,stable,2006-2015,2006,2015,dm_model:mirror_dm,Mirror DM,candidate,0.00016666943722852543,0.00016666943722852543,0.0,1.0,1.0,0.0,0.0017216964272924705,0.3977272727272727
explicit_generic,stable,2006-2015,2006,2015,dm_model:neutralino,Neutralino,candidate,0.00016666943722852543,0.00016599077756292456,0.004071890305061368,1.0,1.0,0.0,0.231378929974993,0.8181818181818182
explicit_generic,stable,2006-2015,2006,2015,dm_model:pbh,PBH,candidate,0.00016666943722852543,0.00016347932381517502,0.019140362302755898,1.0,0.9583333333333334,0.04166666666666663,0.0036507319816493477,0.9090909090909091
explicit_generic,stable,2006-2015,2006,2015,dm_model:q_ball,Q-ball,candidate,0.00016666943722852543,0.00016666943722852543,0.0,1.0,1.0,0.0,0.0017906221370866994,0.3977272727272727
explicit_generic,stable,2006-2015,2006,2015,dm_model:quark_nugget_aqn,Quark Nugget / AQN,candidate,0.00016666943722852543,0.00016666943722852543,0.0,1.0,1.0,0.0,0.00024205901325418966,0.3977272727272727
explicit_generic,stable,2006-2015,2006,2015,dm_model:sfdm,SFDM,candidate,0.00016666943722852543,0.00016666943722852543,0.0,1.0,1.0,0.0,0.0008335648791330925,0.3977272727272727
explicit_generic,stable,2006-2015,2006,2015,dm_model:sneutrino,Sneutrino,candidate,0.00016666943722852543,0.00016666943722852543,0.0,1.0,1.0,0.0,0.040095760966861606,0.3977272727272727
explicit_generic,stable,2006-2015,2006,2015,dm_model:sterile_nu,Sterile nu,candidate,0.00016666943722852543,0.00015571135715309917,0.06574738750933265,1.0,0.9583333333333334,0.04166666666666663,0.03145265481440223,0.9545454545454546
explicit_generic,stable,2006-2015,2006,2015,dm_model:superwimp,SuperWIMP,candidate,0.00016666943722852543,0.00016666943722852543,0.0,1.0,1.0,0.0,0.0013901475478961779,0.3977272727272727
explicit_generic,stable,2006-2015,2006,2015,dm_model:twin_higgs,Twin Higgs,candidate,0.00016666943722852543,0.00016666943722852543,0.0,1.0,1.0,0.0,0.0030815357708003665,0.3977272727272727
explicit_generic,stable,2006-2015,2006,2015,dm_model:ula_fuzzy,ULA / Fuzzy,candidate,0.00016666943722852543,0.00016666943722852543,0.0,1.0,1.0,0.0,0.0011589086429494543,0.3977272727272727
explicit_generic,stable,2006-2015,2006,2015,dm_model:vector_dm,Vector DM,candidate,0.00016666943722852543,0.00016666943722852543,0.0,1.0,1.0,0.0,0.0024569001415840758,0.3977272727272727
explicit_generic,stable,2006-2015,2006,2015,dm_model:wino,Wino,candidate,0.00016666943722852543,0.00016666943722852543,0.0,1.0,1.0,0.0,0.045933847431401664,0.3977272727272727
explicit_generic,stable,2006-2015,2006,2015,phenomenon:cmb,Cosmic microwave background,phenomenon,0.00016666943722852543,0.0001637842577155,0.01731078931447684,1.0,1.0,0.0,0.023078484387858124,0.8636363636363636
explicit_generic,stable,2006-2015,2006,2015,phenomenon:structure_formation,Cosmic structure formation,phenomenon,0.00016666943722852543,0.00016358853588884528,0.018485100753390243,1.0,0.9583333333333334,0.04166666666666663,0.0047412289773899104,0.8863636363636364
explicit_generic,stable,2016-2025,2016,2025,apparatus:antares,ANTARES,apparatus,0.00015421965258815122,0.00015421965258815122,0.0,1.0,1.0,0.0,0.0001247974977175976,0.375
explicit_generic,stable,2016-2025,2016,2025,apparatus:bbo,Big Bang Observer,apparatus,0.00015421965258815122,0.00015421965258815122,0.0,1.0,1.0,0.0,0.0030312192718203687,0.375
explicit_generic,stable,2016-2025,2016,2025,apparatus:bicep_keck,BICEP/Keck,apparatus,0.00015421965258815122,0.00015421965258815122,0.0,1.0,1.0,0.0,0.0003093207691805353,0.375
explicit_generic,stable,2016-2025,2016,2025,apparatus:cmb_s4,CMB-S4,apparatus,0.00015421965258815122,0.00015421965258815122,0.0,1.0,1.0,0.0,0.0021777090170235305,0.375
explicit_generic,stable,2016-2025,2016,2025,apparatus:cosmic_explorer,Cosmic Explorer,apparatus,0.00015421965258815122,0.00015421965258815122,0.0,1.0,1.0,0.0,0.0009101527245549051,0.375
explicit_generic,stable,2016-2025,2016,2025,apparatus:cta,Cherenkov Telescope Array,apparatus,0.00015421965258815122,0.00015421965258815122,0.0,1.0,1.0,0.0,0.0017608097556767823,0.375
explicit_generic,stable,2016-2025,2016,2025,apparatus:deap,DEAP,apparatus,0.00015421965258815122,0.00015421965258815122,0.0,1.0,1.0,0.0,0.00015293848403512918,0.375
explicit_generic,stable,2016-2025,2016,2025,apparatus:decigo,DECIGO,apparatus,0.00015421965258815122,0.00015421965258815122,0.0,1.0,1.0,0.0,0.0036952208020503553,0.375
explicit_generic,stable,2016-2025,2016,2025,apparatus:desi,Dark Energy Spectroscopic Instrument,apparatus,0.00015421965258815122,0.00015421965258815122,0.0,1.0,1.0,0.0,0.001816271070564217,0.375
explicit_generic,stable,2016-2025,2016,2025,apparatus:eht,Event Horizon Telescope,apparatus,0.00015421965258815122,0.00015421965258815122,0.0,1.0,1.0,0.0,0.0005639012177196439,0.375
explicit_generic,stable,2016-2025,2016,2025,apparatus:einstein_telescope,Einstein Telescope,apparatus,0.00015421965258815122,0.00015421965258815122,0.0,1.0,1.0,0.0,0.0030613928240652323,0.375
explicit_generic,stable,2016-2025,2016,2025,apparatus:epta,European Pulsar Timing Array,apparatus,0.00015421965258815122,0.00015421965258815122,0.0,1.0,1.0,0.0,0.00028711631052523727,0.375
explicit_generic,stable,2016-2025,2016,2025,dm_model:asymmetric_dm,Asymmetric DM,candidate,0.00015421965258815122,0.0001541935236444228,0.00016942680968292046,1.0,1.0,0.0,0.0073978890304475095,0.7708333333333334
explicit_generic,stable,2016-2025,2016,2025,dm_model:atomic_dm,Atomic DM,candidate,0.00015421965258815122,0.00015421965258815122,0.0,1.0,1.0,0.0,0.0007243178814106432,0.375
explicit_generic,stable,2016-2025,2016,2025,dm_model:axino,Axino,candidate,0.00015421965258815122,0.00015421965258815122,0.0,1.0,1.0,0.0,0.003419486632915889,0.375
explicit_generic,stable,2016-2025,2016,2025,dm_model:axion_alp,Axion + ALP,candidate,0.00015421965258815122,0.0001223520674521387,0.2066376405419352,1.0,0.9166666666666666,0.08333333333333337,0.1736574058042488,1.0
explicit_generic,stable,2016-2025,2016,2025,dm_model:bino,Bino,candidate,0.00015421965258815122,0.00015421965258815122,0.0,1.0,1.0,0.0,0.026934008348876454,0.375
explicit_generic,stable,2016-2025,2016,2025,dm_model:dark_photon,Dark Photon,candidate,0.00015421965258815122,0.00015383126870066623,0.0025183812890707345,1.0,0.9944444444444445,0.005555555555555536,0.01718543034145301,0.8125
explicit_generic,stable,2016-2025,2016,2025,dm_model:generic_composite,Generic Composite,candidate,0.00015421965258815122,0.0001542062524207691,8.68901411541522e-05,1.0,1.0,0.0,0.009498522851363624,0.75
explicit_generic,stable,2016-2025,2016,2025,dm_model:generic_wimp,Generic WIMP,candidate,0.00015421965258815122,0.0001490251346000946,0.03368259427952901,1.0,0.9654545454545455,0.034545454545454546,0.06062186936012075,0.9166666666666666
explicit_generic,stable,2016-2025,2016,2025,dm_model:glueball,Glueball,candidate,0.00015421965258815122,0.00015421965258815122,0.0,1.0,1.0,0.0,0.00022204458655297984,0.375
explicit_generic,stable,2016-2025,2016,2025,dm_model:gravitino,Gravitino,candidate,0.00015421965258815122,0.00015377463528459532,0.0028856069644011815,1.0,0.9944444444444445,0.005555555555555536,0.022563534292016033,0.8333333333333334
explicit_generic,stable,2016-2025,2016,2025,dm_model:higgsino,Higgsino,candidate,0.00015421965258815122,0.00015421965258815122,0.0,1.0,1.0,0.0,0.05192625788853416,0.375
explicit_generic,stable,2016-2025,2016,2025,dm_model:inert_doublet_model,Inert Doublet Model,candidate,0.00015421965258815122,0.00015421965258815122,0.0,1.0,1.0,0.0,0.0012409569581447303,0.375
explicit_generic,stable,2016-2025,2016,2025,dm_model:lsp,LSP,candidate,0.00015421965258815122,0.00015421965258815122,0.0,1.0,1.0,0.0,0.0363486988187228,0.375
explicit_generic,stable,2016-2025,2016,2025,dm_model:macho,MACHO,candidate,0.00015421965258815122,0.00015421965258815122,0.0,1.0,1.0,0.0,0.0009702389954232493,0.375
explicit_generic,stable,2016-2025,2016,2025,dm_model:macroscopic_dm,Macroscopic DM,candidate,0.00015421965258815122,0.00015421965258815122,0.0,1.0,1.0,0.0,0.00030433531607662194,0.375
explicit_generic,stable,2016-2025,2016,2025,dm_model:majoron,Majoron,candidate,0.00015421965258815122,0.00015421965258815122,0.0,1.0,1.0,0.0,0.0004440891731059597,0.375
explicit_generic,stable,2016-2025,2016,2025,dm_model:minimal_su_2_l,Minimal SU(2)L,candidate,0.00015421965258815122,0.00015421965258815122,0.0,1.0,1.0,0.0,0.0022880103160540124,0.375
explicit_generic,stable,2016-2025,2016,2025,dm_model:mirror_dm,Mirror DM,candidate,0.00015421965258815122,0.00015421965258815122,0.0,1.0,1.0,0.0,0.0009857859321703057,0.375
explicit_generic,stable,2016-2025,2016,2025,dm_model:neutralino,Neutralino,candidate,0.00015421965258815122,0.00015417415285538048,0.0002950320014806912,1.0,1.0,0.0,0.071408948458003,0.7916666666666666
explicit_generic,stable,2016-2025,2016,2025,dm_model:pbh,PBH,candidate,0.00015421965258815122,0.0001386800937309985,0.10076250721852974,1.0,0.9818181818181818,0.018181818181818188,0.06606364234205894,0.9791666666666666
explicit_generic,stable,2016-2025,2016,2025,dm_model:planckian_dm,Planckian DM,candidate,0.00015421965258815122,0.00015421965258815122,0.0,1.0,1.0,0.0,0.00012384642315927736,0.375
explicit_generic,stable,2016-2025,2016,2025,dm_model:quark_nugget_aqn,Quark Nugget / AQN,candidate,0.00015421965258815122,0.00015421965258815122,0.0,1.0,1.0,0.0,0.00150681988457299,0.375
explicit_generic,stable,2016-2025,2016,2025,dm_model:scotogenic_model,Scotogenic Model,candidate,0.00015421965258815122,0.00015421965258815122,0.0,1.0,1.0,0.0,0.002357116418571863,0.375
explicit_generic,stable,2016-2025,2016,2025,dm_model:sfdm,SFDM,candidate,0.00015421965258815122,0.00015421965258815122,0.0,1.0,1.0,0.0,0.0017446722414944096,0.375
explicit_generic,stable,2016-2025,2016,2025,dm_model:sneutrino,Sneutrino,candidate,0.00015421965258815122,0.00015421965258815122,0.0,1.0,1.0,0.0,0.0161589093733947,0.375
explicit_generic,stable,2016-2025,2016,2025,dm_model:sterile_nu,Sterile nu,candidate,0.00015421965258815122,0.00015015653623736178,0.026346294279628098,1.0,0.9654545454545455,0.034545454545454546,0.04136260385907876,0.8958333333333334
explicit_generic,stable,2016-2025,2016,2025,dm_model:superfluid_dm,Superfluid DM,candidate,0.00015421965258815122,0.00015421965258815122,0.0,1.0,1.0,0.0,0.0003615683632700054,0.375
explicit_generic,stable,2016-2025,2016,2025,dm_model:superwimp,SuperWIMP,candidate,0.00015421965258815122,0.00015421965258815122,0.0,1.0,1.0,0.0,0.00027927763374636325,0.375
explicit_generic,stable,2016-2025,2016,2025,dm_model:twin_higgs,Twin Higgs,candidate,0.00015421965258815122,0.00015421965258815122,0.0,1.0,1.0,0.0,0.0037732163194070206,0.375
explicit_generic,stable,2016-2025,2016,2025,dm_model:ula_fuzzy,ULA / Fuzzy,candidate,0.00015421965258815122,0.00014807935653188465,0.039815263186102734,1.0,0.9818181818181818,0.018181818181818188,0.021135615438900142,0.9583333333333334
explicit_generic,stable,2016-2025,2016,2025,dm_model:vector_dm,Vector DM,candidate,0.00015421965258815122,0.00015421965258815122,0.0,1.0,1.0,0.0,0.00927149281170673,0.375
explicit_generic,stable,2016-2025,2016,2025,dm_model:wimpzilla,WIMPzilla,candidate,0.00015421965258815122,0.00015421965258815122,0.0,1.0,1.0,0.0,0.0008481643045699205,0.375
explicit_generic,stable,2016-2025,2016,2025,dm_model:wino,Wino,candidate,0.00015421965258815122,0.00015421965258815122,0.0,1.0,1.0,0.0,0.02397868311829287,0.375
explicit_generic,stable,2016-2025,2016,2025,phenomenon:black_holes,Black-hole systems,phenomenon,0.00015421965258815122,0.0001527597778830658,0.00946620408349685,1.0,1.0,0.0,0.025007390418823872,0.8541666666666666
explicit_generic,stable,2016-2025,2016,2025,phenomenon:cmb,Cosmic microwave background,phenomenon,0.00015421965258815122,0.0001486898999334311,0.0358563423138263,1.0,1.0,0.0,0.04870974138697255,0.9375
explicit_generic,stable,2016-2025,2016,2025,theory:inflation,Cosmic inflation,theory,0.00015421965258815122,0.00015181096573385736,0.015618546753741865,1.0,1.0,0.0,0.0645077418847251,0.875
explicit_generic,rolling,2006-2010,2006,2010,apparatus:ams_02,AMS-02,apparatus,0.00019202236590414317,0.00019202236590414317,0.0,1.0,1.0,0.0,0.0006889165919882228,0.3939393939393939
explicit_generic,rolling,2006-2010,2006,2010,apparatus:cresst,CRESST,apparatus,0.00019202236590414317,0.00019202236590414317,0.0,1.0,1.0,0.0,0.003631135708976739,0.3939393939393939
explicit_generic,rolling,2006-2010,2006,2010,apparatus:edelweiss,EDELWEISS,apparatus,0.00019202236590414317,0.00019202236590414317,0.0,1.0,1.0,0.0,0.0007406199299407616,0.3939393939393939
explicit_generic,rolling,2006-2010,2006,2010,apparatus:egret,EGRET,apparatus,0.00019202236590414317,0.00019202236590414317,0.0,1.0,1.0,0.0,0.005840420274649627,0.3939393939393939
explicit_generic,rolling,2006-2010,2006,2010,apparatus:eureca,EURECA,apparatus,0.00019202236590414317,0.00019202236590414317,0.0,1.0,1.0,0.0,0.0005205301333037337,0.3939393939393939
explicit_generic,rolling,2006-2010,2006,2010,apparatus:kims,KIMS,apparatus,0.00019202236590414317,0.00019202236590414317,0.0,1.0,1.0,0.0,0.000388476255321517,0.3939393939393939
explicit_generic,rolling,2006-2010,2006,2010,apparatus:magic,MAGIC telescopes,apparatus,0.00019202236590414317,0.00019202236590414317,0.0,1.0,1.0,0.0,0.00013205387798221675,0.3939393939393939
explicit_generic,rolling,2006-2010,2006,2010,apparatus:planck,Planck mission,apparatus,0.00019202236590414317,0.00019202236590414317,0.0,1.0,1.0,0.0,0.000458345883625192,0.3939393939393939
explicit_generic,rolling,2006-2010,2006,2010,dm_model:asymmetric_dm,Asymmetric DM,candidate,0.00019202236590414317,0.00019202236590414317,0.0,1.0,1.0,0.0,0.0004248088360237893,0.3939393939393939
explicit_generic,rolling,2006-2010,2006,2010,dm_model:atomic_dm,Atomic DM,candidate,0.00019202236590414317,0.00019202236590414317,0.0,1.0,1.0,0.0,0.0004401795932740558,0.3939393939393939
explicit_generic,rolling,2006-2010,2006,2010,dm_model:axino,Axino,candidate,0.00019202236590414317,0.00019202236590414317,0.0,1.0,1.0,0.0,0.0326634668814035,0.3939393939393939
explicit_generic,rolling,2006-2010,2006,2010,dm_model:axion_alp,Axion + ALP,candidate,0.00019202236590414317,0.00018705997708140775,0.025842764718421493,1.0,0.9791666666666666,0.02083333333333337,0.06330489381723818,0.8484848484848485
explicit_generic,rolling,2006-2010,2006,2010,dm_model:bino,Bino,candidate,0.00019202236590414317,0.00019202236590414317,0.0,1.0,1.0,0.0,0.03921446679217083,0.3939393939393939
explicit_generic,rolling,2006-2010,2006,2010,dm_model:generic_composite,Generic Composite,candidate,0.00019202236590414317,0.00019202236590414317,0.0,1.0,1.0,0.0,0.0004506605050000587,0.3939393939393939
explicit_generic,rolling,2006-2010,2006,2010,dm_model:generic_wimp,Generic WIMP,candidate,0.00019202236590414317,0.0001542944762185353,0.19647653807391102,1.0,0.9895833333333334,0.01041666666666663,0.09822861933276253,1.0
explicit_generic,rolling,2006-2010,2006,2010,dm_model:gravitino,Gravitino,candidate,0.00019202236590414317,0.00019006180284367874,0.01021007657745,1.0,0.9895833333333334,0.01041666666666663,0.12924668591888294,0.7878787878787878
explicit_generic,rolling,2006-2010,2006,2010,dm_model:higgsino,Higgsino,candidate,0.00019202236590414317,0.00019202236590414317,0.0,1.0,1.0,0.0,0.06661463671570524,0.3939393939393939
explicit_generic,rolling,2006-2010,2006,2010,dm_model:inert_doublet_model,Inert Doublet Model,candidate,0.00019202236590414317,0.00019202236590414317,0.0,1.0,1.0,0.0,0.000637213254035684,0.3939393939393939
explicit_generic,rolling,2006-2010,2006,2010,dm_model:lkp_kaluza_klein,LKP Kaluza-Klein,candidate,0.00019202236590414317,0.00019202236590414317,0.0,1.0,1.0,0.0,0.007765336481583551,0.3939393939393939
explicit_generic,rolling,2006-2010,2006,2010,dm_model:lsp,LSP,candidate,0.00019202236590414317,0.00019202236590414317,0.0,1.0,1.0,0.0,0.13522824789149487,0.3939393939393939
explicit_generic,rolling,2006-2010,2006,2010,dm_model:macho,MACHO,candidate,0.00019202236590414317,0.0001773057489690204,0.07664011879985504,1.0,0.8275862068965517,0.1724137931034483,0.002200897966370279,0.9393939393939394
explicit_generic,rolling,2006-2010,2006,2010,dm_model:mirror_dm,Mirror DM,candidate,0.00019202236590414317,0.00019202236590414317,0.0,1.0,1.0,0.0,0.001553905021286068,0.3939393939393939
explicit_generic,rolling,2006-2010,2006,2010,dm_model:neutralino,Neutralino,candidate,0.00019202236590414317,0.00018669662951771427,0.02773497952362216,1.0,1.0,0.0,0.25757946625400735,0.9090909090909091
explicit_generic,rolling,2006-2010,2006,2010,dm_model:pbh,PBH,candidate,0.00019202236590414317,0.00018674584873857951,0.027478659273460198,1.0,0.9655172413793104,0.03448275862068961,0.003405454846137972,0.8787878787878788
explicit_generic,rolling,2006-2010,2006,2010,dm_model:q_ball,Q-ball,candidate,0.00019202236590414317,0.00019202236590414317,0.0,1.0,1.0,0.0,0.00159303313508921,0.3939393939393939
explicit_generic,rolling,2006-2010,2006,2010,dm_model:quark_nugget_aqn,Quark Nugget / AQN,candidate,0.00019202236590414317,0.00019202236590414317,0.0,1.0,1.0,0.0,0.0005205301333037337,0.3939393939393939
explicit_generic,rolling,2006-2010,2006,2010,dm_model:sneutrino,Sneutrino,candidate,0.00019202236590414317,0.00019202236590414317,0.0,1.0,1.0,0.0,0.04739203688562878,0.3939393939393939
explicit_generic,rolling,2006-2010,2006,2010,dm_model:sterile_nu,Sterile nu,candidate,0.00019202236590414317,0.00017540175477272275,0.08655560019355953,1.0,0.9655172413793104,0.03448275862068961,0.021398337998538918,0.9696969696969697
explicit_generic,rolling,2006-2010,2006,2010,dm_model:superwimp,SuperWIMP,candidate,0.00019202236590414317,0.00019202236590414317,0.0,1.0,1.0,0.0,0.0021939138084226214,0.3939393939393939
explicit_generic,rolling,2006-2010,2006,2010,dm_model:twin_higgs,Twin Higgs,candidate,0.00019202236590414317,0.00019202236590414317,0.0,1.0,1.0,0.0,0.002548853016142736,0.3939393939393939
explicit_generic,rolling,2006-2010,2006,2010,dm_model:wimpzilla,WIMPzilla,candidate,0.00019202236590414317,0.00019202236590414317,0.0,1.0,1.0,0.0,0.00036262458634524756,0.3939393939393939
explicit_generic,rolling,2006-2010,2006,2010,dm_model:wino,Wino,candidate,0.00019202236590414317,0.00019202236590414317,0.0,1.0,1.0,0.0,0.03524865247824851,0.3939393939393939
explicit_generic,rolling,2006-2010,2006,2010,phenomenon:black_holes,Black-hole systems,phenomenon,0.00019202236590414317,0.00018863968330267412,0.017616086467540277,1.0,0.9655172413793104,0.03448275862068961,0.005103988969555653,0.8181818181818182
explicit_generic,rolling,2007-2011,2007,2011,apparatus:coupp,COUPP,apparatus,0.00020714585401954648,0.00020714585401954648,0.0,1.0,1.0,0.0,0.00012652889076339096,0.3870967741935484
explicit_generic,rolling,2007-2011,2007,2011,apparatus:dmtpc,DMTPC,apparatus,0.00020714585401954648,0.00020714585401954648,0.0,1.0,1.0,0.0,0.00043326927107456407,0.3870967741935484
explicit_generic,rolling,2007-2011,2007,2011,apparatus:edelweiss,EDELWEISS,apparatus,0.00020714585401954648,0.00020714585401954648,0.0,1.0,1.0,0.0,0.001249974124971214,0.3870967741935484
explicit_generic,rolling,2007-2011,2007,2011,apparatus:egret,EGRET,apparatus,0.00020714585401954648,0.00020714585401954648,0.0,1.0,1.0,0.0,0.0036617613002719466,0.3870967741935484
explicit_generic,rolling,2007-2011,2007,2011,apparatus:eureca,EURECA,apparatus,0.00020714585401954648,0.00020714585401954648,0.0,1.0,1.0,0.0,0.0005828107655644767,0.3870967741935484
explicit_generic,rolling,2007-2011,2007,2011,apparatus:hubble,Hubble Space Telescope,apparatus,0.00020714585401954648,0.00020714585401954648,0.0,1.0,1.0,0.0,0.0003374103753690426,0.3870967741935484
explicit_generic,rolling,2007-2011,2007,2011,apparatus:planck,Planck mission,apparatus,0.00020714585401954648,0.00020714585401954648,0.0,1.0,1.0,0.0,0.0015260445102245176,0.3870967741935484
explicit_generic,rolling,2007-2011,2007,2011,dm_model:asymmetric_dm,Asymmetric DM,candidate,0.00020714585401954648,0.00020714585401954648,0.0,1.0,1.0,0.0,0.004302144004885206,0.3870967741935484
explicit_generic,rolling,2007-2011,2007,2011,dm_model:atomic_dm,Atomic DM,candidate,0.00020714585401954648,0.00020714585401954648,0.0,1.0,1.0,0.0,0.0006556570575434765,0.3870967741935484
explicit_generic,rolling,2007-2011,2007,2011,dm_model:axino,Axino,candidate,0.00020714585401954648,0.00020714585401954648,0.0,1.0,1.0,0.0,0.03425995315326038,0.3870967741935484
explicit_generic,rolling,2007-2011,2007,2011,dm_model:axion_alp,Axion + ALP,candidate,0.00020714585401954648,0.00019718674239447683,0.048077774340247716,1.0,0.9528301886792453,0.047169811320754707,0.06429044687468465,0.9354838709677419
explicit_generic,rolling,2007-2011,2007,2011,dm_model:bino,Bino,candidate,0.00020714585401954648,0.00020714585401954648,0.0,1.0,1.0,0.0,0.038661804964383026,0.3870967741935484
explicit_generic,rolling,2007-2011,2007,2011,dm_model:generic_composite,Generic Composite,candidate,0.00020714585401954648,0.00020714585401954648,0.0,1.0,1.0,0.0,0.0010314352490342145,0.3870967741935484
explicit_generic,rolling,2007-2011,2007,2011,dm_model:generic_wimp,Generic WIMP,candidate,0.00020714585401954648,0.0001606220950424729,0.22459420777344424,1.0,0.9905660377358491,0.009433962264150941,0.11071966055843488,1.0
explicit_generic,rolling,2007-2011,2007,2011,dm_model:gravitino,Gravitino,candidate,0.00020714585401954648,0.00020543183996389274,0.008274430901677636,1.0,0.9905660377358491,0.009433962264150941,0.1274155552263677,0.8064516129032258
explicit_generic,rolling,2007-2011,2007,2011,dm_model:higgsino,Higgsino,candidate,0.00020714585401954648,0.00020714585401954648,0.0,1.0,1.0,0.0,0.06185965772511922,0.3870967741935484
explicit_generic,rolling,2007-2011,2007,2011,dm_model:inert_doublet_model,Inert Doublet Model,candidate,0.00020714585401954648,0.00020714585401954648,0.0,1.0,1.0,0.0,0.0005751533742331289,0.3870967741935484
explicit_generic,rolling,2007-2011,2007,2011,dm_model:lkp_kaluza_klein,LKP Kaluza-Klein,candidate,0.00020714585401954648,0.00020714585401954648,0.0,1.0,1.0,0.0,0.004359635084469031,0.3870967741935484
explicit_generic,rolling,2007-2011,2007,2011,dm_model:lsp,LSP,candidate,0.00020714585401954648,0.00020714585401954648,0.0,1.0,1.0,0.0,0.14305206152823094,0.3870967741935484
explicit_generic,rolling,2007-2011,2007,2011,dm_model:macho,MACHO,candidate,0.00020714585401954648,0.00020591957520759699,0.005919881031429118,1.0,1.0,0.0,0.0020244622522142554,0.7741935483870968
explicit_generic,rolling,2007-2011,2007,2011,dm_model:mirror_dm,Mirror DM,candidate,0.00020714585401954648,0.00020714585401954648,0.0,1.0,1.0,0.0,0.001825127499204343,0.3870967741935484
explicit_generic,rolling,2007-2011,2007,2011,dm_model:neutralino,Neutralino,candidate,0.00020714585401954648,0.00020104587475122188,0.029447749737482088,1.0,1.0,0.0,0.2520049751211598,0.8709677419354839
explicit_generic,rolling,2007-2011,2007,2011,dm_model:pbh,PBH,candidate,0.00020714585401954648,0.00019973679372738801,0.035767359801752746,1.0,0.9615384615384616,0.038461538461538436,0.003746073464381729,0.9032258064516129
explicit_generic,rolling,2007-2011,2007,2011,dm_model:q_ball,Q-ball,candidate,0.00020714585401954648,0.00020714585401954648,0.0,1.0,1.0,0.0,0.0021088957055214724,0.3870967741935484
explicit_generic,rolling,2007-2011,2007,2011,dm_model:quark_nugget_aqn,Quark Nugget / AQN,candidate,0.00020714585401954648,0.00020714585401954648,0.0,1.0,1.0,0.0,0.00021088148460565162,0.3870967741935484
explicit_generic,rolling,2007-2011,2007,2011,dm_model:sneutrino,Sneutrino,candidate,0.00020714585401954648,0.00020714585401954648,0.0,1.0,1.0,0.0,0.04936733128834356,0.3870967741935484
explicit_generic,rolling,2007-2011,2007,2011,dm_model:sterile_nu,Sterile nu,candidate,0.00020714585401954648,0.0001899591783225617,0.08296895816878397,1.0,0.9615384615384616,0.038461538461538436,0.021667716761584896,0.967741935483871
explicit_generic,rolling,2007-2011,2007,2011,dm_model:twin_higgs,Twin Higgs,candidate,0.00020714585401954648,0.00020714585401954648,0.0,1.0,1.0,0.0,0.002396472392638037,0.3870967741935484
explicit_generic,rolling,2007-2011,2007,2011,dm_model:wimpzilla,WIMPzilla,candidate,0.00020714585401954648,0.00020714585401954648,0.0,1.0,1.0,0.0,0.00028757668711656444,0.3870967741935484
explicit_generic,rolling,2007-2011,2007,2011,dm_model:wino,Wino,candidate,0.00020714585401954648,0.00020714585401954648,0.0,1.0,1.0,0.0,0.031491551479663524,0.3870967741935484
explicit_generic,rolling,2007-2011,2007,2011,phenomenon:black_holes,Black-hole systems,phenomenon,0.00020714585401954648,0.0002035171648618005,0.017517556288640882,1.0,0.9615384615384616,0.038461538461538436,0.006640963599009504,0.8387096774193549
explicit_generic,rolling,2008-2012,2008,2012,apparatus:amanda,AMANDA,apparatus,0.00018217615395811694,0.00018217615395811694,0.0,1.0,1.0,0.0,0.00024415437673329783,0.3875
explicit_generic,rolling,2008-2012,2008,2012,apparatus:cresst,CRESST,apparatus,0.00018217615395811694,0.00018217615395811694,0.0,1.0,1.0,0.0,0.008816218058702087,0.3875
explicit_generic,rolling,2008-2012,2008,2012,apparatus:dmtpc,DMTPC,apparatus,0.00018217615395811694,0.00018217615395811694,0.0,1.0,1.0,0.0,0.0004418297147581258,0.3875
explicit_generic,rolling,2008-2012,2008,2012,apparatus:edelweiss,EDELWEISS,apparatus,0.00018217615395811694,0.00018217615395811694,0.0,1.0,1.0,0.0,0.000718575187992885,0.3875
explicit_generic,rolling,2008-2012,2008,2012,apparatus:egret,EGRET,apparatus,0.00018217615395811694,0.00018217615395811694,0.0,1.0,1.0,0.0,0.0011694776328705747,0.3875
explicit_generic,rolling,2008-2012,2008,2012,apparatus:eureca,EURECA,apparatus,0.00018217615395811694,0.00018217615395811694,0.0,1.0,1.0,0.0,0.0005347877921750655,0.3875
explicit_generic,rolling,2008-2012,2008,2012,apparatus:hubble,Hubble Space Telescope,apparatus,0.00018217615395811694,0.00018217615395811694,0.0,1.0,1.0,0.0,0.00015814027041986242,0.3875
explicit_generic,rolling,2008-2012,2008,2012,apparatus:integral,INTEGRAL,apparatus,0.00018217615395811694,0.00018217615395811694,0.0,1.0,1.0,0.0,0.0007602390146139102,0.3875
explicit_generic,rolling,2008-2012,2008,2012,apparatus:lisa,LISA,apparatus,0.00018217615395811694,0.00018217615395811694,0.0,1.0,1.0,0.0,0.00011860520281489681,0.3875
explicit_generic,rolling,2008-2012,2008,2012,apparatus:mimac,MIMAC,apparatus,0.00018217615395811694,0.00018217615395811694,0.0,1.0,1.0,0.0,0.0006790401203879195,0.3875
explicit_generic,rolling,2008-2012,2008,2012,apparatus:planck,Planck mission,apparatus,0.00018217615395811694,0.00018217615395811694,0.0,1.0,1.0,0.0,0.0019810108982803993,0.3875
explicit_generic,rolling,2008-2012,2008,2012,dm_model:asymmetric_dm,Asymmetric DM,candidate,0.00018217615395811694,0.00018208930338754653,0.0004767395110908813,1.0,1.0,0.0,0.00954543704177527,0.775
explicit_generic,rolling,2008-2012,2008,2012,dm_model:atomic_dm,Atomic DM,candidate,0.00018217615395811694,0.00018217615395811694,0.0,1.0,1.0,0.0,0.0006859840914914236,0.3875
explicit_generic,rolling,2008-2012,2008,2012,dm_model:axino,Axino,candidate,0.00018217615395811694,0.00018217615395811694,0.0,1.0,1.0,0.0,0.03480099320142382,0.3875
explicit_generic,rolling,2008-2012,2008,2012,dm_model:axion_alp,Axion + ALP,candidate,0.00018217615395811694,0.00017074064270328584,0.06277172399555747,1.0,0.9304347826086956,0.06956521739130439,0.06771134914611804,0.95
explicit_generic,rolling,2008-2012,2008,2012,dm_model:bino,Bino,candidate,0.00018217615395811694,0.00018217615395811694,0.0,1.0,1.0,0.0,0.04200747497745794,0.3875
explicit_generic,rolling,2008-2012,2008,2012,dm_model:generic_composite,Generic Composite,candidate,0.00018217615395811694,0.00018217615395811694,0.0,1.0,1.0,0.0,0.0012159566715790444,0.3875
explicit_generic,rolling,2008-2012,2008,2012,dm_model:generic_wimp,Generic WIMP,candidate,0.00018217615395811694,0.00014194154316472292,0.22085552866948835,1.0,0.9571214392803599,0.042878560719640135,0.1126998212699371,1.0
explicit_generic,rolling,2008-2012,2008,2012,dm_model:gravitino,Gravitino,candidate,0.00018217615395811694,0.00018109526337332726,0.0059332166219635,1.0,0.991304347826087,0.008695652173912993,0.1213435010299861,0.8
explicit_generic,rolling,2008-2012,2008,2012,dm_model:higgsino,Higgsino,candidate,0.00018217615395811694,0.00018217615395811694,0.0,1.0,1.0,0.0,0.0664354811704736,0.3875
explicit_generic,rolling,2008-2012,2008,2012,dm_model:inert_doublet_model,Inert Doublet Model,candidate,0.00018217615395811694,0.00018217615395811694,0.0,1.0,1.0,0.0,0.0009461551694477894,0.3875
explicit_generic,rolling,2008-2012,2008,2012,dm_model:lkp_kaluza_klein,LKP Kaluza-Klein,candidate,0.00018217615395811694,0.00018217615395811694,0.0,1.0,1.0,0.0,0.003173449203477546,0.3875
explicit_generic,rolling,2008-2012,2008,2012,dm_model:lsp,LSP,candidate,0.00018217615395811694,0.00018217615395811694,0.0,1.0,1.0,0.0,0.1370910264564483,0.3875
explicit_generic,rolling,2008-2012,2008,2012,dm_model:macho,MACHO,candidate,0.00018217615395811694,0.00017847882224531546,0.02029536595470946,1.0,0.9655172413793104,0.03448275862068961,0.0016209377718035898,0.85
explicit_generic,rolling,2008-2012,2008,2012,dm_model:minimal_su_2_l,Minimal SU(2)L,candidate,0.00018217615395811694,0.00018217615395811694,0.0,1.0,1.0,0.0,0.0008531970920308499,0.3875
explicit_generic,rolling,2008-2012,2008,2012,dm_model:mirror_dm,Mirror DM,candidate,0.00018217615395811694,0.00018217615395811694,0.0,1.0,1.0,0.0,0.002676067719891387,0.3875
explicit_generic,rolling,2008-2012,2008,2012,dm_model:neutralino,Neutralino,candidate,0.00018217615395811694,0.00017777518844190246,0.02415774743617805,1.0,0.991304347826087,0.008695652173912993,0.24579425569954141,0.875
explicit_generic,rolling,2008-2012,2008,2012,dm_model:pbh,PBH,candidate,0.00018217615395811694,0.00017448537988043746,0.042216140315749676,1.0,0.9310344827586207,0.06896551724137934,0.003720553872898886,0.925
explicit_generic,rolling,2008-2012,2008,2012,dm_model:q_ball,Q-ball,candidate,0.00018217615395811694,0.00018217615395811694,0.0,1.0,1.0,0.0,0.002322380870462756,0.3875
explicit_generic,rolling,2008-2012,2008,2012,dm_model:quark_nugget_aqn,Quark Nugget / AQN,candidate,0.00018217615395811694,0.00018217615395811694,0.0,1.0,1.0,0.0,0.00043488574365462164,0.3875
explicit_generic,rolling,2008-2012,2008,2012,dm_model:sfdm,SFDM,candidate,0.00018217615395811694,0.00018217615395811694,0.0,1.0,1.0,0.0,0.0002767454732347592,0.3875
explicit_generic,rolling,2008-2012,2008,2012,dm_model:sneutrino,Sneutrino,candidate,0.00018217615395811694,0.00018217615395811694,0.0,1.0,1.0,0.0,0.04894202649234474,0.3875
explicit_generic,rolling,2008-2012,2008,2012,dm_model:sterile_nu,Sterile nu,candidate,0.00018217615395811694,0.00016715931033009436,0.08243034723125735,1.0,0.9310344827586207,0.06896551724137934,0.02151001487261227,0.975
explicit_generic,rolling,2008-2012,2008,2012,dm_model:superwimp,SuperWIMP,candidate,0.00018217615395811694,0.00018217615395811694,0.0,1.0,1.0,0.0,0.0012437325559930613,0.3875
explicit_generic,rolling,2008-2012,2008,2012,dm_model:twin_higgs,Twin Higgs,candidate,0.00018217615395811694,0.00018217615395811694,0.0,1.0,1.0,0.0,0.0014622398073284018,0.3875
explicit_generic,rolling,2008-2012,2008,2012,dm_model:ula_fuzzy,ULA / Fuzzy,candidate,0.00018217615395811694,0.00018217615395811694,0.0,1.0,1.0,0.0,0.0004813647823630915,0.3875
explicit_generic,rolling,2008-2012,2008,2012,dm_model:vector_dm,Vector DM,candidate,0.00018217615395811694,0.00018217615395811694,0.0,1.0,1.0,0.0,0.001032169275761225,0.3875
explicit_generic,rolling,2008-2012,2008,2012,dm_model:wino,Wino,candidate,0.00018217615395811694,0.00018217615395811694,0.0,1.0,1.0,0.0,0.03092341444621572,0.3875
explicit_generic,rolling,2008-2012,2008,2012,phenomenon:black_holes,Black-hole systems,phenomenon,0.00018217615395811694,0.00018102156555812717,0.0063377581253318705,1.0,1.0,0.0,0.006112932148452009,0.825
explicit_generic,rolling,2008-2012,2008,2012,phenomenon:cmb,Cosmic microwave background,phenomenon,0.00018217615395811694,0.0001757496754343819,0.03527617849047637,1.0,0.9310344827586207,0.06896551724137934,0.01457389229276473,0.9
explicit_generic,rolling,2009-2013,2009,2013,apparatus:amanda,AMANDA,apparatus,0.00018118042437868318,0.00018118042437868318,0.0,1.0,1.0,0.0,0.00019275191551514938,0.39285714285714285
explicit_generic,rolling,2009-2013,2009,2013,apparatus:antares,ANTARES,apparatus,0.00018118042437868318,0.00018118042437868318,0.0,1.0,1.0,0.0,0.00023080945852017295,0.39285714285714285
explicit_generic,rolling,2009-2013,2009,2013,apparatus:cresst,CRESST,apparatus,0.00018118042437868318,0.00018118042437868318,0.0,1.0,1.0,0.0,0.007905567865792081,0.39285714285714285
explicit_generic,rolling,2009-2013,2009,2013,apparatus:dmtpc,DMTPC,apparatus,0.00018118042437868318,0.00018118042437868318,0.0,1.0,1.0,0.0,0.00023080945852017295,0.39285714285714285
explicit_generic,rolling,2009-2013,2009,2013,apparatus:edelweiss,EDELWEISS,apparatus,0.00018118042437868318,0.00018118042437868318,0.0,1.0,1.0,0.0,0.001785145785091525,0.39285714285714285
explicit_generic,rolling,2009-2013,2009,2013,apparatus:eureca,EURECA,apparatus,0.00018118042437868318,0.00018118042437868318,0.0,1.0,1.0,0.0,0.00019275191551514938,0.39285714285714285
explicit_generic,rolling,2009-2013,2009,2013,apparatus:hubble,Hubble Space Telescope,apparatus,0.00018118042437868318,0.00018118042437868318,0.0,1.0,1.0,0.0,0.000999352920090739,0.39285714285714285
explicit_generic,rolling,2009-2013,2009,2013,apparatus:iaxo,IAXO,apparatus,0.00018118042437868318,0.00018118042437868318,0.0,1.0,1.0,0.0,0.00019275191551514938,0.39285714285714285
explicit_generic,rolling,2009-2013,2009,2013,apparatus:katrin,KATRIN,apparatus,0.00018118042437868318,0.00018118042437868318,0.0,1.0,1.0,0.0,0.0002688670015251965,0.39285714285714285
explicit_generic,rolling,2009-2013,2009,2013,apparatus:lisa,LISA,apparatus,0.00018118042437868318,0.00018118042437868318,0.0,1.0,1.0,0.0,0.00011417262901507079,0.39285714285714285
explicit_generic,rolling,2009-2013,2009,2013,apparatus:mimac,MIMAC,apparatus,0.00018118042437868318,0.00018118042437868318,0.0,1.0,1.0,0.0,0.0007636150605905034,0.39285714285714285
explicit_generic,rolling,2009-2013,2009,2013,apparatus:zeplin,ZEPLIN,apparatus,0.00018118042437868318,0.00018118042437868318,0.0,1.0,1.0,0.0,0.0009330946360408174,0.39285714285714285
explicit_generic,rolling,2009-2013,2009,2013,dm_model:asymmetric_dm,Asymmetric DM,candidate,0.00018118042437868318,0.00018101127747352294,0.0009335826745096349,1.0,1.0,0.0,0.013576967161083375,0.7857142857142857
explicit_generic,rolling,2009-2013,2009,2013,dm_model:atomic_dm,Atomic DM,candidate,0.00018118042437868318,0.00018118042437868318,0.0,1.0,1.0,0.0,0.0009686879785558096,0.39285714285714285
explicit_generic,rolling,2009-2013,2009,2013,dm_model:axino,Axino,candidate,0.00018118042437868318,0.00018118042437868318,0.0,1.0,1.0,0.0,0.03275524146808261,0.39285714285714285
explicit_generic,rolling,2009-2013,2009,2013,dm_model:axion_alp,Axion + ALP,candidate,0.00018118042437868318,0.00016550203331288838,0.08653468562931263,1.0,0.8965289256198347,0.10347107438016534,0.0800358742135223,0.9761904761904762
explicit_generic,rolling,2009-2013,2009,2013,dm_model:bino,Bino,candidate,0.00018118042437868318,0.00018118042437868318,0.0,1.0,1.0,0.0,0.05154061934258145,0.39285714285714285
explicit_generic,rolling,2009-2013,2009,2013,dm_model:dark_photon,Dark Photon,candidate,0.00018118042437868318,0.00018118042437868318,0.0,1.0,1.0,0.0,0.0003118529455102829,0.39285714285714285
explicit_generic,rolling,2009-2013,2009,2013,dm_model:generic_composite,Generic Composite,candidate,0.00018118042437868318,0.00018118042437868318,0.0,1.0,1.0,0.0,0.0018809744750218232,0.39285714285714285
explicit_generic,rolling,2009-2013,2009,2013,dm_model:generic_wimp,Generic WIMP,candidate,0.00018118042437868318,0.00013831004895911112,0.2366170383284298,1.0,0.9047933884297521,0.0952066115702479,0.11752666904904613,1.0
explicit_generic,rolling,2009-2013,2009,2013,dm_model:gravitino,Gravitino,candidate,0.00018118042437868318,0.00018094513081504628,0.001298669900149457,1.0,1.0,0.0,0.11847894497385279,0.8095238095238095
explicit_generic,rolling,2009-2013,2009,2013,dm_model:higgsino,Higgsino,candidate,0.00018118042437868318,0.00018118042437868318,0.0,1.0,1.0,0.0,0.08560843634110056,0.39285714285714285
explicit_generic,rolling,2009-2013,2009,2013,dm_model:inert_doublet_model,Inert Doublet Model,candidate,0.00018118042437868318,0.00018118042437868318,0.0,1.0,1.0,0.0,0.0008643721515008643,0.39285714285714285
explicit_generic,rolling,2009-2013,2009,2013,dm_model:lkp_kaluza_klein,LKP Kaluza-Klein,candidate,0.00018118042437868318,0.00018118042437868318,0.0,1.0,1.0,0.0,0.0020356688475319487,0.39285714285714285
explicit_generic,rolling,2009-2013,2009,2013,dm_model:lsp,LSP,candidate,0.00018118042437868318,0.00018118042437868318,0.0,1.0,1.0,0.0,0.1314040055028707,0.39285714285714285
explicit_generic,rolling,2009-2013,2009,2013,dm_model:macho,MACHO,candidate,0.00018118042437868318,0.00017768233812330588,0.019307197603566632,1.0,0.96,0.040000000000000036,0.0015223017202009438,0.8809523809523809
explicit_generic,rolling,2009-2013,2009,2013,dm_model:minimal_su_2_l,Minimal SU(2)L,candidate,0.00018118042437868318,0.00018118042437868318,0.0,1.0,1.0,0.0,0.0007452711215057308,0.39285714285714285
explicit_generic,rolling,2009-2013,2009,2013,dm_model:mirror_dm,Mirror DM,candidate,0.00018118042437868318,0.00018118042437868318,0.0,1.0,1.0,0.0,0.002484966762122138,0.39285714285714285
explicit_generic,rolling,2009-2013,2009,2013,dm_model:neutralino,Neutralino,candidate,0.00018118042437868318,0.00017868590034081933,0.013768176371251198,1.0,1.0,0.0,0.25370348998016606,0.8571428571428571
explicit_generic,rolling,2009-2013,2009,2013,dm_model:pbh,PBH,candidate,0.00018118042437868318,0.00017608739287349874,0.028110274731113036,1.0,0.96,0.040000000000000036,0.004147177651893019,0.9047619047619048
explicit_generic,rolling,2009-2013,2009,2013,dm_model:q_ball,Q-ball,candidate,0.00018118042437868318,0.00018118042437868318,0.0,1.0,1.0,0.0,0.0030645921735030644,0.39285714285714285
explicit_generic,rolling,2009-2013,2009,2013,dm_model:quark_nugget_aqn,Quark Nugget / AQN,candidate,0.00018118042437868318,0.00018118042437868318,0.0,1.0,1.0,0.0,0.0004186329730552596,0.39285714285714285
explicit_generic,rolling,2009-2013,2009,2013,dm_model:sfdm,SFDM,candidate,0.00018118042437868318,0.00018118042437868318,0.0,1.0,1.0,0.0,0.0003425178870452124,0.39285714285714285
explicit_generic,rolling,2009-2013,2009,2013,dm_model:sneutrino,Sneutrino,candidate,0.00018118042437868318,0.00018118042437868318,0.0,1.0,1.0,0.0,0.04502593116454503,0.39285714285714285
explicit_generic,rolling,2009-2013,2009,2013,dm_model:sterile_nu,Sterile nu,candidate,0.00018118042437868318,0.0001755999573328731,0.030800606991329294,1.0,1.0,0.0,0.027654430188685745,0.9285714285714286
explicit_generic,rolling,2009-2013,2009,2013,dm_model:superwimp,SuperWIMP,candidate,0.00018118042437868318,0.00018118042437868318,0.0,1.0,1.0,0.0,0.0013333836700113045,0.39285714285714285
explicit_generic,rolling,2009-2013,2009,2013,dm_model:twin_higgs,Twin Higgs,candidate,0.00018118042437868318,0.00018118042437868318,0.0,1.0,1.0,0.0,0.0011786892975011788,0.39285714285714285
explicit_generic,rolling,2009-2013,2009,2013,dm_model:ula_fuzzy,ULA / Fuzzy,candidate,0.00018118042437868318,0.00018118042437868318,0.0,1.0,1.0,0.0,0.0006874999745804561,0.39285714285714285
explicit_generic,rolling,2009-2013,2009,2013,dm_model:vector_dm,Vector DM,candidate,0.00018118042437868318,0.00018118042437868318,0.0,1.0,1.0,0.0,0.0018073235895018074,0.39285714285714285
explicit_generic,rolling,2009-2013,2009,2013,dm_model:wino,Wino,candidate,0.00018118042437868318,0.00018118042437868318,0.0,1.0,1.0,0.0,0.04520143367662995,0.39285714285714285
explicit_generic,rolling,2009-2013,2009,2013,phenomenon:black_holes,Black-hole systems,phenomenon,0.00018118042437868318,0.00018015580768993881,0.005655228440147728,1.0,1.0,0.0,0.0051810293788441975,0.8333333333333334
explicit_generic,rolling,2009-2013,2009,2013,phenomenon:cmb,Cosmic microwave background,phenomenon,0.00018118042437868318,0.0001701053976001539,0.06112706058896013,1.0,0.88,0.12,0.021447485961653166,0.9523809523809523
explicit_generic,rolling,2010-2014,2010,2014,apparatus:antares,ANTARES,apparatus,0.00017260910881466962,0.00017260910881466962,0.0,1.0,1.0,0.0,0.00026103399078092484,0.38095238095238093
explicit_generic,rolling,2010-2014,2010,2014,apparatus:cobe,COBE,apparatus,0.00017260910881466962,0.00017260910881466962,0.0,1.0,1.0,0.0,0.00033594035782212334,0.38095238095238093
explicit_generic,rolling,2010-2014,2010,2014,apparatus:cresst,CRESST,apparatus,0.00017260910881466962,0.00017260910881466962,0.0,1.0,1.0,0.0,0.007449547611074825,0.38095238095238093
explicit_generic,rolling,2010-2014,2010,2014,apparatus:dama_libra,DAMA/LIBRA,apparatus,0.00017260910881466962,0.00017260910881466962,0.0,1.0,1.0,0.0,0.00048347650417798055,0.38095238095238093
explicit_generic,rolling,2010-2014,2010,2014,apparatus:edelweiss,EDELWEISS,apparatus,0.00017260910881466962,0.00017260910881466962,0.0,1.0,1.0,0.0,0.0015570975937793897,0.38095238095238093
explicit_generic,rolling,2010-2014,2010,2014,apparatus:iaxo,IAXO,apparatus,0.00017260910881466962,0.00017260910881466962,0.0,1.0,1.0,0.0,0.00025989569691765494,0.38095238095238093
explicit_generic,rolling,2010-2014,2010,2014,apparatus:katrin,KATRIN,apparatus,0.00017260910881466962,0.00017260910881466962,0.0,1.0,1.0,0.0,0.00040857013713678205,0.38095238095238093
explicit_generic,rolling,2010-2014,2010,2014,apparatus:kims,KIMS,apparatus,0.00017260910881466962,0.00017260910881466962,0.0,1.0,1.0,0.0,0.00025989569691765494,0.38095238095238093
explicit_generic,rolling,2010-2014,2010,2014,apparatus:mimac,MIMAC,apparatus,0.00017260910881466962,0.00017260910881466962,0.0,1.0,1.0,0.0,0.0007479253765487151,0.38095238095238093
explicit_generic,rolling,2010-2014,2010,2014,apparatus:pixie,PIXIE,apparatus,0.00017260910881466962,0.00017260910881466962,0.0,1.0,1.0,0.0,0.00018612762373972633,0.38095238095238093
explicit_generic,rolling,2010-2014,2010,2014,apparatus:xmm_newton,XMM-Newton,apparatus,0.00017260910881466962,0.00017260910881466962,0.0,1.0,1.0,0.0,0.0002973488804382542,0.38095238095238093
explicit_generic,rolling,2010-2014,2010,2014,apparatus:zeplin,ZEPLIN,apparatus,0.00017260910881466962,0.00017260910881466962,0.0,1.0,1.0,0.0,0.00025989569691765494,0.38095238095238093
explicit_generic,rolling,2010-2014,2010,2014,dm_model:asymmetric_dm,Asymmetric DM,candidate,0.00017260910881466962,0.000172338156243093,0.0015697466572725796,1.0,1.0,0.0,0.016906548284104886,0.7857142857142857
explicit_generic,rolling,2010-2014,2010,2014,dm_model:atomic_dm,Atomic DM,candidate,0.00017260910881466962,0.00017260910881466962,0.0,1.0,1.0,0.0,0.0027748399481468465,0.38095238095238093
explicit_generic,rolling,2010-2014,2010,2014,dm_model:axino,Axino,candidate,0.00017260910881466962,0.00017260910881466962,0.0,1.0,1.0,0.0,0.02419820459008712,0.38095238095238093
explicit_generic,rolling,2010-2014,2010,2014,dm_model:axion_alp,Axion + ALP,candidate,0.00017260910881466962,0.00015594531139213427,0.09654066078533126,1.0,0.8957795004306632,0.10422049956933677,0.08193969694859884,0.9761904761904762
explicit_generic,rolling,2010-2014,2010,2014,dm_model:bino,Bino,candidate,0.00017260910881466962,0.00017260910881466962,0.0,1.0,1.0,0.0,0.057321207740840326,0.38095238095238093
explicit_generic,rolling,2010-2014,2010,2014,dm_model:dark_photon,Dark Photon,candidate,0.00017260910881466962,0.00017260910881466962,0.0,1.0,1.0,0.0,0.002030329453187941,0.38095238095238093
explicit_generic,rolling,2010-2014,2010,2014,dm_model:generic_composite,Generic Composite,candidate,0.00017260910881466962,0.00017260910881466962,0.0,1.0,1.0,0.0,0.0034716526148157235,0.38095238095238093
explicit_generic,rolling,2010-2014,2010,2014,dm_model:generic_wimp,Generic WIMP,candidate,0.00017260910881466962,0.00013584587757217717,0.2129854646429183,1.0,0.9259259259259259,0.07407407407407407,0.11243286552770972,1.0
explicit_generic,rolling,2010-2014,2010,2014,dm_model:gravitino,Gravitino,candidate,0.00017260910881466962,0.00017240726252334832,0.0011693837753257012,1.0,1.0,0.0,0.1122274200624846,0.7619047619047619
explicit_generic,rolling,2010-2014,2010,2014,dm_model:higgsino,Higgsino,candidate,0.00017260910881466962,0.00017260910881466962,0.0,1.0,1.0,0.0,0.0932814359742856,0.38095238095238093
explicit_generic,rolling,2010-2014,2010,2014,dm_model:inert_doublet_model,Inert Doublet Model,candidate,0.00017260910881466962,0.00017260910881466962,0.0,1.0,1.0,0.0,0.0005163765122455002,0.38095238095238093
explicit_generic,rolling,2010-2014,2010,2014,dm_model:lkp_kaluza_klein,LKP Kaluza-Klein,candidate,0.00017260910881466962,0.00017260910881466962,0.0,1.0,1.0,0.0,0.0014390465739012425,0.38095238095238093
explicit_generic,rolling,2010-2014,2010,2014,dm_model:lsp,LSP,candidate,0.00017260910881466962,0.00017181926081446101,0.004575934640023365,1.0,0.9922480620155039,0.007751937984496138,0.12819194728925815,0.8333333333333334
explicit_generic,rolling,2010-2014,2010,2014,dm_model:macho,MACHO,candidate,0.00017260910881466962,0.00016865188281119705,0.022925939602187768,1.0,0.9629629629629629,0.03703703703703709,0.0013108614232209739,0.8809523809523809
explicit_generic,rolling,2010-2014,2010,2014,dm_model:minimal_su_2_l,Minimal SU(2)L,candidate,0.00017260910881466962,0.00017260910881466962,0.0,1.0,1.0,0.0,0.0009601232451763417,0.38095238095238093
explicit_generic,rolling,2010-2014,2010,2014,dm_model:mirror_dm,Mirror DM,candidate,0.00017260910881466962,0.00017260910881466962,0.0,1.0,1.0,0.0,0.0030790185917647203,0.38095238095238093
explicit_generic,rolling,2010-2014,2010,2014,dm_model:neutralino,Neutralino,candidate,0.00017260910881466962,0.0001719673062814475,0.003718242551795037,1.0,1.0,0.0,0.23742219540416615,0.8095238095238095
explicit_generic,rolling,2010-2014,2010,2014,dm_model:pbh,PBH,candidate,0.00017260910881466962,0.00016549470081541625,0.04121687463720187,1.0,0.9259259259259259,0.07407407407407407,0.0038780566781932736,0.9047619047619048
explicit_generic,rolling,2010-2014,2010,2014,dm_model:q_ball,Q-ball,candidate,0.00017260910881466962,0.00017260910881466962,0.0,1.0,1.0,0.0,0.0024343464148716435,0.38095238095238093
explicit_generic,rolling,2010-2014,2010,2014,dm_model:quark_nugget_aqn,Quark Nugget / AQN,candidate,0.00017260910881466962,0.00017260910881466962,0.0,1.0,1.0,0.0,0.00033707865168539324,0.38095238095238093
explicit_generic,rolling,2010-2014,2010,2014,dm_model:sfdm,SFDM,candidate,0.00017260910881466962,0.00017260910881466962,0.0,1.0,1.0,0.0,0.0012336784684532354,0.38095238095238093
explicit_generic,rolling,2010-2014,2010,2014,dm_model:sneutrino,Sneutrino,candidate,0.00017260910881466962,0.00017260910881466962,0.0,1.0,1.0,0.0,0.04112626994362682,0.38095238095238093
explicit_generic,rolling,2010-2014,2010,2014,dm_model:sterile_nu,Sterile nu,candidate,0.00017260910881466962,0.00015726443622612253,0.0888983941457149,1.0,0.911570485213896,0.08842951478610395,0.03342182186695666,0.9523809523809523
explicit_generic,rolling,2010-2014,2010,2014,dm_model:superwimp,SuperWIMP,candidate,0.00017260910881466962,0.00017260910881466962,0.0,1.0,1.0,0.0,0.0009975764286969408,0.38095238095238093
explicit_generic,rolling,2010-2014,2010,2014,dm_model:twin_higgs,Twin Higgs,candidate,0.00017260910881466962,0.00017260910881466962,0.0,1.0,1.0,0.0,0.0008114488049572146,0.38095238095238093
explicit_generic,rolling,2010-2014,2010,2014,dm_model:ula_fuzzy,ULA / Fuzzy,candidate,0.00017260910881466962,0.00017260910881466962,0.0,1.0,1.0,0.0,0.001158772101412037,0.38095238095238093
explicit_generic,rolling,2010-2014,2010,2014,dm_model:vector_dm,Vector DM,candidate,0.00017260910881466962,0.00017260910881466962,0.0,1.0,1.0,0.0,0.0035408675125405725,0.38095238095238093
explicit_generic,rolling,2010-2014,2010,2014,dm_model:wino,Wino,candidate,0.00017260910881466962,0.00017260910881466962,0.0,1.0,1.0,0.0,0.05120642572411514,0.38095238095238093
explicit_generic,rolling,2010-2014,2010,2014,phenomenon:black_holes,Black-hole systems,phenomenon,0.00017260910881466962,0.0001696529463154562,0.017126341243018914,1.0,0.9629629629629629,0.03703703703703709,0.005090107563244381,0.8571428571428571
explicit_generic,rolling,2010-2014,2010,2014,phenomenon:cmb,Cosmic microwave background,phenomenon,0.00017260910881466962,0.00016500349418539442,0.04406264930920505,1.0,0.9554981337927074,0.04450186620729257,0.028469337347200627,0.9285714285714286
explicit_generic,rolling,2011-2015,2011,2015,apparatus:antares,ANTARES,apparatus,0.0001460168785476706,0.0001460168785476706,0.0,1.0,1.0,0.0,0.000321502390022434,0.3717948717948718
explicit_generic,rolling,2011-2015,2011,2015,apparatus:cobe,COBE,apparatus,0.0001460168785476706,0.0001460168785476706,0.0,1.0,1.0,0.0,0.0002853595535326263,0.3717948717948718
explicit_generic,rolling,2011-2015,2011,2015,apparatus:cresst,CRESST,apparatus,0.0001460168785476706,0.0001460168785476706,0.0,1.0,1.0,0.0,0.0065069286991116145,0.3717948717948718
explicit_generic,rolling,2011-2015,2011,2015,apparatus:cta,Cherenkov Telescope Array,apparatus,0.0001460168785476706,0.0001460168785476706,0.0,1.0,1.0,0.0,0.0010977291008690264,0.3717948717948718
explicit_generic,rolling,2011-2015,2011,2015,apparatus:dama_libra,DAMA/LIBRA,apparatus,0.0001460168785476706,0.0001460168785476706,0.0,1.0,1.0,0.0,0.0002815764151467908,0.3717948717948718
explicit_generic,rolling,2011-2015,2011,2015,apparatus:edelweiss,EDELWEISS,apparatus,0.0001460168785476706,0.0001460168785476706,0.0,1.0,1.0,0.0,0.0012481781762313814,0.3717948717948718
explicit_generic,rolling,2011-2015,2011,2015,apparatus:iaxo,IAXO,apparatus,0.0001460168785476706,0.0001460168785476706,0.0,1.0,1.0,0.0,0.00046229059759582945,0.3717948717948718
explicit_generic,rolling,2011-2015,2011,2015,apparatus:katrin,KATRIN,apparatus,0.0001460168785476706,0.0001460168785476706,0.0,1.0,1.0,0.0,0.00045472432082415846,0.3717948717948718
explicit_generic,rolling,2011-2015,2011,2015,apparatus:mimac,MIMAC,apparatus,0.0001460168785476706,0.0001460168785476706,0.0,1.0,1.0,0.0,0.000574502245451088,0.3717948717948718
explicit_generic,rolling,2011-2015,2011,2015,apparatus:pixie,PIXIE,apparatus,0.0001460168785476706,0.0001460168785476706,0.0,1.0,1.0,0.0,0.00017693104406320314,0.3717948717948718
explicit_generic,rolling,2011-2015,2011,2015,apparatus:xmm_newton,XMM-Newton,apparatus,0.0001460168785476706,0.0001460168785476706,0.0,1.0,1.0,0.0,0.0012271678932849156,0.3717948717948718
explicit_generic,rolling,2011-2015,2011,2015,dm_model:asymmetric_dm,Asymmetric DM,candidate,0.0001460168785476706,0.00014579821471240998,0.0014975243782466912,1.0,1.0,0.0,0.017005449680169323,0.7948717948717948
explicit_generic,rolling,2011-2015,2011,2015,dm_model:atomic_dm,Atomic DM,candidate,0.0001460168785476706,0.0001460168785476706,0.0,1.0,1.0,0.0,0.002391710981379175,0.3717948717948718
explicit_generic,rolling,2011-2015,2011,2015,dm_model:axino,Axino,candidate,0.0001460168785476706,0.0001460168785476706,0.0,1.0,1.0,0.0,0.019804798774374084,0.3717948717948718
explicit_generic,rolling,2011-2015,2011,2015,dm_model:axion_alp,Axion + ALP,candidate,0.0001460168785476706,0.0001385964476303007,0.05081899429145335,1.0,0.9465648854961832,0.05343511450381677,0.08479154006275216,0.9230769230769231
explicit_generic,rolling,2011-2015,2011,2015,dm_model:bino,Bino,candidate,0.0001460168785476706,0.0001460168785476706,0.0,1.0,1.0,0.0,0.057308044895275696,0.3717948717948718
explicit_generic,rolling,2011-2015,2011,2015,dm_model:dark_photon,Dark Photon,candidate,0.0001460168785476706,0.0001460168785476706,0.0,1.0,1.0,0.0,0.0031910425661895218,0.3717948717948718
explicit_generic,rolling,2011-2015,2011,2015,dm_model:generic_composite,Generic Composite,candidate,0.0001460168785476706,0.0001460168785476706,0.0,1.0,1.0,0.0,0.003299471075658945,0.3717948717948718
explicit_generic,rolling,2011-2015,2011,2015,dm_model:generic_wimp,Generic WIMP,candidate,0.0001460168785476706,0.0001184508730138022,0.18878643214434165,1.0,0.8600508905852418,0.13994910941475824,0.1039846043697863,1.0
explicit_generic,rolling,2011-2015,2011,2015,dm_model:gravitino,Gravitino,candidate,0.0001460168785476706,0.00014593526932508546,0.0005589026652045443,1.0,1.0,0.0,0.09606872401654891,0.7692307692307693
explicit_generic,rolling,2011-2015,2011,2015,dm_model:higgsino,Higgsino,candidate,0.0001460168785476706,0.0001460168785476706,0.0,1.0,1.0,0.0,0.10446636525551445,0.3717948717948718
explicit_generic,rolling,2011-2015,2011,2015,dm_model:inert_doublet_model,Inert Doublet Model,candidate,0.0001460168785476706,0.0001460168785476706,0.0,1.0,1.0,0.0,0.0009951783208027273,0.3717948717948718
explicit_generic,rolling,2011-2015,2011,2015,dm_model:lkp_kaluza_klein,LKP Kaluza-Klein,candidate,0.0001460168785476706,0.0001460168785476706,0.0,1.0,1.0,0.0,0.0008220304151253596,0.3717948717948718
explicit_generic,rolling,2011-2015,2011,2015,dm_model:lsp,LSP,candidate,0.0001460168785476706,0.0001460168785476706,0.0,1.0,1.0,0.0,0.11903808338841167,0.3717948717948718
explicit_generic,rolling,2011-2015,2011,2015,dm_model:macho,MACHO,candidate,0.0001460168785476706,0.00014274770305601258,0.022389024639988566,1.0,0.9666666666666667,0.033333333333333326,0.001011999421714616,0.8717948717948718
explicit_generic,rolling,2011-2015,2011,2015,dm_model:minimal_su_2_l,Minimal SU(2)L,candidate,0.0001460168785476706,0.0001460168785476706,0.0,1.0,1.0,0.0,0.0015146220378348303,0.3717948717948718
explicit_generic,rolling,2011-2015,2011,2015,dm_model:mirror_dm,Mirror DM,candidate,0.0001460168785476706,0.0001460168785476706,0.0,1.0,1.0,0.0,0.00272077964817328,0.3717948717948718
explicit_generic,rolling,2011-2015,2011,2015,dm_model:neutralino,Neutralino,candidate,0.0001460168785476706,0.0001456999917466529,0.002170206651241644,1.0,1.0,0.0,0.21556909800255641,0.8205128205128205
explicit_generic,rolling,2011-2015,2011,2015,dm_model:pbh,PBH,candidate,0.0001460168785476706,0.00014183420493111876,0.028645137864567564,1.0,0.9666666666666667,0.033333333333333326,0.0042005413532381075,0.8974358974358975
explicit_generic,rolling,2011-2015,2011,2015,dm_model:q_ball,Q-ball,candidate,0.0001460168785476706,0.0001460168785476706,0.0,1.0,1.0,0.0,0.002534593779969859,0.3717948717948718
explicit_generic,rolling,2011-2015,2011,2015,dm_model:sfdm,SFDM,candidate,0.0001460168785476706,0.0001460168785476706,0.0,1.0,1.0,0.0,0.0015179991325719243,0.3717948717948718
explicit_generic,rolling,2011-2015,2011,2015,dm_model:sneutrino,Sneutrino,candidate,0.0001460168785476706,0.00014534341117484583,0.004612257017978215,1.0,0.9923664122137404,0.007633587786259555,0.036003756636610124,0.8461538461538461
explicit_generic,rolling,2011-2015,2011,2015,dm_model:sterile_nu,Sterile nu,candidate,0.0001460168785476706,0.0001380540915401675,0.05453333263047019,1.0,0.9770992366412213,0.022900763358778664,0.03987319910481042,0.9487179487179487
explicit_generic,rolling,2011-2015,2011,2015,dm_model:superwimp,SuperWIMP,candidate,0.0001460168785476706,0.0001460168785476706,0.0,1.0,1.0,0.0,0.0008581732516151673,0.3717948717948718
explicit_generic,rolling,2011-2015,2011,2015,dm_model:twin_higgs,Twin Higgs,candidate,0.0001460168785476706,0.0001460168785476706,0.0,1.0,1.0,0.0,0.0041786546102205785,0.3717948717948718
explicit_generic,rolling,2011-2015,2011,2015,dm_model:ula_fuzzy,ULA / Fuzzy,candidate,0.0001460168785476706,0.0001460168785476706,0.0,1.0,1.0,0.0,0.0022332895855964076,0.3717948717948718
explicit_generic,rolling,2011-2015,2011,2015,dm_model:vector_dm,Vector DM,candidate,0.0001460168785476706,0.0001460168785476706,0.0,1.0,1.0,0.0,0.003904644471845458,0.3717948717948718
explicit_generic,rolling,2011-2015,2011,2015,dm_model:wino,Wino,candidate,0.0001460168785476706,0.0001460088056765548,5.528724621484994e-05,1.0,1.0,0.0,0.05304744374428654,0.7435897435897436
explicit_generic,rolling,2011-2015,2011,2015,phenomenon:cmb,Cosmic microwave background,phenomenon,0.0001460168785476706,0.00013680171347161255,0.06311027305688871,1.0,0.9333333333333333,0.06666666666666665,0.03065062077240475,0.9743589743589743
explicit_generic,rolling,2012-2016,2012,2016,apparatus:antares,ANTARES,apparatus,0.00015402506936821315,0.00015402506936821315,0.0,0.9354838709677419,0.9354838709677419,0.0,0.0005480437950995391,0.3977272727272727
explicit_generic,rolling,2012-2016,2012,2016,apparatus:cobe,COBE,apparatus,0.00015402506936821315,0.00015402506936821315,0.0,0.9354838709677419,0.9354838709677419,0.0,0.00027402189754976953,0.3977272727272727
explicit_generic,rolling,2012-2016,2012,2016,apparatus:cresst,CRESST,apparatus,0.00015402506936821315,0.00015402506936821315,0.0,0.9354838709677419,0.9354838709677419,0.0,0.004417923359081866,0.3977272727272727
explicit_generic,rolling,2012-2016,2012,2016,apparatus:cta,Cherenkov Telescope Array,apparatus,0.00015402506936821315,0.00015402506936821315,0.0,0.9354838709677419,0.9354838709677419,0.0,0.0027870116470470824,0.3977272727272727
explicit_generic,rolling,2012-2016,2012,2016,apparatus:dama_libra,DAMA/LIBRA,apparatus,0.00015402506936821315,0.00015402506936821315,0.0,0.9354838709677419,0.9354838709677419,0.0,0.0003300434813609133,0.3977272727272727
explicit_generic,rolling,2012-2016,2012,2016,apparatus:darkside,DarkSide,apparatus,0.00015402506936821315,0.00015402506936821315,0.0,0.9354838709677419,0.9354838709677419,0.0,0.00020373301022285592,0.3977272727272727
explicit_generic,rolling,2012-2016,2012,2016,apparatus:darwin,DARWIN,apparatus,0.00015402506936821315,0.00015402506936821315,0.0,0.9354838709677419,0.9354838709677419,0.0,0.00030916634121322633,0.3977272727272727
explicit_generic,rolling,2012-2016,2012,2016,apparatus:edelweiss,EDELWEISS,apparatus,0.00015402506936821315,0.00015402506936821315,0.0,0.9354838709677419,0.9354838709677419,0.0,0.0004986320479203124,0.3977272727272727
explicit_generic,rolling,2012-2016,2012,2016,apparatus:iaxo,IAXO,apparatus,0.00015402506936821315,0.00015402506936821315,0.0,0.9354838709677419,0.9354838709677419,0.0,0.000576054587005111,0.3977272727272727
explicit_generic,rolling,2012-2016,2012,2016,apparatus:mimac,MIMAC,apparatus,0.00015402506936821315,0.00015402506936821315,0.0,0.9354838709677419,0.9354838709677419,0.0,0.0002460111056441977,0.3977272727272727
explicit_generic,rolling,2012-2016,2012,2016,apparatus:pico,PICO,apparatus,0.00015402506936821315,0.00015402506936821315,0.0,0.9354838709677419,0.9354838709677419,0.0,0.0001685885665593991,0.3977272727272727
explicit_generic,rolling,2012-2016,2012,2016,apparatus:planck,Planck mission,apparatus,0.00015402506936821315,0.00015402506936821315,0.0,0.9354838709677419,0.9354838709677419,0.0,0.010383573924728069,0.3977272727272727
explicit_generic,rolling,2012-2016,2012,2016,apparatus:xmm_newton,XMM-Newton,apparatus,0.00015402506936821315,0.00015402506936821315,0.0,0.9354838709677419,0.9354838709677419,0.0,0.0011587190106421388,0.3977272727272727
explicit_generic,rolling,2012-2016,2012,2016,dm_model:asymmetric_dm,Asymmetric DM,candidate,0.00015402506936821315,0.00015387030971670876,0.0010047692374961562,0.9354838709677419,0.9354838709677419,0.0,0.014533885462886415,0.8409090909090909
explicit_generic,rolling,2012-2016,2012,2016,dm_model:atomic_dm,Atomic DM,candidate,0.00015402506936821315,0.00015402506936821315,0.0,0.9354838709677419,0.9354838709677419,0.0,0.0019374589776181698,0.3977272727272727
explicit_generic,rolling,2012-2016,2012,2016,dm_model:axino,Axino,candidate,0.00015402506936821315,0.00015402506936821315,0.0,0.9354838709677419,0.9354838709677419,0.0,0.017003025671584484,0.3977272727272727
explicit_generic,rolling,2012-2016,2012,2016,dm_model:axion_alp,Axion + ALP,candidate,0.00015402506936821315,0.0001474546812097517,0.04265791397083702,0.9354838709677419,0.9073490177055542,0.028134853262187676,0.09399646694687935,0.9318181818181818
explicit_generic,rolling,2012-2016,2012,2016,dm_model:bino,Bino,candidate,0.00015402506936821315,0.00015402506936821315,0.0,0.9354838709677419,0.9354838709677419,0.0,0.05359791785795766,0.3977272727272727
explicit_generic,rolling,2012-2016,2012,2016,dm_model:dark_photon,Dark Photon,candidate,0.00015402506936821315,0.00015402506936821315,0.0,0.9354838709677419,0.9354838709677419,0.0,0.004267069041914346,0.3977272727272727
explicit_generic,rolling,2012-2016,2012,2016,dm_model:generic_composite,Generic Composite,candidate,0.00015402506936821315,0.0001534231694090991,0.003907805148752364,0.9354838709677419,0.928450157652195,0.007033713315546919,0.00430882332220972,0.8863636363636364
explicit_generic,rolling,2012-2016,2012,2016,dm_model:generic_wimp,Generic WIMP,candidate,0.00015402506936821315,0.00013202155514047,0.14285670714512985,0.9354838709677419,0.8197914140189183,0.11569245694882357,0.09590736228285522,1.0
explicit_generic,rolling,2012-2016,2012,2016,dm_model:gravitino,Gravitino,candidate,0.00015402506936821315,0.00015387612848042698,0.0009669912073216294,0.9354838709677419,0.9354838709677419,0.0,0.07717831694098287,0.8181818181818182
explicit_generic,rolling,2012-2016,2012,2016,dm_model:higgsino,Higgsino,candidate,0.00015402506936821315,0.00015402506936821315,0.0,0.9354838709677419,0.9354838709677419,0.0,0.1028798787419477,0.3977272727272727
explicit_generic,rolling,2012-2016,2012,2016,dm_model:inert_doublet_model,Inert Doublet Model,candidate,0.00015402506936821315,0.00015402506936821315,0.0,0.9354838709677419,0.9354838709677419,0.0,0.001361404390613059,0.3977272727272727
explicit_generic,rolling,2012-2016,2012,2016,dm_model:lkp_kaluza_klein,LKP Kaluza-Klein,candidate,0.00015402506936821315,0.00015402506936821315,0.0,0.9354838709677419,0.9354838709677419,0.0,0.0006947075912593153,0.3977272727272727
explicit_generic,rolling,2012-2016,2012,2016,dm_model:lsp,LSP,candidate,0.00015402506936821315,0.00015402506936821315,0.0,0.9354838709677419,0.9354838709677419,0.0,0.0923126010768982,0.3977272727272727
explicit_generic,rolling,2012-2016,2012,2016,dm_model:macho,MACHO,candidate,0.00015402506936821315,0.00015402506936821315,0.0,0.9354838709677419,0.9354838709677419,0.0,0.0003514444366345681,0.3977272727272727
explicit_generic,rolling,2012-2016,2012,2016,dm_model:macroscopic_dm,Macroscopic DM,candidate,0.00015402506936821315,0.00015402506936821315,0.0,0.9354838709677419,0.9354838709677419,0.0,0.00010543333099037043,0.3977272727272727
explicit_generic,rolling,2012-2016,2012,2016,dm_model:minimal_su_2_l,Minimal SU(2)L,candidate,0.00015402506936821315,0.00015402506936821315,0.0,0.9354838709677419,0.9354838709677419,0.0,0.0020352348417246873,0.3977272727272727
explicit_generic,rolling,2012-2016,2012,2016,dm_model:mirror_dm,Mirror DM,candidate,0.00015402506936821315,0.00015402506936821315,0.0,0.9354838709677419,0.9354838709677419,0.0,0.00243661484066445,0.3977272727272727
explicit_generic,rolling,2012-2016,2012,2016,dm_model:neutralino,Neutralino,candidate,0.00015402506936821315,0.0001540131767049798,7.721251665158178e-05,0.9354838709677419,0.9354838709677419,0.0,0.19664001184567956,0.7954545454545454
explicit_generic,rolling,2012-2016,2012,2016,dm_model:pbh,PBH,candidate,0.00015402506936821315,0.00015130811792796113,0.017639670291313792,0.9354838709677419,0.928450157652195,0.007033713315546919,0.005662246190818624,0.9090909090909091
explicit_generic,rolling,2012-2016,2012,2016,dm_model:q_ball,Q-ball,candidate,0.00015402506936821315,0.00015402506936821315,0.0,0.9354838709677419,0.9354838709677419,0.0,0.0018946570670708603,0.3977272727272727
explicit_generic,rolling,2012-2016,2012,2016,dm_model:quark_nugget_aqn,Quark Nugget / AQN,candidate,0.00015402506936821315,0.00015402506936821315,0.0,0.9354838709677419,0.9354838709677419,0.0,0.0001685885665593991,0.3977272727272727
explicit_generic,rolling,2012-2016,2012,2016,dm_model:sfdm,SFDM,candidate,0.00015402506936821315,0.00015402506936821315,0.0,0.9354838709677419,0.9354838709677419,0.0,0.002213052320545843,0.3977272727272727
explicit_generic,rolling,2012-2016,2012,2016,dm_model:sneutrino,Sneutrino,candidate,0.00015402506936821315,0.00015402506936821315,0.0,0.9354838709677419,0.9354838709677419,0.0,0.030139314669942446,0.3977272727272727
explicit_generic,rolling,2012-2016,2012,2016,dm_model:sterile_nu,Sterile nu,candidate,0.00015402506936821315,0.00014102418683040088,0.08440757463145361,0.9354838709677419,0.8828522920203735,0.05263157894736836,0.043463049579394654,0.9545454545454546
explicit_generic,rolling,2012-2016,2012,2016,dm_model:superwimp,SuperWIMP,candidate,0.00015402506936821315,0.00015402506936821315,0.0,0.9354838709677419,0.9354838709677419,0.0,0.0009193177416298582,0.3977272727272727
explicit_generic,rolling,2012-2016,2012,2016,dm_model:twin_higgs,Twin Higgs,candidate,0.00015402506936821315,0.00015402506936821315,0.0,0.9354838709677419,0.9354838709677419,0.0,0.005115574081091322,0.3977272727272727
explicit_generic,rolling,2012-2016,2012,2016,dm_model:ula_fuzzy,ULA / Fuzzy,candidate,0.00015402506936821315,0.00015342633491337963,0.0038872532717526957,0.9354838709677419,0.9354838709677419,0.0,0.004580949719261283,0.8636363636363636
explicit_generic,rolling,2012-2016,2012,2016,dm_model:vector_dm,Vector DM,candidate,0.00015402506936821315,0.00015402506936821315,0.0,0.9354838709677419,0.9354838709677419,0.0,0.006098047058290209,0.3977272727272727
explicit_generic,rolling,2012-2016,2012,2016,dm_model:wimpzilla,WIMPzilla,candidate,0.00015402506936821315,0.00015402506936821315,0.0,0.9354838709677419,0.9354838709677419,0.0,0.00018946570670708602,0.3977272727272727
explicit_generic,rolling,2012-2016,2012,2016,dm_model:wino,Wino,candidate,0.00015402506936821315,0.00015402506936821315,0.0,0.9354838709677419,0.9354838709677419,0.0,0.04995683896535361,0.3977272727272727
explicit_generic,rolling,2012-2016,2012,2016,phenomenon:cmb,Cosmic microwave background,phenomenon,0.00015402506936821315,0.00014046094217417596,0.08806441217442798,0.9354838709677419,0.9032258064516129,0.032258064516129004,0.03813680859632826,0.9772727272727273
explicit_generic,rolling,2013-2017,2013,2017,apparatus:cobe,COBE,apparatus,0.0001754592739800103,0.0001754592739800103,0.0,1.0,1.0,0.0,0.0002673370850743635,0.38372093023255816
explicit_generic,rolling,2013-2017,2013,2017,apparatus:cresst,CRESST,apparatus,0.0001754592739800103,0.0001754592739800103,0.0,1.0,1.0,0.0,0.002066059955547366,0.38372093023255816
explicit_generic,rolling,2013-2017,2013,2017,apparatus:cta,Cherenkov Telescope Array,apparatus,0.0001754592739800103,0.0001754592739800103,0.0,1.0,1.0,0.0,0.002409545058726964,0.38372093023255816
explicit_generic,rolling,2013-2017,2013,2017,apparatus:dama_libra,DAMA/LIBRA,apparatus,0.0001754592739800103,0.0001754592739800103,0.0,1.0,1.0,0.0,0.000320779301421358,0.38372093023255816
explicit_generic,rolling,2013-2017,2013,2017,apparatus:darkside,DarkSide,apparatus,0.0001754592739800103,0.0001754592739800103,0.0,1.0,1.0,0.0,0.0002596844822620227,0.38372093023255816
explicit_generic,rolling,2013-2017,2013,2017,apparatus:deap,DEAP,apparatus,0.0001754592739800103,0.0001754592739800103,0.0,1.0,1.0,0.0,0.0002673370850743635,0.38372093023255816
explicit_generic,rolling,2013-2017,2013,2017,apparatus:edelweiss,EDELWEISS,apparatus,0.0001754592739800103,0.0001754592739800103,0.0,1.0,1.0,0.0,0.00023296337408852544,0.38372093023255816
explicit_generic,rolling,2013-2017,2013,2017,apparatus:gaps,GAPS,apparatus,0.0001754592739800103,0.0001754592739800103,0.0,1.0,1.0,0.0,0.00010312113295751409,0.38372093023255816
explicit_generic,rolling,2013-2017,2013,2017,apparatus:integral,INTEGRAL,apparatus,0.0001754592739800103,0.0001754592739800103,0.0,1.0,1.0,0.0,0.00028640559043551997,0.38372093023255816
explicit_generic,rolling,2013-2017,2013,2017,apparatus:planck,Planck mission,apparatus,0.0001754592739800103,0.0001754592739800103,0.0,1.0,1.0,0.0,0.010203590819645338,0.38372093023255816
explicit_generic,rolling,2013-2017,2013,2017,apparatus:xmass,XMASS,apparatus,0.0001754592739800103,0.0001754592739800103,0.0,1.0,1.0,0.0,0.00013749484394335213,0.38372093023255816
explicit_generic,rolling,2013-2017,2013,2017,apparatus:xmm_newton,XMM-Newton,apparatus,0.0001754592739800103,0.0001754592739800103,0.0,1.0,1.0,0.0,0.0012984224113101134,0.38372093023255816
explicit_generic,rolling,2013-2017,2013,2017,dm_model:asymmetric_dm,Asymmetric DM,candidate,0.0001754592739800103,0.00017532012880003246,0.0007930340575425736,1.0,1.0,0.0,0.01143250978894743,0.813953488372093
explicit_generic,rolling,2013-2017,2013,2017,dm_model:atomic_dm,Atomic DM,candidate,0.0001754592739800103,0.0001754592739800103,0.0,1.0,1.0,0.0,0.0014510964575387563,0.38372093023255816
explicit_generic,rolling,2013-2017,2013,2017,dm_model:axino,Axino,candidate,0.0001754592739800103,0.0001754592739800103,0.0,1.0,1.0,0.0,0.013211786144041103,0.38372093023255816
explicit_generic,rolling,2013-2017,2013,2017,dm_model:axion_alp,Axion + ALP,candidate,0.0001754592739800103,0.00016664461634908505,0.0502376274048044,1.0,0.9774436090225563,0.022556390977443663,0.10184884363879365,0.9302325581395349
explicit_generic,rolling,2013-2017,2013,2017,dm_model:bino,Bino,candidate,0.0001754592739800103,0.0001754592739800103,0.0,1.0,1.0,0.0,0.050811821035205804,0.38372093023255816
explicit_generic,rolling,2013-2017,2013,2017,dm_model:dark_photon,Dark Photon,candidate,0.0001754592739800103,0.0001754592739800103,0.0,1.0,1.0,0.0,0.006040860497301244,0.38372093023255816
explicit_generic,rolling,2013-2017,2013,2017,dm_model:generic_composite,Generic Composite,candidate,0.0001754592739800103,0.0001754592739800103,0.0,1.0,1.0,0.0,0.005349622977848008,0.38372093023255816
explicit_generic,rolling,2013-2017,2013,2017,dm_model:generic_wimp,Generic WIMP,candidate,0.0001754592739800103,0.0001570549138892917,0.10489248971140376,1.0,0.9924812030075187,0.007518796992481258,0.09365172999560903,1.0
explicit_generic,rolling,2013-2017,2013,2017,dm_model:gravitino,Gravitino,candidate,0.0001754592739800103,0.00017443573381265937,0.00583349140876727,1.0,0.9924812030075187,0.007518796992481258,0.06406964879946035,0.8604651162790697
explicit_generic,rolling,2013-2017,2013,2017,dm_model:higgsino,Higgsino,candidate,0.0001754592739800103,0.0001754592739800103,0.0,1.0,1.0,0.0,0.10211240062368629,0.38372093023255816
explicit_generic,rolling,2013-2017,2013,2017,dm_model:inert_doublet_model,Inert Doublet Model,candidate,0.0001754592739800103,0.0001754592739800103,0.0,1.0,1.0,0.0,0.0013784597324912142,0.38372093023255816
explicit_generic,rolling,2013-2017,2013,2017,dm_model:lkp_kaluza_klein,LKP Kaluza-Klein,candidate,0.0001754592739800103,0.0001754592739800103,0.0,1.0,1.0,0.0,0.0005498533724340175,0.38372093023255816
explicit_generic,rolling,2013-2017,2013,2017,dm_model:lsp,LSP,candidate,0.0001754592739800103,0.0001754592739800103,0.0,1.0,1.0,0.0,0.07787682592279134,0.38372093023255816
explicit_generic,rolling,2013-2017,2013,2017,dm_model:macho,MACHO,candidate,0.0001754592739800103,0.0001742463273781617,0.006912980854957825,1.0,0.972972972972973,0.027027027027026973,0.00030936339887254225,0.8837209302325582
explicit_generic,rolling,2013-2017,2013,2017,dm_model:macroscopic_dm,Macroscopic DM,candidate,0.0001754592739800103,0.0001754592739800103,0.0,1.0,1.0,0.0,0.00010312113295751409,0.38372093023255816
explicit_generic,rolling,2013-2017,2013,2017,dm_model:minimal_su_2_l,Minimal SU(2)L,candidate,0.0001754592739800103,0.0001754592739800103,0.0,1.0,1.0,0.0,0.002004713129709249,0.38372093023255816
explicit_generic,rolling,2013-2017,2013,2017,dm_model:mirror_dm,Mirror DM,candidate,0.0001754592739800103,0.0001754592739800103,0.0,1.0,1.0,0.0,0.001886412794466444,0.38372093023255816
explicit_generic,rolling,2013-2017,2013,2017,dm_model:neutralino,Neutralino,candidate,0.0001754592739800103,0.00017545498948596326,2.441873803446743e-05,1.0,1.0,0.0,0.17469706109139188,0.7674418604651163
explicit_generic,rolling,2013-2017,2013,2017,dm_model:pbh,PBH,candidate,0.0001754592739800103,0.0001650334839305391,0.059419999940607274,1.0,0.9120097541150173,0.08799024588498272,0.009559276943781274,0.9534883720930233
explicit_generic,rolling,2013-2017,2013,2017,dm_model:q_ball,Q-ball,candidate,0.0001754592739800103,0.0001754592739800103,0.0,1.0,1.0,0.0,0.001466275659824047,0.38372093023255816
explicit_generic,rolling,2013-2017,2013,2017,dm_model:scotogenic_model,Scotogenic Model,candidate,0.0001754592739800103,0.0001754592739800103,0.0,1.0,1.0,0.0,0.00018328445747800586,0.38372093023255816
explicit_generic,rolling,2013-2017,2013,2017,dm_model:sfdm,SFDM,candidate,0.0001754592739800103,0.0001754592739800103,0.0,1.0,1.0,0.0,0.0023640074518710926,0.38372093023255816
explicit_generic,rolling,2013-2017,2013,2017,dm_model:sneutrino,Sneutrino,candidate,0.0001754592739800103,0.0001754592739800103,0.0,1.0,1.0,0.0,0.028913154667990274,0.38372093023255816
explicit_generic,rolling,2013-2017,2013,2017,dm_model:sterile_nu,Sterile nu,candidate,0.0001754592739800103,0.00016203189910632873,0.07652701717671144,1.0,0.9656573867100183,0.03434261328998167,0.04940590097495,0.9767441860465116
explicit_generic,rolling,2013-2017,2013,2017,dm_model:superwimp,SuperWIMP,candidate,0.0001754592739800103,0.0001754592739800103,0.0,1.0,1.0,0.0,0.00036656891495601173,0.38372093023255816
explicit_generic,rolling,2013-2017,2013,2017,dm_model:twin_higgs,Twin Higgs,candidate,0.0001754592739800103,0.0001754592739800103,0.0,1.0,1.0,0.0,0.006537145650048876,0.38372093023255816
explicit_generic,rolling,2013-2017,2013,2017,dm_model:ula_fuzzy,ULA / Fuzzy,candidate,0.0001754592739800103,0.0001747516889007361,0.00403275964401178,1.0,1.0,0.0,0.007756412763553625,0.8372093023255814
explicit_generic,rolling,2013-2017,2013,2017,dm_model:vector_dm,Vector DM,candidate,0.0001754592739800103,0.0001754592739800103,0.0,1.0,1.0,0.0,0.007365752010106073,0.38372093023255816
explicit_generic,rolling,2013-2017,2013,2017,dm_model:wimpzilla,WIMPzilla,candidate,0.0001754592739800103,0.0001754592739800103,0.0,1.0,1.0,0.0,0.0004353163369276878,0.38372093023255816
explicit_generic,rolling,2013-2017,2013,2017,dm_model:wino,Wino,candidate,0.0001754592739800103,0.00017539204329600054,0.0003831697378242916,1.0,1.0,0.0,0.04873472318712779,0.7906976744186046
explicit_generic,rolling,2013-2017,2013,2017,phenomenon:cmb,Cosmic microwave background,phenomenon,0.0001754592739800103,0.00016807705837193845,0.04207367009231377,1.0,1.0,0.0,0.04020429711036374,0.9069767441860465
explicit_generic,rolling,2014-2018,2014,2018,apparatus:antares,ANTARES,apparatus,0.0001645135151286057,0.0001645135151286057,0.0,1.0,1.0,0.0,0.0003895104088813527,0.36666666666666664
explicit_generic,rolling,2014-2018,2014,2018,apparatus:chandra,Chandra X-ray Observatory,apparatus,0.0001645135151286057,0.0001645135151286057,0.0,1.0,1.0,0.0,9.944971159583638e-05,0.36666666666666664
explicit_generic,rolling,2014-2018,2014,2018,apparatus:cresst,CRESST,apparatus,0.0001645135151286057,0.0001645135151286057,0.0,1.0,1.0,0.0,0.0017983717077989705,0.36666666666666664
explicit_generic,rolling,2014-2018,2014,2018,apparatus:cta,Cherenkov Telescope Array,apparatus,0.0001645135151286057,0.0001645135151286057,0.0,1.0,1.0,0.0,0.0021630014196035753,0.36666666666666664
explicit_generic,rolling,2014-2018,2014,2018,apparatus:darkside,DarkSide,apparatus,0.0001645135151286057,0.0001645135151286057,0.0,1.0,1.0,0.0,0.00031492216364880233,0.36666666666666664
explicit_generic,rolling,2014-2018,2014,2018,apparatus:deap,DEAP,apparatus,0.0001645135151286057,0.0001645135151286057,0.0,1.0,1.0,0.0,0.00034807206751408113,0.36666666666666664
explicit_generic,rolling,2014-2018,2014,2018,apparatus:edelweiss,EDELWEISS,apparatus,0.0001645135151286057,0.0001645135151286057,0.0,1.0,1.0,0.0,9.944971159583638e-05,0.36666666666666664
explicit_generic,rolling,2014-2018,2014,2018,apparatus:einstein_telescope,Einstein Telescope,apparatus,0.0001645135151286057,0.0001645135151286057,0.0,1.0,1.0,0.0,0.00025691079342023756,0.36666666666666664
explicit_generic,rolling,2014-2018,2014,2018,apparatus:gaps,GAPS,apparatus,0.0001645135151286057,0.0001645135151286057,0.0,1.0,1.0,0.0,9.944971159583638e-05,0.36666666666666664
explicit_generic,rolling,2014-2018,2014,2018,apparatus:hawc,HAWC,apparatus,0.0001645135151286057,0.0001645135151286057,0.0,1.0,1.0,0.0,0.0007127210100321478,0.36666666666666664
explicit_generic,rolling,2014-2018,2014,2018,apparatus:haystac,HAYSTAC,apparatus,0.0001645135151286057,0.0001645135151286057,0.0,1.0,1.0,0.0,0.00015746108182440117,0.36666666666666664
explicit_generic,rolling,2014-2018,2014,2018,apparatus:integral,INTEGRAL,apparatus,0.0001645135151286057,0.0001645135151286057,0.0,1.0,1.0,0.0,9.944971159583638e-05,0.36666666666666664
explicit_generic,rolling,2014-2018,2014,2018,dm_model:asymmetric_dm,Asymmetric DM,candidate,0.0001645135151286057,0.00016446174179109296,0.00031470567917947555,1.0,1.0,0.0,0.009256965462492467,0.7555555555555555
explicit_generic,rolling,2014-2018,2014,2018,dm_model:atomic_dm,Atomic DM,candidate,0.0001645135151286057,0.0001645135151286057,0.0,1.0,1.0,0.0,0.0014419996643548197,0.36666666666666664
explicit_generic,rolling,2014-2018,2014,2018,dm_model:axino,Axino,candidate,0.0001645135151286057,0.0001645135151286057,0.0,1.0,1.0,0.0,0.011718296786170089,0.36666666666666664
explicit_generic,rolling,2014-2018,2014,2018,dm_model:axion_alp,Axion + ALP,candidate,0.0001645135151286057,0.00015105823088435631,0.08178832136515318,1.0,0.9666666666666667,0.033333333333333326,0.11380205074328362,0.9777777777777777
explicit_generic,rolling,2014-2018,2014,2018,dm_model:bino,Bino,candidate,0.0001645135151286057,0.0001645135151286057,0.0,1.0,1.0,0.0,0.044204664114166375,0.36666666666666664
explicit_generic,rolling,2014-2018,2014,2018,dm_model:dark_photon,Dark Photon,candidate,0.0001645135151286057,0.0001645135151286057,0.0,1.0,1.0,0.0,0.0072514328169986765,0.36666666666666664
explicit_generic,rolling,2014-2018,2014,2018,dm_model:generic_composite,Generic Composite,candidate,0.0001645135151286057,0.0001645135151286057,0.0,1.0,1.0,0.0,0.0058922982969503235,0.36666666666666664
explicit_generic,rolling,2014-2018,2014,2018,dm_model:generic_wimp,Generic WIMP,candidate,0.0001645135151286057,0.0001470932313804736,0.105889681674567,1.0,0.9066666666666666,0.09333333333333338,0.08726598154403814,1.0
explicit_generic,rolling,2014-2018,2014,2018,dm_model:gravitino,Gravitino,candidate,0.0001645135151286057,0.00016374224054853428,0.004688214092735787,1.0,0.9933333333333333,0.00666666666666671,0.051920191739136264,0.8666666666666667
explicit_generic,rolling,2014-2018,2014,2018,dm_model:higgsino,Higgsino,candidate,0.0001645135151286057,0.0001645135151286057,0.0,1.0,1.0,0.0,0.09003365044087526,0.36666666666666664
explicit_generic,rolling,2014-2018,2014,2018,dm_model:inert_doublet_model,Inert Doublet Model,candidate,0.0001645135151286057,0.0001645135151286057,0.0,1.0,1.0,0.0,0.0010773545679794451,0.36666666666666664
explicit_generic,rolling,2014-2018,2014,2018,dm_model:lkp_kaluza_klein,LKP Kaluza-Klein,candidate,0.0001645135151286057,0.0001645135151286057,0.0,1.0,1.0,0.0,0.0003812181252366676,0.36666666666666664
explicit_generic,rolling,2014-2018,2014,2018,dm_model:lsp,LSP,candidate,0.0001645135151286057,0.0001645135151286057,0.0,1.0,1.0,0.0,0.07011088513997156,0.36666666666666664
explicit_generic,rolling,2014-2018,2014,2018,dm_model:macho,MACHO,candidate,0.0001645135151286057,0.00016218814502311308,0.014134827182282313,1.0,0.9722222222222222,0.02777777777777779,0.0010276470198236425,0.8888888888888888
explicit_generic,rolling,2014-2018,2014,2018,dm_model:macroscopic_dm,Macroscopic DM,candidate,0.0001645135151286057,0.0001645135151286057,0.0,1.0,1.0,0.0,0.00015746108182440117,0.36666666666666664
explicit_generic,rolling,2014-2018,2014,2018,dm_model:minimal_su_2_l,Minimal SU(2)L,candidate,0.0001645135151286057,0.0001645135151286057,0.0,1.0,1.0,0.0,0.0026353769727913944,0.36666666666666664
explicit_generic,rolling,2014-2018,2014,2018,dm_model:mirror_dm,Mirror DM,candidate,0.0001645135151286057,0.0001645135151286057,0.0,1.0,1.0,0.0,0.002386762309158534,0.36666666666666664
explicit_generic,rolling,2014-2018,2014,2018,dm_model:neutralino,Neutralino,candidate,0.0001645135151286057,0.00016451021593266032,2.005425476930503e-05,1.0,1.0,0.0,0.1408764799197467,0.7333333333333333
explicit_generic,rolling,2014-2018,2014,2018,dm_model:pbh,PBH,candidate,0.0001645135151286057,0.00015331162436185906,0.06809100612791452,1.0,0.9722222222222222,0.02777777777777779,0.017503068471870664,0.9555555555555556
explicit_generic,rolling,2014-2018,2014,2018,dm_model:q_ball,Q-ball,candidate,0.0001645135151286057,0.0001645135151286057,0.0,1.0,1.0,0.0,0.0004060795915999536,0.36666666666666664
explicit_generic,rolling,2014-2018,2014,2018,dm_model:quark_nugget_aqn,Quark Nugget / AQN,candidate,0.0001645135151286057,0.0001645135151286057,0.0,1.0,1.0,0.0,0.0006795634138814844,0.36666666666666664
explicit_generic,rolling,2014-2018,2014,2018,dm_model:scotogenic_model,Scotogenic Model,candidate,0.0001645135151286057,0.0001645135151286057,0.0,1.0,1.0,0.0,0.0006381250725142128,0.36666666666666664
explicit_generic,rolling,2014-2018,2014,2018,dm_model:sfdm,SFDM,candidate,0.0001645135151286057,0.0001645135151286057,0.0,1.0,1.0,0.0,0.0029171800017164565,0.36666666666666664
explicit_generic,rolling,2014-2018,2014,2018,dm_model:sneutrino,Sneutrino,candidate,0.0001645135151286057,0.0001645135151286057,0.0,1.0,1.0,0.0,0.02852502112359259,0.36666666666666664
explicit_generic,rolling,2014-2018,2014,2018,dm_model:sterile_nu,Sterile nu,candidate,0.0001645135151286057,0.00015493399965230747,0.05822935257817337,1.0,0.9527777777777777,0.047222222222222276,0.04698113683162627,0.9333333333333333
explicit_generic,rolling,2014-2018,2014,2018,dm_model:superwimp,SuperWIMP,candidate,0.0001645135151286057,0.0001645135151286057,0.0,1.0,1.0,0.0,0.0004060795915999536,0.36666666666666664
explicit_generic,rolling,2014-2018,2014,2018,dm_model:twin_higgs,Twin Higgs,candidate,0.0001645135151286057,0.0001645135151286057,0.0,1.0,1.0,0.0,0.008353637312913331,0.36666666666666664
explicit_generic,rolling,2014-2018,2014,2018,dm_model:ula_fuzzy,ULA / Fuzzy,candidate,0.0001645135151286057,0.00016439246668854495,0.0007357963263147494,1.0,1.0,0.0,0.012049930439817108,0.8
explicit_generic,rolling,2014-2018,2014,2018,dm_model:vector_dm,Vector DM,candidate,0.0001645135151286057,0.00016391726404504657,0.0036243288771322683,1.0,0.9933333333333333,0.00666666666666671,0.008942039452700971,0.8444444444444444
explicit_generic,rolling,2014-2018,2014,2018,dm_model:wimpzilla,WIMPzilla,candidate,0.0001645135151286057,0.0001645135151286057,0.0,1.0,1.0,0.0,0.000795586154338614,0.36666666666666664
explicit_generic,rolling,2014-2018,2014,2018,dm_model:wino,Wino,candidate,0.0001645135151286057,0.00016441770983939712,0.0005823551282925969,1.0,1.0,0.0,0.038569284302921676,0.7777777777777778
explicit_generic,rolling,2014-2018,2014,2018,phenomenon:black_holes,Black-hole systems,phenomenon,0.0001645135151286057,0.0001643111406434754,0.0012301389644012132,1.0,1.0,0.0,0.0098537560394921,0.8222222222222222
explicit_generic,rolling,2014-2018,2014,2018,phenomenon:cmb,Cosmic microwave background,phenomenon,0.0001645135151286057,0.00016170293144861418,0.01708421145700036,1.0,1.0,0.0,0.04103090024115853,0.9111111111111111
explicit_generic,rolling,2015-2019,2015,2019,apparatus:antares,ANTARES,apparatus,0.0001498638568576951,0.0001498638568576951,0.0,1.0,1.0,0.0,0.00043319213731062836,0.3829787234042553
explicit_generic,rolling,2015-2019,2015,2019,apparatus:bicep_keck,BICEP/Keck,apparatus,0.0001498638568576951,0.0001498638568576951,0.0,1.0,1.0,0.0,0.0007520223971042634,0.3829787234042553
explicit_generic,rolling,2015-2019,2015,2019,apparatus:cast,CAST,apparatus,0.0001498638568576951,0.0001498638568576951,0.0,1.0,1.0,0.0,0.00020654640621178014,0.3829787234042553
explicit_generic,rolling,2015-2019,2015,2019,apparatus:cmb_s4,CMB-S4,apparatus,0.0001498638568576951,0.0001498638568576951,0.0,1.0,1.0,0.0,9.426255262992522e-05,0.3829787234042553
explicit_generic,rolling,2015-2019,2015,2019,apparatus:cresst,CRESST,apparatus,0.0001498638568576951,0.0001498638568576951,0.0,1.0,1.0,0.0,0.0002693881079650636,0.3829787234042553
explicit_generic,rolling,2015-2019,2015,2019,apparatus:cta,Cherenkov Telescope Array,apparatus,0.0001498638568576951,0.00014941323818277538,0.0030068535827661195,1.0,0.9932885906040269,0.006711409395973145,0.002990999693779006,0.851063829787234
explicit_generic,rolling,2015-2019,2015,2019,apparatus:darkside,DarkSide,apparatus,0.0001498638568576951,0.0001498638568576951,0.0,1.0,1.0,0.0,0.00033222980971834713,0.3829787234042553
explicit_generic,rolling,2015-2019,2015,2019,apparatus:deap,DEAP,apparatus,0.0001498638568576951,0.0001498638568576951,0.0,1.0,1.0,0.0,0.0002693881079650636,0.3829787234042553
explicit_generic,rolling,2015-2019,2015,2019,apparatus:edelweiss,EDELWEISS,apparatus,0.0001498638568576951,0.0001498638568576951,0.0,1.0,1.0,0.0,9.426255262992522e-05,0.3829787234042553
explicit_generic,rolling,2015-2019,2015,2019,apparatus:einstein_telescope,Einstein Telescope,apparatus,0.0001498638568576951,0.0001498638568576951,0.0,1.0,1.0,0.0,0.0004130928124235603,0.3829787234042553
explicit_generic,rolling,2015-2019,2015,2019,apparatus:haystac,HAYSTAC,apparatus,0.0001498638568576951,0.0001498638568576951,0.0,1.0,1.0,0.0,0.00015040447942085269,0.3829787234042553
explicit_generic,rolling,2015-2019,2015,2019,apparatus:pamela,PAMELA,apparatus,0.0001498638568576951,0.0001498638568576951,0.0,1.0,1.0,0.0,0.0004579132132249141,0.3829787234042553
explicit_generic,rolling,2015-2019,2015,2019,apparatus:planck,Planck mission,apparatus,0.0001498638568576951,0.0001498638568576951,0.0,1.0,1.0,0.0,0.0032620001225222668,0.3829787234042553
explicit_generic,rolling,2015-2019,2015,2019,apparatus:ska,Square Kilometre Array,apparatus,0.0001498638568576951,0.0001498638568576951,0.0,1.0,1.0,0.0,0.00019984663124942412,0.3829787234042553
explicit_generic,rolling,2015-2019,2015,2019,dm_model:asymmetric_dm,Asymmetric DM,candidate,0.0001498638568576951,0.00014923231325173405,0.004214115525938524,1.0,0.9932885906040269,0.006711409395973145,0.008416667267611902,0.8723404255319149
explicit_generic,rolling,2015-2019,2015,2019,dm_model:atomic_dm,Atomic DM,candidate,0.0001498638568576951,0.0001498638568576951,0.0,1.0,1.0,0.0,0.0005366981919949889,0.3829787234042553
explicit_generic,rolling,2015-2019,2015,2019,dm_model:axino,Axino,candidate,0.0001498638568576951,0.0001498638568576951,0.0,1.0,1.0,0.0,0.009207275993712105,0.3829787234042553
explicit_generic,rolling,2015-2019,2015,2019,dm_model:axion_alp,Axion + ALP,candidate,0.0001498638568576951,0.00013159774145218847,0.12188472783568767,1.0,0.9395973154362416,0.06040268456375841,0.12150213004862266,1.0
explicit_generic,rolling,2015-2019,2015,2019,dm_model:bino,Bino,candidate,0.0001498638568576951,0.0001498638568576951,0.0,1.0,1.0,0.0,0.03565012351223894,0.3829787234042553
explicit_generic,rolling,2015-2019,2015,2019,dm_model:dark_photon,Dark Photon,candidate,0.0001498638568576951,0.0001498638568576951,0.0,1.0,1.0,0.0,0.008301839686937968,0.3829787234042553
explicit_generic,rolling,2015-2019,2015,2019,dm_model:generic_composite,Generic Composite,candidate,0.0001498638568576951,0.0001498638568576951,0.0,1.0,1.0,0.0,0.006456321580956659,0.3829787234042553
explicit_generic,rolling,2015-2019,2015,2019,dm_model:generic_wimp,Generic WIMP,candidate,0.0001498638568576951,0.00013703081301399812,0.08563134642853036,1.0,0.909687773562883,0.090312226437117,0.08094225691519442,0.9787234042553191
explicit_generic,rolling,2015-2019,2015,2019,dm_model:gravitino,Gravitino,candidate,0.0001498638568576951,0.0001497354379301026,0.0008569039279059593,1.0,1.0,0.0,0.03735193691376175,0.7872340425531915
explicit_generic,rolling,2015-2019,2015,2019,dm_model:higgsino,Higgsino,candidate,0.0001498638568576951,0.0001498638568576951,0.0,1.0,1.0,0.0,0.07836950804910753,0.3829787234042553
explicit_generic,rolling,2015-2019,2015,2019,dm_model:inert_doublet_model,Inert Doublet Model,candidate,0.0001498638568576951,0.0001498638568576951,0.0,1.0,1.0,0.0,0.0016033948010226108,0.3829787234042553
explicit_generic,rolling,2015-2019,2015,2019,dm_model:lsp,LSP,candidate,0.0001498638568576951,0.0001498638568576951,0.0,1.0,1.0,0.0,0.05777004266786436,0.3829787234042553
explicit_generic,rolling,2015-2019,2015,2019,dm_model:macho,MACHO,candidate,0.0001498638568576951,0.0001498638568576951,0.0,1.0,1.0,0.0,0.0008169421227926853,0.3829787234042553
explicit_generic,rolling,2015-2019,2015,2019,dm_model:macroscopic_dm,Macroscopic DM,candidate,0.0001498638568576951,0.0001498638568576951,0.0,1.0,1.0,0.0,0.0002446670320507779,0.3829787234042553
explicit_generic,rolling,2015-2019,2015,2019,dm_model:minimal_su_2_l,Minimal SU(2)L,candidate,0.0001498638568576951,0.0001498638568576951,0.0,1.0,1.0,0.0,0.003170747000141362,0.3829787234042553
explicit_generic,rolling,2015-2019,2015,2019,dm_model:mirror_dm,Mirror DM,candidate,0.0001498638568576951,0.0001498638568576951,0.0,1.0,1.0,0.0,0.001717756678539604,0.3829787234042553
explicit_generic,rolling,2015-2019,2015,2019,dm_model:neutralino,Neutralino,candidate,0.0001498638568576951,0.00014984892282272297,9.965067819053517e-05,1.0,1.0,0.0,0.12578217138443487,0.7659574468085106
explicit_generic,rolling,2015-2019,2015,2019,dm_model:pbh,PBH,candidate,0.0001498638568576951,0.00013759573871775403,0.08186175370883718,1.0,0.9782608695652174,0.021739130434782594,0.023667782383237034,0.9574468085106383
explicit_generic,rolling,2015-2019,2015,2019,dm_model:planckian_dm,Planckian DM,candidate,0.0001498638568576951,0.0001498638568576951,0.0,1.0,1.0,0.0,0.00019984663124942412,0.3829787234042553
explicit_generic,rolling,2015-2019,2015,2019,dm_model:quark_nugget_aqn,Quark Nugget / AQN,candidate,0.0001498638568576951,0.0001498638568576951,0.0,1.0,1.0,0.0,0.0010553750830380481,0.3829787234042553
explicit_generic,rolling,2015-2019,2015,2019,dm_model:scotogenic_model,Scotogenic Model,candidate,0.0001498638568576951,0.0001498638568576951,0.0,1.0,1.0,0.0,0.0020211093644733886,0.3829787234042553
explicit_generic,rolling,2015-2019,2015,2019,dm_model:sfdm,SFDM,candidate,0.0001498638568576951,0.0001498638568576951,0.0,1.0,1.0,0.0,0.0016833263974139418,0.3829787234042553
explicit_generic,rolling,2015-2019,2015,2019,dm_model:sneutrino,Sneutrino,candidate,0.0001498638568576951,0.0001498638568576951,0.0,1.0,1.0,0.0,0.027179392341771247,0.3829787234042553
explicit_generic,rolling,2015-2019,2015,2019,dm_model:sterile_nu,Sterile nu,candidate,0.0001498638568576951,0.0001388209407243363,0.07368632013684742,1.0,0.9069156696819376,0.0930843303180624,0.04453874917692259,0.9361702127659575
explicit_generic,rolling,2015-2019,2015,2019,dm_model:superwimp,SuperWIMP,candidate,0.0001498638568576951,0.0001498638568576951,0.0,1.0,1.0,0.0,0.00022456770716370987,0.3829787234042553
explicit_generic,rolling,2015-2019,2015,2019,dm_model:twin_higgs,Twin Higgs,candidate,0.0001498638568576951,0.0001498638568576951,0.0,1.0,1.0,0.0,0.008309005165057264,0.3829787234042553
explicit_generic,rolling,2015-2019,2015,2019,dm_model:ula_fuzzy,ULA / Fuzzy,candidate,0.0001498638568576951,0.00014865971133390737,0.008034929495582977,1.0,1.0,0.0,0.01398507285904722,0.8936170212765957
explicit_generic,rolling,2015-2019,2015,2019,dm_model:vector_dm,Vector DM,candidate,0.0001498638568576951,0.0001498638568576951,0.0,1.0,1.0,0.0,0.009719253109792807,0.3829787234042553
explicit_generic,rolling,2015-2019,2015,2019,dm_model:wimpzilla,WIMPzilla,candidate,0.0001498638568576951,0.0001498638568576951,0.0,1.0,1.0,0.0,0.0010306540071237625,0.3829787234042553
explicit_generic,rolling,2015-2019,2015,2019,dm_model:wino,Wino,candidate,0.0001498638568576951,0.0001498638568576951,0.0,1.0,1.0,0.0,0.03469316702970109,0.3829787234042553
explicit_generic,rolling,2015-2019,2015,2019,phenomenon:black_holes,Black-hole systems,phenomenon,0.0001498638568576951,0.00014948055770172482,0.0025576490823550515,1.0,1.0,0.0,0.01221163995687363,0.8297872340425532
explicit_generic,rolling,2015-2019,2015,2019,phenomenon:cmb,Cosmic microwave background,phenomenon,0.0001498638568576951,0.0001443707762968031,0.03665380483372992,1.0,0.9782608695652174,0.021739130434782594,0.038094645247727196,0.9148936170212766
explicit_generic,rolling,2015-2019,2015,2019,phenomenon:structure_formation,Cosmic structure formation,phenomenon,0.0001498638568576951,0.0001495009457424501,0.0024216053346979107,1.0,1.0,0.0,0.011486882362775732,0.8085106382978723
explicit_generic,rolling,2016-2020,2016,2020,apparatus:admx,ADMX,apparatus,0.0001461596202777905,0.0001461596202777905,0.0,0.9818181818181818,0.9818181818181818,0.0,0.00034734501488701717,0.3979591836734694
explicit_generic,rolling,2016-2020,2016,2020,apparatus:anais,ANAIS,apparatus,0.0001461596202777905,0.0001461596202777905,0.0,0.9818181818181818,0.9818181818181818,0.0,0.00014618789882433534,0.3979591836734694
explicit_generic,rolling,2016-2020,2016,2020,apparatus:antares,ANTARES,apparatus,0.0001461596202777905,0.0001461596202777905,0.0,0.9818181818181818,0.9818181818181818,0.0,0.00032862526199631297,0.3979591836734694
explicit_generic,rolling,2016-2020,2016,2020,apparatus:cast,CAST,apparatus,0.0001461596202777905,0.0001461596202777905,0.0,0.9818181818181818,0.9818181818181818,0.0,0.0002561263333010284,0.3979591836734694
explicit_generic,rolling,2016-2020,2016,2020,apparatus:cmb_s4,CMB-S4,apparatus,0.0001461596202777905,0.0001461596202777905,0.0,0.9818181818181818,0.9818181818181818,0.0,0.0005122526666020568,0.3979591836734694
explicit_generic,rolling,2016-2020,2016,2020,apparatus:cta,Cherenkov Telescope Array,apparatus,0.0001461596202777905,0.0001461596202777905,0.0,0.9818181818181818,0.9818181818181818,0.0,0.0005426588937973864,0.3979591836734694
explicit_generic,rolling,2016-2020,2016,2020,apparatus:damic,DAMIC,apparatus,0.0001461596202777905,0.0001461596202777905,0.0,0.9818181818181818,0.9818181818181818,0.0,0.00016490765171503957,0.3979591836734694
explicit_generic,rolling,2016-2020,2016,2020,apparatus:darkside,DarkSide,apparatus,0.0001461596202777905,0.0001461596202777905,0.0,0.9818181818181818,0.9818181818181818,0.0,0.0003777512420823468,0.3979591836734694
explicit_generic,rolling,2016-2020,2016,2020,apparatus:deap,DEAP,apparatus,0.0001461596202777905,0.0001461596202777905,0.0,0.9818181818181818,0.9818181818181818,0.0,0.00026196957045334106,0.3979591836734694
explicit_generic,rolling,2016-2020,2016,2020,apparatus:einstein_telescope,Einstein Telescope,apparatus,0.0001461596202777905,0.0001461596202777905,0.0,0.9818181818181818,0.9818181818181818,0.0,0.0007063765040786598,0.3979591836734694
explicit_generic,rolling,2016-2020,2016,2020,apparatus:fermi_lat,Fermi-LAT,apparatus,0.0001461596202777905,0.00014615849008339855,7.732603504377226e-06,0.9818181818181818,0.9818181818181818,0.0,0.013894121505530243,0.7959183673469388
explicit_generic,rolling,2016-2020,2016,2020,apparatus:haystac,HAYSTAC,apparatus,0.0001461596202777905,0.0001461596202777905,0.0,0.9818181818181818,0.9818181818181818,0.0,0.00017659412601966494,0.3979591836734694
explicit_generic,rolling,2016-2020,2016,2020,apparatus:pamela,PAMELA,apparatus,0.0001461596202777905,0.0001461596202777905,0.0,0.9818181818181818,0.9818181818181818,0.0,0.00014618789882433534,0.3979591836734694
explicit_generic,rolling,2016-2020,2016,2020,apparatus:planck,Planck mission,apparatus,0.0001461596202777905,0.0001461596202777905,0.0,0.9818181818181818,0.9818181818181818,0.0,0.0032606065585028647,0.3979591836734694
explicit_generic,rolling,2016-2020,2016,2020,apparatus:ska,Square Kilometre Array,apparatus,0.0001461596202777905,0.0001461596202777905,0.0,0.9818181818181818,0.9818181818181818,0.0,0.00034150177773470457,0.3979591836734694
explicit_generic,rolling,2016-2020,2016,2020,dm_model:asymmetric_dm,Asymmetric DM,candidate,0.0001461596202777905,0.00014605280695567923,0.0007307991215923511,0.9818181818181818,0.9818181818181818,0.0,0.008354130978794906,0.8367346938775511
explicit_generic,rolling,2016-2020,2016,2020,dm_model:atomic_dm,Atomic DM,candidate,0.0001461596202777905,0.0001461596202777905,0.0,0.9818181818181818,0.9818181818181818,0.0,0.00021987686895338611,0.3979591836734694
explicit_generic,rolling,2016-2020,2016,2020,dm_model:axino,Axino,candidate,0.0001461596202777905,0.0001461596202777905,0.0,0.9818181818181818,0.9818181818181818,0.0,0.006266490765171504,0.3979591836734694
explicit_generic,rolling,2016-2020,2016,2020,dm_model:axion_alp,Axion + ALP,candidate,0.0001461596202777905,0.000124278066863777,0.1497099771634976,0.9818181818181818,0.9087456846950518,0.07307249712313002,0.1315279388567943,1.0
explicit_generic,rolling,2016-2020,2016,2020,dm_model:bino,Bino,candidate,0.0001461596202777905,0.0001461596202777905,0.0,0.9818181818181818,0.9818181818181818,0.0,0.029518469656992084,0.3979591836734694
explicit_generic,rolling,2016-2020,2016,2020,dm_model:dark_photon,Dark Photon,candidate,0.0001461596202777905,0.0001461596202777905,0.0,0.9818181818181818,0.9818181818181818,0.0,0.009799670297015088,0.3979591836734694
explicit_generic,rolling,2016-2020,2016,2020,dm_model:generic_composite,Generic Composite,candidate,0.0001461596202777905,0.0001461596202777905,0.0,0.9818181818181818,0.9818181818181818,0.0,0.006541336851363237,0.3979591836734694
explicit_generic,rolling,2016-2020,2016,2020,dm_model:generic_wimp,Generic WIMP,candidate,0.0001461596202777905,0.00013850196227347316,0.052392432258398215,0.9818181818181818,0.9392405063291139,0.04257767548906788,0.0779136840751811,0.9387755102040817
explicit_generic,rolling,2016-2020,2016,2020,dm_model:gravitino,Gravitino,candidate,0.0001461596202777905,0.0001455483546294527,0.004182178683661249,0.9818181818181818,0.9756041426927503,0.006214039125431503,0.03253939652223361,0.8775510204081632
explicit_generic,rolling,2016-2020,2016,2020,dm_model:higgsino,Higgsino,candidate,0.0001461596202777905,0.0001461596202777905,0.0,0.9818181818181818,0.9818181818181818,0.0,0.06403210480408762,0.3979591836734694
explicit_generic,rolling,2016-2020,2016,2020,dm_model:inert_doublet_model,Inert Doublet Model,candidate,0.0001461596202777905,0.0001461596202777905,0.0,0.9818181818181818,0.9818181818181818,0.0,0.0015145750926306859,0.3979591836734694
explicit_generic,rolling,2016-2020,2016,2020,dm_model:lsp,LSP,candidate,0.0001461596202777905,0.0001461596202777905,0.0,0.9818181818181818,0.9818181818181818,0.0,0.046284080914687775,0.3979591836734694
explicit_generic,rolling,2016-2020,2016,2020,dm_model:macho,MACHO,candidate,0.0001461596202777905,0.00014601938569450628,0.0009594618747483107,0.9818181818181818,0.9818181818181818,0.0,0.0012466553150085138,0.8571428571428571
explicit_generic,rolling,2016-2020,2016,2020,dm_model:macroscopic_dm,Macroscopic DM,candidate,0.0001461596202777905,0.0001461596202777905,0.0,0.9818181818181818,0.9818181818181818,0.0,0.00022572010610569877,0.3979591836734694
explicit_generic,rolling,2016-2020,2016,2020,dm_model:majoron,Majoron,candidate,0.0001461596202777905,0.0001461596202777905,0.0,0.9818181818181818,0.9818181818181818,0.0,0.00016490765171503957,0.3979591836734694
explicit_generic,rolling,2016-2020,2016,2020,dm_model:minimal_su_2_l,Minimal SU(2)L,candidate,0.0001461596202777905,0.0001461596202777905,0.0,0.9818181818181818,0.9818181818181818,0.0,0.0027414275833312477,0.3979591836734694
explicit_generic,rolling,2016-2020,2016,2020,dm_model:mirror_dm,Mirror DM,candidate,0.0001461596202777905,0.0001461596202777905,0.0,0.9818181818181818,0.9818181818181818,0.0,0.001794074374540965,0.3979591836734694
explicit_generic,rolling,2016-2020,2016,2020,dm_model:neutralino,Neutralino,candidate,0.0001461596202777905,0.00014613244324187586,0.0001859407944752051,0.9818181818181818,0.9818181818181818,0.0,0.10549642431325784,0.8163265306122449
explicit_generic,rolling,2016-2020,2016,2020,dm_model:pbh,PBH,candidate,0.0001461596202777905,0.0001340063211756212,0.08315086669677163,0.9818181818181818,0.9636363636363636,0.018181818181818188,0.03091901471201425,0.9795918367346939
explicit_generic,rolling,2016-2020,2016,2020,dm_model:planckian_dm,Planckian DM,candidate,0.0001461596202777905,0.0001461596202777905,0.0,0.9818181818181818,0.9818181818181818,0.0,0.0006105046267741245,0.3979591836734694
explicit_generic,rolling,2016-2020,2016,2020,dm_model:q_ball,Q-ball,candidate,0.0001461596202777905,0.0001461596202777905,0.0,0.9818181818181818,0.9818181818181818,0.0,0.00016490765171503957,0.3979591836734694
explicit_generic,rolling,2016-2020,2016,2020,dm_model:quark_nugget_aqn,Quark Nugget / AQN,candidate,0.0001461596202777905,0.0001461596202777905,0.0,0.9818181818181818,0.9818181818181818,0.0,0.0016233234856736127,0.3979591836734694
explicit_generic,rolling,2016-2020,2016,2020,dm_model:scotogenic_model,Scotogenic Model,candidate,0.0001461596202777905,0.0001461596202777905,0.0,0.9818181818181818,0.9818181818181818,0.0,0.0027484608619173265,0.3979591836734694
explicit_generic,rolling,2016-2020,2016,2020,dm_model:sfdm,SFDM,candidate,0.0001461596202777905,0.0001461596202777905,0.0,0.9818181818181818,0.9818181818181818,0.0,0.0009975622602935643,0.3979591836734694
explicit_generic,rolling,2016-2020,2016,2020,dm_model:sneutrino,Sneutrino,candidate,0.0001461596202777905,0.0001461596202777905,0.0,0.9818181818181818,0.9818181818181818,0.0,0.026055408970976253,0.3979591836734694
explicit_generic,rolling,2016-2020,2016,2020,dm_model:sterile_nu,Sterile nu,candidate,0.0001461596202777905,0.00013668183260943538,0.06484545902857218,0.9818181818181818,0.9096662830840047,0.07215189873417716,0.045214354007000544,0.9591836734693877
explicit_generic,rolling,2016-2020,2016,2020,dm_model:superfluid_dm,Superfluid DM,candidate,0.0001461596202777905,0.0001461596202777905,0.0,0.9818181818181818,0.9818181818181818,0.0,0.00014618789882433534,0.3979591836734694
explicit_generic,rolling,2016-2020,2016,2020,dm_model:superwimp,SuperWIMP,candidate,0.0001461596202777905,0.0001461596202777905,0.0,0.9818181818181818,0.9818181818181818,0.0,0.00016490765171503957,0.3979591836734694
explicit_generic,rolling,2016-2020,2016,2020,dm_model:twin_higgs,Twin Higgs,candidate,0.0001461596202777905,0.0001461596202777905,0.0,0.9818181818181818,0.9818181818181818,0.0,0.005881706244503079,0.3979591836734694
explicit_generic,rolling,2016-2020,2016,2020,dm_model:ula_fuzzy,ULA / Fuzzy,candidate,0.0001461596202777905,0.00014262792365165062,0.024163285450711742,0.9818181818181818,0.9636363636363636,0.018181818181818188,0.015431534696687588,0.8979591836734694
explicit_generic,rolling,2016-2020,2016,2020,dm_model:vector_dm,Vector DM,candidate,0.0001461596202777905,0.0001461596202777905,0.0,0.9818181818181818,0.9818181818181818,0.0,0.010810216043063562,0.3979591836734694
explicit_generic,rolling,2016-2020,2016,2020,dm_model:wimpzilla,WIMPzilla,candidate,0.0001461596202777905,0.0001461596202777905,0.0,0.9818181818181818,0.9818181818181818,0.0,0.0011414770462668856,0.3979591836734694
explicit_generic,rolling,2016-2020,2016,2020,dm_model:wino,Wino,candidate,0.0001461596202777905,0.0001461596202777905,0.0,0.9818181818181818,0.9818181818181818,0.0,0.026126717858237773,0.3979591836734694
explicit_generic,rolling,2016-2020,2016,2020,phenomenon:cmb,Cosmic microwave background,phenomenon,0.0001461596202777905,0.00014038470498206206,0.03951101737095833,0.9818181818181818,0.9636363636363636,0.018181818181818188,0.03904092715619997,0.9183673469387755
explicit_generic,rolling,2017-2021,2017,2021,apparatus:admx,ADMX,apparatus,0.00015676724098297843,0.00015676724098297843,0.0,1.0,1.0,0.0,0.0009665580111203207,0.3617021276595745
explicit_generic,rolling,2017-2021,2017,2021,apparatus:anais,ANAIS,apparatus,0.00015676724098297843,0.00015676724098297843,0.0,1.0,1.0,0.0,0.00014110170507584783,0.3617021276595745
explicit_generic,rolling,2017-2021,2017,2021,apparatus:antares,ANTARES,apparatus,0.00015676724098297843,0.00015676724098297843,0.0,1.0,1.0,0.0,0.00011794539128383558,0.3617021276595745
explicit_generic,rolling,2017-2021,2017,2021,apparatus:cmb_s4,CMB-S4,apparatus,0.00015676724098297843,0.00015676724098297843,0.0,1.0,1.0,0.0,0.001255091455300963,0.3617021276595745
explicit_generic,rolling,2017-2021,2017,2021,apparatus:cosmic_explorer,Cosmic Explorer,apparatus,0.00015676724098297843,0.00015676724098297843,0.0,1.0,1.0,0.0,0.00028220341015169567,0.3617021276595745
explicit_generic,rolling,2017-2021,2017,2021,apparatus:cta,Cherenkov Telescope Array,apparatus,0.00015676724098297843,0.00015676724098297843,0.0,1.0,1.0,0.0,0.0012004464043065938,0.3617021276595745
explicit_generic,rolling,2017-2021,2017,2021,apparatus:deap,DEAP,apparatus,0.00015676724098297843,0.00015676724098297843,0.0,1.0,1.0,0.0,0.0002527170623307368,0.3617021276595745
explicit_generic,rolling,2017-2021,2017,2021,apparatus:einstein_telescope,Einstein Telescope,apparatus,0.00015676724098297843,0.00015676724098297843,0.0,1.0,1.0,0.0,0.0023439225023526677,0.3617021276595745
explicit_generic,rolling,2017-2021,2017,2021,apparatus:fermi_lat,Fermi-LAT,apparatus,0.00015676724098297843,0.00015676724098297843,0.0,1.0,1.0,0.0,0.010773401260341752,0.3617021276595745
explicit_generic,rolling,2017-2021,2017,2021,apparatus:haystac,HAYSTAC,apparatus,0.00015676724098297843,0.00015676724098297843,0.0,1.0,1.0,0.0,0.00022323071450977788,0.3617021276595745
explicit_generic,rolling,2017-2021,2017,2021,apparatus:integral,INTEGRAL,apparatus,0.00015676724098297843,0.00015676724098297843,0.0,1.0,1.0,0.0,0.00020640443474671227,0.3617021276595745
explicit_generic,rolling,2017-2021,2017,2021,dm_model:asymmetric_dm,Asymmetric DM,candidate,0.00015676724098297843,0.00015619391442162964,0.0036571834635466816,1.0,0.9940828402366864,0.00591715976331364,0.00936206134369852,0.8723404255319149
explicit_generic,rolling,2017-2021,2017,2021,dm_model:atomic_dm,Atomic DM,candidate,0.00015676724098297843,0.00015676724098297843,0.0,1.0,1.0,0.0,0.0008717689336284973,0.3617021276595745
explicit_generic,rolling,2017-2021,2017,2021,dm_model:axino,Axino,candidate,0.00015676724098297843,0.00015676724098297843,0.0,1.0,1.0,0.0,0.0047904822067803745,0.3617021276595745
explicit_generic,rolling,2017-2021,2017,2021,dm_model:axion_alp,Axion + ALP,candidate,0.00015676724098297843,0.00012995072502283716,0.1710594368567918,1.0,0.9349112426035503,0.0650887573964497,0.1528169620026467,1.0
explicit_generic,rolling,2017-2021,2017,2021,dm_model:bino,Bino,candidate,0.00015676724098297843,0.00015676724098297843,0.0,1.0,1.0,0.0,0.02969046114971573,0.3617021276595745
explicit_generic,rolling,2017-2021,2017,2021,dm_model:dark_photon,Dark Photon,candidate,0.00015676724098297843,0.00015676724098297843,0.0,1.0,1.0,0.0,0.01485588825353436,0.3617021276595745
explicit_generic,rolling,2017-2021,2017,2021,dm_model:generic_composite,Generic Composite,candidate,0.00015676724098297843,0.00015626919110377409,0.003177002261961235,1.0,0.9940828402366864,0.00591715976331364,0.007247861022826953,0.8297872340425532
explicit_generic,rolling,2017-2021,2017,2021,dm_model:generic_wimp,Generic WIMP,candidate,0.00015676724098297843,0.00015069368170901617,0.03874252832338689,1.0,0.9769434809222608,0.0230565190777392,0.07000931331480406,0.9148936170212766
explicit_generic,rolling,2017-2021,2017,2021,dm_model:glueball,Glueball,candidate,0.00015676724098297843,0.00015676724098297843,0.0,1.0,1.0,0.0,0.00015792798483891344,0.3617021276595745
explicit_generic,rolling,2017-2021,2017,2021,dm_model:gravitino,Gravitino,candidate,0.00015676724098297843,0.00015625295143686493,0.0032805932086879164,1.0,0.9940828402366864,0.00591715976331364,0.02812384136938449,0.851063829787234
explicit_generic,rolling,2017-2021,2017,2021,dm_model:higgsino,Higgsino,candidate,0.00015676724098297843,0.00015676724098297843,0.0,1.0,1.0,0.0,0.06262377482796744,0.3617021276595745
explicit_generic,rolling,2017-2021,2017,2021,dm_model:inert_doublet_model,Inert Doublet Model,candidate,0.00015676724098297843,0.00015676724098297843,0.0,1.0,1.0,0.0,0.0018193368426619781,0.3617021276595745
explicit_generic,rolling,2017-2021,2017,2021,dm_model:lsp,LSP,candidate,0.00015676724098297843,0.00015676724098297843,0.0,1.0,1.0,0.0,0.04411455043166983,0.3617021276595745
explicit_generic,rolling,2017-2021,2017,2021,dm_model:macho,MACHO,candidate,0.00015676724098297843,0.00015676724098297843,0.0,1.0,1.0,0.0,0.0012973993041221915,0.3617021276595745
explicit_generic,rolling,2017-2021,2017,2021,dm_model:macroscopic_dm,Macroscopic DM,candidate,0.00015676724098297843,0.00015676724098297843,0.0,1.0,1.0,0.0,0.0003285160377357202,0.3617021276595745
explicit_generic,rolling,2017-2021,2017,2021,dm_model:majoron,Majoron,candidate,0.00015676724098297843,0.00015676724098297843,0.0,1.0,1.0,0.0,0.00015792798483891344,0.3617021276595745
explicit_generic,rolling,2017-2021,2017,2021,dm_model:minimal_su_2_l,Minimal SU(2)L,candidate,0.00015676724098297843,0.00015676724098297843,0.0,1.0,1.0,0.0,0.001989924895558785,0.3617021276595745
explicit_generic,rolling,2017-2021,2017,2021,dm_model:mirror_dm,Mirror DM,candidate,0.00015676724098297843,0.00015676724098297843,0.0,1.0,1.0,0.0,0.002183669262247604,0.3617021276595745
explicit_generic,rolling,2017-2021,2017,2021,dm_model:neutralino,Neutralino,candidate,0.00015676724098297843,0.0001567202877025225,0.00029950951590083816,1.0,1.0,0.0,0.08946520221655377,0.7659574468085106
explicit_generic,rolling,2017-2021,2017,2021,dm_model:pbh,PBH,candidate,0.00015676724098297843,0.00014120438327493704,0.09927365953790807,1.0,0.9827586206896551,0.017241379310344862,0.0473708360436993,0.9787234042553191
explicit_generic,rolling,2017-2021,2017,2021,dm_model:planckian_dm,Planckian DM,candidate,0.00015676724098297843,0.00015676724098297843,0.0,1.0,1.0,0.0,0.0003453423174987858,0.3617021276595745
explicit_generic,rolling,2017-2021,2017,2021,dm_model:quark_nugget_aqn,Quark Nugget / AQN,candidate,0.00015676724098297843,0.00015676724098297843,0.0,1.0,1.0,0.0,0.002032071311437637,0.3617021276595745
explicit_generic,rolling,2017-2021,2017,2021,dm_model:scotogenic_model,Scotogenic Model,candidate,0.00015676724098297843,0.00015676724098297843,0.0,1.0,1.0,0.0,0.002526847757422615,0.3617021276595745
explicit_generic,rolling,2017-2021,2017,2021,dm_model:sfdm,SFDM,candidate,0.00015676724098297843,0.00015676724098297843,0.0,1.0,1.0,0.0,0.0018449798446625173,0.3617021276595745
explicit_generic,rolling,2017-2021,2017,2021,dm_model:sneutrino,Sneutrino,candidate,0.00015676724098297843,0.00015676724098297843,0.0,1.0,1.0,0.0,0.02547904822067804,0.3617021276595745
explicit_generic,rolling,2017-2021,2017,2021,dm_model:sterile_nu,Sterile nu,candidate,0.00015676724098297843,0.0001500824724258841,0.042641361263863566,1.0,0.9655172413793104,0.03448275862068961,0.04554617191393891,0.9361702127659575
explicit_generic,rolling,2017-2021,2017,2021,dm_model:superfluid_dm,Superfluid DM,candidate,0.00015676724098297843,0.00015676724098297843,0.0,1.0,1.0,0.0,0.00020007440071776565,0.3617021276595745
explicit_generic,rolling,2017-2021,2017,2021,dm_model:twin_higgs,Twin Higgs,candidate,0.00015676724098297843,0.00015675437198184506,8.208986171265424e-05,1.0,1.0,0.0,0.005527479469361971,0.723404255319149
explicit_generic,rolling,2017-2021,2017,2021,dm_model:ula_fuzzy,ULA / Fuzzy,candidate,0.00015676724098297843,0.0001513709156922418,0.034422531498928155,1.0,1.0,0.0,0.01990599809437104,0.8936170212765957
explicit_generic,rolling,2017-2021,2017,2021,dm_model:vector_dm,Vector DM,candidate,0.00015676724098297843,0.00015676724098297843,0.0,1.0,1.0,0.0,0.010541192390652123,0.3617021276595745
explicit_generic,rolling,2017-2021,2017,2021,dm_model:wimpzilla,WIMPzilla,candidate,0.00015676724098297843,0.00015676724098297843,0.0,1.0,1.0,0.0,0.0007623173986973827,0.3617021276595745
explicit_generic,rolling,2017-2021,2017,2021,dm_model:wino,Wino,candidate,0.00015676724098297843,0.00015676724098297843,0.0,1.0,1.0,0.0,0.029431575486298423,0.3617021276595745
explicit_generic,rolling,2017-2021,2017,2021,mechanism:annihilation,Dark-matter annihilation,mechanism,0.00015676724098297843,0.0001567314967094566,0.00022800856414713626,1.0,1.0,0.0,0.015561881077740728,0.7446808510638298
explicit_generic,rolling,2017-2021,2017,2021,phenomenon:cmb,Cosmic microwave background,phenomenon,0.00015676724098297843,0.00014878437473451512,0.05092177548324701,1.0,0.9655172413793104,0.03448275862068961,0.04123990471333651,0.9574468085106383
explicit_generic,rolling,2017-2021,2017,2021,phenomenon:twenty_one_cm_signal,21-cm signal,phenomenon,0.00015676724098297843,0.0001563075668070634,0.0029322081133324666,1.0,1.0,0.0,0.0027294088463489076,0.8085106382978723
explicit_generic,rolling,2017-2021,2017,2021,theory:lambda_cdm,Lambda-CDM,theory,0.00015676724098297843,0.00015656750527996108,0.0012740908225784007,1.0,1.0,0.0,0.008261861692127932,0.7872340425531915
explicit_generic,rolling,2018-2022,2018,2022,apparatus:antares,ANTARES,apparatus,0.0001488637898278433,0.0001488637898278433,0.0,1.0,1.0,0.0,0.00020139248518326715,0.3645833333333333
explicit_generic,rolling,2018-2022,2018,2022,apparatus:bicep_keck,BICEP/Keck,apparatus,0.0001488637898278433,0.0001488637898278433,0.0,1.0,1.0,0.0,0.00025107945725918887,0.3645833333333333
explicit_generic,rolling,2018-2022,2018,2022,apparatus:cast,CAST,apparatus,0.0001488637898278433,0.0001488637898278433,0.0,1.0,1.0,0.0,0.0004210569905366946,0.3645833333333333
explicit_generic,rolling,2018-2022,2018,2022,apparatus:cmb_s4,CMB-S4,apparatus,0.0001488637898278433,0.0001488637898278433,0.0,1.0,1.0,0.0,0.001396524411884968,0.3645833333333333
explicit_generic,rolling,2018-2022,2018,2022,apparatus:cosmic_explorer,Cosmic Explorer,apparatus,0.0001488637898278433,0.0001488637898278433,0.0,1.0,1.0,0.0,0.0004733885594921967,0.3645833333333333
explicit_generic,rolling,2018-2022,2018,2022,apparatus:cta,Cherenkov Telescope Array,apparatus,0.0001488637898278433,0.0001488637898278433,0.0,1.0,1.0,0.0,0.0011533787452645205,0.3645833333333333
explicit_generic,rolling,2018-2022,2018,2022,apparatus:deap,DEAP,apparatus,0.0001488637898278433,0.0001488637898278433,0.0,1.0,1.0,0.0,0.0001647683921806458,0.3645833333333333
explicit_generic,rolling,2018-2022,2018,2022,apparatus:eht,Event Horizon Telescope,apparatus,0.0001488637898278433,0.0001488637898278433,0.0,1.0,1.0,0.0,0.00035045340141103226,0.3645833333333333
explicit_generic,rolling,2018-2022,2018,2022,apparatus:einstein_telescope,Einstein Telescope,apparatus,0.0001488637898278433,0.0001488637898278433,0.0,1.0,1.0,0.0,0.002942269845322303,0.3645833333333333
explicit_generic,rolling,2018-2022,2018,2022,apparatus:fermi_lat,Fermi-LAT,apparatus,0.0001488637898278433,0.0001488637898278433,0.0,1.0,1.0,0.0,0.008787220635435505,0.3645833333333333
explicit_generic,rolling,2018-2022,2018,2022,apparatus:integral,INTEGRAL,apparatus,0.0001488637898278433,0.0001488637898278433,0.0,1.0,1.0,0.0,0.0004890960354450774,0.3645833333333333
explicit_generic,rolling,2018-2022,2018,2022,dm_model:asymmetric_dm,Asymmetric DM,candidate,0.0001488637898278433,0.00014842677364340607,0.0029356782125634414,1.0,0.9943820224719101,0.005617977528089901,0.008449429849786269,0.7916666666666666
explicit_generic,rolling,2018-2022,2018,2022,dm_model:atomic_dm,Atomic DM,candidate,0.0001488637898278433,0.0001488637898278433,0.0,1.0,1.0,0.0,0.0010931133856702773,0.3645833333333333
explicit_generic,rolling,2018-2022,2018,2022,dm_model:axino,Axino,candidate,0.0001488637898278433,0.0001488637898278433,0.0,1.0,1.0,0.0,0.003080592268707145,0.3645833333333333
explicit_generic,rolling,2018-2022,2018,2022,dm_model:axion_alp,Axion + ALP,candidate,0.0001488637898278433,0.00012172038179939037,0.18233720947077525,1.0,0.9101123595505618,0.0898876404494382,0.1611492713575228,1.0
explicit_generic,rolling,2018-2022,2018,2022,dm_model:bino,Bino,candidate,0.0001488637898278433,0.0001488637898278433,0.0,1.0,1.0,0.0,0.026830964920997714,0.3645833333333333
explicit_generic,rolling,2018-2022,2018,2022,dm_model:dark_photon,Dark Photon,candidate,0.0001488637898278433,0.0001488637898278433,0.0,1.0,1.0,0.0,0.019074668188719373,0.3645833333333333
explicit_generic,rolling,2018-2022,2018,2022,dm_model:generic_composite,Generic Composite,candidate,0.0001488637898278433,0.00014833832503087117,0.003529836218598276,1.0,0.9943820224719101,0.005617977528089901,0.008690010972189436,0.8541666666666666
explicit_generic,rolling,2018-2022,2018,2022,dm_model:generic_wimp,Generic WIMP,candidate,0.0001488637898278433,0.00014443091543895638,0.02977805679953066,1.0,0.973552290406223,0.026447709593776958,0.06521711422766419,0.9166666666666666
explicit_generic,rolling,2018-2022,2018,2022,dm_model:gravitino,Gravitino,candidate,0.0001488637898278433,0.0001488637898278433,0.0,1.0,1.0,0.0,0.025152106205272397,0.3645833333333333
explicit_generic,rolling,2018-2022,2018,2022,dm_model:higgsino,Higgsino,candidate,0.0001488637898278433,0.0001488637898278433,0.0,1.0,1.0,0.0,0.054344484571985034,0.3645833333333333
explicit_generic,rolling,2018-2022,2018,2022,dm_model:inert_doublet_model,Inert Doublet Model,candidate,0.0001488637898278433,0.0001488637898278433,0.0,1.0,1.0,0.0,0.001875042059811724,0.3645833333333333
explicit_generic,rolling,2018-2022,2018,2022,dm_model:lsp,LSP,candidate,0.0001488637898278433,0.0001488637898278433,0.0,1.0,1.0,0.0,0.03935208188412998,0.3645833333333333
explicit_generic,rolling,2018-2022,2018,2022,dm_model:macho,MACHO,candidate,0.0001488637898278433,0.0001488637898278433,0.0,1.0,1.0,0.0,0.00140974739628287,0.3645833333333333
explicit_generic,rolling,2018-2022,2018,2022,dm_model:macroscopic_dm,Macroscopic DM,candidate,0.0001488637898278433,0.0001488637898278433,0.0,1.0,1.0,0.0,0.00047859770058905664,0.3645833333333333
explicit_generic,rolling,2018-2022,2018,2022,dm_model:majoron,Majoron,candidate,0.0001488637898278433,0.0001488637898278433,0.0,1.0,1.0,0.0,0.0003478088045314519,0.3645833333333333
explicit_generic,rolling,2018-2022,2018,2022,dm_model:minimal_su_2_l,Minimal SU(2)L,candidate,0.0001488637898278433,0.0001488637898278433,0.0,1.0,1.0,0.0,0.0017678143776834402,0.3645833333333333
explicit_generic,rolling,2018-2022,2018,2022,dm_model:mirror_dm,Mirror DM,candidate,0.0001488637898278433,0.0001488637898278433,0.0,1.0,1.0,0.0,0.0015874185622122147,0.3645833333333333
explicit_generic,rolling,2018-2022,2018,2022,dm_model:neutralino,Neutralino,candidate,0.0001488637898278433,0.00014827896007849363,0.003928623273839832,1.0,0.9943820224719101,0.005617977528089901,0.07485999489824383,0.875
explicit_generic,rolling,2018-2022,2018,2022,dm_model:pbh,PBH,candidate,0.0001488637898278433,0.00013229367742372648,0.11131056399464018,1.0,0.9692307692307692,0.03076923076923077,0.058855975293964385,0.9791666666666666
explicit_generic,rolling,2018-2022,2018,2022,dm_model:planckian_dm,Planckian DM,candidate,0.0001488637898278433,0.0001488637898278433,0.0,1.0,1.0,0.0,0.0003268921874817112,0.3645833333333333
explicit_generic,rolling,2018-2022,2018,2022,dm_model:quark_nugget_aqn,Quark Nugget / AQN,candidate,0.0001488637898278433,0.0001488637898278433,0.0,1.0,1.0,0.0,0.0023039527883248587,0.3645833333333333
explicit_generic,rolling,2018-2022,2018,2022,dm_model:scotogenic_model,Scotogenic Model,candidate,0.0001488637898278433,0.0001488637898278433,0.0,1.0,1.0,0.0,0.0025340355758720064,0.3645833333333333
explicit_generic,rolling,2018-2022,2018,2022,dm_model:sfdm,SFDM,candidate,0.0001488637898278433,0.0001488637898278433,0.0,1.0,1.0,0.0,0.0018543656007488857,0.3645833333333333
explicit_generic,rolling,2018-2022,2018,2022,dm_model:sneutrino,Sneutrino,candidate,0.0001488637898278433,0.0001488637898278433,0.0,1.0,1.0,0.0,0.020471032495279737,0.3645833333333333
explicit_generic,rolling,2018-2022,2018,2022,dm_model:sterile_nu,Sterile nu,candidate,0.0001488637898278433,0.00014246608214970035,0.04297692330379142,1.0,0.9538461538461539,0.0461538461538461,0.04341439139989217,0.9375
explicit_generic,rolling,2018-2022,2018,2022,dm_model:superfluid_dm,Superfluid DM,candidate,0.0001488637898278433,0.0001488637898278433,0.0,1.0,1.0,0.0,0.0003086201673115509,0.3645833333333333
explicit_generic,rolling,2018-2022,2018,2022,dm_model:superwimp,SuperWIMP,candidate,0.0001488637898278433,0.0001488637898278433,0.0,1.0,1.0,0.0,0.0002275182433298678,0.3645833333333333
explicit_generic,rolling,2018-2022,2018,2022,dm_model:twin_higgs,Twin Higgs,candidate,0.0001488637898278433,0.00014881408090388257,0.00033392219839500854,1.0,1.0,0.0,0.004926863973492688,0.7291666666666666
explicit_generic,rolling,2018-2022,2018,2022,dm_model:ula_fuzzy,ULA / Fuzzy,candidate,0.0001488637898278433,0.0001421033198394419,0.04541379737960234,1.0,0.9692307692307692,0.03076923076923077,0.02222538087155472,0.9583333333333334
explicit_generic,rolling,2018-2022,2018,2022,dm_model:vector_dm,Vector DM,candidate,0.0001488637898278433,0.0001488637898278433,0.0,1.0,1.0,0.0,0.010146640638344046,0.3645833333333333
explicit_generic,rolling,2018-2022,2018,2022,dm_model:wimpzilla,WIMPzilla,candidate,0.0001488637898278433,0.0001488637898278433,0.0,1.0,1.0,0.0,0.0006485752338665624,0.3645833333333333
explicit_generic,rolling,2018-2022,2018,2022,dm_model:wino,Wino,candidate,0.0001488637898278433,0.0001488637898278433,0.0,1.0,1.0,0.0,0.026302760300995036,0.3645833333333333
explicit_generic,rolling,2018-2022,2018,2022,mechanism:annihilation,Dark-matter annihilation,mechanism,0.0001488637898278433,0.0001486297855718175,0.0015719353665280607,1.0,1.0,0.0,0.01539831257107497,0.7708333333333334
explicit_generic,rolling,2018-2022,2018,2022,phenomenon:black_holes,Black-hole systems,phenomenon,0.0001488637898278433,0.00014841488370591482,0.0030155494660428855,1.0,1.0,0.0,0.02369242881990305,0.8125
explicit_generic,rolling,2018-2022,2018,2022,phenomenon:cmb,Cosmic microwave background,phenomenon,0.0001488637898278433,0.00014493817467394865,0.026370517359758937,1.0,1.0,0.0,0.04267341252154124,0.8958333333333334
explicit_generic,rolling,2018-2022,2018,2022,phenomenon:twenty_one_cm_signal,21-cm signal,phenomenon,0.0001488637898278433,0.0001483658366118783,0.003345025788614343,1.0,1.0,0.0,0.004006772981291001,0.8333333333333334
explicit_generic,rolling,2018-2022,2018,2022,theory:lambda_cdm,Lambda-CDM,theory,0.0001488637898278433,0.0001487792382697957,0.0005679793463902997,1.0,1.0,0.0,0.009519942653474833,0.75
explicit_generic,rolling,2019-2023,2019,2023,apparatus:bbo,Big Bang Observer,apparatus,0.0001477837179992829,0.0001477837179992829,0.0,1.0,1.0,0.0,0.00354429643130741,0.3723404255319149
explicit_generic,rolling,2019-2023,2019,2023,apparatus:bicep_keck,BICEP/Keck,apparatus,0.0001477837179992829,0.0001477837179992829,0.0,1.0,1.0,0.0,0.0006956957026487236,0.3723404255319149
explicit_generic,rolling,2019-2023,2019,2023,apparatus:cmb_s4,CMB-S4,apparatus,0.0001477837179992829,0.0001477837179992829,0.0,1.0,1.0,0.0,0.0013469982691925065,0.3723404255319149
explicit_generic,rolling,2019-2023,2019,2023,apparatus:cosmic_explorer,Cosmic Explorer,apparatus,0.0001477837179992829,0.0001477837179992829,0.0,1.0,1.0,0.0,0.001499310254768133,0.3723404255319149
explicit_generic,rolling,2019-2023,2019,2023,apparatus:cta,Cherenkov Telescope Array,apparatus,0.0001477837179992829,0.0001477837179992829,0.0,1.0,1.0,0.0,0.002135316020936396,0.3723404255319149
explicit_generic,rolling,2019-2023,2019,2023,apparatus:damic,DAMIC,apparatus,0.0001477837179992829,0.0001477837179992829,0.0,1.0,1.0,0.0,0.0001293436314295377,0.3723404255319149
explicit_generic,rolling,2019-2023,2019,2023,apparatus:deap,DEAP,apparatus,0.0001477837179992829,0.0001477837179992829,0.0,1.0,1.0,0.0,0.0001293436314295377,0.3723404255319149
explicit_generic,rolling,2019-2023,2019,2023,apparatus:decigo,DECIGO,apparatus,0.0001477837179992829,0.0001477837179992829,0.0,1.0,1.0,0.0,0.004369335765385671,0.3723404255319149
explicit_generic,rolling,2019-2023,2019,2023,apparatus:eht,Event Horizon Telescope,apparatus,0.0001477837179992829,0.0001477837179992829,0.0,1.0,1.0,0.0,0.0008166191477968826,0.3723404255319149
explicit_generic,rolling,2019-2023,2019,2023,apparatus:einstein_telescope,Einstein Telescope,apparatus,0.0001477837179992829,0.0001477837179992829,0.0,1.0,1.0,0.0,0.003808363043239007,0.3723404255319149
explicit_generic,rolling,2019-2023,2019,2023,apparatus:fermi_lat,Fermi-LAT,apparatus,0.0001477837179992829,0.0001477837179992829,0.0,1.0,1.0,0.0,0.008278694736835606,0.3723404255319149
explicit_generic,rolling,2019-2023,2019,2023,apparatus:integral,INTEGRAL,apparatus,0.0001477837179992829,0.0001477837179992829,0.0,1.0,1.0,0.0,0.0006360057661682627,0.3723404255319149
explicit_generic,rolling,2019-2023,2019,2023,dm_model:asymmetric_dm,Asymmetric DM,candidate,0.0001477837179992829,0.00014736526256509393,0.0028315394947026826,1.0,0.994475138121547,0.0055248618784530246,0.006773210193318524,0.8297872340425532
explicit_generic,rolling,2019-2023,2019,2023,dm_model:atomic_dm,Atomic DM,candidate,0.0001477837179992829,0.0001477837179992829,0.0,1.0,1.0,0.0,0.0008487563207351602,0.3723404255319149
explicit_generic,rolling,2019-2023,2019,2023,dm_model:axino,Axino,candidate,0.0001477837179992829,0.0001477837179992829,0.0,1.0,1.0,0.0,0.002707749766573296,0.3723404255319149
explicit_generic,rolling,2019-2023,2019,2023,dm_model:axion_alp,Axion + ALP,candidate,0.0001477837179992829,0.0001222112698244679,0.17303968611034065,1.0,0.9502762430939227,0.04972375690607733,0.17230028838559175,1.0
explicit_generic,rolling,2019-2023,2019,2023,dm_model:bino,Bino,candidate,0.0001477837179992829,0.0001477837179992829,0.0,1.0,1.0,0.0,0.02287581699346405,0.3723404255319149
explicit_generic,rolling,2019-2023,2019,2023,dm_model:dark_photon,Dark Photon,candidate,0.0001477837179992829,0.00014766533996624765,0.000801022160207326,1.0,1.0,0.0,0.021919936762934633,0.7872340425531915
explicit_generic,rolling,2019-2023,2019,2023,dm_model:generic_composite,Generic Composite,candidate,0.0001477837179992829,0.00014768479150337684,0.0006694005080217426,1.0,1.0,0.0,0.009343196142180904,0.7659574468085106
explicit_generic,rolling,2019-2023,2019,2023,dm_model:generic_wimp,Generic WIMP,candidate,0.0001477837179992829,0.00014184241064923333,0.040202719423248,1.0,0.9618557481268448,0.03814425187315518,0.061381583547619745,0.9574468085106383
explicit_generic,rolling,2019-2023,2019,2023,dm_model:gravitino,Gravitino,candidate,0.0001477837179992829,0.0001477837179992829,0.0,1.0,1.0,0.0,0.021489804937239128,0.3723404255319149
explicit_generic,rolling,2019-2023,2019,2023,dm_model:higgsino,Higgsino,candidate,0.0001477837179992829,0.0001477837179992829,0.0,1.0,1.0,0.0,0.045804447309314426,0.3723404255319149
explicit_generic,rolling,2019-2023,2019,2023,dm_model:inert_doublet_model,Inert Doublet Model,candidate,0.0001477837179992829,0.0001477837179992829,0.0,1.0,1.0,0.0,0.001669959877928137,0.3723404255319149
explicit_generic,rolling,2019-2023,2019,2023,dm_model:lsp,LSP,candidate,0.0001477837179992829,0.0001477837179992829,0.0,1.0,1.0,0.0,0.032913165266106444,0.3723404255319149
explicit_generic,rolling,2019-2023,2019,2023,dm_model:macho,MACHO,candidate,0.0001477837179992829,0.0001477837179992829,0.0,1.0,1.0,0.0,0.0009008210106106696,0.3723404255319149
explicit_generic,rolling,2019-2023,2019,2023,dm_model:macroscopic_dm,Macroscopic DM,candidate,0.0001477837179992829,0.0001477837179992829,0.0,1.0,1.0,0.0,0.0007102438705134337,0.3723404255319149
explicit_generic,rolling,2019-2023,2019,2023,dm_model:majoron,Majoron,candidate,0.0001477837179992829,0.0001477837179992829,0.0,1.0,1.0,0.0,0.000326797385620915,0.3723404255319149
explicit_generic,rolling,2019-2023,2019,2023,dm_model:minimal_su_2_l,Minimal SU(2)L,candidate,0.0001477837179992829,0.0001477837179992829,0.0,1.0,1.0,0.0,0.002128393099676637,0.3723404255319149
explicit_generic,rolling,2019-2023,2019,2023,dm_model:mirror_dm,Mirror DM,candidate,0.0001477837179992829,0.0001477837179992829,0.0,1.0,1.0,0.0,0.0012980207236914713,0.3723404255319149
explicit_generic,rolling,2019-2023,2019,2023,dm_model:neutralino,Neutralino,candidate,0.0001477837179992829,0.00014771321832589897,0.0004770462831654684,1.0,1.0,0.0,0.06231192537631132,0.7446808510638298
explicit_generic,rolling,2019-2023,2019,2023,dm_model:pbh,PBH,candidate,0.0001477837179992829,0.0001327148224789538,0.10196587096558386,1.0,0.9726027397260274,0.0273972602739726,0.06736810445785191,0.9787234042553191
explicit_generic,rolling,2019-2023,2019,2023,dm_model:quark_nugget_aqn,Quark Nugget / AQN,candidate,0.0001477837179992829,0.0001477837179992829,0.0,1.0,1.0,0.0,0.0015551644143633097,0.3723404255319149
explicit_generic,rolling,2019-2023,2019,2023,dm_model:scotogenic_model,Scotogenic Model,candidate,0.0001477837179992829,0.0001477837179992829,0.0,1.0,1.0,0.0,0.00261437908496732,0.3723404255319149
explicit_generic,rolling,2019-2023,2019,2023,dm_model:sfdm,SFDM,candidate,0.0001477837179992829,0.0001477837179992829,0.0,1.0,1.0,0.0,0.002005223756996048,0.3723404255319149
explicit_generic,rolling,2019-2023,2019,2023,dm_model:sneutrino,Sneutrino,candidate,0.0001477837179992829,0.0001477837179992829,0.0,1.0,1.0,0.0,0.016526610644257703,0.3723404255319149
explicit_generic,rolling,2019-2023,2019,2023,dm_model:sterile_nu,Sterile nu,candidate,0.0001477837179992829,0.0001419357856783063,0.039570883722149744,1.0,0.9726027397260274,0.0273972602739726,0.043422136584837276,0.9361702127659575
explicit_generic,rolling,2019-2023,2019,2023,dm_model:superfluid_dm,Superfluid DM,candidate,0.0001477837179992829,0.0001477837179992829,0.0,1.0,1.0,0.0,0.0005977406116466535,0.3723404255319149
explicit_generic,rolling,2019-2023,2019,2023,dm_model:superwimp,SuperWIMP,candidate,0.0001477837179992829,0.0001477837179992829,0.0,1.0,1.0,0.0,0.00016760878595114686,0.3723404255319149
explicit_generic,rolling,2019-2023,2019,2023,dm_model:twin_higgs,Twin Higgs,candidate,0.0001477837179992829,0.0001477837179992829,0.0,1.0,1.0,0.0,0.004076172817724654,0.3723404255319149
explicit_generic,rolling,2019-2023,2019,2023,dm_model:ula_fuzzy,ULA / Fuzzy,candidate,0.0001477837179992829,0.00014258424696711745,0.03518297619356606,1.0,0.9726027397260274,0.0273972602739726,0.023428037661309083,0.9148936170212766
explicit_generic,rolling,2019-2023,2019,2023,dm_model:vector_dm,Vector DM,candidate,0.0001477837179992829,0.0001477837179992829,0.0,1.0,1.0,0.0,0.00971438666390676,0.3723404255319149
explicit_generic,rolling,2019-2023,2019,2023,dm_model:wimpzilla,WIMPzilla,candidate,0.0001477837179992829,0.0001477837179992829,0.0,1.0,1.0,0.0,0.00040945567624746485,0.3723404255319149
explicit_generic,rolling,2019-2023,2019,2023,dm_model:wino,Wino,candidate,0.0001477837179992829,0.0001477837179992829,0.0,1.0,1.0,0.0,0.023465137418829326,0.3723404255319149
explicit_generic,rolling,2019-2023,2019,2023,mechanism:annihilation,Dark-matter annihilation,mechanism,0.0001477837179992829,0.00014745676699964063,0.0022123614432535714,1.0,1.0,0.0,0.01465395658456252,0.8085106382978723
explicit_generic,rolling,2019-2023,2019,2023,phenomenon:black_holes,Black-hole systems,phenomenon,0.0001477837179992829,0.00014670234975254745,0.007317235358368134,1.0,1.0,0.0,0.025166107661999056,0.851063829787234
explicit_generic,rolling,2019-2023,2019,2023,phenomenon:cmb,Cosmic microwave background,phenomenon,0.0001477837179992829,0.0001430813386886593,0.03181933283507205,1.0,1.0,0.0,0.0472209063269326,0.8936170212765957
explicit_generic,rolling,2019-2023,2019,2023,theory:inflation,Cosmic inflation,theory,0.0001477837179992829,0.0001445682117969282,0.021758189913521526,1.0,0.988950276243094,0.011049723756906049,0.06408568276597022,0.8723404255319149
explicit_generic,rolling,2020-2024,2020,2024,apparatus:bbo,Big Bang Observer,apparatus,0.00015671706506781622,0.00015671706506781622,0.0,1.0,1.0,0.0,0.004437954074979248,0.37755102040816324
explicit_generic,rolling,2020-2024,2020,2024,apparatus:bicep_keck,BICEP/Keck,apparatus,0.00015671706506781622,0.00015671706506781622,0.0,1.0,1.0,0.0,0.0007410855042203627,0.37755102040816324
explicit_generic,rolling,2020-2024,2020,2024,apparatus:comptel,COMPTEL,apparatus,0.00015671706506781622,0.00015671706506781622,0.0,1.0,1.0,0.0,0.0003116802841935833,0.37755102040816324
explicit_generic,rolling,2020-2024,2020,2024,apparatus:cosmic_explorer,Cosmic Explorer,apparatus,0.00015671706506781622,0.00015671706506781622,0.0,1.0,1.0,0.0,0.001608754947326534,0.37755102040816324
explicit_generic,rolling,2020-2024,2020,2024,apparatus:cta,Cherenkov Telescope Array,apparatus,0.00015671706506781622,0.00015671706506781622,0.0,1.0,1.0,0.0,0.002198179767051674,0.37755102040816324
explicit_generic,rolling,2020-2024,2020,2024,apparatus:damic,DAMIC,apparatus,0.00015671706506781622,0.00015671706506781622,0.0,1.0,1.0,0.0,0.00011792497097298598,0.37755102040816324
explicit_generic,rolling,2020-2024,2020,2024,apparatus:decigo,DECIGO,apparatus,0.00015671706506781622,0.00015671706506781622,0.0,1.0,1.0,0.0,0.005305523500515524,0.37755102040816324
explicit_generic,rolling,2020-2024,2020,2024,apparatus:eht,Event Horizon Telescope,apparatus,0.00015671706506781622,0.00015671706506781622,0.0,1.0,1.0,0.0,0.0011454139786377282,0.37755102040816324
explicit_generic,rolling,2020-2024,2020,2024,apparatus:einstein_telescope,Einstein Telescope,apparatus,0.00015671706506781622,0.00015671706506781622,0.0,1.0,1.0,0.0,0.004792829181167051,0.37755102040816324
explicit_generic,rolling,2020-2024,2020,2024,apparatus:epta,European Pulsar Timing Array,apparatus,0.00015671706506781622,0.00015671706506781622,0.0,1.0,1.0,0.0,0.0009180229694647892,0.37755102040816324
explicit_generic,rolling,2020-2024,2020,2024,apparatus:eros,EROS,apparatus,0.00015671706506781622,0.00015671706506781622,0.0,1.0,1.0,0.0,0.0010359479404377751,0.37755102040816324
explicit_generic,rolling,2020-2024,2020,2024,apparatus:erosita,eROSITA,apparatus,0.00015671706506781622,0.00015671706506781622,0.0,1.0,1.0,0.0,0.00021057316119676818,0.37755102040816324
explicit_generic,rolling,2020-2024,2020,2024,dm_model:asymmetric_dm,Asymmetric DM,candidate,0.00015671706506781622,0.00015671706506781622,0.0,1.0,1.0,0.0,0.0062471229520413025,0.37755102040816324
explicit_generic,rolling,2020-2024,2020,2024,dm_model:atomic_dm,Atomic DM,candidate,0.00015671706506781622,0.00015671706506781622,0.0,1.0,1.0,0.0,0.0010777425164534649,0.37755102040816324
explicit_generic,rolling,2020-2024,2020,2024,dm_model:axino,Axino,candidate,0.00015671706506781622,0.00015671706506781622,0.0,1.0,1.0,0.0,0.0026519616096986024,0.37755102040816324
explicit_generic,rolling,2020-2024,2020,2024,dm_model:axion_alp,Axion + ALP,candidate,0.00015671706506781622,0.0001227348017161721,0.21683830881428878,1.0,0.9192028985507247,0.08079710144927532,0.19009181221358212,1.0
explicit_generic,rolling,2020-2024,2020,2024,dm_model:bino,Bino,candidate,0.00015671706506781622,0.00015671706506781622,0.0,1.0,1.0,0.0,0.02441488466071729,0.37755102040816324
explicit_generic,rolling,2020-2024,2020,2024,dm_model:dark_photon,Dark Photon,candidate,0.00015671706506781622,0.00015620296302343146,0.0032804471176274934,1.0,0.9945652173913043,0.005434782608695676,0.022192828358894943,0.8367346938775511
explicit_generic,rolling,2020-2024,2020,2024,dm_model:generic_composite,Generic Composite,candidate,0.00015671706506781622,0.0001566009955045255,0.000740631297813581,1.0,1.0,0.0,0.010868973161489586,0.8163265306122449
explicit_generic,rolling,2020-2024,2020,2024,dm_model:generic_wimp,Generic WIMP,candidate,0.00015671706506781622,0.00015324527498962337,0.02215323568426002,1.0,0.9779891304347826,0.02201086956521736,0.05571541295181905,0.9183673469387755
explicit_generic,rolling,2020-2024,2020,2024,dm_model:glueball,Glueball,candidate,0.00015671706506781622,0.00015671706506781622,0.0,1.0,1.0,0.0,0.0002946624010776225,0.37755102040816324
explicit_generic,rolling,2020-2024,2020,2024,dm_model:gravitino,Gravitino,candidate,0.00015671706506781622,0.00015671706506781622,0.0,1.0,1.0,0.0,0.019186991818707488,0.37755102040816324
explicit_generic,rolling,2020-2024,2020,2024,dm_model:higgsino,Higgsino,candidate,0.00015671706506781622,0.0001567058809400978,7.136509169302701e-05,1.0,1.0,0.0,0.04518455450544295,0.7755102040816326
explicit_generic,rolling,2020-2024,2020,2024,dm_model:inert_doublet_model,Inert Doublet Model,candidate,0.00015671706506781622,0.00015671706506781622,0.0,1.0,1.0,0.0,0.0010608246509073989,0.37755102040816324
explicit_generic,rolling,2020-2024,2020,2024,dm_model:lsp,LSP,candidate,0.00015671706506781622,0.00015671706506781622,0.0,1.0,1.0,0.0,0.03367570298029971,0.37755102040816324
explicit_generic,rolling,2020-2024,2020,2024,dm_model:macho,MACHO,candidate,0.00015671706506781622,0.00015671706506781622,0.0,1.0,1.0,0.0,0.0009688765836728815,0.37755102040816324
explicit_generic,rolling,2020-2024,2020,2024,dm_model:macroscopic_dm,Macroscopic DM,candidate,0.00015671706506781622,0.00015671706506781622,0.0,1.0,1.0,0.0,0.000918223004604579,0.37755102040816324
explicit_generic,rolling,2020-2024,2020,2024,dm_model:majoron,Majoron,candidate,0.00015671706506781622,0.00015671706506781622,0.0,1.0,1.0,0.0,0.00012628388617612392,0.37755102040816324
explicit_generic,rolling,2020-2024,2020,2024,dm_model:minimal_su_2_l,Minimal SU(2)L,candidate,0.00015671706506781622,0.00015671706506781622,0.0,1.0,1.0,0.0,0.0018353458159403133,0.37755102040816324
explicit_generic,rolling,2020-2024,2020,2024,dm_model:mirror_dm,Mirror DM,candidate,0.00015671706506781622,0.00015671706506781622,0.0,1.0,1.0,0.0,0.0011368550282948003,0.37755102040816324
explicit_generic,rolling,2020-2024,2020,2024,dm_model:neutralino,Neutralino,candidate,0.00015671706506781622,0.00015666832649519782,0.00031099722673665157,1.0,1.0,0.0,0.05467256379905852,0.7959183673469388
explicit_generic,rolling,2020-2024,2020,2024,dm_model:pbh,PBH,candidate,0.00015671706506781622,0.0001462776282618043,0.06661327406491722,1.0,0.9945652173913043,0.005434782608695676,0.08129715791179963,0.9795918367346939
explicit_generic,rolling,2020-2024,2020,2024,dm_model:q_ball,Q-ball,candidate,0.00015671706506781622,0.00015671706506781622,0.0,1.0,1.0,0.0,0.00012628388617612392,0.37755102040816324
explicit_generic,rolling,2020-2024,2020,2024,dm_model:quark_nugget_aqn,Quark Nugget / AQN,candidate,0.00015671706506781622,0.00015671706506781622,0.0,1.0,1.0,0.0,0.001726179830450045,0.37755102040816324
explicit_generic,rolling,2020-2024,2020,2024,dm_model:scotogenic_model,Scotogenic Model,candidate,0.00015671706506781622,0.00015671706506781622,0.0,1.0,1.0,0.0,0.002593049132997057,0.37755102040816324
explicit_generic,rolling,2020-2024,2020,2024,dm_model:sfdm,SFDM,candidate,0.00015671706506781622,0.00015671706506781622,0.0,1.0,1.0,0.0,0.0026622208587297447,0.37755102040816324
explicit_generic,rolling,2020-2024,2020,2024,dm_model:sneutrino,Sneutrino,candidate,0.00015671706506781622,0.00015671706506781622,0.0,1.0,1.0,0.0,0.012417915473985519,0.37755102040816324
explicit_generic,rolling,2020-2024,2020,2024,dm_model:sterile_nu,Sterile nu,candidate,0.00015671706506781622,0.00015369440691613914,0.019287358082982743,1.0,1.0,0.0,0.04085320851980474,0.8979591836734694
explicit_generic,rolling,2020-2024,2020,2024,dm_model:superfluid_dm,Superfluid DM,candidate,0.00015671706506781622,0.00015671706506781622,0.0,1.0,1.0,0.0,0.0007498444897030805,0.37755102040816324
explicit_generic,rolling,2020-2024,2020,2024,dm_model:superwimp,SuperWIMP,candidate,0.00015671706506781622,0.00015671706506781622,0.0,1.0,1.0,0.0,0.00040412843927757554,0.37755102040816324
explicit_generic,rolling,2020-2024,2020,2024,dm_model:twin_higgs,Twin Higgs,candidate,0.00015671706506781622,0.00015671706506781622,0.0,1.0,1.0,0.0,0.0039740130008710725,0.37755102040816324
explicit_generic,rolling,2020-2024,2020,2024,dm_model:ula_fuzzy,ULA / Fuzzy,candidate,0.00015671706506781622,0.0001494395242151325,0.04643744986887359,1.0,0.9666666666666667,0.033333333333333326,0.023980963753811424,0.9591836734693877
explicit_generic,rolling,2020-2024,2020,2024,dm_model:vector_dm,Vector DM,candidate,0.00015671706506781622,0.00015671706506781622,0.0,1.0,1.0,0.0,0.009774712849769635,0.37755102040816324
explicit_generic,rolling,2020-2024,2020,2024,dm_model:wimpzilla,WIMPzilla,candidate,0.00015671706506781622,0.00015671706506781622,0.0,1.0,1.0,0.0,0.00027784455310145165,0.37755102040816324
explicit_generic,rolling,2020-2024,2020,2024,dm_model:wino,Wino,candidate,0.00015671706506781622,0.00015671706506781622,0.0,1.0,1.0,0.0,0.02260511567823587,0.37755102040816324
explicit_generic,rolling,2020-2024,2020,2024,mechanism:annihilation,Dark-matter annihilation,mechanism,0.00015671706506781622,0.00015671678969250583,1.7571494863802913e-06,1.0,1.0,0.0,0.014087983319691078,0.7551020408163265
explicit_generic,rolling,2020-2024,2020,2024,phenomenon:black_holes,Black-hole systems,phenomenon,0.00015671706506781622,0.00015475771642884775,0.012502458734283982,1.0,1.0,0.0,0.02877149253087089,0.8571428571428571
explicit_generic,rolling,2020-2024,2020,2024,phenomenon:cmb,Cosmic microwave background,phenomenon,0.00015671706506781622,0.0001513628834698871,0.03416463673316107,1.0,0.9833333333333333,0.01666666666666672,0.05415319596696131,0.9387755102040817
explicit_generic,rolling,2020-2024,2020,2024,theory:inflation,Cosmic inflation,theory,0.00015671706506781622,0.00015470102078362299,0.01286422945274548,1.0,0.9945652173913043,0.005434782608695676,0.06654313418581045,0.8775510204081632
explicit_generic,rolling,2021-2025,2021,2025,apparatus:bbo,Big Bang Observer,apparatus,0.00016120284984856635,0.00016120284984856635,0.0,1.0,1.0,0.0,0.005260001033050374,0.38
explicit_generic,rolling,2021-2025,2021,2025,apparatus:bicep_keck,BICEP/Keck,apparatus,0.00016120284984856635,0.00016120284984856635,0.0,1.0,1.0,0.0,0.0006315536611672101,0.38
explicit_generic,rolling,2021-2025,2021,2025,apparatus:cmb_s4,CMB-S4,apparatus,0.00016120284984856635,0.00016120284984856635,0.0,1.0,1.0,0.0,0.003581750223290567,0.38
explicit_generic,rolling,2021-2025,2021,2025,apparatus:comptel,COMPTEL,apparatus,0.00016120284984856635,0.00016120284984856635,0.0,1.0,1.0,0.0,0.0006164792552678381,0.38
explicit_generic,rolling,2021-2025,2021,2025,apparatus:cosmic_explorer,Cosmic Explorer,apparatus,0.00016120284984856635,0.00016120284984856635,0.0,1.0,1.0,0.0,0.0019648281046807194,0.38
explicit_generic,rolling,2021-2025,2021,2025,apparatus:cta,Cherenkov Telescope Array,apparatus,0.00016120284984856635,0.00016120284984856635,0.0,1.0,1.0,0.0,0.002659281843604303,0.38
explicit_generic,rolling,2021-2025,2021,2025,apparatus:decigo,DECIGO,apparatus,0.00016120284984856635,0.00016120284984856635,0.0,1.0,1.0,0.0,0.006469914192377179,0.38
explicit_generic,rolling,2021-2025,2021,2025,apparatus:desi,Dark Energy Spectroscopic Instrument,apparatus,0.00016120284984856635,0.00016120284984856635,0.0,1.0,1.0,0.0,0.003511910267777166,0.38
explicit_generic,rolling,2021-2025,2021,2025,apparatus:eht,Event Horizon Telescope,apparatus,0.00016120284984856635,0.00016120284984856635,0.0,1.0,1.0,0.0,0.0009721926038153663,0.38
explicit_generic,rolling,2021-2025,2021,2025,apparatus:einstein_telescope,Einstein Telescope,apparatus,0.00016120284984856635,0.00016120284984856635,0.0,1.0,1.0,0.0,0.005350774634112295,0.38
explicit_generic,rolling,2021-2025,2021,2025,apparatus:epta,European Pulsar Timing Array,apparatus,0.00016120284984856635,0.00016120284984856635,0.0,1.0,1.0,0.0,0.000897688059038135,0.38
explicit_generic,rolling,2021-2025,2021,2025,apparatus:eros,EROS,apparatus,0.00016120284984856635,0.00016120284984856635,0.0,1.0,1.0,0.0,0.0006980872606349413,0.38
explicit_generic,rolling,2021-2025,2021,2025,apparatus:jwst,James Webb Space Telescope,apparatus,0.00016120284984856635,0.00016118529713954593,0.00010888584809083723,1.0,1.0,0.0,0.006202371990732685,0.76
explicit_generic,rolling,2021-2025,2021,2025,dm_model:asymmetric_dm,Asymmetric DM,candidate,0.00016120284984856635,0.00016120284984856635,0.0,1.0,1.0,0.0,0.007931264079896631,0.38
explicit_generic,rolling,2021-2025,2021,2025,dm_model:atomic_dm,Atomic DM,candidate,0.00016120284984856635,0.00016120284984856635,0.0,1.0,1.0,0.0,0.0010714774692407267,0.38
explicit_generic,rolling,2021-2025,2021,2025,dm_model:axino,Axino,candidate,0.00016120284984856635,0.00016120284984856635,0.0,1.0,1.0,0.0,0.0020116227089852484,0.38
explicit_generic,rolling,2021-2025,2021,2025,dm_model:axion_alp,Axion + ALP,candidate,0.00016120284984856635,0.00012713613475298058,0.2113282434373088,1.0,0.9296218487394958,0.07037815126050417,0.2028027588591753,1.0
explicit_generic,rolling,2021-2025,2021,2025,dm_model:bino,Bino,candidate,0.00016120284984856635,0.00016120284984856635,0.0,1.0,1.0,0.0,0.02574132022053345,0.38
explicit_generic,rolling,2021-2025,2021,2025,dm_model:dark_photon,Dark Photon,candidate,0.00016120284984856635,0.00016073073955350973,0.002928672138861819,1.0,0.9946524064171123,0.005347593582887722,0.024571588953419838,0.82
explicit_generic,rolling,2021-2025,2021,2025,dm_model:generic_composite,Generic Composite,candidate,0.00016120284984856635,0.00016115719954097943,0.000283185487290094,1.0,1.0,0.0,0.011844487650140538,0.78
explicit_generic,rolling,2021-2025,2021,2025,dm_model:generic_wimp,Generic WIMP,candidate,0.00016120284984856635,0.00015793696017409378,0.02025950333719618,1.0,0.9821428571428571,0.017857142857142905,0.04937304152931905,0.9
explicit_generic,rolling,2021-2025,2021,2025,dm_model:glueball,Glueball,candidate,0.00016120284984856635,0.00016120284984856635,0.0,1.0,1.0,0.0,0.00026076590672030993,0.38
explicit_generic,rolling,2021-2025,2021,2025,dm_model:gravitino,Gravitino,candidate,0.00016120284984856635,0.00016120284984856635,0.0,1.0,1.0,0.0,0.016664237709451708,0.38
explicit_generic,rolling,2021-2025,2021,2025,dm_model:higgsino,Higgsino,candidate,0.00016120284984856635,0.00016120284984856635,0.0,1.0,1.0,0.0,0.04398522777620639,0.38
explicit_generic,rolling,2021-2025,2021,2025,dm_model:inert_doublet_model,Inert Doublet Model,candidate,0.00016120284984856635,0.00016120284984856635,0.0,1.0,1.0,0.0,0.0010040763850533672,0.38
explicit_generic,rolling,2021-2025,2021,2025,dm_model:lsp,LSP,candidate,0.00016120284984856635,0.00016120284984856635,0.0,1.0,1.0,0.0,0.029131277007897482,0.38
explicit_generic,rolling,2021-2025,2021,2025,dm_model:macho,MACHO,candidate,0.00016120284984856635,0.00016120284984856635,0.0,1.0,1.0,0.0,0.0008737752231096343,0.38
explicit_generic,rolling,2021-2025,2021,2025,dm_model:macroscopic_dm,Macroscopic DM,candidate,0.00016120284984856635,0.00016120284984856635,0.0,1.0,1.0,0.0,0.0007620184059437871,0.38
explicit_generic,rolling,2021-2025,2021,2025,dm_model:majoron,Majoron,candidate,0.00016120284984856635,0.00016120284984856635,0.0,1.0,1.0,0.0,0.0005960363582178513,0.38
explicit_generic,rolling,2021-2025,2021,2025,dm_model:minimal_su_2_l,Minimal SU(2)L,candidate,0.00016120284984856635,0.00016120284984856635,0.0,1.0,1.0,0.0,0.002667089206080959,0.38
explicit_generic,rolling,2021-2025,2021,2025,dm_model:mirror_dm,Mirror DM,candidate,0.00016120284984856635,0.00016120284984856635,0.0,1.0,1.0,0.0,0.0008550672954989044,0.38
explicit_generic,rolling,2021-2025,2021,2025,dm_model:neutralino,Neutralino,candidate,0.00016120284984856635,0.0001610617874415488,0.0008750614964316895,1.0,1.0,0.0,0.04882178721085619,0.8
explicit_generic,rolling,2021-2025,2021,2025,dm_model:pbh,PBH,candidate,0.00016120284984856635,0.00014593384821732445,0.09471917925511597,1.0,0.9821428571428571,0.017857142857142905,0.09193339838973025,0.98
explicit_generic,rolling,2021-2025,2021,2025,dm_model:q_ball,Q-ball,candidate,0.00016120284984856635,0.00016120284984856635,0.0,1.0,1.0,0.0,0.0003352704514975414,0.38
explicit_generic,rolling,2021-2025,2021,2025,dm_model:quark_nugget_aqn,Quark Nugget / AQN,candidate,0.00016120284984856635,0.00016120284984856635,0.0,1.0,1.0,0.0,0.0015548895255731025,0.38
explicit_generic,rolling,2021-2025,2021,2025,dm_model:scotogenic_model,Scotogenic Model,candidate,0.00016120284984856635,0.00016120284984856635,0.0,1.0,1.0,0.0,0.002108305120251723,0.38
explicit_generic,rolling,2021-2025,2021,2025,dm_model:sfdm,SFDM,candidate,0.00016120284984856635,0.00016120284984856635,0.0,1.0,1.0,0.0,0.0025379826945225426,0.38
explicit_generic,rolling,2021-2025,2021,2025,dm_model:sneutrino,Sneutrino,candidate,0.00016120284984856635,0.00016120284984856635,0.0,1.0,1.0,0.0,0.009625293197442595,0.38
explicit_generic,rolling,2021-2025,2021,2025,dm_model:sterile_nu,Sterile nu,candidate,0.00016120284984856635,0.00015739217771171268,0.023638987402725232,1.0,0.976890756302521,0.02310924369747902,0.038577362733431465,0.92
explicit_generic,rolling,2021-2025,2021,2025,dm_model:superfluid_dm,Superfluid DM,candidate,0.00016120284984856635,0.00016120284984856635,0.0,1.0,1.0,0.0,0.0006511290734975686,0.38
explicit_generic,rolling,2021-2025,2021,2025,dm_model:superwimp,SuperWIMP,candidate,0.00016120284984856635,0.00016120284984856635,0.0,1.0,1.0,0.0,0.0005064574075412479,0.38
explicit_generic,rolling,2021-2025,2021,2025,dm_model:twin_higgs,Twin Higgs,candidate,0.00016120284984856635,0.00016120284984856635,0.0,1.0,1.0,0.0,0.002962504931030999,0.38
explicit_generic,rolling,2021-2025,2021,2025,dm_model:ula_fuzzy,ULA / Fuzzy,candidate,0.00016120284984856635,0.00015497235332623548,0.03865003955068902,1.0,0.9821428571428571,0.017857142857142905,0.02520039144876194,0.96
explicit_generic,rolling,2021-2025,2021,2025,dm_model:vector_dm,Vector DM,candidate,0.00016120284984856635,0.00016120284984856635,0.0,1.0,1.0,0.0,0.0104484767117035,0.38
explicit_generic,rolling,2021-2025,2021,2025,dm_model:wimpzilla,WIMPzilla,candidate,0.00016120284984856635,0.00016120284984856635,0.0,1.0,1.0,0.0,0.0007965046413406733,0.38
explicit_generic,rolling,2021-2025,2021,2025,dm_model:wino,Wino,candidate,0.00016120284984856635,0.00016120284984856635,0.0,1.0,1.0,0.0,0.022199751889456075,0.38
explicit_generic,rolling,2021-2025,2021,2025,phenomenon:black_holes,Black-hole systems,phenomenon,0.00016120284984856635,0.00015967767198165822,0.009461233894691551,1.0,1.0,0.0,0.0316611400454443,0.86
explicit_generic,rolling,2021-2025,2021,2025,phenomenon:cmb,Cosmic microwave background,phenomenon,0.00016120284984856635,0.00015648293920730516,0.02927932505966901,1.0,1.0,0.0,0.05601779107061792,0.94
explicit_generic,rolling,2021-2025,2021,2025,phenomenon:halo_density_profile,Halo density profile,phenomenon,0.00016120284984856635,0.00016042397551181185,0.004831641236406003,1.0,0.9821428571428571,0.017857142857142905,0.0019896084253288484,0.84
explicit_generic,rolling,2021-2025,2021,2025,theory:inflation,Cosmic inflation,theory,0.00016120284984856635,0.00015959614458189064,0.00996697805395526,1.0,0.9946524064171123,0.005347593582887722,0.06501331514688796,0.88
published_umbrella,full,2006-2025,2006,2025,apparatus:antares,ANTARES,apparatus,0.00010828032820532017,0.00010828032820532017,0.0,1.0,1.0,0.0,0.0003050232490782288,0.40425531914893614
published_umbrella,full,2006-2025,2006,2025,apparatus:bbo,Big Bang Observer,apparatus,0.00010828032820532017,0.00010828032820532017,0.0,1.0,1.0,0.0,0.0020201151815942677,0.40425531914893614
published_umbrella,full,2006-2025,2006,2025,apparatus:chandra,Chandra X-ray Observatory,apparatus,0.00010828032820532017,0.00010828032820532017,0.0,1.0,1.0,0.0,3.8951731014926306e-05,0.40425531914893614
published_umbrella,full,2006-2025,2006,2025,apparatus:cmb_s4,CMB-S4,apparatus,0.00010828032820532017,0.00010828032820532017,0.0,1.0,1.0,0.0,0.001386495016852307,0.40425531914893614
published_umbrella,full,2006-2025,2006,2025,apparatus:cosmic_explorer,Cosmic Explorer,apparatus,0.00010828032820532017,0.00010828032820532017,0.0,1.0,1.0,0.0,0.0005677994676209407,0.40425531914893614
published_umbrella,full,2006-2025,2006,2025,apparatus:coupp,COUPP,apparatus,0.00010828032820532017,0.00010828032820532017,0.0,1.0,1.0,0.0,0.0002138372749777397,0.40425531914893614
published_umbrella,full,2006-2025,2006,2025,apparatus:cresst,CRESST,apparatus,0.00010828032820532017,0.00010828032820532017,0.0,1.0,1.0,0.0,0.0021426651684832445,0.40425531914893614
published_umbrella,full,2006-2025,2006,2025,apparatus:cta,Cherenkov Telescope Array,apparatus,0.00010828032820532017,0.00010828032820532017,0.0,1.0,1.0,0.0,0.0019455070190850057,0.40425531914893614
published_umbrella,full,2006-2025,2006,2025,apparatus:deap,DEAP,apparatus,0.00010828032820532017,0.00010828032820532017,0.0,1.0,1.0,0.0,0.0001280421527566284,0.40425531914893614
published_umbrella,full,2006-2025,2006,2025,apparatus:decigo,DECIGO,apparatus,0.00010828032820532017,0.00010828032820532017,0.0,1.0,1.0,0.0,0.002491135195258794,0.40425531914893614
published_umbrella,full,2006-2025,2006,2025,apparatus:desi,Dark Energy Spectroscopic Instrument,apparatus,0.00010828032820532017,0.00010828032820532017,0.0,1.0,1.0,0.0,0.0011232122283682281,0.40425531914893614
published_umbrella,full,2006-2025,2006,2025,apparatus:drift,DRIFT,apparatus,0.00010828032820532017,0.00010828032820532017,0.0,1.0,1.0,0.0,9.688076794468734e-05,0.40425531914893614
published_umbrella,full,2006-2025,2006,2025,apparatus:edelweiss,EDELWEISS,apparatus,0.00010828032820532017,0.00010828032820532017,0.0,1.0,1.0,0.0,0.0004777119266939817,0.40425531914893614
published_umbrella,full,2006-2025,2006,2025,apparatus:egret,EGRET,apparatus,0.00010828032820532017,0.00010828032820532017,0.0,1.0,1.0,0.0,0.0005155652245353778,0.40425531914893614
published_umbrella,full,2006-2025,2006,2025,apparatus:eht,Event Horizon Telescope,apparatus,0.00010828032820532017,0.00010828032820532017,0.0,1.0,1.0,0.0,0.0003574601201403386,0.40425531914893614
published_umbrella,full,2006-2025,2006,2025,dm_model:asymmetric_dm,Asymmetric DM,candidate,0.00010828032820532017,0.00010795299097923618,0.0030230535085125514,1.0,0.9953271028037384,0.004672897196261627,0.01004678472386331,0.851063829787234
published_umbrella,full,2006-2025,2006,2025,dm_model:atomic_dm,Atomic DM,candidate,0.00010828032820532017,0.00010828032820532017,0.0,1.0,1.0,0.0,0.0014723914530616919,0.40425531914893614
published_umbrella,full,2006-2025,2006,2025,dm_model:axino,Axino,candidate,0.00010828032820532017,0.00010828032820532017,0.0,1.0,1.0,0.0,0.010637667308825864,0.40425531914893614
published_umbrella,full,2006-2025,2006,2025,dm_model:axion_alp,Axion + ALP,candidate,0.00010828032820532017,9.279310212216853e-05,0.14302899095193822,1.0,0.9162314458493678,0.08376855415063222,0.1403940119055444,1.0
published_umbrella,full,2006-2025,2006,2025,dm_model:bino,Bino,candidate,0.00010828032820532017,0.00010828032820532017,0.0,1.0,1.0,0.0,0.032240804350932614,0.40425531914893614
published_umbrella,full,2006-2025,2006,2025,dm_model:dark_photon,Dark Photon,candidate,0.00010828032820532017,0.00010807206887205509,0.0019233348911741098,1.0,0.9953271028037384,0.004672897196261627,0.012918665784580603,0.8297872340425532
published_umbrella,full,2006-2025,2006,2025,dm_model:generic_composite,Generic Composite,candidate,0.00010828032820532017,0.00010827168453970234,7.982674010218629e-05,1.0,1.0,0.0,0.007516089913659948,0.8085106382978723
published_umbrella,full,2006-2025,2006,2025,dm_model:glueball,Glueball,candidate,0.00010828032820532017,0.00010828032820532017,0.0,1.0,1.0,0.0,0.0001448225923244026,0.40425531914893614
published_umbrella,full,2006-2025,2006,2025,dm_model:inert_doublet_model,Inert Doublet Model,candidate,0.00010828032820532017,0.00010828032820532017,0.0,1.0,1.0,0.0,0.0013590341875140506,0.40425531914893614
published_umbrella,full,2006-2025,2006,2025,dm_model:lkp_kaluza_klein,LKP Kaluza-Klein,candidate,0.00010828032820532017,0.00010828032820532017,0.0,1.0,1.0,0.0,0.001321079575684381,0.40425531914893614
published_umbrella,full,2006-2025,2006,2025,dm_model:macho,MACHO,candidate,0.00010828032820532017,0.00010828032820532017,0.0,1.0,1.0,0.0,0.0012487535728129757,0.40425531914893614
published_umbrella,full,2006-2025,2006,2025,dm_model:macroscopic_dm,Macroscopic DM,candidate,0.00010828032820532017,0.00010828032820532017,0.0,1.0,1.0,0.0,0.0003517653262961404,0.40425531914893614
published_umbrella,full,2006-2025,2006,2025,dm_model:majoron,Majoron,candidate,0.00010828032820532017,0.00010828032820532017,0.0,1.0,1.0,0.0,0.0003119177900842307,0.40425531914893614
published_umbrella,full,2006-2025,2006,2025,dm_model:minimal_su_2_l,Minimal SU(2)L,candidate,0.00010828032820532017,0.00010828032820532017,0.0,1.0,1.0,0.0,0.0024919457071649817,0.40425531914893614
published_umbrella,full,2006-2025,2006,2025,dm_model:mirror_dm,Mirror DM,candidate,0.00010828032820532017,0.00010828032820532017,0.0,1.0,1.0,0.0,0.001770824103098739,0.40425531914893614
published_umbrella,full,2006-2025,2006,2025,dm_model:pbh,PBH,candidate,0.00010828032820532017,9.771943691691437e-05,0.09753287105281333,1.0,0.9852941176470589,0.014705882352941124,0.044258514171468984,0.9574468085106383
published_umbrella,full,2006-2025,2006,2025,dm_model:planckian_dm,Planckian DM,candidate,0.00010828032820532017,0.00010828032820532017,0.0,1.0,1.0,0.0,8.020164236518656e-05,0.40425531914893614
published_umbrella,full,2006-2025,2006,2025,dm_model:q_ball,Q-ball,candidate,0.00010828032820532017,0.00010828032820532017,0.0,1.0,1.0,0.0,0.0012020275162925415,0.40425531914893614
published_umbrella,full,2006-2025,2006,2025,dm_model:quark_nugget_aqn,Quark Nugget / AQN,candidate,0.00010828032820532017,0.00010828032820532017,0.0,1.0,1.0,0.0,0.001098150893353579,0.40425531914893614
published_umbrella,full,2006-2025,2006,2025,dm_model:scotogenic_model,Scotogenic Model,candidate,0.00010828032820532017,0.00010828032820532017,0.0,1.0,1.0,0.0,0.0015507001710446382,0.40425531914893614
published_umbrella,full,2006-2025,2006,2025,dm_model:sfdm,SFDM,candidate,0.00010828032820532017,0.00010828032820532017,0.0,1.0,1.0,0.0,0.0018209467731280372,0.40425531914893614
published_umbrella,full,2006-2025,2006,2025,dm_model:sterile_nu,Sterile nu,candidate,0.00010828032820532017,0.00010634701305394617,0.017854721937193126,1.0,0.9953271028037384,0.004672897196261627,0.040358345094443256,0.8936170212765957
published_umbrella,full,2006-2025,2006,2025,dm_model:superfluid_dm,Superfluid DM,candidate,0.00010828032820532017,0.00010828032820532017,0.0,1.0,1.0,0.0,0.00023041508656896704,0.40425531914893614
published_umbrella,full,2006-2025,2006,2025,dm_model:superwimp,SuperWIMP,candidate,0.00010828032820532017,0.00010828032820532017,0.0,1.0,1.0,0.0,0.0008644405072640212,0.40425531914893614
published_umbrella,full,2006-2025,2006,2025,dm_model:twin_higgs,Twin Higgs,candidate,0.00010828032820532017,0.00010828032820532017,0.0,1.0,1.0,0.0,0.004220928035681297,0.40425531914893614
published_umbrella,full,2006-2025,2006,2025,dm_model:ula_fuzzy,ULA / Fuzzy,candidate,0.00010828032820532017,0.00010475362314687966,0.03257013639405678,1.0,0.9705882352941176,0.02941176470588236,0.014231336299238288,0.9148936170212766
published_umbrella,full,2006-2025,2006,2025,dm_model:vector_dm,Vector DM,candidate,0.00010828032820532017,0.00010828032820532017,0.0,1.0,1.0,0.0,0.007339007503350074,0.40425531914893614
published_umbrella,full,2006-2025,2006,2025,dm_model:wimp_related,WIMP-related,candidate,0.00010828032820532017,9.496377315597246e-05,0.12298221911644905,1.0,0.9015942825728422,0.09840571742715776,0.2734811752630232,0.9787234042553191
published_umbrella,full,2006-2025,2006,2025,dm_model:wimpzilla,WIMPzilla,candidate,0.00010828032820532017,0.00010828032820532017,0.0,1.0,1.0,0.0,0.0008420665878403222,0.40425531914893614
published_umbrella,full,2006-2025,2006,2025,dm_model:wino,Wino,candidate,0.00010828032820532017,0.00010828032820532017,0.0,1.0,1.0,0.0,0.0287970180111676,0.40425531914893614
published_umbrella,full,2006-2025,2006,2025,phenomenon:black_holes,Black-hole systems,phenomenon,0.00010828032820532017,0.00010768742587346585,0.005475623704520584,1.0,1.0,0.0,0.01877974679671231,0.8723404255319149
published_umbrella,full,2006-2025,2006,2025,phenomenon:cmb,Cosmic microwave background,phenomenon,0.00010828032820532017,0.00010341516280153729,0.044931202965672525,1.0,0.9852941176470589,0.014705882352941124,0.04122833620927417,0.9361702127659575
published_umbrella,stable,2006-2015,2006,2015,apparatus:antares,ANTARES,apparatus,0.0001978530618628126,0.0001978530618628126,0.0,1.0,1.0,0.0,0.00020041663797310365,0.42105263157894735
published_umbrella,stable,2006-2015,2006,2015,apparatus:cobe,COBE,apparatus,0.0001978530618628126,0.0001978530618628126,0.0,1.0,1.0,0.0,0.00014087628946359704,0.42105263157894735
published_umbrella,stable,2006-2015,2006,2015,apparatus:cresst,CRESST,apparatus,0.0001978530618628126,0.0001978530618628126,0.0,1.0,1.0,0.0,0.005036264536817991,0.42105263157894735
published_umbrella,stable,2006-2015,2006,2015,apparatus:cta,Cherenkov Telescope Array,apparatus,0.0001978530618628126,0.0001978530618628126,0.0,1.0,1.0,0.0,0.00040278208555428893,0.42105263157894735
published_umbrella,stable,2006-2015,2006,2015,apparatus:dama_libra,DAMA/LIBRA,apparatus,0.0001978530618628126,0.0001978530618628126,0.0,1.0,1.0,0.0,0.00032729257342444337,0.42105263157894735
published_umbrella,stable,2006-2015,2006,2015,apparatus:edelweiss,EDELWEISS,apparatus,0.0001978530618628126,0.0001978530618628126,0.0,1.0,1.0,0.0,0.0008748485676584926,0.42105263157894735
published_umbrella,stable,2006-2015,2006,2015,apparatus:egret,EGRET,apparatus,0.0001978530618628126,0.0001978530618628126,0.0,1.0,1.0,0.0,0.0014084042078802844,0.42105263157894735
published_umbrella,stable,2006-2015,2006,2015,apparatus:eureca,EURECA,apparatus,0.0001978530618628126,0.0001978530618628126,0.0,1.0,1.0,0.0,0.00020236544758118528,0.42105263157894735
published_umbrella,stable,2006-2015,2006,2015,apparatus:iaxo,IAXO,apparatus,0.0001978530618628126,0.0001978530618628126,0.0,1.0,1.0,0.0,0.00020236544758118528,0.42105263157894735
published_umbrella,stable,2006-2015,2006,2015,apparatus:katrin,KATRIN,apparatus,0.0001978530618628126,0.0001978530618628126,0.0,1.0,1.0,0.0,0.00026580341530685515,0.42105263157894735
published_umbrella,stable,2006-2015,2006,2015,apparatus:kims,KIMS,apparatus,0.0001978530618628126,0.0001978530618628126,0.0,1.0,1.0,0.0,0.00028565019814335733,0.42105263157894735
published_umbrella,stable,2006-2015,2006,2015,apparatus:mimac,MIMAC,apparatus,0.0001978530618628126,0.0001978530618628126,0.0,1.0,1.0,0.0,0.0005417095654098043,0.42105263157894735
published_umbrella,stable,2006-2015,2006,2015,apparatus:xmm_newton,XMM-Newton,apparatus,0.0001978530618628126,0.0001978530618628126,0.0,1.0,1.0,0.0,0.00048411802650837933,0.42105263157894735
published_umbrella,stable,2006-2015,2006,2015,apparatus:zeplin,ZEPLIN,apparatus,0.0001978530618628126,0.0001978530618628126,0.0,1.0,1.0,0.0,0.0008588994040381536,0.42105263157894735
published_umbrella,stable,2006-2015,2006,2015,dm_model:asymmetric_dm,Asymmetric DM,candidate,0.0001978530618628126,0.0001969114844961508,0.004758972935757069,1.0,0.9919354838709677,0.008064516129032251,0.009599900593850057,0.8421052631578947
published_umbrella,stable,2006-2015,2006,2015,dm_model:atomic_dm,Atomic DM,candidate,0.0001978530618628126,0.0001978530618628126,0.0,1.0,1.0,0.0,0.0010394692591747551,0.42105263157894735
published_umbrella,stable,2006-2015,2006,2015,dm_model:axino,Axino,candidate,0.0001978530618628126,0.0001978530618628126,0.0,1.0,1.0,0.0,0.022473240984529887,0.42105263157894735
published_umbrella,stable,2006-2015,2006,2015,dm_model:axion_alp,Axion + ALP,candidate,0.0001978530618628126,0.0001888403971549241,0.0455523135352725,1.0,0.9435483870967742,0.056451612903225756,0.07282143144174909,0.9473684210526315
published_umbrella,stable,2006-2015,2006,2015,dm_model:bino,Bino,candidate,0.0001978530618628126,0.0001978530618628126,0.0,1.0,1.0,0.0,0.04411522458629045,0.42105263157894735
published_umbrella,stable,2006-2015,2006,2015,dm_model:dark_photon,Dark Photon,candidate,0.0001978530618628126,0.0001978530618628126,0.0,1.0,1.0,0.0,0.0014119431403407617,0.42105263157894735
published_umbrella,stable,2006-2015,2006,2015,dm_model:generic_composite,Generic Composite,candidate,0.0001978530618628126,0.0001978530618628126,0.0,1.0,1.0,0.0,0.0018879072416611287,0.42105263157894735
published_umbrella,stable,2006-2015,2006,2015,dm_model:inert_doublet_model,Inert Doublet Model,candidate,0.0001978530618628126,0.0001978530618628126,0.0,1.0,1.0,0.0,0.0007277671626149647,0.42105263157894735
published_umbrella,stable,2006-2015,2006,2015,dm_model:lkp_kaluza_klein,LKP Kaluza-Klein,candidate,0.0001978530618628126,0.0001978530618628126,0.0,1.0,1.0,0.0,0.003335646328458732,0.42105263157894735
published_umbrella,stable,2006-2015,2006,2015,dm_model:macho,MACHO,candidate,0.0001978530618628126,0.00018516265616733946,0.06414055752279645,1.0,0.84,0.16000000000000003,0.001468661929901163,0.9736842105263158
published_umbrella,stable,2006-2015,2006,2015,dm_model:minimal_su_2_l,Minimal SU(2)L,candidate,0.0001978530618628126,0.0001978530618628126,0.0,1.0,1.0,0.0,0.0004362705356473625,0.42105263157894735
published_umbrella,stable,2006-2015,2006,2015,dm_model:mirror_dm,Mirror DM,candidate,0.0001978530618628126,0.0001978530618628126,0.0,1.0,1.0,0.0,0.0017216964272924705,0.42105263157894735
published_umbrella,stable,2006-2015,2006,2015,dm_model:pbh,PBH,candidate,0.0001978530618628126,0.00019474504793877228,0.015708697630342223,1.0,0.96,0.040000000000000036,0.0036904255473223517,0.868421052631579
published_umbrella,stable,2006-2015,2006,2015,dm_model:q_ball,Q-ball,candidate,0.0001978530618628126,0.0001978530618628126,0.0,1.0,1.0,0.0,0.0018739068876488713,0.42105263157894735
published_umbrella,stable,2006-2015,2006,2015,dm_model:quark_nugget_aqn,Quark Nugget / AQN,candidate,0.0001978530618628126,0.0001978530618628126,0.0,1.0,1.0,0.0,0.00024205901325418966,0.42105263157894735
published_umbrella,stable,2006-2015,2006,2015,dm_model:sfdm,SFDM,candidate,0.0001978530618628126,0.0001978530618628126,0.0,1.0,1.0,0.0,0.0008335648791330925,0.42105263157894735
published_umbrella,stable,2006-2015,2006,2015,dm_model:sterile_nu,Sterile nu,candidate,0.0001978530618628126,0.0001897328112235914,0.0410418244871621,1.0,0.96,0.040000000000000036,0.03164101990797116,0.9210526315789473
published_umbrella,stable,2006-2015,2006,2015,dm_model:superwimp,SuperWIMP,candidate,0.0001978530618628126,0.0001978530618628126,0.0,1.0,1.0,0.0,0.0012870160144975037,0.42105263157894735
published_umbrella,stable,2006-2015,2006,2015,dm_model:twin_higgs,Twin Higgs,candidate,0.0001978530618628126,0.0001978530618628126,0.0,1.0,1.0,0.0,0.0031231781460814524,0.42105263157894735
published_umbrella,stable,2006-2015,2006,2015,dm_model:ula_fuzzy,ULA / Fuzzy,candidate,0.0001978530618628126,0.0001978530618628126,0.0,1.0,1.0,0.0,0.0011589086429494543,0.42105263157894735
published_umbrella,stable,2006-2015,2006,2015,dm_model:vector_dm,Vector DM,candidate,0.0001978530618628126,0.0001978530618628126,0.0,1.0,1.0,0.0,0.0024569001415840758,0.42105263157894735
published_umbrella,stable,2006-2015,2006,2015,dm_model:wimp_related,WIMP-related,candidate,0.0001978530618628126,0.00011576612641178553,0.4148883756367871,1.0,0.8680645161290322,0.13193548387096776,0.4394553467568507,1.0
published_umbrella,stable,2006-2015,2006,2015,dm_model:wino,Wino,candidate,0.0001978530618628126,0.0001978530618628126,0.0,1.0,1.0,0.0,0.040125710484494204,0.42105263157894735
published_umbrella,stable,2006-2015,2006,2015,phenomenon:cmb,Cosmic microwave background,phenomenon,0.0001978530618628126,0.00019425091307728306,0.018206181656300034,1.0,1.0,0.0,0.02255892910164859,0.8947368421052632
published_umbrella,stable,2016-2025,2016,2025,apparatus:antares,ANTARES,apparatus,0.00015740755575266273,0.00015740755575266273,0.0,1.0,1.0,0.0,0.00013762162760038506,0.3888888888888889
published_umbrella,stable,2016-2025,2016,2025,apparatus:bbo,Big Bang Observer,apparatus,0.00015740755575266273,0.00015740755575266273,0.0,1.0,1.0,0.0,0.0030312192718203687,0.3888888888888889
published_umbrella,stable,2016-2025,2016,2025,apparatus:bicep_keck,BICEP/Keck,apparatus,0.00015740755575266273,0.00015740755575266273,0.0,1.0,1.0,0.0,0.0003093207691805353,0.3888888888888889
published_umbrella,stable,2016-2025,2016,2025,apparatus:cmb_s4,CMB-S4,apparatus,0.00015740755575266273,0.00015740755575266273,0.0,1.0,1.0,0.0,0.0021777090170235305,0.3888888888888889
published_umbrella,stable,2016-2025,2016,2025,apparatus:cosmic_explorer,Cosmic Explorer,apparatus,0.00015740755575266273,0.00015740755575266273,0.0,1.0,1.0,0.0,0.0009101527245549051,0.3888888888888889
published_umbrella,stable,2016-2025,2016,2025,apparatus:cta,Cherenkov Telescope Array,apparatus,0.00015740755575266273,0.00015740755575266273,0.0,1.0,1.0,0.0,0.0017608097556767823,0.3888888888888889
published_umbrella,stable,2016-2025,2016,2025,apparatus:deap,DEAP,apparatus,0.00015740755575266273,0.00015740755575266273,0.0,1.0,1.0,0.0,0.00015293848403512918,0.3888888888888889
published_umbrella,stable,2016-2025,2016,2025,apparatus:decigo,DECIGO,apparatus,0.00015740755575266273,0.00015740755575266273,0.0,1.0,1.0,0.0,0.0038062430953268453,0.3888888888888889
published_umbrella,stable,2016-2025,2016,2025,apparatus:desi,Dark Energy Spectroscopic Instrument,apparatus,0.00015740755575266273,0.00015740755575266273,0.0,1.0,1.0,0.0,0.001816271070564217,0.3888888888888889
published_umbrella,stable,2016-2025,2016,2025,apparatus:eht,Event Horizon Telescope,apparatus,0.00015740755575266273,0.00015740755575266273,0.0,1.0,1.0,0.0,0.0005639012177196439,0.3888888888888889
published_umbrella,stable,2016-2025,2016,2025,apparatus:einstein_telescope,Einstein Telescope,apparatus,0.00015740755575266273,0.00015740755575266273,0.0,1.0,1.0,0.0,0.0030613928240652323,0.3888888888888889
published_umbrella,stable,2016-2025,2016,2025,apparatus:epta,European Pulsar Timing Array,apparatus,0.00015740755575266273,0.00015740755575266273,0.0,1.0,1.0,0.0,0.00028711631052523727,0.3888888888888889
published_umbrella,stable,2016-2025,2016,2025,apparatus:eros,EROS,apparatus,0.00015740755575266273,0.00015740755575266273,0.0,1.0,1.0,0.0,0.0005307747782981989,0.3888888888888889
published_umbrella,stable,2016-2025,2016,2025,apparatus:erosita,eROSITA,apparatus,0.00015740755575266273,0.00015740755575266273,0.0,1.0,1.0,0.0,0.00013417782649010812,0.3888888888888889
published_umbrella,stable,2016-2025,2016,2025,dm_model:asymmetric_dm,Asymmetric DM,candidate,0.00015740755575266273,0.00015738164404470884,0.00016461540127463384,1.0,1.0,0.0,0.0075883488295726805,0.8
published_umbrella,stable,2016-2025,2016,2025,dm_model:atomic_dm,Atomic DM,candidate,0.00015740755575266273,0.00015740755575266273,0.0,1.0,1.0,0.0,0.0007243178814106432,0.3888888888888889
published_umbrella,stable,2016-2025,2016,2025,dm_model:axino,Axino,candidate,0.00015740755575266273,0.00015740755575266273,0.0,1.0,1.0,0.0,0.0030198063771205257,0.3888888888888889
published_umbrella,stable,2016-2025,2016,2025,dm_model:axion_alp,Axion + ALP,candidate,0.00015740755575266273,0.000125734757924226,0.2012152318672984,1.0,0.9171270718232044,0.08287292817679559,0.17294686312727925,1.0
published_umbrella,stable,2016-2025,2016,2025,dm_model:bino,Bino,candidate,0.00015740755575266273,0.00015740755575266273,0.0,1.0,1.0,0.0,0.0242472688515854,0.3888888888888889
published_umbrella,stable,2016-2025,2016,2025,dm_model:dark_photon,Dark Photon,candidate,0.00015740755575266273,0.00015702081837786896,0.0024569174773379945,1.0,0.994475138121547,0.0055248618784530246,0.017264867847301694,0.8222222222222222
published_umbrella,stable,2016-2025,2016,2025,dm_model:generic_composite,Generic Composite,candidate,0.00015740755575266273,0.0001573941877195997,8.492624765757685e-05,1.0,1.0,0.0,0.009511346981246411,0.7777777777777778
published_umbrella,stable,2016-2025,2016,2025,dm_model:glueball,Glueball,candidate,0.00015740755575266273,0.00015740755575266273,0.0,1.0,1.0,0.0,0.00022204458655297984,0.3888888888888889
published_umbrella,stable,2016-2025,2016,2025,dm_model:inert_doublet_model,Inert Doublet Model,candidate,0.00015740755575266273,0.00015740755575266273,0.0,1.0,1.0,0.0,0.0012409569581447303,0.3888888888888889
published_umbrella,stable,2016-2025,2016,2025,dm_model:macho,MACHO,candidate,0.00015740755575266273,0.00015740755575266273,0.0,1.0,1.0,0.0,0.0009702389954232493,0.3888888888888889
published_umbrella,stable,2016-2025,2016,2025,dm_model:macroscopic_dm,Macroscopic DM,candidate,0.00015740755575266273,0.00015740755575266273,0.0,1.0,1.0,0.0,0.00030433531607662194,0.3888888888888889
published_umbrella,stable,2016-2025,2016,2025,dm_model:majoron,Majoron,candidate,0.00015740755575266273,0.00015740755575266273,0.0,1.0,1.0,0.0,0.0004440891731059597,0.3888888888888889
published_umbrella,stable,2016-2025,2016,2025,dm_model:minimal_su_2_l,Minimal SU(2)L,candidate,0.00015740755575266273,0.00015740755575266273,0.0,1.0,1.0,0.0,0.002275186186171225,0.3888888888888889
published_umbrella,stable,2016-2025,2016,2025,dm_model:mirror_dm,Mirror DM,candidate,0.00015740755575266273,0.00015740755575266273,0.0,1.0,1.0,0.0,0.0009857859321703057,0.3888888888888889
published_umbrella,stable,2016-2025,2016,2025,dm_model:pbh,PBH,candidate,0.00015740755575266273,0.00014144231740841935,0.10142612448242216,1.0,0.9818181818181818,0.018181818181818188,0.06623878528474936,0.9777777777777777
published_umbrella,stable,2016-2025,2016,2025,dm_model:planckian_dm,Planckian DM,candidate,0.00015740755575266273,0.00015740755575266273,0.0,1.0,1.0,0.0,0.00012384642315927736,0.3888888888888889
published_umbrella,stable,2016-2025,2016,2025,dm_model:quark_nugget_aqn,Quark Nugget / AQN,candidate,0.00015740755575266273,0.00015740755575266273,0.0,1.0,1.0,0.0,0.00150681988457299,0.3888888888888889
published_umbrella,stable,2016-2025,2016,2025,dm_model:scotogenic_model,Scotogenic Model,candidate,0.00015740755575266273,0.00015740755575266273,0.0,1.0,1.0,0.0,0.002357116418571863,0.3888888888888889
published_umbrella,stable,2016-2025,2016,2025,dm_model:sfdm,SFDM,candidate,0.00015740755575266273,0.00015740755575266273,0.0,1.0,1.0,0.0,0.0017446722414944096,0.3888888888888889
published_umbrella,stable,2016-2025,2016,2025,dm_model:sterile_nu,Sterile nu,candidate,0.00015740755575266273,0.00015334350664454976,0.025818640589902058,1.0,0.9655449522852838,0.03445504771471619,0.04137542798896155,0.8888888888888888
published_umbrella,stable,2016-2025,2016,2025,dm_model:superfluid_dm,Superfluid DM,candidate,0.00015740755575266273,0.00015740755575266273,0.0,1.0,1.0,0.0,0.0003615683632700054,0.3888888888888889
published_umbrella,stable,2016-2025,2016,2025,dm_model:superwimp,SuperWIMP,candidate,0.00015740755575266273,0.00015740755575266273,0.0,1.0,1.0,0.0,0.00041250438567815115,0.3888888888888889
published_umbrella,stable,2016-2025,2016,2025,dm_model:twin_higgs,Twin Higgs,candidate,0.00015740755575266273,0.00015740755575266273,0.0,1.0,1.0,0.0,0.0037732163194070206,0.3888888888888889
published_umbrella,stable,2016-2025,2016,2025,dm_model:ula_fuzzy,ULA / Fuzzy,candidate,0.00015740755575266273,0.00015163960279072615,0.03664343134201171,1.0,0.9818181818181818,0.018181818181818188,0.021135615438900142,0.9333333333333333
published_umbrella,stable,2016-2025,2016,2025,dm_model:vector_dm,Vector DM,candidate,0.00015740755575266273,0.00015740755575266273,0.0,1.0,1.0,0.0,0.009293697270362028,0.3888888888888889
published_umbrella,stable,2016-2025,2016,2025,dm_model:wimp_related,WIMP-related,candidate,0.00015740755575266273,0.00014772214115660784,0.06153081121006511,1.0,0.9546961325966851,0.045303867403314935,0.17596110828100936,0.9555555555555556
published_umbrella,stable,2016-2025,2016,2025,dm_model:wimpzilla,WIMPzilla,candidate,0.00015740755575266273,0.00015740755575266273,0.0,1.0,1.0,0.0,0.0008481643045699205,0.3888888888888889
published_umbrella,stable,2016-2025,2016,2025,dm_model:wino,Wino,candidate,0.00015740755575266273,0.00015740755575266273,0.0,1.0,1.0,0.0,0.02126629536123624,0.3888888888888889
published_umbrella,stable,2016-2025,2016,2025,phenomenon:black_holes,Black-hole systems,phenomenon,0.00015740755575266273,0.00015615121334038273,0.007981461920761353,1.0,1.0,0.0,0.025086827924672553,0.8444444444444444
published_umbrella,stable,2016-2025,2016,2025,phenomenon:cmb,Cosmic microwave background,phenomenon,0.00015740755575266273,0.00015173743971294757,0.036021879716020166,1.0,1.0,0.0,0.048789178892821236,0.9111111111111111
published_umbrella,stable,2016-2025,2016,2025,theory:inflation,Cosmic inflation,theory,0.00015740755575266273,0.00015501307558490277,0.015211977317800702,1.0,1.0,0.0,0.06406365271161915,0.8666666666666667
published_umbrella,rolling,2006-2010,2006,2010,apparatus:ams_02,AMS-02,apparatus,0.0002209277155307761,0.0002209277155307761,0.0,1.0,1.0,0.0,0.000776952510643034,0.4107142857142857
published_umbrella,rolling,2006-2010,2006,2010,apparatus:cresst,CRESST,apparatus,0.0002209277155307761,0.0002209277155307761,0.0,1.0,1.0,0.0,0.0037373379179826867,0.4107142857142857
published_umbrella,rolling,2006-2010,2006,2010,apparatus:edelweiss,EDELWEISS,apparatus,0.0002209277155307761,0.0002209277155307761,0.0,1.0,1.0,0.0,0.0008468221389467091,0.4107142857142857
published_umbrella,rolling,2006-2010,2006,2010,apparatus:egret,EGRET,apparatus,0.0002209277155307761,0.0002209277155307761,0.0,1.0,1.0,0.0,0.00624706282032228,0.4107142857142857
published_umbrella,rolling,2006-2010,2006,2010,apparatus:eureca,EURECA,apparatus,0.0002209277155307761,0.0002209277155307761,0.0,1.0,1.0,0.0,0.0005205301333037337,0.4107142857142857
published_umbrella,rolling,2006-2010,2006,2010,apparatus:kims,KIMS,apparatus,0.0002209277155307761,0.0002209277155307761,0.0,1.0,1.0,0.0,0.000388476255321517,0.4107142857142857
published_umbrella,rolling,2006-2010,2006,2010,apparatus:magic,MAGIC telescopes,apparatus,0.0002209277155307761,0.0002209277155307761,0.0,1.0,1.0,0.0,0.00013205387798221675,0.4107142857142857
published_umbrella,rolling,2006-2010,2006,2010,apparatus:planck,Planck mission,apparatus,0.0002209277155307761,0.0002209277155307761,0.0,1.0,1.0,0.0,0.0006085660519585449,0.4107142857142857
published_umbrella,rolling,2006-2010,2006,2010,dm_model:asymmetric_dm,Asymmetric DM,candidate,0.0002209277155307761,0.0002209277155307761,0.0,1.0,1.0,0.0,0.0004248088360237893,0.4107142857142857
published_umbrella,rolling,2006-2010,2006,2010,dm_model:atomic_dm,Atomic DM,candidate,0.0002209277155307761,0.0002209277155307761,0.0,1.0,1.0,0.0,0.0004401795932740558,0.4107142857142857
published_umbrella,rolling,2006-2010,2006,2010,dm_model:axino,Axino,candidate,0.0002209277155307761,0.0002209277155307761,0.0,1.0,1.0,0.0,0.029327180442891728,0.4107142857142857
published_umbrella,rolling,2006-2010,2006,2010,dm_model:axion_alp,Axion + ALP,candidate,0.0002209277155307761,0.00021575537368492687,0.023411919294157965,1.0,0.9801980198019802,0.01980198019801982,0.06066800488244063,0.8928571428571429
published_umbrella,rolling,2006-2010,2006,2010,dm_model:bino,Bino,candidate,0.0002209277155307761,0.0002209277155307761,0.0,1.0,1.0,0.0,0.033647933964534166,0.4107142857142857
published_umbrella,rolling,2006-2010,2006,2010,dm_model:generic_composite,Generic Composite,candidate,0.0002209277155307761,0.0002209277155307761,0.0,1.0,1.0,0.0,0.0004506605050000587,0.4107142857142857
published_umbrella,rolling,2006-2010,2006,2010,dm_model:inert_doublet_model,Inert Doublet Model,candidate,0.0002209277155307761,0.0002209277155307761,0.0,1.0,1.0,0.0,0.000637213254035684,0.4107142857142857
published_umbrella,rolling,2006-2010,2006,2010,dm_model:lkp_kaluza_klein,LKP Kaluza-Klein,candidate,0.0002209277155307761,0.0002209277155307761,0.0,1.0,1.0,0.0,0.00767730056292874,0.4107142857142857
published_umbrella,rolling,2006-2010,2006,2010,dm_model:macho,MACHO,candidate,0.0002209277155307761,0.00020612352019739225,0.06700922651473107,1.0,0.8333333333333334,0.16666666666666663,0.002200897966370279,0.9285714285714286
published_umbrella,rolling,2006-2010,2006,2010,dm_model:mirror_dm,Mirror DM,candidate,0.0002209277155307761,0.0002209277155307761,0.0,1.0,1.0,0.0,0.001553905021286068,0.4107142857142857
published_umbrella,rolling,2006-2010,2006,2010,dm_model:pbh,PBH,candidate,0.0002209277155307761,0.00021589464086847635,0.022781544860534336,1.0,0.9666666666666667,0.033333333333333326,0.0035375087241201887,0.8571428571428571
published_umbrella,rolling,2006-2010,2006,2010,dm_model:q_ball,Q-ball,candidate,0.0002209277155307761,0.0002209277155307761,0.0,1.0,1.0,0.0,0.0018054375531011044,0.4107142857142857
published_umbrella,rolling,2006-2010,2006,2010,dm_model:quark_nugget_aqn,Quark Nugget / AQN,candidate,0.0002209277155307761,0.0002209277155307761,0.0,1.0,1.0,0.0,0.0005205301333037337,0.4107142857142857
published_umbrella,rolling,2006-2010,2006,2010,dm_model:sterile_nu,Sterile nu,candidate,0.0002209277155307761,0.00020479876381031587,0.07300556058215969,1.0,0.9666666666666667,0.033333333333333326,0.021566724457223407,0.9642857142857143
published_umbrella,rolling,2006-2010,2006,2010,dm_model:superwimp,SuperWIMP,candidate,0.0002209277155307761,0.0002209277155307761,0.0,1.0,1.0,0.0,0.0020436936400892686,0.4107142857142857
published_umbrella,rolling,2006-2010,2006,2010,dm_model:twin_higgs,Twin Higgs,candidate,0.0002209277155307761,0.0002209277155307761,0.0,1.0,1.0,0.0,0.002548853016142736,0.4107142857142857
published_umbrella,rolling,2006-2010,2006,2010,dm_model:wimp_related,WIMP-related,candidate,0.0002209277155307761,0.00013337527567095753,0.3962945058725426,1.0,0.8996699669966997,0.10033003300330035,0.45702158630253853,1.0
published_umbrella,rolling,2006-2010,2006,2010,dm_model:wimpzilla,WIMPzilla,candidate,0.0002209277155307761,0.0002209277155307761,0.0,1.0,1.0,0.0,0.00036262458634524756,0.4107142857142857
published_umbrella,rolling,2006-2010,2006,2010,dm_model:wino,Wino,candidate,0.0002209277155307761,0.0002209277155307761,0.0,1.0,1.0,0.0,0.030257148654968983,0.4107142857142857
published_umbrella,rolling,2006-2010,2006,2010,phenomenon:black_holes,Black-hole systems,phenomenon,0.0002209277155307761,0.00021747423793261884,0.015631708271007627,1.0,0.9666666666666667,0.033333333333333326,0.005148006928883059,0.8214285714285714
published_umbrella,rolling,2007-2011,2007,2011,apparatus:coupp,COUPP,apparatus,0.0002409242860900306,0.0002409242860900306,0.0,1.0,1.0,0.0,0.00022238778646891245,0.4074074074074074
published_umbrella,rolling,2007-2011,2007,2011,apparatus:dmtpc,DMTPC,apparatus,0.0002409242860900306,0.0002409242860900306,0.0,1.0,1.0,0.0,0.00043326927107456407,0.4074074074074074
published_umbrella,rolling,2007-2011,2007,2011,apparatus:edelweiss,EDELWEISS,apparatus,0.0002409242860900306,0.0002409242860900306,0.0,1.0,1.0,0.0,0.001441691916382257,0.4074074074074074
published_umbrella,rolling,2007-2011,2007,2011,apparatus:egret,EGRET,apparatus,0.0002409242860900306,0.0002409242860900306,0.0,1.0,1.0,0.0,0.004033690581230771,0.4074074074074074
published_umbrella,rolling,2007-2011,2007,2011,apparatus:eureca,EURECA,apparatus,0.0002409242860900306,0.0002409242860900306,0.0,1.0,1.0,0.0,0.0005828107655644767,0.4074074074074074
published_umbrella,rolling,2007-2011,2007,2011,apparatus:hubble,Hubble Space Telescope,apparatus,0.0002409242860900306,0.0002409242860900306,0.0,1.0,1.0,0.0,0.0003374103753690426,0.4074074074074074
published_umbrella,rolling,2007-2011,2007,2011,apparatus:planck,Planck mission,apparatus,0.0002409242860900306,0.0002409242860900306,0.0,1.0,1.0,0.0,0.001759938598556691,0.4074074074074074
published_umbrella,rolling,2007-2011,2007,2011,dm_model:asymmetric_dm,Asymmetric DM,candidate,0.0002409242860900306,0.0002409242860900306,0.0,1.0,1.0,0.0,0.004493861796296249,0.4074074074074074
published_umbrella,rolling,2007-2011,2007,2011,dm_model:atomic_dm,Atomic DM,candidate,0.0002409242860900306,0.0002409242860900306,0.0,1.0,1.0,0.0,0.0006556570575434765,0.4074074074074074
published_umbrella,rolling,2007-2011,2007,2011,dm_model:axino,Axino,candidate,0.0002409242860900306,0.0002409242860900306,0.0,1.0,1.0,0.0,0.030287562132412873,0.4074074074074074
published_umbrella,rolling,2007-2011,2007,2011,dm_model:axion_alp,Axion + ALP,candidate,0.0002409242860900306,0.00023173466465083165,0.03814319257032019,1.0,0.956140350877193,0.04385964912280704,0.06104275072256018,0.9259259259259259
published_umbrella,rolling,2007-2011,2007,2011,dm_model:bino,Bino,candidate,0.0002409242860900306,0.0002409242860900306,0.0,1.0,1.0,0.0,0.03378450758526469,0.4074074074074074
published_umbrella,rolling,2007-2011,2007,2011,dm_model:generic_composite,Generic Composite,candidate,0.0002409242860900306,0.0002409242860900306,0.0,1.0,1.0,0.0,0.0010314352490342145,0.4074074074074074
published_umbrella,rolling,2007-2011,2007,2011,dm_model:inert_doublet_model,Inert Doublet Model,candidate,0.0002409242860900306,0.0002409242860900306,0.0,1.0,1.0,0.0,0.0005751533742331289,0.4074074074074074
published_umbrella,rolling,2007-2011,2007,2011,dm_model:lkp_kaluza_klein,LKP Kaluza-Klein,candidate,0.0002409242860900306,0.0002409242860900306,0.0,1.0,1.0,0.0,0.004275282490626771,0.4074074074074074
published_umbrella,rolling,2007-2011,2007,2011,dm_model:macho,MACHO,candidate,0.0002409242860900306,0.00023963180198373774,0.005364689991484994,1.0,1.0,0.0,0.0020244622522142554,0.8148148148148148
published_umbrella,rolling,2007-2011,2007,2011,dm_model:mirror_dm,Mirror DM,candidate,0.0002409242860900306,0.0002409242860900306,0.0,1.0,1.0,0.0,0.001825127499204343,0.4074074074074074
published_umbrella,rolling,2007-2011,2007,2011,dm_model:pbh,PBH,candidate,0.0002409242860900306,0.0002338066651510936,0.029542978229588783,1.0,0.9615384615384616,0.038461538461538436,0.003968461250850642,0.8888888888888888
published_umbrella,rolling,2007-2011,2007,2011,dm_model:q_ball,Q-ball,candidate,0.0002409242860900306,0.0002409242860900306,0.0,1.0,1.0,0.0,0.0023006134969325155,0.4074074074074074
published_umbrella,rolling,2007-2011,2007,2011,dm_model:quark_nugget_aqn,Quark Nugget / AQN,candidate,0.0002409242860900306,0.0002409242860900306,0.0,1.0,1.0,0.0,0.00021088148460565162,0.4074074074074074
published_umbrella,rolling,2007-2011,2007,2011,dm_model:sterile_nu,Sterile nu,candidate,0.0002409242860900306,0.00022504823311806822,0.06589644086785708,1.0,0.9615384615384616,0.038461538461538436,0.021997469745622594,0.9629629629629629
published_umbrella,rolling,2007-2011,2007,2011,dm_model:superwimp,SuperWIMP,candidate,0.0002409242860900306,0.0002409242860900306,0.0,1.0,1.0,0.0,0.0004256118797432162,0.4074074074074074
published_umbrella,rolling,2007-2011,2007,2011,dm_model:twin_higgs,Twin Higgs,candidate,0.0002409242860900306,0.0002409242860900306,0.0,1.0,1.0,0.0,0.002396472392638037,0.4074074074074074
published_umbrella,rolling,2007-2011,2007,2011,dm_model:wimp_related,WIMP-related,candidate,0.0002409242860900306,0.00013844275272891895,0.4253682143227997,1.0,0.9035087719298246,0.0964912280701754,0.4705429211743123,1.0
published_umbrella,rolling,2007-2011,2007,2011,dm_model:wimpzilla,WIMPzilla,candidate,0.0002409242860900306,0.0002409242860900306,0.0,1.0,1.0,0.0,0.00028757668711656444,0.4074074074074074
published_umbrella,rolling,2007-2011,2007,2011,dm_model:wino,Wino,candidate,0.0002409242860900306,0.0002409242860900306,0.0,1.0,1.0,0.0,0.027231583771699444,0.4074074074074074
published_umbrella,rolling,2007-2011,2007,2011,phenomenon:black_holes,Black-hole systems,phenomenon,0.0002409242860900306,0.0002370400913074873,0.016122055794291372,1.0,0.9615384615384616,0.038461538461538436,0.006821175088557286,0.8518518518518519
published_umbrella,rolling,2008-2012,2008,2012,apparatus:amanda,AMANDA,apparatus,0.00021607910926872226,0.00021607910926872226,0.0,1.0,1.0,0.0,0.00040229464715316025,0.4
published_umbrella,rolling,2008-2012,2008,2012,apparatus:cresst,CRESST,apparatus,0.00021607910926872226,0.00021607910926872226,0.0,1.0,1.0,0.0,0.008816218058702087,0.4
published_umbrella,rolling,2008-2012,2008,2012,apparatus:dmtpc,DMTPC,apparatus,0.00021607910926872226,0.00021607910926872226,0.0,1.0,1.0,0.0,0.0004418297147581258,0.4
published_umbrella,rolling,2008-2012,2008,2012,apparatus:edelweiss,EDELWEISS,apparatus,0.00021607910926872226,0.00021607910926872226,0.0,1.0,1.0,0.0,0.0008045892943063204,0.4
published_umbrella,rolling,2008-2012,2008,2012,apparatus:egret,EGRET,apparatus,0.00021607910926872226,0.00021607910926872226,0.0,1.0,1.0,0.0,0.0015461251546257776,0.4
published_umbrella,rolling,2008-2012,2008,2012,apparatus:eureca,EURECA,apparatus,0.00021607910926872226,0.00021607910926872226,0.0,1.0,1.0,0.0,0.0005347877921750655,0.4
published_umbrella,rolling,2008-2012,2008,2012,apparatus:hubble,Hubble Space Telescope,apparatus,0.00021607910926872226,0.00021607910926872226,0.0,1.0,1.0,0.0,0.00015814027041986242,0.4
published_umbrella,rolling,2008-2012,2008,2012,apparatus:integral,INTEGRAL,apparatus,0.00021607910926872226,0.00021607910926872226,0.0,1.0,1.0,0.0,0.0007602390146139102,0.4
published_umbrella,rolling,2008-2012,2008,2012,apparatus:lisa,LISA,apparatus,0.00021607910926872226,0.00021607910926872226,0.0,1.0,1.0,0.0,0.00011860520281489681,0.4
published_umbrella,rolling,2008-2012,2008,2012,apparatus:mimac,MIMAC,apparatus,0.00021607910926872226,0.00021607910926872226,0.0,1.0,1.0,0.0,0.0008510683330147903,0.4
published_umbrella,rolling,2008-2012,2008,2012,apparatus:planck,Planck mission,apparatus,0.00021607910926872226,0.00021607910926872226,0.0,1.0,1.0,0.0,0.002278588284825671,0.4
published_umbrella,rolling,2008-2012,2008,2012,dm_model:asymmetric_dm,Asymmetric DM,candidate,0.00021607910926872226,0.00021599013367177726,0.00041177324937206286,1.0,1.0,0.0,0.009803479360715576,0.8
published_umbrella,rolling,2008-2012,2008,2012,dm_model:atomic_dm,Atomic DM,candidate,0.00021607910926872226,0.00021607910926872226,0.0,1.0,1.0,0.0,0.0006859840914914236,0.4
published_umbrella,rolling,2008-2012,2008,2012,dm_model:axino,Axino,candidate,0.00021607910926872226,0.00021607910926872226,0.0,1.0,1.0,0.0,0.03089082334971426,0.4
published_umbrella,rolling,2008-2012,2008,2012,dm_model:axion_alp,Axion + ALP,candidate,0.00021607910926872226,0.00020512664894817637,0.050687270776024425,1.0,0.9333333333333333,0.06666666666666665,0.06393367243943038,0.9428571428571428
published_umbrella,rolling,2008-2012,2008,2012,dm_model:bino,Bino,candidate,0.00021607910926872226,0.00021607910926872226,0.0,1.0,1.0,0.0,0.037713713632889674,0.4
published_umbrella,rolling,2008-2012,2008,2012,dm_model:generic_composite,Generic Composite,candidate,0.00021607910926872226,0.00021607910926872226,0.0,1.0,1.0,0.0,0.0012159566715790444,0.4
published_umbrella,rolling,2008-2012,2008,2012,dm_model:inert_doublet_model,Inert Doublet Model,candidate,0.00021607910926872226,0.00021607910926872226,0.0,1.0,1.0,0.0,0.0009461551694477894,0.4
published_umbrella,rolling,2008-2012,2008,2012,dm_model:lkp_kaluza_klein,LKP Kaluza-Klein,candidate,0.00021607910926872226,0.00021607910926872226,0.0,1.0,1.0,0.0,0.003212984271082512,0.4
published_umbrella,rolling,2008-2012,2008,2012,dm_model:macho,MACHO,candidate,0.00021607910926872226,0.0002119464723250038,0.019125573766499492,1.0,0.9655172413793104,0.03448275862068961,0.0016209377718035898,0.8571428571428571
published_umbrella,rolling,2008-2012,2008,2012,dm_model:minimal_su_2_l,Minimal SU(2)L,candidate,0.00021607910926872226,0.00021607910926872226,0.0,1.0,1.0,0.0,0.0008531970920308499,0.4
published_umbrella,rolling,2008-2012,2008,2012,dm_model:mirror_dm,Mirror DM,candidate,0.00021607910926872226,0.00021607910926872226,0.0,1.0,1.0,0.0,0.002676067719891387,0.4
published_umbrella,rolling,2008-2012,2008,2012,dm_model:pbh,PBH,candidate,0.00021607910926872226,0.00020837356994970313,0.03566073252105225,1.0,0.9310344827586207,0.06896551724137934,0.0037600889405038514,0.9142857142857143
published_umbrella,rolling,2008-2012,2008,2012,dm_model:q_ball,Q-ball,candidate,0.00021607910926872226,0.00021607910926872226,0.0,1.0,1.0,0.0,0.002408394976776191,0.4
published_umbrella,rolling,2008-2012,2008,2012,dm_model:quark_nugget_aqn,Quark Nugget / AQN,candidate,0.00021607910926872226,0.00021607910926872226,0.0,1.0,1.0,0.0,0.00043488574365462164,0.4
published_umbrella,rolling,2008-2012,2008,2012,dm_model:sfdm,SFDM,candidate,0.00021607910926872226,0.00021607910926872226,0.0,1.0,1.0,0.0,0.0002767454732347592,0.4
published_umbrella,rolling,2008-2012,2008,2012,dm_model:sterile_nu,Sterile nu,candidate,0.00021607910926872226,0.00020154311461831478,0.06727163352163813,1.0,0.9310344827586207,0.06896551724137934,0.021721578152844107,0.9714285714285714
published_umbrella,rolling,2008-2012,2008,2012,dm_model:superwimp,SuperWIMP,candidate,0.00021607910926872226,0.00021607910926872226,0.0,1.0,1.0,0.0,0.0010717043433661904,0.4
published_umbrella,rolling,2008-2012,2008,2012,dm_model:twin_higgs,Twin Higgs,candidate,0.00021607910926872226,0.00021607910926872226,0.0,1.0,1.0,0.0,0.0014622398073284018,0.4
published_umbrella,rolling,2008-2012,2008,2012,dm_model:ula_fuzzy,ULA / Fuzzy,candidate,0.00021607910926872226,0.00021607910926872226,0.0,1.0,1.0,0.0,0.0004813647823630915,0.4
published_umbrella,rolling,2008-2012,2008,2012,dm_model:vector_dm,Vector DM,candidate,0.00021607910926872226,0.00021607910926872226,0.0,1.0,1.0,0.0,0.001032169275761225,0.4
published_umbrella,rolling,2008-2012,2008,2012,dm_model:wimp_related,WIMP-related,candidate,0.00021607910926872226,0.0001281148340512322,0.40709291849262075,1.0,0.9011494252873563,0.09885057471264369,0.46574885233024504,1.0
published_umbrella,rolling,2008-2012,2008,2012,dm_model:wino,Wino,candidate,0.00021607910926872226,0.00021607910926872226,0.0,1.0,1.0,0.0,0.027271286913446467,0.4
published_umbrella,rolling,2008-2012,2008,2012,phenomenon:black_holes,Black-hole systems,phenomenon,0.00021607910926872226,0.00021401122261493772,0.009570044326741712,1.0,1.0,0.0,0.006324495428683846,0.8285714285714286
published_umbrella,rolling,2008-2012,2008,2012,phenomenon:cmb,Cosmic microwave background,phenomenon,0.00021607910926872226,0.00020928898917814396,0.03142423214145109,1.0,0.9310344827586207,0.06896551724137934,0.014315849973824426,0.8857142857142857
published_umbrella,rolling,2009-2013,2009,2013,apparatus:amanda,AMANDA,apparatus,0.00020545499941009227,0.00020545499941009227,0.0,1.0,1.0,0.0,0.00030692454453022015,0.40540540540540543
published_umbrella,rolling,2009-2013,2009,2013,apparatus:antares,ANTARES,apparatus,0.00020545499941009227,0.00020545499941009227,0.0,1.0,1.0,0.0,0.00023080945852017295,0.40540540540540543
published_umbrella,rolling,2009-2013,2009,2013,apparatus:cresst,CRESST,apparatus,0.00020545499941009227,0.00020545499941009227,0.0,1.0,1.0,0.0,0.007905567865792081,0.40540540540540543
published_umbrella,rolling,2009-2013,2009,2013,apparatus:dmtpc,DMTPC,apparatus,0.00020545499941009227,0.00020545499941009227,0.0,1.0,1.0,0.0,0.00023080945852017295,0.40540540540540543
published_umbrella,rolling,2009-2013,2009,2013,apparatus:edelweiss,EDELWEISS,apparatus,0.00020545499941009227,0.00020545499941009227,0.0,1.0,1.0,0.0,0.0018637250715916034,0.40540540540540543
published_umbrella,rolling,2009-2013,2009,2013,apparatus:eureca,EURECA,apparatus,0.00020545499941009227,0.00020545499941009227,0.0,1.0,1.0,0.0,0.00019275191551514938,0.40540540540540543
published_umbrella,rolling,2009-2013,2009,2013,apparatus:hubble,Hubble Space Telescope,apparatus,0.00020545499941009227,0.00020545499941009227,0.0,1.0,1.0,0.0,0.000999352920090739,0.40540540540540543
published_umbrella,rolling,2009-2013,2009,2013,apparatus:iaxo,IAXO,apparatus,0.00020545499941009227,0.00020545499941009227,0.0,1.0,1.0,0.0,0.00019275191551514938,0.40540540540540543
published_umbrella,rolling,2009-2013,2009,2013,apparatus:katrin,KATRIN,apparatus,0.00020545499941009227,0.00020545499941009227,0.0,1.0,1.0,0.0,0.0002688670015251965,0.40540540540540543
published_umbrella,rolling,2009-2013,2009,2013,apparatus:lisa,LISA,apparatus,0.00020545499941009227,0.00020545499941009227,0.0,1.0,1.0,0.0,0.00011417262901507079,0.40540540540540543
published_umbrella,rolling,2009-2013,2009,2013,apparatus:mimac,MIMAC,apparatus,0.00020545499941009227,0.00020545499941009227,0.0,1.0,1.0,0.0,0.0009207736335906605,0.40540540540540543
published_umbrella,rolling,2009-2013,2009,2013,apparatus:zeplin,ZEPLIN,apparatus,0.00020545499941009227,0.00020545499941009227,0.0,1.0,1.0,0.0,0.0009330946360408174,0.40540540540540543
published_umbrella,rolling,2009-2013,2009,2013,dm_model:asymmetric_dm,Asymmetric DM,candidate,0.00020545499941009227,0.00020527793890368488,0.0008617970208355547,1.0,1.0,0.0,0.013655546447583452,0.8108108108108109
published_umbrella,rolling,2009-2013,2009,2013,dm_model:atomic_dm,Atomic DM,candidate,0.00020545499941009227,0.00020545499941009227,0.0,1.0,1.0,0.0,0.0009686879785558096,0.40540540540540543
published_umbrella,rolling,2009-2013,2009,2013,dm_model:axino,Axino,candidate,0.00020545499941009227,0.00020545499941009227,0.0,1.0,1.0,0.0,0.02918111603257405,0.40540540540540543
published_umbrella,rolling,2009-2013,2009,2013,dm_model:axion_alp,Axion + ALP,candidate,0.00020545499941009227,0.00019053733180421958,0.07260795623715502,1.0,0.9004884004884005,0.09951159951159949,0.07571647765650802,0.972972972972973
published_umbrella,rolling,2009-2013,2009,2013,dm_model:bino,Bino,candidate,0.00020545499941009227,0.00020545499941009227,0.0,1.0,1.0,0.0,0.04604253348806599,0.40540540540540543
published_umbrella,rolling,2009-2013,2009,2013,dm_model:dark_photon,Dark Photon,candidate,0.00020545499941009227,0.00020545499941009227,0.0,1.0,1.0,0.0,0.0003118529455102829,0.40540540540540543
published_umbrella,rolling,2009-2013,2009,2013,dm_model:generic_composite,Generic Composite,candidate,0.00020545499941009227,0.00020545499941009227,0.0,1.0,1.0,0.0,0.0018809744750218232,0.40540540540540543
published_umbrella,rolling,2009-2013,2009,2013,dm_model:inert_doublet_model,Inert Doublet Model,candidate,0.00020545499941009227,0.00020545499941009227,0.0,1.0,1.0,0.0,0.0008643721515008643,0.40540540540540543
published_umbrella,rolling,2009-2013,2009,2013,dm_model:lkp_kaluza_klein,LKP Kaluza-Klein,candidate,0.00020545499941009227,0.00020545499941009227,0.0,1.0,1.0,0.0,0.0020737263905369722,0.40540540540540543
published_umbrella,rolling,2009-2013,2009,2013,dm_model:macho,MACHO,candidate,0.00020545499941009227,0.00020150661489914154,0.019217758255031202,1.0,0.9615384615384616,0.038461538461538436,0.0015223017202009438,0.8648648648648649
published_umbrella,rolling,2009-2013,2009,2013,dm_model:minimal_su_2_l,Minimal SU(2)L,candidate,0.00020545499941009227,0.00020545499941009227,0.0,1.0,1.0,0.0,0.0007452711215057308,0.40540540540540543
published_umbrella,rolling,2009-2013,2009,2013,dm_model:mirror_dm,Mirror DM,candidate,0.00020545499941009227,0.00020545499941009227,0.0,1.0,1.0,0.0,0.002484966762122138,0.40540540540540543
published_umbrella,rolling,2009-2013,2009,2013,dm_model:pbh,PBH,candidate,0.00020545499941009227,0.00020041897023658235,0.0245115922609306,1.0,0.9615384615384616,0.038461538461538436,0.004185235194898043,0.918918918918919
published_umbrella,rolling,2009-2013,2009,2013,dm_model:q_ball,Q-ball,candidate,0.00020545499941009227,0.00020545499941009227,0.0,1.0,1.0,0.0,0.0031431714600031434,0.40540540540540543
published_umbrella,rolling,2009-2013,2009,2013,dm_model:quark_nugget_aqn,Quark Nugget / AQN,candidate,0.00020545499941009227,0.00020545499941009227,0.0,1.0,1.0,0.0,0.0004186329730552596,0.40540540540540543
published_umbrella,rolling,2009-2013,2009,2013,dm_model:sfdm,SFDM,candidate,0.00020545499941009227,0.00020545499941009227,0.0,1.0,1.0,0.0,0.0003425178870452124,0.40540540540540543
published_umbrella,rolling,2009-2013,2009,2013,dm_model:sterile_nu,Sterile nu,candidate,0.00020545499941009227,0.00020075215777367667,0.022889886592774675,1.0,1.0,0.0,0.027811588761685904,0.8918918918918919
published_umbrella,rolling,2009-2013,2009,2013,dm_model:superwimp,SuperWIMP,candidate,0.00020545499941009227,0.00020545499941009227,0.0,1.0,1.0,0.0,0.0009810089810059666,0.40540540540540543
published_umbrella,rolling,2009-2013,2009,2013,dm_model:twin_higgs,Twin Higgs,candidate,0.00020545499941009227,0.00020545499941009227,0.0,1.0,1.0,0.0,0.0011786892975011788,0.40540540540540543
published_umbrella,rolling,2009-2013,2009,2013,dm_model:ula_fuzzy,ULA / Fuzzy,candidate,0.00020545499941009227,0.00020545499941009227,0.0,1.0,1.0,0.0,0.0006874999745804561,0.40540540540540543
published_umbrella,rolling,2009-2013,2009,2013,dm_model:vector_dm,Vector DM,candidate,0.00020545499941009227,0.00020545499941009227,0.0,1.0,1.0,0.0,0.0018073235895018074,0.40540540540540543
published_umbrella,rolling,2009-2013,2009,2013,dm_model:wimp_related,WIMP-related,candidate,0.00020545499941009227,0.000124102384196085,0.3959631814635273,1.0,0.8284493284493285,0.1715506715506715,0.47206956141322326,1.0
published_umbrella,rolling,2009-2013,2009,2013,dm_model:wino,Wino,candidate,0.00020545499941009227,0.00020545499941009227,0.0,1.0,1.0,0.0,0.03974140536511951,0.40540540540540543
published_umbrella,rolling,2009-2013,2009,2013,phenomenon:black_holes,Black-hole systems,phenomenon,0.00020545499941009227,0.00020394381075845014,0.007355326742990383,1.0,1.0,0.0,0.005416767238344433,0.8378378378378378
published_umbrella,rolling,2009-2013,2009,2013,phenomenon:cmb,Cosmic microwave background,phenomenon,0.00020545499941009227,0.00019440249742626127,0.05379524477654585,1.0,0.8846153846153846,0.11538461538461542,0.021171226358657876,0.9459459459459459
published_umbrella,rolling,2010-2014,2010,2014,apparatus:antares,ANTARES,apparatus,0.00019443597551046713,0.00019443597551046713,0.0,1.0,1.0,0.0,0.00026103399078092484,0.40540540540540543
published_umbrella,rolling,2010-2014,2010,2014,apparatus:cobe,COBE,apparatus,0.00019443597551046713,0.00019443597551046713,0.0,1.0,1.0,0.0,0.00033594035782212334,0.40540540540540543
published_umbrella,rolling,2010-2014,2010,2014,apparatus:cresst,CRESST,apparatus,0.00019443597551046713,0.00019443597551046713,0.0,1.0,1.0,0.0,0.007449547611074826,0.40540540540540543
published_umbrella,rolling,2010-2014,2010,2014,apparatus:dama_libra,DAMA/LIBRA,apparatus,0.00019443597551046713,0.00019443597551046713,0.0,1.0,1.0,0.0,0.00048347650417798055,0.40540540540540543
published_umbrella,rolling,2010-2014,2010,2014,apparatus:edelweiss,EDELWEISS,apparatus,0.00019443597551046713,0.00019443597551046713,0.0,1.0,1.0,0.0,0.0016308656669573184,0.40540540540540543
published_umbrella,rolling,2010-2014,2010,2014,apparatus:iaxo,IAXO,apparatus,0.00019443597551046713,0.00019443597551046713,0.0,1.0,1.0,0.0,0.00025989569691765494,0.40540540540540543
published_umbrella,rolling,2010-2014,2010,2014,apparatus:katrin,KATRIN,apparatus,0.00019443597551046713,0.00019443597551046713,0.0,1.0,1.0,0.0,0.00040857013713678205,0.40540540540540543
published_umbrella,rolling,2010-2014,2010,2014,apparatus:kims,KIMS,apparatus,0.00019443597551046713,0.00019443597551046713,0.0,1.0,1.0,0.0,0.00025989569691765494,0.40540540540540543
published_umbrella,rolling,2010-2014,2010,2014,apparatus:mimac,MIMAC,apparatus,0.00019443597551046713,0.00019443597551046713,0.0,1.0,1.0,0.0,0.0008954615229045722,0.40540540540540543
published_umbrella,rolling,2010-2014,2010,2014,apparatus:pixie,PIXIE,apparatus,0.00019443597551046713,0.00019443597551046713,0.0,1.0,1.0,0.0,0.00018612762373972633,0.40540540540540543
published_umbrella,rolling,2010-2014,2010,2014,apparatus:xmm_newton,XMM-Newton,apparatus,0.00019443597551046713,0.00019443597551046713,0.0,1.0,1.0,0.0,0.0002973488804382542,0.40540540540540543
published_umbrella,rolling,2010-2014,2010,2014,apparatus:zeplin,ZEPLIN,apparatus,0.00019443597551046713,0.00019443597551046713,0.0,1.0,1.0,0.0,0.00025989569691765494,0.40540540540540543
published_umbrella,rolling,2010-2014,2010,2014,dm_model:asymmetric_dm,Asymmetric DM,candidate,0.00019443597551046713,0.00019415387056622612,0.0014508886202791343,1.0,1.0,0.0,0.016980316357282817,0.8108108108108109
published_umbrella,rolling,2010-2014,2010,2014,dm_model:atomic_dm,Atomic DM,candidate,0.00019443597551046713,0.00019443597551046713,0.0,1.0,1.0,0.0,0.0027748399481468465,0.40540540540540543
published_umbrella,rolling,2010-2014,2010,2014,dm_model:axino,Axino,candidate,0.00019443597551046713,0.00019443597551046713,0.0,1.0,1.0,0.0,0.02154255395568169,0.40540540540540543
published_umbrella,rolling,2010-2014,2010,2014,dm_model:axion_alp,Axion + ALP,candidate,0.00019443597551046713,0.00017843164593457232,0.08231156571656792,1.0,0.898538961038961,0.10146103896103897,0.0781400720330039,0.972972972972973
published_umbrella,rolling,2010-2014,2010,2014,dm_model:bino,Bino,candidate,0.00019443597551046713,0.00019443597551046713,0.0,1.0,1.0,0.0,0.05060717478778556,0.40540540540540543
published_umbrella,rolling,2010-2014,2010,2014,dm_model:dark_photon,Dark Photon,candidate,0.00019443597551046713,0.00019443597551046713,0.0,1.0,1.0,0.0,0.002030329453187941,0.40540540540540543
published_umbrella,rolling,2010-2014,2010,2014,dm_model:generic_composite,Generic Composite,candidate,0.00019443597551046713,0.00019443597551046713,0.0,1.0,1.0,0.0,0.0034716526148157235,0.40540540540540543
published_umbrella,rolling,2010-2014,2010,2014,dm_model:inert_doublet_model,Inert Doublet Model,candidate,0.00019443597551046713,0.00019443597551046713,0.0,1.0,1.0,0.0,0.0005163765122455002,0.40540540540540543
published_umbrella,rolling,2010-2014,2010,2014,dm_model:lkp_kaluza_klein,LKP Kaluza-Klein,candidate,0.00019443597551046713,0.00019443597551046713,0.0,1.0,1.0,0.0,0.0014390465739012425,0.40540540540540543
published_umbrella,rolling,2010-2014,2010,2014,dm_model:macho,MACHO,candidate,0.00019443597551046713,0.00019049375475435176,0.02027516124917504,1.0,0.9642857142857143,0.0357142857142857,0.0013108614232209739,0.8648648648648649
published_umbrella,rolling,2010-2014,2010,2014,dm_model:minimal_su_2_l,Minimal SU(2)L,candidate,0.00019443597551046713,0.00019443597551046713,0.0,1.0,1.0,0.0,0.0009601232451763417,0.40540540540540543
published_umbrella,rolling,2010-2014,2010,2014,dm_model:mirror_dm,Mirror DM,candidate,0.00019443597551046713,0.00019443597551046713,0.0,1.0,1.0,0.0,0.0030790185917647203,0.40540540540540543
published_umbrella,rolling,2010-2014,2010,2014,dm_model:pbh,PBH,candidate,0.00019443597551046713,0.00018746323521445253,0.035861369161280694,1.0,0.9285714285714286,0.0714285714285714,0.003915509861713872,0.8918918918918919
published_umbrella,rolling,2010-2014,2010,2014,dm_model:q_ball,Q-ball,candidate,0.00019443597551046713,0.00019443597551046713,0.0,1.0,1.0,0.0,0.0024343464148716435,0.40540540540540543
published_umbrella,rolling,2010-2014,2010,2014,dm_model:quark_nugget_aqn,Quark Nugget / AQN,candidate,0.00019443597551046713,0.00019443597551046713,0.0,1.0,1.0,0.0,0.00033707865168539324,0.40540540540540543
published_umbrella,rolling,2010-2014,2010,2014,dm_model:sfdm,SFDM,candidate,0.00019443597551046713,0.00019443597551046713,0.0,1.0,1.0,0.0,0.0012336784684532354,0.40540540540540543
published_umbrella,rolling,2010-2014,2010,2014,dm_model:sterile_nu,Sterile nu,candidate,0.00019443597551046713,0.00018123525492099937,0.06789237719414286,1.0,0.9145021645021645,0.08549783549783552,0.033458136756613986,0.9459459459459459
published_umbrella,rolling,2010-2014,2010,2014,dm_model:superwimp,SuperWIMP,candidate,0.00019443597551046713,0.00019443597551046713,0.0,1.0,1.0,0.0,0.000886355171998413,0.40540540540540543
published_umbrella,rolling,2010-2014,2010,2014,dm_model:twin_higgs,Twin Higgs,candidate,0.00019443597551046713,0.00019443597551046713,0.0,1.0,1.0,0.0,0.0008114488049572146,0.40540540540540543
published_umbrella,rolling,2010-2014,2010,2014,dm_model:ula_fuzzy,ULA / Fuzzy,candidate,0.00019443597551046713,0.00019443597551046713,0.0,1.0,1.0,0.0,0.001158772101412037,0.40540540540540543
published_umbrella,rolling,2010-2014,2010,2014,dm_model:vector_dm,Vector DM,candidate,0.00019443597551046713,0.00019443597551046713,0.0,1.0,1.0,0.0,0.0035408675125405725,0.40540540540540543
published_umbrella,rolling,2010-2014,2010,2014,dm_model:wimp_related,WIMP-related,candidate,0.00019443597551046713,0.00012623019442405947,0.35078786684070157,1.0,0.8658008658008658,0.1341991341991342,0.4553422672824505,1.0
published_umbrella,rolling,2010-2014,2010,2014,dm_model:wino,Wino,candidate,0.00019443597551046713,0.00019443597551046713,0.0,1.0,1.0,0.0,0.04497245439364854,0.40540540540540543
published_umbrella,rolling,2010-2014,2010,2014,phenomenon:black_holes,Black-hole systems,phenomenon,0.00019443597551046713,0.0001912982219320097,0.016137721274160566,1.0,0.9642857142857143,0.0357142857142857,0.005311411782778166,0.8378378378378378
published_umbrella,rolling,2010-2014,2010,2014,phenomenon:cmb,Cosmic microwave background,phenomenon,0.00019443597551046713,0.00018502043121094945,0.04842490837818647,1.0,0.9569805194805194,0.04301948051948057,0.02832293949470804,0.918918918918919
published_umbrella,rolling,2011-2015,2011,2015,apparatus:antares,ANTARES,apparatus,0.00016439345613807415,0.00016439345613807415,0.0,1.0,1.0,0.0,0.000321502390022434,0.4117647058823529
published_umbrella,rolling,2011-2015,2011,2015,apparatus:cobe,COBE,apparatus,0.00016439345613807415,0.00016439345613807415,0.0,1.0,1.0,0.0,0.0002853595535326263,0.4117647058823529
published_umbrella,rolling,2011-2015,2011,2015,apparatus:cresst,CRESST,apparatus,0.00016439345613807415,0.00016439345613807415,0.0,1.0,1.0,0.0,0.0065069286991116145,0.4117647058823529
published_umbrella,rolling,2011-2015,2011,2015,apparatus:cta,Cherenkov Telescope Array,apparatus,0.00016439345613807415,0.00016439345613807415,0.0,1.0,1.0,0.0,0.0008922214970876867,0.4117647058823529
published_umbrella,rolling,2011-2015,2011,2015,apparatus:dama_libra,DAMA/LIBRA,apparatus,0.00016439345613807415,0.00016439345613807415,0.0,1.0,1.0,0.0,0.0002815764151467908,0.4117647058823529
published_umbrella,rolling,2011-2015,2011,2015,apparatus:edelweiss,EDELWEISS,apparatus,0.00016439345613807415,0.00016439345613807415,0.0,1.0,1.0,0.0,0.0013166807108251613,0.4117647058823529
published_umbrella,rolling,2011-2015,2011,2015,apparatus:iaxo,IAXO,apparatus,0.00016439345613807415,0.00016439345613807415,0.0,1.0,1.0,0.0,0.00046229059759582945,0.4117647058823529
published_umbrella,rolling,2011-2015,2011,2015,apparatus:katrin,KATRIN,apparatus,0.00016439345613807415,0.00016439345613807415,0.0,1.0,1.0,0.0,0.00045472432082415846,0.4117647058823529
published_umbrella,rolling,2011-2015,2011,2015,apparatus:mimac,MIMAC,apparatus,0.00016439345613807415,0.00016439345613807415,0.0,1.0,1.0,0.0,0.000711507314638648,0.4117647058823529
published_umbrella,rolling,2011-2015,2011,2015,apparatus:pixie,PIXIE,apparatus,0.00016439345613807415,0.00016439345613807415,0.0,1.0,1.0,0.0,0.00017693104406320314,0.4117647058823529
published_umbrella,rolling,2011-2015,2011,2015,apparatus:xmm_newton,XMM-Newton,apparatus,0.00016439345613807415,0.00016439345613807415,0.0,1.0,1.0,0.0,0.0012271678932849156,0.4117647058823529
published_umbrella,rolling,2011-2015,2011,2015,dm_model:asymmetric_dm,Asymmetric DM,candidate,0.00016439345613807415,0.00016414913761801276,0.0014861815415340518,1.0,1.0,0.0,0.016936947145575542,0.8235294117647058
published_umbrella,rolling,2011-2015,2011,2015,dm_model:atomic_dm,Atomic DM,candidate,0.00016439345613807415,0.00016439345613807415,0.0,1.0,1.0,0.0,0.002391710981379175,0.4117647058823529
published_umbrella,rolling,2011-2015,2011,2015,dm_model:axino,Axino,candidate,0.00016439345613807415,0.00016439345613807415,0.0,1.0,1.0,0.0,0.017544215132779345,0.4117647058823529
published_umbrella,rolling,2011-2015,2011,2015,dm_model:axion_alp,Axion + ALP,candidate,0.00016439345613807415,0.0001573419855173935,0.04289386442948269,1.0,0.9465648854961832,0.05343511450381677,0.08109240319468805,0.9411764705882353
published_umbrella,rolling,2011-2015,2011,2015,dm_model:bino,Bino,candidate,0.00016439345613807415,0.00016439345613807415,0.0,1.0,1.0,0.0,0.05086880664346038,0.4117647058823529
published_umbrella,rolling,2011-2015,2011,2015,dm_model:dark_photon,Dark Photon,candidate,0.00016439345613807415,0.00016439345613807415,0.0,1.0,1.0,0.0,0.003259545100783302,0.4117647058823529
published_umbrella,rolling,2011-2015,2011,2015,dm_model:generic_composite,Generic Composite,candidate,0.00016439345613807415,0.00016439345613807415,0.0,1.0,1.0,0.0,0.003299471075658945,0.4117647058823529
published_umbrella,rolling,2011-2015,2011,2015,dm_model:inert_doublet_model,Inert Doublet Model,candidate,0.00016439345613807415,0.00016439345613807415,0.0,1.0,1.0,0.0,0.0009951783208027273,0.4117647058823529
published_umbrella,rolling,2011-2015,2011,2015,dm_model:lkp_kaluza_klein,LKP Kaluza-Klein,candidate,0.00016439345613807415,0.00016439345613807415,0.0,1.0,1.0,0.0,0.0008220304151253596,0.4117647058823529
published_umbrella,rolling,2011-2015,2011,2015,dm_model:macho,MACHO,candidate,0.00016439345613807415,0.0001609923647057388,0.020688727594356155,1.0,0.9666666666666667,0.033333333333333326,0.001011999421714616,0.8529411764705882
published_umbrella,rolling,2011-2015,2011,2015,dm_model:minimal_su_2_l,Minimal SU(2)L,candidate,0.00016439345613807415,0.00016439345613807415,0.0,1.0,1.0,0.0,0.0015146220378348303,0.4117647058823529
published_umbrella,rolling,2011-2015,2011,2015,dm_model:mirror_dm,Mirror DM,candidate,0.00016439345613807415,0.00016439345613807415,0.0,1.0,1.0,0.0,0.00272077964817328,0.4117647058823529
published_umbrella,rolling,2011-2015,2011,2015,dm_model:pbh,PBH,candidate,0.00016439345613807415,0.00016050407842920753,0.02365895699400551,1.0,0.9666666666666667,0.033333333333333326,0.0042005413532381075,0.8823529411764706
published_umbrella,rolling,2011-2015,2011,2015,dm_model:q_ball,Q-ball,candidate,0.00016439345613807415,0.00016439345613807415,0.0,1.0,1.0,0.0,0.0025345937799698586,0.4117647058823529
published_umbrella,rolling,2011-2015,2011,2015,dm_model:sfdm,SFDM,candidate,0.00016439345613807415,0.00016439345613807415,0.0,1.0,1.0,0.0,0.0015179991325719243,0.4117647058823529
published_umbrella,rolling,2011-2015,2011,2015,dm_model:sterile_nu,Sterile nu,candidate,0.00016439345613807415,0.0001575680482153384,0.04151873245491652,1.0,0.9770992366412213,0.022900763358778664,0.03987319910481042,0.9117647058823529
published_umbrella,rolling,2011-2015,2011,2015,dm_model:superwimp,SuperWIMP,candidate,0.00016439345613807415,0.00016439345613807415,0.0,1.0,1.0,0.0,0.0005841631132400475,0.4117647058823529
published_umbrella,rolling,2011-2015,2011,2015,dm_model:twin_higgs,Twin Higgs,candidate,0.00016439345613807415,0.00016439345613807415,0.0,1.0,1.0,0.0,0.004247157144814358,0.4117647058823529
published_umbrella,rolling,2011-2015,2011,2015,dm_model:ula_fuzzy,ULA / Fuzzy,candidate,0.00016439345613807415,0.00016439345613807415,0.0,1.0,1.0,0.0,0.0022332895855964076,0.4117647058823529
published_umbrella,rolling,2011-2015,2011,2015,dm_model:vector_dm,Vector DM,candidate,0.00016439345613807415,0.00016439345613807415,0.0,1.0,1.0,0.0,0.003904644471845458,0.4117647058823529
published_umbrella,rolling,2011-2015,2011,2015,dm_model:wimp_related,WIMP-related,candidate,0.00016439345613807415,0.00011755118952951442,0.2849399709025941,1.0,0.8534351145038168,0.14656488549618318,0.42778561243949775,1.0
published_umbrella,rolling,2011-2015,2011,2015,dm_model:wino,Wino,candidate,0.00016439345613807415,0.00016439345613807415,0.0,1.0,1.0,0.0,0.04695071816544012,0.4117647058823529
published_umbrella,rolling,2011-2015,2011,2015,phenomenon:cmb,Cosmic microwave background,phenomenon,0.00016439345613807415,0.00015372850938423935,0.06487452119065679,1.0,0.9333333333333333,0.06666666666666665,0.03017110303024829,0.9705882352941176
published_umbrella,rolling,2012-2016,2012,2016,apparatus:antares,ANTARES,apparatus,0.00016692285284052326,0.00016692285284052326,0.0,0.9393939393939394,0.9393939393939394,0.0,0.0005480437950995391,0.41025641025641024
published_umbrella,rolling,2012-2016,2012,2016,apparatus:cobe,COBE,apparatus,0.00016692285284052326,0.00016692285284052326,0.0,0.9393939393939394,0.9393939393939394,0.0,0.00027402189754976953,0.41025641025641024
published_umbrella,rolling,2012-2016,2012,2016,apparatus:cresst,CRESST,apparatus,0.00016692285284052326,0.00016692285284052326,0.0,0.9393939393939394,0.9393939393939394,0.0,0.004417923359081866,0.41025641025641024
published_umbrella,rolling,2012-2016,2012,2016,apparatus:cta,Cherenkov Telescope Array,apparatus,0.00016692285284052326,0.00016692285284052326,0.0,0.9393939393939394,0.9393939393939394,0.0,0.002597545940339996,0.41025641025641024
published_umbrella,rolling,2012-2016,2012,2016,apparatus:dama_libra,DAMA/LIBRA,apparatus,0.00016692285284052326,0.00016692285284052326,0.0,0.9393939393939394,0.9393939393939394,0.0,0.0003300434813609133,0.41025641025641024
published_umbrella,rolling,2012-2016,2012,2016,apparatus:darkside,DarkSide,apparatus,0.00016692285284052326,0.00016692285284052326,0.0,0.9393939393939394,0.9393939393939394,0.0,0.00020373301022285592,0.41025641025641024
published_umbrella,rolling,2012-2016,2012,2016,apparatus:darwin,DARWIN,apparatus,0.00016692285284052326,0.00016692285284052326,0.0,0.9393939393939394,0.9393939393939394,0.0,0.00030916634121322633,0.41025641025641024
published_umbrella,rolling,2012-2016,2012,2016,apparatus:edelweiss,EDELWEISS,apparatus,0.00016692285284052326,0.00016692285284052326,0.0,0.9393939393939394,0.9393939393939394,0.0,0.0004986320479203124,0.41025641025641024
published_umbrella,rolling,2012-2016,2012,2016,apparatus:iaxo,IAXO,apparatus,0.00016692285284052326,0.00016692285284052326,0.0,0.9393939393939394,0.9393939393939394,0.0,0.000576054587005111,0.41025641025641024
published_umbrella,rolling,2012-2016,2012,2016,apparatus:mimac,MIMAC,apparatus,0.00016692285284052326,0.00016692285284052326,0.0,0.9393939393939394,0.9393939393939394,0.0,0.000372321576782255,0.41025641025641024
published_umbrella,rolling,2012-2016,2012,2016,apparatus:pico,PICO,apparatus,0.00016692285284052326,0.00016692285284052326,0.0,0.9393939393939394,0.9393939393939394,0.0,0.0002948990376974564,0.41025641025641024
published_umbrella,rolling,2012-2016,2012,2016,apparatus:planck,Planck mission,apparatus,0.00016692285284052326,0.00016692285284052326,0.0,0.9393939393939394,0.9393939393939394,0.0,0.010383573924728069,0.41025641025641024
published_umbrella,rolling,2012-2016,2012,2016,apparatus:xmm_newton,XMM-Newton,apparatus,0.00016692285284052326,0.00016692285284052326,0.0,0.9393939393939394,0.9393939393939394,0.0,0.0011587190106421388,0.41025641025641024
published_umbrella,rolling,2012-2016,2012,2016,dm_model:asymmetric_dm,Asymmetric DM,candidate,0.00016692285284052326,0.0001667559764957228,0.0009997213800310592,0.9393939393939394,0.9393939393939394,0.0,0.014470730227317386,0.8205128205128205
published_umbrella,rolling,2012-2016,2012,2016,dm_model:atomic_dm,Atomic DM,candidate,0.00016692285284052326,0.00016692285284052326,0.0,0.9393939393939394,0.9393939393939394,0.0,0.0019374589776181698,0.41025641025641024
published_umbrella,rolling,2012-2016,2012,2016,dm_model:axino,Axino,candidate,0.00016692285284052326,0.00016692285284052326,0.0,0.9393939393939394,0.9393939393939394,0.0,0.015360989546789737,0.41025641025641024
published_umbrella,rolling,2012-2016,2012,2016,dm_model:axion_alp,Axion + ALP,candidate,0.00016692285284052326,0.00016145428416602372,0.03276105447181736,0.9393939393939394,0.911352329262777,0.028041610131162464,0.09090186040399695,0.9230769230769231
published_umbrella,rolling,2012-2016,2012,2016,dm_model:bino,Bino,candidate,0.00016692285284052326,0.00016692285284052326,0.0,0.9393939393939394,0.9393939393939394,0.0,0.04778763618560702,0.41025641025641024
published_umbrella,rolling,2012-2016,2012,2016,dm_model:dark_photon,Dark Photon,candidate,0.00016692285284052326,0.00016692285284052326,0.0,0.9393939393939394,0.9393939393939394,0.0,0.004456534748621432,0.41025641025641024
published_umbrella,rolling,2012-2016,2012,2016,dm_model:generic_composite,Generic Composite,candidate,0.00016692285284052326,0.0001663169505041036,0.003629834537985802,0.9393939393939394,0.9323835368611488,0.007010402532790616,0.00430882332220972,0.8717948717948718
published_umbrella,rolling,2012-2016,2012,2016,dm_model:inert_doublet_model,Inert Doublet Model,candidate,0.00016692285284052326,0.00016692285284052326,0.0,0.9393939393939394,0.9393939393939394,0.0,0.001361404390613059,0.41025641025641024
published_umbrella,rolling,2012-2016,2012,2016,dm_model:lkp_kaluza_klein,LKP Kaluza-Klein,candidate,0.00016692285284052326,0.00016692285284052326,0.0,0.9393939393939394,0.9393939393939394,0.0,0.0006947075912593153,0.41025641025641024
published_umbrella,rolling,2012-2016,2012,2016,dm_model:macho,MACHO,candidate,0.00016692285284052326,0.00016692285284052326,0.0,0.9393939393939394,0.9393939393939394,0.0,0.0003514444366345681,0.41025641025641024
published_umbrella,rolling,2012-2016,2012,2016,dm_model:macroscopic_dm,Macroscopic DM,candidate,0.00016692285284052326,0.00016692285284052326,0.0,0.9393939393939394,0.9393939393939394,0.0,0.00010543333099037043,0.41025641025641024
published_umbrella,rolling,2012-2016,2012,2016,dm_model:minimal_su_2_l,Minimal SU(2)L,candidate,0.00016692285284052326,0.00016692285284052326,0.0,0.9393939393939394,0.9393939393939394,0.0,0.002098390077293716,0.41025641025641024
published_umbrella,rolling,2012-2016,2012,2016,dm_model:mirror_dm,Mirror DM,candidate,0.00016692285284052326,0.00016692285284052326,0.0,0.9393939393939394,0.9393939393939394,0.0,0.00243661484066445,0.41025641025641024
published_umbrella,rolling,2012-2016,2012,2016,dm_model:pbh,PBH,candidate,0.00016692285284052326,0.00016449029574950813,0.014572942228223092,0.9393939393939394,0.9323835368611488,0.007010402532790616,0.005662246190818624,0.8974358974358975
published_umbrella,rolling,2012-2016,2012,2016,dm_model:q_ball,Q-ball,candidate,0.00016692285284052326,0.00016692285284052326,0.0,0.9393939393939394,0.9393939393939394,0.0,0.0018946570670708603,0.41025641025641024
published_umbrella,rolling,2012-2016,2012,2016,dm_model:quark_nugget_aqn,Quark Nugget / AQN,candidate,0.00016692285284052326,0.00016692285284052326,0.0,0.9393939393939394,0.9393939393939394,0.0,0.0001685885665593991,0.41025641025641024
published_umbrella,rolling,2012-2016,2012,2016,dm_model:sfdm,SFDM,candidate,0.00016692285284052326,0.00016692285284052326,0.0,0.9393939393939394,0.9393939393939394,0.0,0.002213052320545843,0.41025641025641024
published_umbrella,rolling,2012-2016,2012,2016,dm_model:sterile_nu,Sterile nu,candidate,0.00016692285284052326,0.00015515283564982428,0.07051171838013073,0.9393939393939394,0.8887381275440976,0.0506558118498418,0.043463049579394654,0.9487179487179487
published_umbrella,rolling,2012-2016,2012,2016,dm_model:superwimp,SuperWIMP,candidate,0.00016692285284052326,0.00016692285284052326,0.0,0.9393939393939394,0.9393939393939394,0.0,0.0006666967993537435,0.41025641025641024
published_umbrella,rolling,2012-2016,2012,2016,dm_model:twin_higgs,Twin Higgs,candidate,0.00016692285284052326,0.00016692285284052326,0.0,0.9393939393939394,0.9393939393939394,0.0,0.005178729316660351,0.41025641025641024
published_umbrella,rolling,2012-2016,2012,2016,dm_model:ula_fuzzy,ULA / Fuzzy,candidate,0.00016692285284052326,0.00016634462799189012,0.003464024480731662,0.9393939393939394,0.9393939393939394,0.0,0.004580949719261283,0.8461538461538461
published_umbrella,rolling,2012-2016,2012,2016,dm_model:vector_dm,Vector DM,candidate,0.00016692285284052326,0.00016692285284052326,0.0,0.9393939393939394,0.9393939393939394,0.0,0.006098047058290209,0.41025641025641024
published_umbrella,rolling,2012-2016,2012,2016,dm_model:wimp_related,WIMP-related,candidate,0.00016692285284052326,0.0001229595481295894,0.2633749900796151,0.9393939393939394,0.7643600180913613,0.1750339213025781,0.38464511778245014,1.0
published_umbrella,rolling,2012-2016,2012,2016,dm_model:wimpzilla,WIMPzilla,candidate,0.00016692285284052326,0.00016692285284052326,0.0,0.9393939393939394,0.9393939393939394,0.0,0.00018946570670708602,0.41025641025641024
published_umbrella,rolling,2012-2016,2012,2016,dm_model:wino,Wino,candidate,0.00016692285284052326,0.00016692285284052326,0.0,0.9393939393939394,0.9393939393939394,0.0,0.044209712528572004,0.41025641025641024
published_umbrella,rolling,2012-2016,2012,2016,phenomenon:cmb,Cosmic microwave background,phenomenon,0.00016692285284052326,0.00015233253133018097,0.08740757339129447,0.9393939393939394,0.9090909090909091,0.030303030303030387,0.03769472194734506,0.9743589743589743
published_umbrella,rolling,2013-2017,2013,2017,apparatus:cobe,COBE,apparatus,0.0001870558203415278,0.0001870558203415278,0.0,1.0,1.0,0.0,0.0002673370850743635,0.40789473684210525
published_umbrella,rolling,2013-2017,2013,2017,apparatus:cresst,CRESST,apparatus,0.0001870558203415278,0.0001870558203415278,0.0,1.0,1.0,0.0,0.002127154774706701,0.40789473684210525
published_umbrella,rolling,2013-2017,2013,2017,apparatus:cta,Cherenkov Telescope Array,apparatus,0.0001870558203415278,0.0001870558203415278,0.0,1.0,1.0,0.0,0.0022262606012489585,0.40789473684210525
published_umbrella,rolling,2013-2017,2013,2017,apparatus:dama_libra,DAMA/LIBRA,apparatus,0.0001870558203415278,0.0001870558203415278,0.0,1.0,1.0,0.0,0.000320779301421358,0.40789473684210525
published_umbrella,rolling,2013-2017,2013,2017,apparatus:darkside,DarkSide,apparatus,0.0001870558203415278,0.0001870558203415278,0.0,1.0,1.0,0.0,0.0002596844822620227,0.40789473684210525
published_umbrella,rolling,2013-2017,2013,2017,apparatus:deap,DEAP,apparatus,0.0001870558203415278,0.0001870558203415278,0.0,1.0,1.0,0.0,0.0002673370850743635,0.40789473684210525
published_umbrella,rolling,2013-2017,2013,2017,apparatus:edelweiss,EDELWEISS,apparatus,0.0001870558203415278,0.0001870558203415278,0.0,1.0,1.0,0.0,0.00023296337408852544,0.40789473684210525
published_umbrella,rolling,2013-2017,2013,2017,apparatus:gaps,GAPS,apparatus,0.0001870558203415278,0.0001870558203415278,0.0,1.0,1.0,0.0,0.00010312113295751409,0.40789473684210525
published_umbrella,rolling,2013-2017,2013,2017,apparatus:integral,INTEGRAL,apparatus,0.0001870558203415278,0.0001870558203415278,0.0,1.0,1.0,0.0,0.00028640559043551997,0.40789473684210525
published_umbrella,rolling,2013-2017,2013,2017,apparatus:planck,Planck mission,apparatus,0.0001870558203415278,0.0001870558203415278,0.0,1.0,1.0,0.0,0.010203590819645338,0.40789473684210525
published_umbrella,rolling,2013-2017,2013,2017,apparatus:xmass,XMASS,apparatus,0.0001870558203415278,0.0001870558203415278,0.0,1.0,1.0,0.0,0.00013749484394335213,0.40789473684210525
published_umbrella,rolling,2013-2017,2013,2017,apparatus:xmm_newton,XMM-Newton,apparatus,0.0001870558203415278,0.0001870558203415278,0.0,1.0,1.0,0.0,0.0012984224113101134,0.40789473684210525
published_umbrella,rolling,2013-2017,2013,2017,dm_model:asymmetric_dm,Asymmetric DM,candidate,0.0001870558203415278,0.00018691085672335926,0.0007749751806913248,1.0,1.0,0.0,0.011527978319092604,0.8157894736842105
published_umbrella,rolling,2013-2017,2013,2017,dm_model:atomic_dm,Atomic DM,candidate,0.0001870558203415278,0.0001870558203415278,0.0,1.0,1.0,0.0,0.0014510964575387563,0.40789473684210525
published_umbrella,rolling,2013-2017,2013,2017,dm_model:axino,Axino,candidate,0.0001870558203415278,0.0001870558203415278,0.0,1.0,1.0,0.0,0.011989889760854399,0.40789473684210525
published_umbrella,rolling,2013-2017,2013,2017,dm_model:axion_alp,Axion + ALP,candidate,0.0001870558203415278,0.0001786788225623831,0.04478341151774864,1.0,0.9774436090225563,0.022556390977443663,0.09922176641494224,0.9210526315789473
published_umbrella,rolling,2013-2017,2013,2017,dm_model:bino,Bino,candidate,0.0001870558203415278,0.0001870558203415278,0.0,1.0,1.0,0.0,0.045313287310865626,0.40789473684210525
published_umbrella,rolling,2013-2017,2013,2017,dm_model:dark_photon,Dark Photon,candidate,0.0001870558203415278,0.0001870558203415278,0.0,1.0,1.0,0.0,0.00622414495477925,0.40789473684210525
published_umbrella,rolling,2013-2017,2013,2017,dm_model:generic_composite,Generic Composite,candidate,0.0001870558203415278,0.0001870558203415278,0.0,1.0,1.0,0.0,0.005410717797007344,0.40789473684210525
published_umbrella,rolling,2013-2017,2013,2017,dm_model:inert_doublet_model,Inert Doublet Model,candidate,0.0001870558203415278,0.0001870558203415278,0.0,1.0,1.0,0.0,0.0013784597324912142,0.40789473684210525
published_umbrella,rolling,2013-2017,2013,2017,dm_model:lkp_kaluza_klein,LKP Kaluza-Klein,candidate,0.0001870558203415278,0.0001870558203415278,0.0,1.0,1.0,0.0,0.0005498533724340175,0.40789473684210525
published_umbrella,rolling,2013-2017,2013,2017,dm_model:macho,MACHO,candidate,0.0001870558203415278,0.0001858639818890917,0.0063715657190460285,1.0,0.9736842105263158,0.02631578947368418,0.00030936339887254225,0.868421052631579
published_umbrella,rolling,2013-2017,2013,2017,dm_model:macroscopic_dm,Macroscopic DM,candidate,0.0001870558203415278,0.0001870558203415278,0.0,1.0,1.0,0.0,0.00010312113295751409,0.40789473684210525
published_umbrella,rolling,2013-2017,2013,2017,dm_model:minimal_su_2_l,Minimal SU(2)L,candidate,0.0001870558203415278,0.0001870558203415278,0.0,1.0,1.0,0.0,0.0021269027680279194,0.40789473684210525
published_umbrella,rolling,2013-2017,2013,2017,dm_model:mirror_dm,Mirror DM,candidate,0.0001870558203415278,0.0001870558203415278,0.0,1.0,1.0,0.0,0.001886412794466444,0.40789473684210525
published_umbrella,rolling,2013-2017,2013,2017,dm_model:pbh,PBH,candidate,0.0001870558203415278,0.00017662764349810084,0.05574901023869306,1.0,0.9141274238227147,0.08587257617728528,0.009559276943781274,0.9473684210526315
published_umbrella,rolling,2013-2017,2013,2017,dm_model:q_ball,Q-ball,candidate,0.0001870558203415278,0.0001870558203415278,0.0,1.0,1.0,0.0,0.001466275659824047,0.40789473684210525
published_umbrella,rolling,2013-2017,2013,2017,dm_model:scotogenic_model,Scotogenic Model,candidate,0.0001870558203415278,0.0001870558203415278,0.0,1.0,1.0,0.0,0.00018328445747800586,0.40789473684210525
published_umbrella,rolling,2013-2017,2013,2017,dm_model:sfdm,SFDM,candidate,0.0001870558203415278,0.0001870558203415278,0.0,1.0,1.0,0.0,0.0023640074518710926,0.40789473684210525
published_umbrella,rolling,2013-2017,2013,2017,dm_model:sterile_nu,Sterile nu,candidate,0.0001870558203415278,0.00017454061066806382,0.06690628311171296,1.0,0.9663632766125841,0.03363672338741586,0.049466995794109334,0.9736842105263158
published_umbrella,rolling,2013-2017,2013,2017,dm_model:superwimp,SuperWIMP,candidate,0.0001870558203415278,0.0001870558203415278,0.0,1.0,1.0,0.0,0.000645321902579191,0.40789473684210525
published_umbrella,rolling,2013-2017,2013,2017,dm_model:twin_higgs,Twin Higgs,candidate,0.0001870558203415278,0.0001870558203415278,0.0,1.0,1.0,0.0,0.006598240469208211,0.40789473684210525
published_umbrella,rolling,2013-2017,2013,2017,dm_model:ula_fuzzy,ULA / Fuzzy,candidate,0.0001870558203415278,0.00018634082562050472,0.0038223601902236002,1.0,1.0,0.0,0.007756412763553625,0.8421052631578947
published_umbrella,rolling,2013-2017,2013,2017,dm_model:vector_dm,Vector DM,candidate,0.0001870558203415278,0.0001870558203415278,0.0,1.0,1.0,0.0,0.007365752010106073,0.40789473684210525
published_umbrella,rolling,2013-2017,2013,2017,dm_model:wimp_related,WIMP-related,candidate,0.0001870558203415278,0.0001519900271272057,0.18746165262486217,1.0,0.9590423426988524,0.04095765730114764,0.3501591472577843,1.0
published_umbrella,rolling,2013-2017,2013,2017,dm_model:wimpzilla,WIMPzilla,candidate,0.0001870558203415278,0.0001870558203415278,0.0,1.0,1.0,0.0,0.0004353163369276878,0.40789473684210525
published_umbrella,rolling,2013-2017,2013,2017,dm_model:wino,Wino,candidate,0.0001870558203415278,0.0001870558203415278,0.0,1.0,1.0,0.0,0.0428963416560051,0.40789473684210525
published_umbrella,rolling,2013-2017,2013,2017,phenomenon:cmb,Cosmic microwave background,phenomenon,0.0001870558203415278,0.00017876969598277872,0.044297602414189625,1.0,1.0,0.0,0.0399599178337264,0.8947368421052632
published_umbrella,rolling,2014-2018,2014,2018,apparatus:antares,ANTARES,apparatus,0.0001727785739250649,0.0001727785739250649,0.0,1.0,1.0,0.0,0.0003895104088813527,0.3953488372093023
published_umbrella,rolling,2014-2018,2014,2018,apparatus:chandra,Chandra X-ray Observatory,apparatus,0.0001727785739250649,0.0001727785739250649,0.0,1.0,1.0,0.0,9.944971159583638e-05,0.3953488372093023
published_umbrella,rolling,2014-2018,2014,2018,apparatus:cresst,CRESST,apparatus,0.0001727785739250649,0.0001727785739250649,0.0,1.0,1.0,0.0,0.0018563830780275352,0.3953488372093023
published_umbrella,rolling,2014-2018,2014,2018,apparatus:cta,Cherenkov Telescope Array,apparatus,0.0001727785739250649,0.0001727785739250649,0.0,1.0,1.0,0.0,0.001988967308917881,0.3953488372093023
published_umbrella,rolling,2014-2018,2014,2018,apparatus:darkside,DarkSide,apparatus,0.0001727785739250649,0.0001727785739250649,0.0,1.0,1.0,0.0,0.00031492216364880233,0.3953488372093023
published_umbrella,rolling,2014-2018,2014,2018,apparatus:deap,DEAP,apparatus,0.0001727785739250649,0.0001727785739250649,0.0,1.0,1.0,0.0,0.00034807206751408113,0.3953488372093023
published_umbrella,rolling,2014-2018,2014,2018,apparatus:edelweiss,EDELWEISS,apparatus,0.0001727785739250649,0.0001727785739250649,0.0,1.0,1.0,0.0,9.944971159583638e-05,0.3953488372093023
published_umbrella,rolling,2014-2018,2014,2018,apparatus:einstein_telescope,Einstein Telescope,apparatus,0.0001727785739250649,0.0001727785739250649,0.0,1.0,1.0,0.0,0.00025691079342023756,0.3953488372093023
published_umbrella,rolling,2014-2018,2014,2018,apparatus:gaps,GAPS,apparatus,0.0001727785739250649,0.0001727785739250649,0.0,1.0,1.0,0.0,9.944971159583638e-05,0.3953488372093023
published_umbrella,rolling,2014-2018,2014,2018,apparatus:hawc,HAWC,apparatus,0.0001727785739250649,0.0001727785739250649,0.0,1.0,1.0,0.0,0.0007127210100321478,0.3953488372093023
published_umbrella,rolling,2014-2018,2014,2018,apparatus:haystac,HAYSTAC,apparatus,0.0001727785739250649,0.0001727785739250649,0.0,1.0,1.0,0.0,0.00015746108182440117,0.3953488372093023
published_umbrella,rolling,2014-2018,2014,2018,apparatus:integral,INTEGRAL,apparatus,0.0001727785739250649,0.0001727785739250649,0.0,1.0,1.0,0.0,9.944971159583638e-05,0.3953488372093023
published_umbrella,rolling,2014-2018,2014,2018,apparatus:lhaaso,LHAASO,apparatus,0.0001727785739250649,0.0001727785739250649,0.0,1.0,1.0,0.0,0.00031492216364880233,0.3953488372093023
published_umbrella,rolling,2014-2018,2014,2018,apparatus:pamela,PAMELA,apparatus,0.0001727785739250649,0.0001727785739250649,0.0,1.0,1.0,0.0,0.0013094115873217814,0.3953488372093023
published_umbrella,rolling,2014-2018,2014,2018,apparatus:pixie,PIXIE,apparatus,0.0001727785739250649,0.0001727785739250649,0.0,1.0,1.0,0.0,0.00019061098568967996,0.3953488372093023
published_umbrella,rolling,2014-2018,2014,2018,dm_model:asymmetric_dm,Asymmetric DM,candidate,0.0001727785739250649,0.00017273054816234088,0.0002779613330113396,1.0,1.0,0.0,0.00946414947704344,0.7906976744186046
published_umbrella,rolling,2014-2018,2014,2018,dm_model:atomic_dm,Atomic DM,candidate,0.0001727785739250649,0.0001727785739250649,0.0,1.0,1.0,0.0,0.0014419996643548197,0.3953488372093023
published_umbrella,rolling,2014-2018,2014,2018,dm_model:axino,Axino,candidate,0.0001727785739250649,0.0001727785739250649,0.0,1.0,1.0,0.0,0.010674092122055922,0.3953488372093023
published_umbrella,rolling,2014-2018,2014,2018,dm_model:axion_alp,Axion + ALP,candidate,0.0001727785739250649,0.00016066425825870593,0.07011468720428851,1.0,0.9671052631578947,0.03289473684210531,0.11177165278528384,0.9767441860465116
published_umbrella,rolling,2014-2018,2014,2018,dm_model:bino,Bino,candidate,0.0001727785739250649,0.0001727785739250649,0.0,1.0,1.0,0.0,0.03950574312565263,0.3953488372093023
published_umbrella,rolling,2014-2018,2014,2018,dm_model:dark_photon,Dark Photon,candidate,0.0001727785739250649,0.0001727785739250649,0.0,1.0,1.0,0.0,0.0074254669276843715,0.3953488372093023
published_umbrella,rolling,2014-2018,2014,2018,dm_model:generic_composite,Generic Composite,candidate,0.0001727785739250649,0.0001727785739250649,0.0,1.0,1.0,0.0,0.0058922982969503235,0.3953488372093023
published_umbrella,rolling,2014-2018,2014,2018,dm_model:inert_doublet_model,Inert Doublet Model,candidate,0.0001727785739250649,0.0001727785739250649,0.0,1.0,1.0,0.0,0.0010773545679794451,0.3953488372093023
published_umbrella,rolling,2014-2018,2014,2018,dm_model:lkp_kaluza_klein,LKP Kaluza-Klein,candidate,0.0001727785739250649,0.0001727785739250649,0.0,1.0,1.0,0.0,0.0003812181252366676,0.3953488372093023
published_umbrella,rolling,2014-2018,2014,2018,dm_model:macho,MACHO,candidate,0.0001727785739250649,0.00017042918659169684,0.013597677536029444,1.0,0.9722222222222222,0.02777777777777779,0.0010276470198236425,0.8837209302325582
published_umbrella,rolling,2014-2018,2014,2018,dm_model:macroscopic_dm,Macroscopic DM,candidate,0.0001727785739250649,0.0001727785739250649,0.0,1.0,1.0,0.0,0.00015746108182440117,0.3953488372093023
published_umbrella,rolling,2014-2018,2014,2018,dm_model:minimal_su_2_l,Minimal SU(2)L,candidate,0.0001727785739250649,0.0001727785739250649,0.0,1.0,1.0,0.0,0.002809411083477089,0.3953488372093023
published_umbrella,rolling,2014-2018,2014,2018,dm_model:mirror_dm,Mirror DM,candidate,0.0001727785739250649,0.0001727785739250649,0.0,1.0,1.0,0.0,0.002386762309158534,0.3953488372093023
published_umbrella,rolling,2014-2018,2014,2018,dm_model:pbh,PBH,candidate,0.0001727785739250649,0.00016088161234671138,0.06885669506401472,1.0,0.9722222222222222,0.02777777777777779,0.017561079842099227,0.9534883720930233
published_umbrella,rolling,2014-2018,2014,2018,dm_model:q_ball,Q-ball,candidate,0.0001727785739250649,0.0001727785739250649,0.0,1.0,1.0,0.0,0.0004060795915999536,0.3953488372093023
published_umbrella,rolling,2014-2018,2014,2018,dm_model:quark_nugget_aqn,Quark Nugget / AQN,candidate,0.0001727785739250649,0.0001727785739250649,0.0,1.0,1.0,0.0,0.0006795634138814844,0.3953488372093023
published_umbrella,rolling,2014-2018,2014,2018,dm_model:scotogenic_model,Scotogenic Model,candidate,0.0001727785739250649,0.0001727785739250649,0.0,1.0,1.0,0.0,0.0006381250725142128,0.3953488372093023
published_umbrella,rolling,2014-2018,2014,2018,dm_model:sfdm,SFDM,candidate,0.0001727785739250649,0.0001727785739250649,0.0,1.0,1.0,0.0,0.0029171800017164565,0.3953488372093023
published_umbrella,rolling,2014-2018,2014,2018,dm_model:sterile_nu,Sterile nu,candidate,0.0001727785739250649,0.00016355878327115324,0.05336188651441429,1.0,0.9530336257309941,0.04696637426900585,0.047039148201854834,0.9302325581395349
published_umbrella,rolling,2014-2018,2014,2018,dm_model:superwimp,SuperWIMP,candidate,0.0001727785739250649,0.0001727785739250649,0.0,1.0,1.0,0.0,0.0006712749763794915,0.3953488372093023
published_umbrella,rolling,2014-2018,2014,2018,dm_model:twin_higgs,Twin Higgs,candidate,0.0001727785739250649,0.0001727785739250649,0.0,1.0,1.0,0.0,0.008411648683141896,0.3953488372093023
published_umbrella,rolling,2014-2018,2014,2018,dm_model:ula_fuzzy,ULA / Fuzzy,candidate,0.0001727785739250649,0.00017265118201081965,0.0007373131479861401,1.0,1.0,0.0,0.012049930439817108,0.813953488372093
published_umbrella,rolling,2014-2018,2014,2018,dm_model:vector_dm,Vector DM,candidate,0.0001727785739250649,0.0001721864584444036,0.0034270191448512767,1.0,0.993421052631579,0.006578947368421018,0.008942039452700971,0.8604651162790697
published_umbrella,rolling,2014-2018,2014,2018,dm_model:wimp_related,WIMP-related,candidate,0.0001727785739250649,0.00014445112689974243,0.16395231411973715,1.0,0.8885233918128655,0.11147660818713445,0.30912636891814554,1.0
published_umbrella,rolling,2014-2018,2014,2018,dm_model:wimpzilla,WIMPzilla,candidate,0.0001727785739250649,0.0001727785739250649,0.0,1.0,1.0,0.0,0.000795586154338614,0.3953488372093023
published_umbrella,rolling,2014-2018,2014,2018,dm_model:wino,Wino,candidate,0.0001727785739250649,0.0001727785739250649,0.0,1.0,1.0,0.0,0.0342432930021426,0.3953488372093023
published_umbrella,rolling,2014-2018,2014,2018,phenomenon:black_holes,Black-hole systems,phenomenon,0.0001727785739250649,0.00017257209765380563,0.0011950340054827366,1.0,1.0,0.0,0.009978067217451222,0.8372093023255814
published_umbrella,rolling,2014-2018,2014,2018,phenomenon:cmb,Cosmic microwave background,phenomenon,0.0001727785739250649,0.00016949635663882683,0.018996668462268815,1.0,1.0,0.0,0.04062482064955858,0.9069767441860465
published_umbrella,rolling,2015-2019,2015,2019,apparatus:antares,ANTARES,apparatus,0.00015739499527202698,0.00015739499527202698,0.0,1.0,1.0,0.0,0.00043319213731062836,0.3953488372093023
published_umbrella,rolling,2015-2019,2015,2019,apparatus:bicep_keck,BICEP/Keck,apparatus,0.00015739499527202698,0.00015739499527202698,0.0,1.0,1.0,0.0,0.0007520223971042634,0.3953488372093023
published_umbrella,rolling,2015-2019,2015,2019,apparatus:cast,CAST,apparatus,0.00015739499527202698,0.00015739499527202698,0.0,1.0,1.0,0.0,0.00020654640621178014,0.3953488372093023
published_umbrella,rolling,2015-2019,2015,2019,apparatus:cmb_s4,CMB-S4,apparatus,0.00015739499527202698,0.00015739499527202698,0.0,1.0,1.0,0.0,9.426255262992522e-05,0.3953488372093023
published_umbrella,rolling,2015-2019,2015,2019,apparatus:cresst,CRESST,apparatus,0.00015739499527202698,0.00015739499527202698,0.0,1.0,1.0,0.0,0.0003255300347559911,0.3953488372093023
published_umbrella,rolling,2015-2019,2015,2019,apparatus:cta,Cherenkov Telescope Array,apparatus,0.00015739499527202698,0.0001568911293869949,0.0032012827610004243,1.0,0.9932885906040269,0.006711409395973145,0.0027102900598243687,0.8372093023255814
published_umbrella,rolling,2015-2019,2015,2019,apparatus:darkside,DarkSide,apparatus,0.00015739499527202698,0.00015739499527202698,0.0,1.0,1.0,0.0,0.00033222980971834713,0.3953488372093023
published_umbrella,rolling,2015-2019,2015,2019,apparatus:deap,DEAP,apparatus,0.00015739499527202698,0.00015739499527202698,0.0,1.0,1.0,0.0,0.0002693881079650636,0.3953488372093023
published_umbrella,rolling,2015-2019,2015,2019,apparatus:edelweiss,EDELWEISS,apparatus,0.00015739499527202698,0.00015739499527202698,0.0,1.0,1.0,0.0,9.426255262992522e-05,0.3953488372093023
published_umbrella,rolling,2015-2019,2015,2019,apparatus:einstein_telescope,Einstein Telescope,apparatus,0.00015739499527202698,0.00015739499527202698,0.0,1.0,1.0,0.0,0.0004130928124235603,0.3953488372093023
published_umbrella,rolling,2015-2019,2015,2019,apparatus:haystac,HAYSTAC,apparatus,0.00015739499527202698,0.00015739499527202698,0.0,1.0,1.0,0.0,0.00015040447942085269,0.3953488372093023
published_umbrella,rolling,2015-2019,2015,2019,apparatus:pamela,PAMELA,apparatus,0.00015739499527202698,0.00015739499527202698,0.0,1.0,1.0,0.0,0.0005454759908924832,0.3953488372093023
published_umbrella,rolling,2015-2019,2015,2019,apparatus:planck,Planck mission,apparatus,0.00015739499527202698,0.00015739499527202698,0.0,1.0,1.0,0.0,0.003574130607353546,0.3953488372093023
published_umbrella,rolling,2015-2019,2015,2019,apparatus:ska,Square Kilometre Array,apparatus,0.00015739499527202698,0.00015739499527202698,0.0,1.0,1.0,0.0,0.0003255300347559911,0.3953488372093023
published_umbrella,rolling,2015-2019,2015,2019,apparatus:xmm_newton,XMM-Newton,apparatus,0.00015739499527202698,0.00015739499527202698,0.0,1.0,1.0,0.0,0.0006644596194366943,0.3953488372093023
published_umbrella,rolling,2015-2019,2015,2019,dm_model:asymmetric_dm,Asymmetric DM,candidate,0.00015739499527202698,0.00015675667810971012,0.004055511175648528,1.0,0.9932885906040269,0.006711409395973145,0.008416667267611902,0.8604651162790697
published_umbrella,rolling,2015-2019,2015,2019,dm_model:atomic_dm,Atomic DM,candidate,0.00015739499527202698,0.00015739499527202698,0.0,1.0,1.0,0.0,0.0005366981919949889,0.3953488372093023
published_umbrella,rolling,2015-2019,2015,2019,dm_model:axino,Axino,candidate,0.00015739499527202698,0.00015739499527202698,0.0,1.0,1.0,0.0,0.008309005165057264,0.3953488372093023
published_umbrella,rolling,2015-2019,2015,2019,dm_model:axion_alp,Axion + ALP,candidate,0.00015739499527202698,0.0001402596578665519,0.10886837523556542,1.0,0.9395973154362416,0.06040268456375841,0.11981787224489483,0.9767441860465116
published_umbrella,rolling,2015-2019,2015,2019,dm_model:bino,Bino,candidate,0.00015739499527202698,0.00015739499527202698,0.0,1.0,1.0,0.0,0.03211318212441051,0.3953488372093023
published_umbrella,rolling,2015-2019,2015,2019,dm_model:dark_photon,Dark Photon,candidate,0.00015739499527202698,0.00015739499527202698,0.0,1.0,1.0,0.0,0.008445544391396465,0.3953488372093023
published_umbrella,rolling,2015-2019,2015,2019,dm_model:generic_composite,Generic Composite,candidate,0.00015739499527202698,0.00015739499527202698,0.0,1.0,1.0,0.0,0.006456321580956659,0.3953488372093023
published_umbrella,rolling,2015-2019,2015,2019,dm_model:inert_doublet_model,Inert Doublet Model,candidate,0.00015739499527202698,0.00015739499527202698,0.0,1.0,1.0,0.0,0.0016033948010226108,0.3953488372093023
published_umbrella,rolling,2015-2019,2015,2019,dm_model:macho,MACHO,candidate,0.00015739499527202698,0.00015739499527202698,0.0,1.0,1.0,0.0,0.0008169421227926853,0.3953488372093023
published_umbrella,rolling,2015-2019,2015,2019,dm_model:macroscopic_dm,Macroscopic DM,candidate,0.00015739499527202698,0.00015739499527202698,0.0,1.0,1.0,0.0,0.0002446670320507779,0.3953488372093023
published_umbrella,rolling,2015-2019,2015,2019,dm_model:minimal_su_2_l,Minimal SU(2)L,candidate,0.00015739499527202698,0.00015739499527202698,0.0,1.0,1.0,0.0,0.003195468076055648,0.3953488372093023
published_umbrella,rolling,2015-2019,2015,2019,dm_model:mirror_dm,Mirror DM,candidate,0.00015739499527202698,0.00015739499527202698,0.0,1.0,1.0,0.0,0.001717756678539604,0.3953488372093023
published_umbrella,rolling,2015-2019,2015,2019,dm_model:pbh,PBH,candidate,0.00015739499527202698,0.00014444176566848031,0.08229759517549777,1.0,0.9782608695652174,0.021739130434782594,0.023723924310027962,0.9534883720930233
published_umbrella,rolling,2015-2019,2015,2019,dm_model:planckian_dm,Planckian DM,candidate,0.00015739499527202698,0.00015739499527202698,0.0,1.0,1.0,0.0,0.00019984663124942412,0.3953488372093023
published_umbrella,rolling,2015-2019,2015,2019,dm_model:quark_nugget_aqn,Quark Nugget / AQN,candidate,0.00015739499527202698,0.00015739499527202698,0.0,1.0,1.0,0.0,0.0010553750830380481,0.3953488372093023
published_umbrella,rolling,2015-2019,2015,2019,dm_model:scotogenic_model,Scotogenic Model,candidate,0.00015739499527202698,0.00015739499527202698,0.0,1.0,1.0,0.0,0.0020211093644733886,0.3953488372093023
published_umbrella,rolling,2015-2019,2015,2019,dm_model:sfdm,SFDM,candidate,0.00015739499527202698,0.00015739499527202698,0.0,1.0,1.0,0.0,0.0016833263974139418,0.3953488372093023
published_umbrella,rolling,2015-2019,2015,2019,dm_model:sterile_nu,Sterile nu,candidate,0.00015739499527202698,0.00014645599474445424,0.06950030722810961,1.0,0.9069156696819376,0.0930843303180624,0.04460159087867588,0.9302325581395349
published_umbrella,rolling,2015-2019,2015,2019,dm_model:superwimp,SuperWIMP,candidate,0.00015739499527202698,0.00015739499527202698,0.0,1.0,1.0,0.0,0.00039299348753649225,0.3953488372093023
published_umbrella,rolling,2015-2019,2015,2019,dm_model:twin_higgs,Twin Higgs,candidate,0.00015739499527202698,0.00015739499527202698,0.0,1.0,1.0,0.0,0.008309005165057264,0.3953488372093023
published_umbrella,rolling,2015-2019,2015,2019,dm_model:ula_fuzzy,ULA / Fuzzy,candidate,0.00015739499527202698,0.0001562858800586557,0.0070466993658494246,1.0,1.0,0.0,0.01398507285904722,0.8837209302325582
published_umbrella,rolling,2015-2019,2015,2019,dm_model:vector_dm,Vector DM,candidate,0.00015739499527202698,0.00015739499527202698,0.0,1.0,1.0,0.0,0.009719253109792807,0.3953488372093023
published_umbrella,rolling,2015-2019,2015,2019,dm_model:wimp_related,WIMP-related,candidate,0.00015739499527202698,0.0001368971209944231,0.13023205879054306,1.0,0.909687773562883,0.090312226437117,0.2703008790965596,1.0
published_umbrella,rolling,2015-2019,2015,2019,dm_model:wimpzilla,WIMPzilla,candidate,0.00015739499527202698,0.00015739499527202698,0.0,1.0,1.0,0.0,0.0010306540071237625,0.3953488372093023
published_umbrella,rolling,2015-2019,2015,2019,dm_model:wino,Wino,candidate,0.00015739499527202698,0.00015739499527202698,0.0,1.0,1.0,0.0,0.031068662864205093,0.3953488372093023
published_umbrella,rolling,2015-2019,2015,2019,phenomenon:black_holes,Black-hole systems,phenomenon,0.00015739499527202698,0.00015700428690526553,0.002482343012788843,1.0,1.0,0.0,0.012330623585417842,0.813953488372093
published_umbrella,rolling,2015-2019,2015,2019,phenomenon:cmb,Cosmic microwave background,phenomenon,0.00015739499527202698,0.00015175135209765902,0.03585656052540938,1.0,0.9782608695652174,0.021739130434782594,0.03781393561377256,0.9069767441860465
published_umbrella,rolling,2015-2019,2015,2019,phenomenon:structure_formation,Cosmic structure formation,phenomenon,0.00015739499527202698,0.00015705792189254315,0.0021415762229368127,1.0,1.0,0.0,0.011486882362775732,0.7906976744186046
published_umbrella,rolling,2016-2020,2016,2020,apparatus:admx,ADMX,apparatus,0.00015064138766749156,0.00015064138766749156,0.0,0.9818181818181818,0.9818181818181818,0.0,0.00034734501488701717,0.4222222222222222
published_umbrella,rolling,2016-2020,2016,2020,apparatus:anais,ANAIS,apparatus,0.00015064138766749156,0.00015064138766749156,0.0,0.9818181818181818,0.9818181818181818,0.0,0.00014618789882433534,0.4222222222222222
published_umbrella,rolling,2016-2020,2016,2020,apparatus:antares,ANTARES,apparatus,0.00015064138766749156,0.00015064138766749156,0.0,0.9818181818181818,0.9818181818181818,0.0,0.00032862526199631297,0.4222222222222222
published_umbrella,rolling,2016-2020,2016,2020,apparatus:cast,CAST,apparatus,0.00015064138766749156,0.00015064138766749156,0.0,0.9818181818181818,0.9818181818181818,0.0,0.0002561263333010284,0.4222222222222222
published_umbrella,rolling,2016-2020,2016,2020,apparatus:cmb_s4,CMB-S4,apparatus,0.00015064138766749156,0.00015064138766749156,0.0,0.9818181818181818,0.9818181818181818,0.0,0.0005122526666020568,0.4222222222222222
published_umbrella,rolling,2016-2020,2016,2020,apparatus:cta,Cherenkov Telescope Array,apparatus,0.00015064138766749156,0.00015064138766749156,0.0,0.9818181818181818,0.9818181818181818,0.0,0.0006280343382310625,0.4222222222222222
published_umbrella,rolling,2016-2020,2016,2020,apparatus:damic,DAMIC,apparatus,0.00015064138766749156,0.00015064138766749156,0.0,0.9818181818181818,0.9818181818181818,0.0,0.00016490765171503957,0.4222222222222222
published_umbrella,rolling,2016-2020,2016,2020,apparatus:darkside,DarkSide,apparatus,0.00015064138766749156,0.00015064138766749156,0.0,0.9818181818181818,0.9818181818181818,0.0,0.0003777512420823468,0.4222222222222222
published_umbrella,rolling,2016-2020,2016,2020,apparatus:deap,DEAP,apparatus,0.00015064138766749156,0.00015064138766749156,0.0,0.9818181818181818,0.9818181818181818,0.0,0.00026196957045334106,0.4222222222222222
published_umbrella,rolling,2016-2020,2016,2020,apparatus:einstein_telescope,Einstein Telescope,apparatus,0.00015064138766749156,0.00015064138766749156,0.0,0.9818181818181818,0.9818181818181818,0.0,0.0007063765040786598,0.4222222222222222
published_umbrella,rolling,2016-2020,2016,2020,apparatus:fermi_lat,Fermi-LAT,apparatus,0.00015064138766749156,0.00015064138766749156,0.0,0.9818181818181818,0.9818181818181818,0.0,0.01331986634310376,0.4222222222222222
published_umbrella,rolling,2016-2020,2016,2020,apparatus:haystac,HAYSTAC,apparatus,0.00015064138766749156,0.00015064138766749156,0.0,0.9818181818181818,0.9818181818181818,0.0,0.00017659412601966494,0.4222222222222222
published_umbrella,rolling,2016-2020,2016,2020,apparatus:pamela,PAMELA,apparatus,0.00015064138766749156,0.00015064138766749156,0.0,0.9818181818181818,0.9818181818181818,0.0,0.00023156334325801148,0.4222222222222222
published_umbrella,rolling,2016-2020,2016,2020,apparatus:planck,Planck mission,apparatus,0.00015064138766749156,0.00015064138766749156,0.0,0.9818181818181818,0.9818181818181818,0.0,0.0035658588718899273,0.4222222222222222
published_umbrella,rolling,2016-2020,2016,2020,apparatus:ska,Square Kilometre Array,apparatus,0.00015064138766749156,0.00015064138766749156,0.0,0.9818181818181818,0.9818181818181818,0.0,0.00046312668651602297,0.4222222222222222
published_umbrella,rolling,2016-2020,2016,2020,apparatus:xmm_newton,XMM-Newton,apparatus,0.00015064138766749156,0.00015064138766749156,0.0,0.9818181818181818,0.9818181818181818,0.0,9.121868158598881e-05,0.4222222222222222
published_umbrella,rolling,2016-2020,2016,2020,dm_model:asymmetric_dm,Asymmetric DM,candidate,0.00015064138766749156,0.00015053368815847473,0.0007149397033871332,0.9818181818181818,0.9818181818181818,0.0,0.008519038630509946,0.8444444444444444
published_umbrella,rolling,2016-2020,2016,2020,dm_model:atomic_dm,Atomic DM,candidate,0.00015064138766749156,0.00015064138766749156,0.0,0.9818181818181818,0.9818181818181818,0.0,0.00021987686895338611,0.4222222222222222
published_umbrella,rolling,2016-2020,2016,2020,dm_model:axino,Axino,candidate,0.00015064138766749156,0.00015064138766749156,0.0,0.9818181818181818,0.9818181818181818,0.0,0.005716798592788039,0.4222222222222222
published_umbrella,rolling,2016-2020,2016,2020,dm_model:axion_alp,Axion + ALP,candidate,0.00015064138766749156,0.0001299345076240113,0.1374581073906876,0.9818181818181818,0.9087456846950518,0.07307249712313002,0.13053849294650408,1.0
published_umbrella,rolling,2016-2020,2016,2020,dm_model:bino,Bino,candidate,0.00015064138766749156,0.00015064138766749156,0.0,0.9818181818181818,0.9818181818181818,0.0,0.026824978012313105,0.4222222222222222
published_umbrella,rolling,2016-2020,2016,2020,dm_model:dark_photon,Dark Photon,candidate,0.00015064138766749156,0.00015064138766749156,0.0,0.9818181818181818,0.9818181818181818,0.0,0.00994001495868711,0.4222222222222222
published_umbrella,rolling,2016-2020,2016,2020,dm_model:generic_composite,Generic Composite,candidate,0.00015064138766749156,0.00015064138766749156,0.0,0.9818181818181818,0.9818181818181818,0.0,0.006541336851363237,0.4222222222222222
published_umbrella,rolling,2016-2020,2016,2020,dm_model:inert_doublet_model,Inert Doublet Model,candidate,0.00015064138766749156,0.00015064138766749156,0.0,0.9818181818181818,0.9818181818181818,0.0,0.0015145750926306859,0.4222222222222222
published_umbrella,rolling,2016-2020,2016,2020,dm_model:macho,MACHO,candidate,0.00015064138766749156,0.00015049843545316766,0.0009489570996214732,0.9818181818181818,0.9818181818181818,0.0,0.0012466553150085138,0.8666666666666667
published_umbrella,rolling,2016-2020,2016,2020,dm_model:macroscopic_dm,Macroscopic DM,candidate,0.00015064138766749156,0.00015064138766749156,0.0,0.9818181818181818,0.9818181818181818,0.0,0.00022572010610569877,0.4222222222222222
published_umbrella,rolling,2016-2020,2016,2020,dm_model:majoron,Majoron,candidate,0.00015064138766749156,0.00015064138766749156,0.0,0.9818181818181818,0.9818181818181818,0.0,0.00016490765171503957,0.4222222222222222
published_umbrella,rolling,2016-2020,2016,2020,dm_model:minimal_su_2_l,Minimal SU(2)L,candidate,0.00015064138766749156,0.00015064138766749156,0.0,0.9818181818181818,0.9818181818181818,0.0,0.002906335235046287,0.4222222222222222
published_umbrella,rolling,2016-2020,2016,2020,dm_model:mirror_dm,Mirror DM,candidate,0.00015064138766749156,0.00015064138766749156,0.0,0.9818181818181818,0.9818181818181818,0.0,0.001794074374540965,0.4222222222222222
published_umbrella,rolling,2016-2020,2016,2020,dm_model:pbh,PBH,candidate,0.00015064138766749156,0.00013795129255097578,0.08424042896183641,0.9818181818181818,0.9636363636363636,0.018181818181818188,0.031004390156447927,0.9555555555555556
published_umbrella,rolling,2016-2020,2016,2020,dm_model:planckian_dm,Planckian DM,candidate,0.00015064138766749156,0.00015064138766749156,0.0,0.9818181818181818,0.9818181818181818,0.0,0.0006105046267741245,0.4222222222222222
published_umbrella,rolling,2016-2020,2016,2020,dm_model:q_ball,Q-ball,candidate,0.00015064138766749156,0.00015064138766749156,0.0,0.9818181818181818,0.9818181818181818,0.0,0.00016490765171503957,0.4222222222222222
published_umbrella,rolling,2016-2020,2016,2020,dm_model:quark_nugget_aqn,Quark Nugget / AQN,candidate,0.00015064138766749156,0.00015064138766749156,0.0,0.9818181818181818,0.9818181818181818,0.0,0.0016233234856736127,0.4222222222222222
published_umbrella,rolling,2016-2020,2016,2020,dm_model:scotogenic_model,Scotogenic Model,candidate,0.00015064138766749156,0.00015064138766749156,0.0,0.9818181818181818,0.9818181818181818,0.0,0.0027484608619173265,0.4222222222222222
published_umbrella,rolling,2016-2020,2016,2020,dm_model:sfdm,SFDM,candidate,0.00015064138766749156,0.00015064138766749156,0.0,0.9818181818181818,0.9818181818181818,0.0,0.0009975622602935643,0.4222222222222222
published_umbrella,rolling,2016-2020,2016,2020,dm_model:sterile_nu,Sterile nu,candidate,0.00015064138766749156,0.0001412242101981684,0.06251387892223581,0.9818181818181818,0.9096662830840047,0.07215189873417716,0.04529972945143422,0.9333333333333333
published_umbrella,rolling,2016-2020,2016,2020,dm_model:superfluid_dm,Superfluid DM,candidate,0.00015064138766749156,0.00015064138766749156,0.0,0.9818181818181818,0.9818181818181818,0.0,0.00014618789882433534,0.4222222222222222
published_umbrella,rolling,2016-2020,2016,2020,dm_model:superwimp,SuperWIMP,candidate,0.00015064138766749156,0.00015064138766749156,0.0,0.9818181818181818,0.9818181818181818,0.0,0.00016490765171503957,0.4222222222222222
published_umbrella,rolling,2016-2020,2016,2020,dm_model:twin_higgs,Twin Higgs,candidate,0.00015064138766749156,0.00015064138766749156,0.0,0.9818181818181818,0.9818181818181818,0.0,0.005881706244503079,0.4222222222222222
published_umbrella,rolling,2016-2020,2016,2020,dm_model:ula_fuzzy,ULA / Fuzzy,candidate,0.00015064138766749156,0.0001470886341450323,0.023584179470659113,0.9818181818181818,0.9636363636363636,0.018181818181818188,0.015431534696687588,0.8888888888888888
published_umbrella,rolling,2016-2020,2016,2020,dm_model:vector_dm,Vector DM,candidate,0.00015064138766749156,0.00015064138766749156,0.0,0.9818181818181818,0.9818181818181818,0.0,0.01081021604306356,0.4222222222222222
published_umbrella,rolling,2016-2020,2016,2020,dm_model:wimp_related,WIMP-related,candidate,0.00015064138766749156,0.00013788159689089483,0.08470308840198167,0.9818181818181818,0.9331415420023015,0.04867663981588033,0.23904469250078142,0.9777777777777777
published_umbrella,rolling,2016-2020,2016,2020,dm_model:wimpzilla,WIMPzilla,candidate,0.00015064138766749156,0.00015064138766749156,0.0,0.9818181818181818,0.9818181818181818,0.0,0.0011414770462668856,0.4222222222222222
published_umbrella,rolling,2016-2020,2016,2020,dm_model:wino,Wino,candidate,0.00015064138766749156,0.00015064138766749156,0.0,0.9818181818181818,0.9818181818181818,0.0,0.023182943117410076,0.4222222222222222
published_umbrella,rolling,2016-2020,2016,2020,phenomenon:cmb,Cosmic microwave background,phenomenon,0.00015064138766749156,0.0001447115931628553,0.039363647643269266,0.9818181818181818,0.9636363636363636,0.018181818181818188,0.039205834807915015,0.9111111111111111
published_umbrella,rolling,2017-2021,2017,2021,apparatus:admx,ADMX,apparatus,0.00016084276380619997,0.00016084276380619997,0.0,1.0,1.0,0.0,0.0009665580111203207,0.38636363636363635
published_umbrella,rolling,2017-2021,2017,2021,apparatus:anais,ANAIS,apparatus,0.00016084276380619997,0.00016084276380619997,0.0,1.0,1.0,0.0,0.00014110170507584783,0.38636363636363635
published_umbrella,rolling,2017-2021,2017,2021,apparatus:antares,ANTARES,apparatus,0.00016084276380619997,0.00016084276380619997,0.0,1.0,1.0,0.0,0.00011794539128383558,0.38636363636363635
published_umbrella,rolling,2017-2021,2017,2021,apparatus:cmb_s4,CMB-S4,apparatus,0.00016084276380619997,0.00016084276380619997,0.0,1.0,1.0,0.0,0.001255091455300963,0.38636363636363635
published_umbrella,rolling,2017-2021,2017,2021,apparatus:cosmic_explorer,Cosmic Explorer,apparatus,0.00016084276380619997,0.00016084276380619997,0.0,1.0,1.0,0.0,0.00028220341015169567,0.38636363636363635
published_umbrella,rolling,2017-2021,2017,2021,apparatus:cta,Cherenkov Telescope Array,apparatus,0.00016084276380619997,0.00016084276380619997,0.0,1.0,1.0,0.0,0.001253089065919565,0.38636363636363635
published_umbrella,rolling,2017-2021,2017,2021,apparatus:deap,DEAP,apparatus,0.00016084276380619997,0.00016084276380619997,0.0,1.0,1.0,0.0,0.0002527170623307368,0.38636363636363635
published_umbrella,rolling,2017-2021,2017,2021,apparatus:einstein_telescope,Einstein Telescope,apparatus,0.00016084276380619997,0.00016084276380619997,0.0,1.0,1.0,0.0,0.0023439225023526677,0.38636363636363635
published_umbrella,rolling,2017-2021,2017,2021,apparatus:fermi_lat,Fermi-LAT,apparatus,0.00016084276380619997,0.00016084276380619997,0.0,1.0,1.0,0.0,0.010592316961710826,0.38636363636363635
published_umbrella,rolling,2017-2021,2017,2021,apparatus:haystac,HAYSTAC,apparatus,0.00016084276380619997,0.00016084276380619997,0.0,1.0,1.0,0.0,0.00022323071450977788,0.38636363636363635
published_umbrella,rolling,2017-2021,2017,2021,apparatus:integral,INTEGRAL,apparatus,0.00016084276380619997,0.00016084276380619997,0.0,1.0,1.0,0.0,0.00020640443474671227,0.38636363636363635
published_umbrella,rolling,2017-2021,2017,2021,apparatus:nanograv,NANOGrav,apparatus,0.00016084276380619997,0.00016084276380619997,0.0,1.0,1.0,0.0,0.0016279177312393098,0.38636363636363635
published_umbrella,rolling,2017-2021,2017,2021,apparatus:pamela,PAMELA,apparatus,0.00016084276380619997,0.00016084276380619997,0.0,1.0,1.0,0.0,0.00043380136096166246,0.38636363636363635
published_umbrella,rolling,2017-2021,2017,2021,apparatus:planck,Planck mission,apparatus,0.00016084276380619997,0.00016084276380619997,0.0,1.0,1.0,0.0,0.0029314856364480715,0.38636363636363635
published_umbrella,rolling,2017-2021,2017,2021,dm_model:asymmetric_dm,Asymmetric DM,candidate,0.00016084276380619997,0.00016026805161137146,0.0035731305607318883,1.0,0.9940828402366864,0.00591715976331364,0.00936206134369852,0.8636363636363636
published_umbrella,rolling,2017-2021,2017,2021,dm_model:atomic_dm,Atomic DM,candidate,0.00016084276380619997,0.00016084276380619997,0.0,1.0,1.0,0.0,0.0008717689336284973,0.38636363636363635
published_umbrella,rolling,2017-2021,2017,2021,dm_model:axino,Axino,candidate,0.00016084276380619997,0.00016084276380619997,0.0,1.0,1.0,0.0,0.004264055590650663,0.38636363636363635
published_umbrella,rolling,2017-2021,2017,2021,dm_model:axion_alp,Axion + ALP,candidate,0.00016084276380619997,0.0001352094371722507,0.15936885208485327,1.0,0.9349112426035503,0.0650887573964497,0.15207996474006508,1.0
published_umbrella,rolling,2017-2021,2017,2021,dm_model:bino,Bino,candidate,0.00016084276380619997,0.00016084276380619997,0.0,1.0,1.0,0.0,0.026584544114550433,0.38636363636363635
published_umbrella,rolling,2017-2021,2017,2021,dm_model:dark_photon,Dark Photon,candidate,0.00016084276380619997,0.00016084276380619997,0.0,1.0,1.0,0.0,0.01493801726296829,0.38636363636363635
published_umbrella,rolling,2017-2021,2017,2021,dm_model:generic_composite,Generic Composite,candidate,0.00016084276380619997,0.00016034368989751655,0.003102868272549452,1.0,0.9940828402366864,0.00591715976331364,0.007247861022826953,0.8409090909090909
published_umbrella,rolling,2017-2021,2017,2021,dm_model:glueball,Glueball,candidate,0.00016084276380619997,0.00016084276380619997,0.0,1.0,1.0,0.0,0.00015792798483891344,0.38636363636363635
published_umbrella,rolling,2017-2021,2017,2021,dm_model:inert_doublet_model,Inert Doublet Model,candidate,0.00016084276380619997,0.00016084276380619997,0.0,1.0,1.0,0.0,0.0018193368426619781,0.38636363636363635
published_umbrella,rolling,2017-2021,2017,2021,dm_model:macho,MACHO,candidate,0.00016084276380619997,0.00016084276380619997,0.0,1.0,1.0,0.0,0.0012973993041221915,0.38636363636363635
published_umbrella,rolling,2017-2021,2017,2021,dm_model:macroscopic_dm,Macroscopic DM,candidate,0.00016084276380619997,0.00016084276380619997,0.0,1.0,1.0,0.0,0.0003285160377357202,0.38636363636363635
published_umbrella,rolling,2017-2021,2017,2021,dm_model:majoron,Majoron,candidate,0.00016084276380619997,0.00016084276380619997,0.0,1.0,1.0,0.0,0.00015792798483891344,0.38636363636363635
published_umbrella,rolling,2017-2021,2017,2021,dm_model:minimal_su_2_l,Minimal SU(2)L,candidate,0.00016084276380619997,0.00016084276380619997,0.0,1.0,1.0,0.0,0.002095210218784727,0.38636363636363635
published_umbrella,rolling,2017-2021,2017,2021,dm_model:mirror_dm,Mirror DM,candidate,0.00016084276380619997,0.00016084276380619997,0.0,1.0,1.0,0.0,0.002183669262247604,0.38636363636363635
published_umbrella,rolling,2017-2021,2017,2021,dm_model:pbh,PBH,candidate,0.00016084276380619997,0.00014473278167696744,0.10015981911777833,1.0,0.9827586206896551,0.017241379310344862,0.047452965053133234,0.9772727272727273
published_umbrella,rolling,2017-2021,2017,2021,dm_model:planckian_dm,Planckian DM,candidate,0.00016084276380619997,0.00016084276380619997,0.0,1.0,1.0,0.0,0.0003453423174987858,0.38636363636363635
published_umbrella,rolling,2017-2021,2017,2021,dm_model:quark_nugget_aqn,Quark Nugget / AQN,candidate,0.00016084276380619997,0.00016084276380619997,0.0,1.0,1.0,0.0,0.002032071311437637,0.38636363636363635
published_umbrella,rolling,2017-2021,2017,2021,dm_model:scotogenic_model,Scotogenic Model,candidate,0.00016084276380619997,0.00016084276380619997,0.0,1.0,1.0,0.0,0.002526847757422615,0.38636363636363635
published_umbrella,rolling,2017-2021,2017,2021,dm_model:sfdm,SFDM,candidate,0.00016084276380619997,0.00016084276380619997,0.0,1.0,1.0,0.0,0.0018449798446625173,0.38636363636363635
published_umbrella,rolling,2017-2021,2017,2021,dm_model:sterile_nu,Sterile nu,candidate,0.00016084276380619997,0.00015417238870780073,0.04147140313030434,1.0,0.9655172413793104,0.03448275862068961,0.04559881457555188,0.9090909090909091
published_umbrella,rolling,2017-2021,2017,2021,dm_model:superfluid_dm,Superfluid DM,candidate,0.00016084276380619997,0.00016084276380619997,0.0,1.0,1.0,0.0,0.00020007440071776565,0.38636363636363635
published_umbrella,rolling,2017-2021,2017,2021,dm_model:twin_higgs,Twin Higgs,candidate,0.00016084276380619997,0.00016082980331821704,8.057862023899475e-05,1.0,1.0,0.0,0.005527479469361971,0.7727272727272727
published_umbrella,rolling,2017-2021,2017,2021,dm_model:ula_fuzzy,ULA / Fuzzy,candidate,0.00016084276380619997,0.00015532813977074716,0.03428580748648044,1.0,1.0,0.0,0.019905998094371043,0.8863636363636364
published_umbrella,rolling,2017-2021,2017,2021,dm_model:vector_dm,Vector DM,candidate,0.00016084276380619997,0.00016084276380619997,0.0,1.0,1.0,0.0,0.010541192390652123,0.38636363636363635
published_umbrella,rolling,2017-2021,2017,2021,dm_model:wimp_related,WIMP-related,candidate,0.00016084276380619997,0.00015014566703635673,0.06650654662171944,1.0,0.9711283411548663,0.028871658845133652,0.21006211095204172,0.9545454545454546
published_umbrella,rolling,2017-2021,2017,2021,dm_model:wimpzilla,WIMPzilla,candidate,0.00016084276380619997,0.00016084276380619997,0.0,1.0,1.0,0.0,0.0007623173986973827,0.38636363636363635
published_umbrella,rolling,2017-2021,2017,2021,dm_model:wino,Wino,candidate,0.00016084276380619997,0.00016084276380619997,0.0,1.0,1.0,0.0,0.026266685755491206,0.38636363636363635
published_umbrella,rolling,2017-2021,2017,2021,phenomenon:cmb,Cosmic microwave background,phenomenon,0.00016084276380619997,0.00015267990856056982,0.0507505283574063,1.0,0.9655172413793104,0.03448275862068961,0.04123990471333651,0.9318181818181818
published_umbrella,rolling,2017-2021,2017,2021,phenomenon:twenty_one_cm_signal,21-cm signal,phenomenon,0.00016084276380619997,0.00016037265030981637,0.0029228140903499937,1.0,1.0,0.0,0.00283469416957485,0.8181818181818182
published_umbrella,rolling,2017-2021,2017,2021,theory:lambda_cdm,Lambda-CDM,theory,0.00016084276380619997,0.00016063896713178436,0.001267055287990279,1.0,1.0,0.0,0.008261861692127932,0.7954545454545454
published_umbrella,rolling,2018-2022,2018,2022,apparatus:antares,ANTARES,apparatus,0.00015209324805632053,0.00015209324805632053,0.0,1.0,1.0,0.0,0.00020139248518326715,0.36363636363636365
published_umbrella,rolling,2018-2022,2018,2022,apparatus:bicep_keck,BICEP/Keck,apparatus,0.00015209324805632053,0.00015209324805632053,0.0,1.0,1.0,0.0,0.00025107945725918887,0.36363636363636365
published_umbrella,rolling,2018-2022,2018,2022,apparatus:cast,CAST,apparatus,0.00015209324805632053,0.00015209324805632053,0.0,1.0,1.0,0.0,0.0004210569905366946,0.36363636363636365
published_umbrella,rolling,2018-2022,2018,2022,apparatus:cmb_s4,CMB-S4,apparatus,0.00015209324805632053,0.00015209324805632053,0.0,1.0,1.0,0.0,0.001396524411884968,0.36363636363636365
published_umbrella,rolling,2018-2022,2018,2022,apparatus:cosmic_explorer,Cosmic Explorer,apparatus,0.00015209324805632053,0.00015209324805632053,0.0,1.0,1.0,0.0,0.0004733885594921967,0.36363636363636365
published_umbrella,rolling,2018-2022,2018,2022,apparatus:cta,Cherenkov Telescope Array,apparatus,0.00015209324805632053,0.00015209324805632053,0.0,1.0,1.0,0.0,0.0012030657173404422,0.36363636363636365
published_umbrella,rolling,2018-2022,2018,2022,apparatus:deap,DEAP,apparatus,0.00015209324805632053,0.00015209324805632053,0.0,1.0,1.0,0.0,0.0001647683921806458,0.36363636363636365
published_umbrella,rolling,2018-2022,2018,2022,apparatus:eht,Event Horizon Telescope,apparatus,0.00015209324805632053,0.00015209324805632053,0.0,1.0,1.0,0.0,0.00035045340141103226,0.36363636363636365
published_umbrella,rolling,2018-2022,2018,2022,apparatus:einstein_telescope,Einstein Telescope,apparatus,0.00015209324805632053,0.00015209324805632053,0.0,1.0,1.0,0.0,0.002942269845322303,0.36363636363636365
published_umbrella,rolling,2018-2022,2018,2022,apparatus:fermi_lat,Fermi-LAT,apparatus,0.00015209324805632053,0.00015209324805632053,0.0,1.0,1.0,0.0,0.008766304018385764,0.36363636363636365
published_umbrella,rolling,2018-2022,2018,2022,apparatus:integral,INTEGRAL,apparatus,0.00015209324805632053,0.00015209324805632053,0.0,1.0,1.0,0.0,0.0004890960354450774,0.36363636363636365
published_umbrella,rolling,2018-2022,2018,2022,apparatus:kagra,KAGRA,apparatus,0.00015209324805632053,0.00015209324805632053,0.0,1.0,1.0,0.0,0.00047859770058905664,0.36363636363636365
published_umbrella,rolling,2018-2022,2018,2022,dm_model:asymmetric_dm,Asymmetric DM,candidate,0.00015209324805632053,0.00015165529139345195,0.002879527319361334,1.0,0.9943820224719101,0.005617977528089901,0.008449429849786269,0.7954545454545454
published_umbrella,rolling,2018-2022,2018,2022,dm_model:atomic_dm,Atomic DM,candidate,0.00015209324805632053,0.00015209324805632053,0.0,1.0,1.0,0.0,0.0010931133856702773,0.36363636363636365
published_umbrella,rolling,2018-2022,2018,2022,dm_model:axino,Axino,candidate,0.00015209324805632053,0.00015209324805632053,0.0,1.0,1.0,0.0,0.002732783464175693,0.36363636363636365
published_umbrella,rolling,2018-2022,2018,2022,dm_model:axion_alp,Axion + ALP,candidate,0.00015209324805632053,0.00012588176345116003,0.1723382526189086,1.0,0.9101123595505618,0.0898876404494382,0.1606524016367636,1.0
published_umbrella,rolling,2018-2022,2018,2022,dm_model:bino,Bino,candidate,0.00015209324805632053,0.00015209324805632053,0.0,1.0,1.0,0.0,0.023700685680214648,0.36363636363636365
published_umbrella,rolling,2018-2022,2018,2022,dm_model:dark_photon,Dark Photon,candidate,0.00015209324805632053,0.00015209324805632053,0.0,1.0,1.0,0.0,0.019153125515821476,0.36363636363636365
published_umbrella,rolling,2018-2022,2018,2022,dm_model:generic_composite,Generic Composite,candidate,0.00015209324805632053,0.0001515664068864683,0.003463935293545368,1.0,0.9943820224719101,0.005617977528089901,0.008718781327215618,0.8636363636363636
published_umbrella,rolling,2018-2022,2018,2022,dm_model:inert_doublet_model,Inert Doublet Model,candidate,0.00015209324805632053,0.00015209324805632053,0.0,1.0,1.0,0.0,0.001875042059811724,0.36363636363636365
published_umbrella,rolling,2018-2022,2018,2022,dm_model:macho,MACHO,candidate,0.00015209324805632053,0.00015209324805632053,0.0,1.0,1.0,0.0,0.00140974739628287,0.36363636363636365
published_umbrella,rolling,2018-2022,2018,2022,dm_model:macroscopic_dm,Macroscopic DM,candidate,0.00015209324805632053,0.00015209324805632053,0.0,1.0,1.0,0.0,0.00047859770058905664,0.36363636363636365
published_umbrella,rolling,2018-2022,2018,2022,dm_model:majoron,Majoron,candidate,0.00015209324805632053,0.00015209324805632053,0.0,1.0,1.0,0.0,0.0003478088045314519,0.36363636363636365
published_umbrella,rolling,2018-2022,2018,2022,dm_model:minimal_su_2_l,Minimal SU(2)L,candidate,0.00015209324805632053,0.00015209324805632053,0.0,1.0,1.0,0.0,0.001817501349759362,0.36363636363636365
published_umbrella,rolling,2018-2022,2018,2022,dm_model:mirror_dm,Mirror DM,candidate,0.00015209324805632053,0.00015209324805632053,0.0,1.0,1.0,0.0,0.0015874185622122147,0.36363636363636365
published_umbrella,rolling,2018-2022,2018,2022,dm_model:pbh,PBH,candidate,0.00015209324805632053,0.00013512002897709204,0.11159745285302383,1.0,0.9692307692307692,0.03076923076923077,0.058991973331118844,0.9772727272727273
published_umbrella,rolling,2018-2022,2018,2022,dm_model:planckian_dm,Planckian DM,candidate,0.00015209324805632053,0.00015209324805632053,0.0,1.0,1.0,0.0,0.0003268921874817112,0.36363636363636365
published_umbrella,rolling,2018-2022,2018,2022,dm_model:quark_nugget_aqn,Quark Nugget / AQN,candidate,0.00015209324805632053,0.00015209324805632053,0.0,1.0,1.0,0.0,0.002303952788324859,0.36363636363636365
published_umbrella,rolling,2018-2022,2018,2022,dm_model:scotogenic_model,Scotogenic Model,candidate,0.00015209324805632053,0.00015209324805632053,0.0,1.0,1.0,0.0,0.0025340355758720064,0.36363636363636365
published_umbrella,rolling,2018-2022,2018,2022,dm_model:sfdm,SFDM,candidate,0.00015209324805632053,0.00015209324805632053,0.0,1.0,1.0,0.0,0.0018543656007488857,0.36363636363636365
published_umbrella,rolling,2018-2022,2018,2022,dm_model:sterile_nu,Sterile nu,candidate,0.00015209324805632053,0.0001456547756290759,0.042332401401937544,1.0,0.9538461538461539,0.0461538461538461,0.04341439139989217,0.9090909090909091
published_umbrella,rolling,2018-2022,2018,2022,dm_model:superfluid_dm,Superfluid DM,candidate,0.00015209324805632053,0.00015209324805632053,0.0,1.0,1.0,0.0,0.0003086201673115509,0.36363636363636365
published_umbrella,rolling,2018-2022,2018,2022,dm_model:superwimp,SuperWIMP,candidate,0.00015209324805632053,0.00015209324805632053,0.0,1.0,1.0,0.0,0.0003765791595576329,0.36363636363636365
published_umbrella,rolling,2018-2022,2018,2022,dm_model:twin_higgs,Twin Higgs,candidate,0.00015209324805632053,0.0001520431977003308,0.00032907677776195904,1.0,1.0,0.0,0.004926863973492688,0.7272727272727273
published_umbrella,rolling,2018-2022,2018,2022,dm_model:ula_fuzzy,ULA / Fuzzy,candidate,0.00015209324805632053,0.00014532987925423637,0.0444685670699837,1.0,0.9692307692307692,0.03076923076923077,0.02222538087155472,0.9318181818181818
published_umbrella,rolling,2018-2022,2018,2022,dm_model:vector_dm,Vector DM,candidate,0.00015209324805632053,0.00015209324805632053,0.0,1.0,1.0,0.0,0.010196327610419968,0.36363636363636365
published_umbrella,rolling,2018-2022,2018,2022,dm_model:wimp_related,WIMP-related,candidate,0.00015209324805632053,0.0001438537562809267,0.054173948421054906,1.0,0.9680207433016422,0.03197925669835777,0.1884279022022013,0.9545454545454546
published_umbrella,rolling,2018-2022,2018,2022,dm_model:wimpzilla,WIMPzilla,candidate,0.00015209324805632053,0.00015209324805632053,0.0,1.0,1.0,0.0,0.0006485752338665624,0.36363636363636365
published_umbrella,rolling,2018-2022,2018,2022,dm_model:wino,Wino,candidate,0.00015209324805632053,0.00015209324805632053,0.0,1.0,1.0,0.0,0.023640580425945006,0.36363636363636365
published_umbrella,rolling,2018-2022,2018,2022,mechanism:annihilation,Dark-matter annihilation,mechanism,0.00015209324805632053,0.00015183130773141766,0.0017222350646747247,1.0,1.0,0.0,0.015149877710695363,0.7727272727272727
published_umbrella,rolling,2018-2022,2018,2022,phenomenon:black_holes,Black-hole systems,phenomenon,0.00015209324805632053,0.00015163402677158865,0.003019340375726765,1.0,1.0,0.0,0.023770886147005153,0.8181818181818182
published_umbrella,rolling,2018-2022,2018,2022,phenomenon:cmb,Cosmic microwave background,phenomenon,0.00015209324805632053,0.00014807659720675104,0.026409133218603616,1.0,1.0,0.0,0.04282247343776901,0.8863636363636364
published_umbrella,rolling,2018-2022,2018,2022,phenomenon:twenty_one_cm_signal,21-cm signal,phenomenon,0.00015209324805632053,0.00015158331235116455,0.003352783319921939,1.0,1.0,0.0,0.004056459953366923,0.8409090909090909
published_umbrella,rolling,2018-2022,2018,2022,theory:lambda_cdm,Lambda-CDM,theory,0.00015209324805632053,0.00015200769965366176,0.0005624733757220575,1.0,1.0,0.0,0.009619316597626678,0.75
published_umbrella,rolling,2019-2023,2019,2023,apparatus:bbo,Big Bang Observer,apparatus,0.00015068290091282152,0.00015068290091282152,0.0,1.0,1.0,0.0,0.00354429643130741,0.37209302325581395
published_umbrella,rolling,2019-2023,2019,2023,apparatus:bicep_keck,BICEP/Keck,apparatus,0.00015068290091282152,0.00015068290091282152,0.0,1.0,1.0,0.0,0.0006956957026487236,0.37209302325581395
published_umbrella,rolling,2019-2023,2019,2023,apparatus:cmb_s4,CMB-S4,apparatus,0.00015068290091282152,0.00015068290091282152,0.0,1.0,1.0,0.0,0.0013469982691925065,0.37209302325581395
published_umbrella,rolling,2019-2023,2019,2023,apparatus:cosmic_explorer,Cosmic Explorer,apparatus,0.00015068290091282152,0.00015068290091282152,0.0,1.0,1.0,0.0,0.001499310254768133,0.37209302325581395
published_umbrella,rolling,2019-2023,2019,2023,apparatus:cta,Cherenkov Telescope Array,apparatus,0.00015068290091282152,0.00015068290091282152,0.0,1.0,1.0,0.0,0.0022095541252815667,0.37209302325581395
published_umbrella,rolling,2019-2023,2019,2023,apparatus:damic,DAMIC,apparatus,0.00015068290091282152,0.00015068290091282152,0.0,1.0,1.0,0.0,0.0001293436314295377,0.37209302325581395
published_umbrella,rolling,2019-2023,2019,2023,apparatus:deap,DEAP,apparatus,0.00015068290091282152,0.00015068290091282152,0.0,1.0,1.0,0.0,0.0001293436314295377,0.37209302325581395
published_umbrella,rolling,2019-2023,2019,2023,apparatus:decigo,DECIGO,apparatus,0.00015068290091282152,0.00015068290091282152,0.0,1.0,1.0,0.0,0.0045560771285976225,0.37209302325581395
published_umbrella,rolling,2019-2023,2019,2023,apparatus:eht,Event Horizon Telescope,apparatus,0.00015068290091282152,0.00015068290091282152,0.0,1.0,1.0,0.0,0.0008166191477968826,0.37209302325581395
published_umbrella,rolling,2019-2023,2019,2023,apparatus:einstein_telescope,Einstein Telescope,apparatus,0.00015068290091282152,0.00015068290091282152,0.0,1.0,1.0,0.0,0.003808363043239007,0.37209302325581395
published_umbrella,rolling,2019-2023,2019,2023,apparatus:fermi_lat,Fermi-LAT,apparatus,0.00015068290091282152,0.00015068290091282152,0.0,1.0,1.0,0.0,0.00818532405522963,0.37209302325581395
published_umbrella,rolling,2019-2023,2019,2023,apparatus:integral,INTEGRAL,apparatus,0.00015068290091282152,0.00015068290091282152,0.0,1.0,1.0,0.0,0.0006360057661682627,0.37209302325581395
published_umbrella,rolling,2019-2023,2019,2023,apparatus:ipta,International Pulsar Timing Array,apparatus,0.00015068290091282152,0.00015068290091282152,0.0,1.0,1.0,0.0,0.00017602897223252555,0.37209302325581395
published_umbrella,rolling,2019-2023,2019,2023,dm_model:asymmetric_dm,Asymmetric DM,candidate,0.00015068290091282152,0.00015026497070756508,0.002773574192723026,1.0,0.9945054945054945,0.005494505494505475,0.006773210193318524,0.813953488372093
published_umbrella,rolling,2019-2023,2019,2023,dm_model:atomic_dm,Atomic DM,candidate,0.00015068290091282152,0.00015068290091282152,0.0,1.0,1.0,0.0,0.0008487563207351602,0.37209302325581395
published_umbrella,rolling,2019-2023,2019,2023,dm_model:axino,Axino,candidate,0.00015068290091282152,0.00015068290091282152,0.0,1.0,1.0,0.0,0.002427637721755369,0.37209302325581395
published_umbrella,rolling,2019-2023,2019,2023,dm_model:axion_alp,Axion + ALP,candidate,0.00015068290091282152,0.0001253384203022687,0.16819745609500858,1.0,0.9505494505494505,0.0494505494505495,0.17178674963675888,1.0
published_umbrella,rolling,2019-2023,2019,2023,dm_model:bino,Bino,candidate,0.00015068290091282152,0.00015068290091282152,0.0,1.0,1.0,0.0,0.02035480859010271,0.37209302325581395
published_umbrella,rolling,2019-2023,2019,2023,dm_model:dark_photon,Dark Photon,candidate,0.00015068290091282152,0.00015056389535941802,0.0007897747699478473,1.0,1.0,0.0,0.021994174867279805,0.7674418604651163
published_umbrella,rolling,2019-2023,2019,2023,dm_model:generic_composite,Generic Composite,candidate,0.00015068290091282152,0.00015058348831195603,0.0006597470599733415,1.0,1.0,0.0,0.009370748905723087,0.7441860465116279
published_umbrella,rolling,2019-2023,2019,2023,dm_model:inert_doublet_model,Inert Doublet Model,candidate,0.00015068290091282152,0.00015068290091282152,0.0,1.0,1.0,0.0,0.001837568663879284,0.37209302325581395
published_umbrella,rolling,2019-2023,2019,2023,dm_model:macho,MACHO,candidate,0.00015068290091282152,0.00015068290091282152,0.0,1.0,1.0,0.0,0.0009008210106106696,0.37209302325581395
published_umbrella,rolling,2019-2023,2019,2023,dm_model:macroscopic_dm,Macroscopic DM,candidate,0.00015068290091282152,0.00015068290091282152,0.0,1.0,1.0,0.0,0.0007102438705134337,0.37209302325581395
published_umbrella,rolling,2019-2023,2019,2023,dm_model:majoron,Majoron,candidate,0.00015068290091282152,0.00015068290091282152,0.0,1.0,1.0,0.0,0.000326797385620915,0.37209302325581395
published_umbrella,rolling,2019-2023,2019,2023,dm_model:minimal_su_2_l,Minimal SU(2)L,candidate,0.00015068290091282152,0.00015068290091282152,0.0,1.0,1.0,0.0,0.002081707758873649,0.37209302325581395
published_umbrella,rolling,2019-2023,2019,2023,dm_model:mirror_dm,Mirror DM,candidate,0.00015068290091282152,0.00015068290091282152,0.0,1.0,1.0,0.0,0.0012980207236914713,0.37209302325581395
published_umbrella,rolling,2019-2023,2019,2023,dm_model:pbh,PBH,candidate,0.00015068290091282152,0.00013544004759013733,0.1011584806925308,1.0,0.9726027397260274,0.0273972602739726,0.06754413343008443,0.9767441860465116
published_umbrella,rolling,2019-2023,2019,2023,dm_model:quark_nugget_aqn,Quark Nugget / AQN,candidate,0.00015068290091282152,0.00015068290091282152,0.0,1.0,1.0,0.0,0.0015551644143633097,0.37209302325581395
published_umbrella,rolling,2019-2023,2019,2023,dm_model:scotogenic_model,Scotogenic Model,candidate,0.00015068290091282152,0.00015068290091282152,0.0,1.0,1.0,0.0,0.00261437908496732,0.37209302325581395
published_umbrella,rolling,2019-2023,2019,2023,dm_model:sfdm,SFDM,candidate,0.00015068290091282152,0.00015068290091282152,0.0,1.0,1.0,0.0,0.002005223756996048,0.37209302325581395
published_umbrella,rolling,2019-2023,2019,2023,dm_model:sterile_nu,Sterile nu,candidate,0.00015068290091282152,0.00014478405253777983,0.039147430393940336,1.0,0.9726027397260274,0.0273972602739726,0.043468821925640264,0.9302325581395349
published_umbrella,rolling,2019-2023,2019,2023,dm_model:superfluid_dm,Superfluid DM,candidate,0.00015068290091282152,0.00015068290091282152,0.0,1.0,1.0,0.0,0.0005977406116466535,0.37209302325581395
published_umbrella,rolling,2019-2023,2019,2023,dm_model:superwimp,SuperWIMP,candidate,0.00015068290091282152,0.00015068290091282152,0.0,1.0,1.0,0.0,0.00030766480836011043,0.37209302325581395
published_umbrella,rolling,2019-2023,2019,2023,dm_model:twin_higgs,Twin Higgs,candidate,0.00015068290091282152,0.00015068290091282152,0.0,1.0,1.0,0.0,0.004216228840133618,0.37209302325581395
published_umbrella,rolling,2019-2023,2019,2023,dm_model:ula_fuzzy,ULA / Fuzzy,candidate,0.00015068290091282152,0.00014563526331340303,0.03349841003086892,1.0,0.9726027397260274,0.0273972602739726,0.02342803766130908,0.9069767441860465
published_umbrella,rolling,2019-2023,2019,2023,dm_model:vector_dm,Vector DM,candidate,0.00015068290091282152,0.00015068290091282152,0.0,1.0,1.0,0.0,0.00971438666390676,0.37209302325581395
published_umbrella,rolling,2019-2023,2019,2023,dm_model:wimp_related,WIMP-related,candidate,0.00015068290091282152,0.00014099446627988498,0.06429684174013772,1.0,0.9565708264338402,0.04342917356615983,0.16598893042641644,0.9534883720930233
published_umbrella,rolling,2019-2023,2019,2023,dm_model:wimpzilla,WIMPzilla,candidate,0.00015068290091282152,0.00015068290091282152,0.0,1.0,1.0,0.0,0.00040945567624746485,0.37209302325581395
published_umbrella,rolling,2019-2023,2019,2023,dm_model:wino,Wino,candidate,0.00015068290091282152,0.00015068290091282152,0.0,1.0,1.0,0.0,0.020776520229516836,0.37209302325581395
published_umbrella,rolling,2019-2023,2019,2023,mechanism:annihilation,Dark-matter annihilation,mechanism,0.00015068290091282152,0.00015046081083000513,0.001473890411393703,1.0,1.0,0.0,0.014467215221350567,0.7906976744186046
published_umbrella,rolling,2019-2023,2019,2023,phenomenon:black_holes,Black-hole systems,phenomenon,0.00015068290091282152,0.00014958250759312326,0.0073027086220944296,1.0,1.0,0.0,0.02519366042554124,0.8372093023255814
published_umbrella,rolling,2019-2023,2019,2023,phenomenon:cmb,Cosmic microwave background,phenomenon,0.00015068290091282152,0.00014591023424102837,0.031673578374724884,1.0,1.0,0.0,0.047267591667735594,0.8837209302325582
published_umbrella,rolling,2019-2023,2019,2023,theory:inflation,Cosmic inflation,theory,0.00015068290091282152,0.00014753297538723154,0.02090433291706,1.0,0.989010989010989,0.01098901098901095,0.06366551469874333,0.8604651162790697
published_umbrella,rolling,2020-2024,2020,2024,apparatus:antares,ANTARES,apparatus,0.00015857915140839,0.00015857915140839,0.0,1.0,1.0,0.0,7.583034224761134e-05,0.391304347826087
published_umbrella,rolling,2020-2024,2020,2024,apparatus:bbo,Big Bang Observer,apparatus,0.00015857915140839,0.00015857915140839,0.0,1.0,1.0,0.0,0.004437954074979248,0.391304347826087
published_umbrella,rolling,2020-2024,2020,2024,apparatus:bicep_keck,BICEP/Keck,apparatus,0.00015857915140839,0.00015857915140839,0.0,1.0,1.0,0.0,0.0007410855042203627,0.391304347826087
published_umbrella,rolling,2020-2024,2020,2024,apparatus:comptel,COMPTEL,apparatus,0.00015857915140839,0.00015857915140839,0.0,1.0,1.0,0.0,0.0003116802841935833,0.391304347826087
published_umbrella,rolling,2020-2024,2020,2024,apparatus:cosmic_explorer,Cosmic Explorer,apparatus,0.00015857915140839,0.00015857915140839,0.0,1.0,1.0,0.0,0.001608754947326534,0.391304347826087
published_umbrella,rolling,2020-2024,2020,2024,apparatus:cta,Cherenkov Telescope Array,apparatus,0.00015857915140839,0.00015857915140839,0.0,1.0,1.0,0.0,0.0021729029863024702,0.391304347826087
published_umbrella,rolling,2020-2024,2020,2024,apparatus:damic,DAMIC,apparatus,0.00015857915140839,0.00015857915140839,0.0,1.0,1.0,0.0,0.00011792497097298598,0.391304347826087
published_umbrella,rolling,2020-2024,2020,2024,apparatus:decigo,DECIGO,apparatus,0.00015857915140839,0.00015857915140839,0.0,1.0,1.0,0.0,0.005473902015417023,0.391304347826087
published_umbrella,rolling,2020-2024,2020,2024,apparatus:eht,Event Horizon Telescope,apparatus,0.00015857915140839,0.00015857915140839,0.0,1.0,1.0,0.0,0.0011454139786377282,0.391304347826087
published_umbrella,rolling,2020-2024,2020,2024,apparatus:einstein_telescope,Einstein Telescope,apparatus,0.00015857915140839,0.00015857915140839,0.0,1.0,1.0,0.0,0.004792829181167051,0.391304347826087
published_umbrella,rolling,2020-2024,2020,2024,apparatus:epta,European Pulsar Timing Array,apparatus,0.00015857915140839,0.00015857915140839,0.0,1.0,1.0,0.0,0.0009180229694647892,0.391304347826087
published_umbrella,rolling,2020-2024,2020,2024,apparatus:eros,EROS,apparatus,0.00015857915140839,0.00015857915140839,0.0,1.0,1.0,0.0,0.0010359479404377751,0.391304347826087
published_umbrella,rolling,2020-2024,2020,2024,apparatus:erosita,eROSITA,apparatus,0.00015857915140839,0.00015857915140839,0.0,1.0,1.0,0.0,0.00021057316119676818,0.391304347826087
published_umbrella,rolling,2020-2024,2020,2024,apparatus:fermi_lat,Fermi-LAT,apparatus,0.00015857915140839,0.00015857915140839,0.0,1.0,1.0,0.0,0.007806624566278064,0.391304347826087
published_umbrella,rolling,2020-2024,2020,2024,dm_model:asymmetric_dm,Asymmetric DM,candidate,0.00015857915140839,0.00015857915140839,0.0,1.0,1.0,0.0,0.0062892175807666775,0.391304347826087
published_umbrella,rolling,2020-2024,2020,2024,dm_model:atomic_dm,Atomic DM,candidate,0.00015857915140839,0.00015857915140839,0.0,1.0,1.0,0.0,0.0010777425164534649,0.391304347826087
published_umbrella,rolling,2020-2024,2020,2024,dm_model:axino,Axino,candidate,0.00015857915140839,0.00015857915140839,0.0,1.0,1.0,0.0,0.0023993938373463547,0.391304347826087
published_umbrella,rolling,2020-2024,2020,2024,dm_model:axion_alp,Axion + ALP,candidate,0.00015857915140839,0.00012479013300068106,0.21307352263912582,1.0,0.9195495495495496,0.0804504504504504,0.18958667666887763,1.0
published_umbrella,rolling,2020-2024,2020,2024,dm_model:bino,Bino,candidate,0.00015857915140839,0.00015857915140839,0.0,1.0,1.0,0.0,0.02176292305101869,0.391304347826087
published_umbrella,rolling,2020-2024,2020,2024,dm_model:dark_photon,Dark Photon,candidate,0.00015857915140839,0.00015806739851750325,0.0032271133143400126,1.0,0.9945945945945946,0.00540540540540535,0.02223492298762032,0.8260869565217391
published_umbrella,rolling,2020-2024,2020,2024,dm_model:generic_composite,Generic Composite,candidate,0.00015857915140839,0.00015846352450784123,0.0007291431409605617,1.0,1.0,0.0,0.010894249942238789,0.8043478260869565
published_umbrella,rolling,2020-2024,2020,2024,dm_model:glueball,Glueball,candidate,0.00015857915140839,0.00015857915140839,0.0,1.0,1.0,0.0,0.0002946624010776225,0.391304347826087
published_umbrella,rolling,2020-2024,2020,2024,dm_model:inert_doublet_model,Inert Doublet Model,candidate,0.00015857915140839,0.00015857915140839,0.0,1.0,1.0,0.0,0.0010608246509073989,0.391304347826087
published_umbrella,rolling,2020-2024,2020,2024,dm_model:macho,MACHO,candidate,0.00015857915140839,0.00015857915140839,0.0,1.0,1.0,0.0,0.0009688765836728815,0.391304347826087
published_umbrella,rolling,2020-2024,2020,2024,dm_model:macroscopic_dm,Macroscopic DM,candidate,0.00015857915140839,0.00015857915140839,0.0,1.0,1.0,0.0,0.000918223004604579,0.391304347826087
published_umbrella,rolling,2020-2024,2020,2024,dm_model:majoron,Majoron,candidate,0.00015857915140839,0.00015857915140839,0.0,1.0,1.0,0.0,0.00012628388617612392,0.391304347826087
published_umbrella,rolling,2020-2024,2020,2024,dm_model:minimal_su_2_l,Minimal SU(2)L,candidate,0.00015857915140839,0.00015857915140839,0.0,1.0,1.0,0.0,0.0019616297021164374,0.391304347826087
published_umbrella,rolling,2020-2024,2020,2024,dm_model:mirror_dm,Mirror DM,candidate,0.00015857915140839,0.00015857915140839,0.0,1.0,1.0,0.0,0.0011368550282948003,0.391304347826087
published_umbrella,rolling,2020-2024,2020,2024,dm_model:pbh,PBH,candidate,0.00015857915140839,0.00014797088764156958,0.06689570269865357,1.0,0.9945945945945946,0.00540540540540535,0.0814824542922472,0.9782608695652174
published_umbrella,rolling,2020-2024,2020,2024,dm_model:q_ball,Q-ball,candidate,0.00015857915140839,0.00015857915140839,0.0,1.0,1.0,0.0,0.00012628388617612392,0.391304347826087
published_umbrella,rolling,2020-2024,2020,2024,dm_model:quark_nugget_aqn,Quark Nugget / AQN,candidate,0.00015857915140839,0.00015857915140839,0.0,1.0,1.0,0.0,0.001726179830450045,0.391304347826087
published_umbrella,rolling,2020-2024,2020,2024,dm_model:scotogenic_model,Scotogenic Model,candidate,0.00015857915140839,0.00015857915140839,0.0,1.0,1.0,0.0,0.002593049132997057,0.391304347826087
published_umbrella,rolling,2020-2024,2020,2024,dm_model:sfdm,SFDM,candidate,0.00015857915140839,0.00015857915140839,0.0,1.0,1.0,0.0,0.0026622208587297447,0.391304347826087
published_umbrella,rolling,2020-2024,2020,2024,dm_model:sterile_nu,Sterile nu,candidate,0.00015857915140839,0.00015554916022314006,0.019107121953545973,1.0,1.0,0.0,0.040979492405980866,0.8913043478260869
published_umbrella,rolling,2020-2024,2020,2024,dm_model:superfluid_dm,Superfluid DM,candidate,0.00015857915140839,0.00015857915140839,0.0,1.0,1.0,0.0,0.0007498444897030805,0.391304347826087
published_umbrella,rolling,2020-2024,2020,2024,dm_model:superwimp,SuperWIMP,candidate,0.00015857915140839,0.00015857915140839,0.0,1.0,1.0,0.0,0.0004462230680029502,0.391304347826087
published_umbrella,rolling,2020-2024,2020,2024,dm_model:twin_higgs,Twin Higgs,candidate,0.00015857915140839,0.00015857915140839,0.0,1.0,1.0,0.0,0.004100296887047196,0.391304347826087
published_umbrella,rolling,2020-2024,2020,2024,dm_model:ula_fuzzy,ULA / Fuzzy,candidate,0.00015857915140839,0.0001520071629515169,0.041442953871964006,1.0,0.9666666666666667,0.033333333333333326,0.023980963753811424,0.9565217391304348
published_umbrella,rolling,2020-2024,2020,2024,dm_model:vector_dm,Vector DM,candidate,0.00015857915140839,0.00015857915140839,0.0,1.0,1.0,0.0,0.00981680747849501,0.391304347826087
published_umbrella,rolling,2020-2024,2020,2024,dm_model:wimp_related,WIMP-related,candidate,0.00015857915140839,0.00015235795646976354,0.03923085023077827,1.0,0.9727027027027026,0.02729729729729735,0.1491411120995306,0.9347826086956522
published_umbrella,rolling,2020-2024,2020,2024,dm_model:wimpzilla,WIMPzilla,candidate,0.00015857915140839,0.00015857915140839,0.0,1.0,1.0,0.0,0.00027784455310145165,0.391304347826087
published_umbrella,rolling,2020-2024,2020,2024,dm_model:wino,Wino,candidate,0.00015857915140839,0.00015857915140839,0.0,1.0,1.0,0.0,0.020054161173964188,0.391304347826087
published_umbrella,rolling,2020-2024,2020,2024,mechanism:annihilation,Dark-matter annihilation,mechanism,0.00015857915140839,0.00015857891777934434,1.4732645722115606e-06,1.0,1.0,0.0,0.013919604804789579,0.782608695652174
published_umbrella,rolling,2020-2024,2020,2024,phenomenon:black_holes,Black-hole systems,phenomenon,0.00015857915140839,0.00015664437542023963,0.012200695810054717,1.0,1.0,0.0,0.028796769311620094,0.8695652173913043
published_umbrella,rolling,2020-2024,2020,2024,phenomenon:cmb,Cosmic microwave background,phenomenon,0.00015857915140839,0.00015316134641660438,0.03416467387842878,1.0,0.9833333333333333,0.01666666666666672,0.05417847274771052,0.9130434782608695
published_umbrella,rolling,2020-2024,2020,2024,theory:inflation,Cosmic inflation,theory,0.00015857915140839,0.00015669369388894867,0.011889693586426754,1.0,0.9945945945945946,0.00540540540540535,0.06612218789855671,0.8478260869565217
published_umbrella,rolling,2021-2025,2021,2025,apparatus:antares,ANTARES,apparatus,0.00016344928073078324,0.00016344928073078324,0.0,1.0,1.0,0.0,6.65335994677312e-05,0.3804347826086957
published_umbrella,rolling,2021-2025,2021,2025,apparatus:bbo,Big Bang Observer,apparatus,0.00016344928073078324,0.00016344928073078324,0.0,1.0,1.0,0.0,0.005260001033050374,0.3804347826086957
published_umbrella,rolling,2021-2025,2021,2025,apparatus:bicep_keck,BICEP/Keck,apparatus,0.00016344928073078324,0.00016344928073078324,0.0,1.0,1.0,0.0,0.0007433104783330573,0.3804347826086957
published_umbrella,rolling,2021-2025,2021,2025,apparatus:cmb_s4,CMB-S4,apparatus,0.00016344928073078324,0.00016344928073078324,0.0,1.0,1.0,0.0,0.003581750223290567,0.3804347826086957
published_umbrella,rolling,2021-2025,2021,2025,apparatus:comptel,COMPTEL,apparatus,0.00016344928073078324,0.00016344928073078324,0.0,1.0,1.0,0.0,0.0006164792552678381,0.3804347826086957
published_umbrella,rolling,2021-2025,2021,2025,apparatus:cosmic_explorer,Cosmic Explorer,apparatus,0.00016344928073078324,0.00016344928073078324,0.0,1.0,1.0,0.0,0.0019648281046807194,0.3804347826086957
published_umbrella,rolling,2021-2025,2021,2025,apparatus:cta,Cherenkov Telescope Array,apparatus,0.00016344928073078324,0.00016344928073078324,0.0,1.0,1.0,0.0,0.002637103977115059,0.3804347826086957
published_umbrella,rolling,2021-2025,2021,2025,apparatus:decigo,DECIGO,apparatus,0.00016344928073078324,0.00016344928073078324,0.0,1.0,1.0,0.0,0.006618923281931642,0.3804347826086957
published_umbrella,rolling,2021-2025,2021,2025,apparatus:desi,Dark Energy Spectroscopic Instrument,apparatus,0.00016344928073078324,0.00016344928073078324,0.0,1.0,1.0,0.0,0.003511910267777166,0.3804347826086957
published_umbrella,rolling,2021-2025,2021,2025,apparatus:eht,Event Horizon Telescope,apparatus,0.00016344928073078324,0.00016344928073078324,0.0,1.0,1.0,0.0,0.0009721926038153663,0.3804347826086957
published_umbrella,rolling,2021-2025,2021,2025,apparatus:einstein_telescope,Einstein Telescope,apparatus,0.00016344928073078324,0.00016344928073078324,0.0,1.0,1.0,0.0,0.005350774634112295,0.3804347826086957
published_umbrella,rolling,2021-2025,2021,2025,apparatus:epta,European Pulsar Timing Array,apparatus,0.00016344928073078324,0.00016344928073078324,0.0,1.0,1.0,0.0,0.000897688059038135,0.3804347826086957
published_umbrella,rolling,2021-2025,2021,2025,apparatus:eros,EROS,apparatus,0.00016344928073078324,0.00016344928073078324,0.0,1.0,1.0,0.0,0.0006980872606349413,0.3804347826086957
published_umbrella,rolling,2021-2025,2021,2025,apparatus:jwst,James Webb Space Telescope,apparatus,0.00016344928073078324,0.00016343139625444095,0.00010941911926639475,1.0,1.0,0.0,0.006202371990732685,0.7608695652173914
published_umbrella,rolling,2021-2025,2021,2025,dm_model:asymmetric_dm,Asymmetric DM,candidate,0.00016344928073078324,0.00016344928073078324,0.0,1.0,1.0,0.0,0.008139703308328954,0.3804347826086957
published_umbrella,rolling,2021-2025,2021,2025,dm_model:atomic_dm,Atomic DM,candidate,0.00016344928073078324,0.00016344928073078324,0.0,1.0,1.0,0.0,0.0010714774692407267,0.3804347826086957
published_umbrella,rolling,2021-2025,2021,2025,dm_model:axino,Axino,candidate,0.00016344928073078324,0.00016344928073078324,0.0,1.0,1.0,0.0,0.0017136045298763226,0.3804347826086957
published_umbrella,rolling,2021-2025,2021,2025,dm_model:axion_alp,Axion + ALP,candidate,0.00016344928073078324,0.00012899000045227046,0.21082552412861666,1.0,0.9296218487394958,0.07037815126050417,0.2022812270457347,1.0
published_umbrella,rolling,2021-2025,2021,2025,dm_model:bino,Bino,candidate,0.00016344928073078324,0.00016344928073078324,0.0,1.0,1.0,0.0,0.023059156608553122,0.3804347826086957
published_umbrella,rolling,2021-2025,2021,2025,dm_model:dark_photon,Dark Photon,candidate,0.00016344928073078324,0.0001629765510957979,0.0028922099434867538,1.0,0.9946524064171123,0.005347593582887722,0.024608841225808455,0.8043478260869565
published_umbrella,rolling,2021-2025,2021,2025,dm_model:generic_composite,Generic Composite,candidate,0.00016344928073078324,0.00016340351754877462,0.0002799839913886854,1.0,1.0,0.0,0.01186666551662978,0.782608695652174
published_umbrella,rolling,2021-2025,2021,2025,dm_model:glueball,Glueball,candidate,0.00016344928073078324,0.00016344928073078324,0.0,1.0,1.0,0.0,0.00026076590672030993,0.3804347826086957
published_umbrella,rolling,2021-2025,2021,2025,dm_model:inert_doublet_model,Inert Doublet Model,candidate,0.00016344928073078324,0.00016344928073078324,0.0,1.0,1.0,0.0,0.0010040763850533672,0.3804347826086957
published_umbrella,rolling,2021-2025,2021,2025,dm_model:macho,MACHO,candidate,0.00016344928073078324,0.00016344928073078324,0.0,1.0,1.0,0.0,0.0008737752231096343,0.3804347826086957
published_umbrella,rolling,2021-2025,2021,2025,dm_model:macroscopic_dm,Macroscopic DM,candidate,0.00016344928073078324,0.00016344928073078324,0.0,1.0,1.0,0.0,0.0007620184059437871,0.3804347826086957
published_umbrella,rolling,2021-2025,2021,2025,dm_model:majoron,Majoron,candidate,0.00016344928073078324,0.00016344928073078324,0.0,1.0,1.0,0.0,0.0005960363582178513,0.3804347826086957
published_umbrella,rolling,2021-2025,2021,2025,dm_model:minimal_su_2_l,Minimal SU(2)L,candidate,0.00016344928073078324,0.00016344928073078324,0.0,1.0,1.0,0.0,0.002629836933692343,0.3804347826086957
published_umbrella,rolling,2021-2025,2021,2025,dm_model:mirror_dm,Mirror DM,candidate,0.00016344928073078324,0.00016344928073078324,0.0,1.0,1.0,0.0,0.0008550672954989044,0.3804347826086957
published_umbrella,rolling,2021-2025,2021,2025,dm_model:pbh,PBH,candidate,0.00016344928073078324,0.00014789571000998298,0.09515839195657574,1.0,0.9821428571428571,0.017857142857142905,0.0919032495779315,0.9782608695652174
published_umbrella,rolling,2021-2025,2021,2025,dm_model:q_ball,Q-ball,candidate,0.00016344928073078324,0.00016344928073078324,0.0,1.0,1.0,0.0,0.0003352704514975414,0.3804347826086957
published_umbrella,rolling,2021-2025,2021,2025,dm_model:quark_nugget_aqn,Quark Nugget / AQN,candidate,0.00016344928073078324,0.00016344928073078324,0.0,1.0,1.0,0.0,0.0015548895255731025,0.3804347826086957
published_umbrella,rolling,2021-2025,2021,2025,dm_model:scotogenic_model,Scotogenic Model,candidate,0.00016344928073078324,0.00016344928073078324,0.0,1.0,1.0,0.0,0.002108305120251723,0.3804347826086957
published_umbrella,rolling,2021-2025,2021,2025,dm_model:sfdm,SFDM,candidate,0.00016344928073078324,0.00016344928073078324,0.0,1.0,1.0,0.0,0.0025379826945225426,0.3804347826086957
published_umbrella,rolling,2021-2025,2021,2025,dm_model:sterile_nu,Sterile nu,candidate,0.00016344928073078324,0.00015962192918094544,0.02341614189261449,1.0,0.976890756302521,0.02310924369747902,0.03868911955059731,0.8913043478260869
published_umbrella,rolling,2021-2025,2021,2025,dm_model:superfluid_dm,Superfluid DM,candidate,0.00016344928073078324,0.00016344928073078324,0.0,1.0,1.0,0.0,0.0006511290734975686,0.3804347826086957
published_umbrella,rolling,2021-2025,2021,2025,dm_model:superwimp,SuperWIMP,candidate,0.00016344928073078324,0.00016344928073078324,0.0,1.0,1.0,0.0,0.0005437096799298636,0.3804347826086957
published_umbrella,rolling,2021-2025,2021,2025,dm_model:twin_higgs,Twin Higgs,candidate,0.00016344928073078324,0.00016344928073078324,0.0,1.0,1.0,0.0,0.002962504931030999,0.3804347826086957
published_umbrella,rolling,2021-2025,2021,2025,dm_model:ula_fuzzy,ULA / Fuzzy,candidate,0.00016344928073078324,0.0001575725872276534,0.03595423287796129,1.0,0.9821428571428571,0.017857142857142905,0.02520039144876194,0.9565217391304348
published_umbrella,rolling,2021-2025,2021,2025,dm_model:vector_dm,Vector DM,candidate,0.00016344928073078324,0.00016344928073078324,0.0,1.0,1.0,0.0,0.010485728984092115,0.3804347826086957
published_umbrella,rolling,2021-2025,2021,2025,dm_model:wimp_related,WIMP-related,candidate,0.00016344928073078324,0.00015779714454621055,0.03458036743448446,1.0,0.9821428571428571,0.017857142857142905,0.13391108311366143,0.9347826086956522
published_umbrella,rolling,2021-2025,2021,2025,dm_model:wimpzilla,WIMPzilla,candidate,0.00016344928073078324,0.00016344928073078324,0.0,1.0,1.0,0.0,0.0007965046413406733,0.3804347826086957
published_umbrella,rolling,2021-2025,2021,2025,dm_model:wino,Wino,candidate,0.00016344928073078324,0.00016344928073078324,0.0,1.0,1.0,0.0,0.019718924045318196,0.3804347826086957
published_umbrella,rolling,2021-2025,2021,2025,phenomenon:black_holes,Black-hole systems,phenomenon,0.00016344928073078324,0.00016221723522135849,0.007537784834024749,1.0,1.0,0.0,0.03173564459022153,0.8478260869565217
published_umbrella,rolling,2021-2025,2021,2025,phenomenon:cmb,Cosmic microwave background,phenomenon,0.00016344928073078324,0.00015865110224428232,0.02935576384948419,1.0,1.0,0.0,0.05603996893710716,0.9130434782608695
published_umbrella,rolling,2021-2025,2021,2025,phenomenon:halo_density_profile,Halo density profile,phenomenon,0.00016344928073078324,0.0001626047134672938,0.0051671519122835925,1.0,0.9821428571428571,0.017857142857142905,0.0019523561529402329,0.8260869565217391
published_umbrella,rolling,2021-2025,2021,2025,theory:inflation,Cosmic inflation,theory,0.00016344928073078324,0.00016195946394171758,0.009114856806984269,1.0,0.9946524064171123,0.005347593582887722,0.06482705378494488,0.8695652173913043
canonical_core,full,2006-2025,2006,2025,apparatus:antares,ANTARES,apparatus,0.000107600762887952,0.000107600762887952,0.0,1.0,1.0,0.0,0.0003050232490782288,0.39361702127659576
canonical_core,full,2006-2025,2006,2025,apparatus:bbo,Big Bang Observer,apparatus,0.000107600762887952,0.000107600762887952,0.0,1.0,1.0,0.0,0.0020201151815942677,0.39361702127659576
canonical_core,full,2006-2025,2006,2025,apparatus:chandra,Chandra X-ray Observatory,apparatus,0.000107600762887952,0.000107600762887952,0.0,1.0,1.0,0.0,3.8951731014926306e-05,0.39361702127659576
canonical_core,full,2006-2025,2006,2025,apparatus:cmb_s4,CMB-S4,apparatus,0.000107600762887952,0.000107600762887952,0.0,1.0,1.0,0.0,0.001386495016852307,0.39361702127659576
canonical_core,full,2006-2025,2006,2025,apparatus:cosmic_explorer,Cosmic Explorer,apparatus,0.000107600762887952,0.000107600762887952,0.0,1.0,1.0,0.0,0.0005677994676209407,0.39361702127659576
canonical_core,full,2006-2025,2006,2025,apparatus:coupp,COUPP,apparatus,0.000107600762887952,0.000107600762887952,0.0,1.0,1.0,0.0,0.0002138372749777397,0.39361702127659576
canonical_core,full,2006-2025,2006,2025,apparatus:cresst,CRESST,apparatus,0.000107600762887952,0.000107600762887952,0.0,1.0,1.0,0.0,0.0021426651684832445,0.39361702127659576
canonical_core,full,2006-2025,2006,2025,apparatus:cta,Cherenkov Telescope Array,apparatus,0.000107600762887952,0.000107600762887952,0.0,1.0,1.0,0.0,0.0019455070190850057,0.39361702127659576
canonical_core,full,2006-2025,2006,2025,apparatus:deap,DEAP,apparatus,0.000107600762887952,0.000107600762887952,0.0,1.0,1.0,0.0,0.0001280421527566284,0.39361702127659576
canonical_core,full,2006-2025,2006,2025,apparatus:decigo,DECIGO,apparatus,0.000107600762887952,0.000107600762887952,0.0,1.0,1.0,0.0,0.0024042416398641527,0.39361702127659576
canonical_core,full,2006-2025,2006,2025,apparatus:desi,Dark Energy Spectroscopic Instrument,apparatus,0.000107600762887952,0.000107600762887952,0.0,1.0,1.0,0.0,0.0011232122283682281,0.39361702127659576
canonical_core,full,2006-2025,2006,2025,apparatus:drift,DRIFT,apparatus,0.000107600762887952,0.000107600762887952,0.0,1.0,1.0,0.0,9.688076794468734e-05,0.39361702127659576
canonical_core,full,2006-2025,2006,2025,apparatus:edelweiss,EDELWEISS,apparatus,0.000107600762887952,0.000107600762887952,0.0,1.0,1.0,0.0,0.0004777119266939817,0.39361702127659576
canonical_core,full,2006-2025,2006,2025,apparatus:egret,EGRET,apparatus,0.000107600762887952,0.000107600762887952,0.0,1.0,1.0,0.0,0.0004565377544320865,0.39361702127659576
canonical_core,full,2006-2025,2006,2025,dm_model:asymmetric_dm,Asymmetric DM,candidate,0.000107600762887952,0.0001072719947458863,0.0030554443411154905,1.0,0.9953051643192489,0.0046948356807511304,0.01004678472386331,0.851063829787234
canonical_core,full,2006-2025,2006,2025,dm_model:atomic_dm,Atomic DM,candidate,0.000107600762887952,0.000107600762887952,0.0,1.0,1.0,0.0,0.0014723914530616919,0.39361702127659576
canonical_core,full,2006-2025,2006,2025,dm_model:axino,Axino,candidate,0.000107600762887952,0.000107600762887952,0.0,1.0,1.0,0.0,0.011347298011215435,0.39361702127659576
canonical_core,full,2006-2025,2006,2025,dm_model:axion_alp,Axion + ALP,candidate,0.000107600762887952,9.151131768649172e-05,0.14952909969806363,1.0,0.915907207953604,0.08409279204639597,0.140981092621045,1.0
canonical_core,full,2006-2025,2006,2025,dm_model:bino,Bino,candidate,0.000107600762887952,0.000107600762887952,0.0,1.0,1.0,0.0,0.032602860831743616,0.39361702127659576
canonical_core,full,2006-2025,2006,2025,dm_model:dark_photon,Dark Photon,candidate,0.000107600762887952,0.00010739155952912552,0.0019442553492332556,1.0,0.9953051643192489,0.0046948356807511304,0.012918665784580603,0.8297872340425532
canonical_core,full,2006-2025,2006,2025,dm_model:generic_composite,Generic Composite,candidate,0.000107600762887952,0.00010759208314549808,8.066617950434614e-05,1.0,1.0,0.0,0.007493817308224523,0.7872340425531915
canonical_core,full,2006-2025,2006,2025,dm_model:glueball,Glueball,candidate,0.000107600762887952,0.000107600762887952,0.0,1.0,1.0,0.0,0.0001448225923244026,0.39361702127659576
canonical_core,full,2006-2025,2006,2025,dm_model:gravitino,Gravitino,candidate,0.000107600762887952,0.00010756112343216798,0.00036839381729385034,1.0,1.0,0.0,0.05257388029258126,0.8085106382978723
canonical_core,full,2006-2025,2006,2025,dm_model:inert_doublet_model,Inert Doublet Model,candidate,0.000107600762887952,0.000107600762887952,0.0,1.0,1.0,0.0,0.0013445519282816103,0.39361702127659576
canonical_core,full,2006-2025,2006,2025,dm_model:lkp_kaluza_klein,LKP Kaluza-Klein,candidate,0.000107600762887952,0.000107600762887952,0.0,1.0,1.0,0.0,0.001321079575684381,0.39361702127659576
canonical_core,full,2006-2025,2006,2025,dm_model:macho,MACHO,candidate,0.000107600762887952,0.000107600762887952,0.0,1.0,1.0,0.0,0.0012487535728129757,0.39361702127659576
canonical_core,full,2006-2025,2006,2025,dm_model:macroscopic_dm,Macroscopic DM,candidate,0.000107600762887952,0.000107600762887952,0.0,1.0,1.0,0.0,0.0003517653262961404,0.39361702127659576
canonical_core,full,2006-2025,2006,2025,dm_model:majoron,Majoron,candidate,0.000107600762887952,0.000107600762887952,0.0,1.0,1.0,0.0,0.0003119177900842307,0.39361702127659576
canonical_core,full,2006-2025,2006,2025,dm_model:minimal_su_2_l,Minimal SU(2)L,candidate,0.000107600762887952,0.000107600762887952,0.0,1.0,1.0,0.0,0.0024919457071649817,0.39361702127659576
canonical_core,full,2006-2025,2006,2025,dm_model:mirror_dm,Mirror DM,candidate,0.000107600762887952,0.000107600762887952,0.0,1.0,1.0,0.0,0.001770824103098739,0.39361702127659576
canonical_core,full,2006-2025,2006,2025,dm_model:pbh,PBH,candidate,0.000107600762887952,9.723983139487274e-05,0.09629050217672172,1.0,0.9852941176470589,0.014705882352941124,0.044206178614395145,0.9574468085106383
canonical_core,full,2006-2025,2006,2025,dm_model:planckian_dm,Planckian DM,candidate,0.000107600762887952,0.000107600762887952,0.0,1.0,1.0,0.0,8.020164236518656e-05,0.39361702127659576
canonical_core,full,2006-2025,2006,2025,dm_model:q_ball,Q-ball,candidate,0.000107600762887952,0.000107600762887952,0.0,1.0,1.0,0.0,0.001173062997827661,0.39361702127659576
canonical_core,full,2006-2025,2006,2025,dm_model:quark_nugget_aqn,Quark Nugget / AQN,candidate,0.000107600762887952,0.000107600762887952,0.0,1.0,1.0,0.0,0.001098150893353579,0.39361702127659576
canonical_core,full,2006-2025,2006,2025,dm_model:scotogenic_model,Scotogenic Model,candidate,0.000107600762887952,0.000107600762887952,0.0,1.0,1.0,0.0,0.0015507001710446382,0.39361702127659576
canonical_core,full,2006-2025,2006,2025,dm_model:sfdm,SFDM,candidate,0.000107600762887952,0.000107600762887952,0.0,1.0,1.0,0.0,0.0018209467731280372,0.39361702127659576
canonical_core,full,2006-2025,2006,2025,dm_model:sterile_nu,Sterile nu,candidate,0.000107600762887952,0.00010566075340038024,0.01802970012017439,1.0,0.9953051643192489,0.0046948356807511304,0.04038840804608166,0.8936170212765957
canonical_core,full,2006-2025,2006,2025,dm_model:superfluid_dm,Superfluid DM,candidate,0.000107600762887952,0.000107600762887952,0.0,1.0,1.0,0.0,0.00023041508656896704,0.39361702127659576
canonical_core,full,2006-2025,2006,2025,dm_model:superwimp,SuperWIMP,candidate,0.000107600762887952,0.000107600762887952,0.0,1.0,1.0,0.0,0.0009736066680940882,0.39361702127659576
canonical_core,full,2006-2025,2006,2025,dm_model:twin_higgs,Twin Higgs,candidate,0.000107600762887952,0.000107600762887952,0.0,1.0,1.0,0.0,0.004220928035681297,0.39361702127659576
canonical_core,full,2006-2025,2006,2025,dm_model:ula_fuzzy,ULA / Fuzzy,candidate,0.000107600762887952,0.00010408217543781134,0.03270039501304162,1.0,0.9705882352941176,0.02941176470588236,0.014231336299238288,0.9148936170212766
canonical_core,full,2006-2025,2006,2025,dm_model:vector_dm,Vector DM,candidate,0.000107600762887952,0.000107600762887952,0.0,1.0,1.0,0.0,0.007339007503350074,0.39361702127659576
canonical_core,full,2006-2025,2006,2025,dm_model:wimp_core,Canonical WIMP core,candidate,0.000107600762887952,9.544674661497631e-05,0.11295474071714567,1.0,0.9058271195802264,0.09417288041977356,0.25124972361476305,0.9787234042553191
canonical_core,full,2006-2025,2006,2025,dm_model:wimpzilla,WIMPzilla,candidate,0.000107600762887952,0.000107600762887952,0.0,1.0,1.0,0.0,0.0008275843286078819,0.39361702127659576
canonical_core,full,2006-2025,2006,2025,dm_model:wino,Wino,candidate,0.000107600762887952,0.000107600762887952,0.0,1.0,1.0,0.0,0.02926045030660569,0.39361702127659576
canonical_core,full,2006-2025,2006,2025,phenomenon:black_holes,Black-hole systems,phenomenon,0.000107600762887952,0.00010700596285295285,0.005527842173559036,1.0,1.0,0.0,0.01877974679671231,0.8723404255319149
canonical_core,full,2006-2025,2006,2025,phenomenon:cmb,Cosmic microwave background,phenomenon,0.000107600762887952,0.0001027575885854619,0.045010594465147546,1.0,0.9852941176470589,0.014705882352941124,0.04142439592549888,0.9361702127659575
canonical_core,stable,2006-2015,2006,2015,apparatus:antares,ANTARES,apparatus,0.00019329034305028012,0.00019329034305028012,0.0,1.0,1.0,0.0,0.00020041663797310365,0.41025641025641024
canonical_core,stable,2006-2015,2006,2015,apparatus:cobe,COBE,apparatus,0.00019329034305028012,0.00019329034305028012,0.0,1.0,1.0,0.0,0.00014087628946359704,0.41025641025641024
canonical_core,stable,2006-2015,2006,2015,apparatus:cresst,CRESST,apparatus,0.00019329034305028012,0.00019329034305028012,0.0,1.0,1.0,0.0,0.005036264536817991,0.41025641025641024
canonical_core,stable,2006-2015,2006,2015,apparatus:cta,Cherenkov Telescope Array,apparatus,0.00019329034305028012,0.00019329034305028012,0.0,1.0,1.0,0.0,0.00040278208555428893,0.41025641025641024
canonical_core,stable,2006-2015,2006,2015,apparatus:dama_libra,DAMA/LIBRA,apparatus,0.00019329034305028012,0.00019329034305028012,0.0,1.0,1.0,0.0,0.00032729257342444337,0.41025641025641024
canonical_core,stable,2006-2015,2006,2015,apparatus:edelweiss,EDELWEISS,apparatus,0.00019329034305028012,0.00019329034305028012,0.0,1.0,1.0,0.0,0.0008748485676584926,0.41025641025641024
canonical_core,stable,2006-2015,2006,2015,apparatus:egret,EGRET,apparatus,0.00019329034305028012,0.00019329034305028012,0.0,1.0,1.0,0.0,0.001243783516364022,0.41025641025641024
canonical_core,stable,2006-2015,2006,2015,apparatus:eureca,EURECA,apparatus,0.00019329034305028012,0.00019329034305028012,0.0,1.0,1.0,0.0,0.00020236544758118528,0.41025641025641024
canonical_core,stable,2006-2015,2006,2015,apparatus:iaxo,IAXO,apparatus,0.00019329034305028012,0.00019329034305028012,0.0,1.0,1.0,0.0,0.00020236544758118528,0.41025641025641024
canonical_core,stable,2006-2015,2006,2015,apparatus:katrin,KATRIN,apparatus,0.00019329034305028012,0.00019329034305028012,0.0,1.0,1.0,0.0,0.00026580341530685515,0.41025641025641024
canonical_core,stable,2006-2015,2006,2015,apparatus:kims,KIMS,apparatus,0.00019329034305028012,0.00019329034305028012,0.0,1.0,1.0,0.0,0.00028565019814335733,0.41025641025641024
canonical_core,stable,2006-2015,2006,2015,apparatus:mimac,MIMAC,apparatus,0.00019329034305028012,0.00019329034305028012,0.0,1.0,1.0,0.0,0.0005417095654098043,0.41025641025641024
canonical_core,stable,2006-2015,2006,2015,apparatus:xmm_newton,XMM-Newton,apparatus,0.00019329034305028012,0.00019329034305028012,0.0,1.0,1.0,0.0,0.00048411802650837933,0.41025641025641024
canonical_core,stable,2006-2015,2006,2015,apparatus:zeplin,ZEPLIN,apparatus,0.00019329034305028012,0.00019329034305028012,0.0,1.0,1.0,0.0,0.0008588994040381536,0.41025641025641024
canonical_core,stable,2006-2015,2006,2015,dm_model:asymmetric_dm,Asymmetric DM,candidate,0.00019329034305028012,0.00019234318694519772,0.004900172921913715,1.0,0.9918032786885246,0.008196721311475419,0.009599900593850057,0.8461538461538461
canonical_core,stable,2006-2015,2006,2015,dm_model:atomic_dm,Atomic DM,candidate,0.00019329034305028012,0.00019329034305028012,0.0,1.0,1.0,0.0,0.0010394692591747551,0.41025641025641024
canonical_core,stable,2006-2015,2006,2015,dm_model:axino,Axino,candidate,0.00019329034305028012,0.00019329034305028012,0.0,1.0,1.0,0.0,0.024097293620492243,0.41025641025641024
canonical_core,stable,2006-2015,2006,2015,dm_model:axion_alp,Axion + ALP,candidate,0.00019329034305028012,0.0001841666176218011,0.04720217929410829,1.0,0.9426229508196722,0.05737704918032782,0.07429876135942359,0.9487179487179487
canonical_core,stable,2006-2015,2006,2015,dm_model:bino,Bino,candidate,0.00019329034305028012,0.00019329034305028012,0.0,1.0,1.0,0.0,0.044906429716631086,0.41025641025641024
canonical_core,stable,2006-2015,2006,2015,dm_model:dark_photon,Dark Photon,candidate,0.00019329034305028012,0.00019329034305028012,0.0,1.0,1.0,0.0,0.0014119431403407617,0.41025641025641024
canonical_core,stable,2006-2015,2006,2015,dm_model:generic_composite,Generic Composite,candidate,0.00019329034305028012,0.00019329034305028012,0.0,1.0,1.0,0.0,0.0018879072416611287,0.41025641025641024
canonical_core,stable,2006-2015,2006,2015,dm_model:gravitino,Gravitino,candidate,0.00019329034305028012,0.00019310145203863829,0.0009772397764988088,1.0,1.0,0.0,0.10339591363749889,0.8205128205128205
canonical_core,stable,2006-2015,2006,2015,dm_model:inert_doublet_model,Inert Doublet Model,candidate,0.00019329034305028012,0.00019329034305028012,0.0,1.0,1.0,0.0,0.0007277671626149647,0.41025641025641024
canonical_core,stable,2006-2015,2006,2015,dm_model:lkp_kaluza_klein,LKP Kaluza-Klein,candidate,0.00019329034305028012,0.00019329034305028012,0.0,1.0,1.0,0.0,0.003335646328458732,0.41025641025641024
canonical_core,stable,2006-2015,2006,2015,dm_model:macho,MACHO,candidate,0.00019329034305028012,0.0001806308730882438,0.06549458065136364,1.0,0.84,0.16000000000000003,0.001468661929901163,0.9743589743589743
canonical_core,stable,2006-2015,2006,2015,dm_model:minimal_su_2_l,Minimal SU(2)L,candidate,0.00019329034305028012,0.00019329034305028012,0.0,1.0,1.0,0.0,0.0004362705356473625,0.41025641025641024
canonical_core,stable,2006-2015,2006,2015,dm_model:mirror_dm,Mirror DM,candidate,0.00019329034305028012,0.00019329034305028012,0.0,1.0,1.0,0.0,0.0017216964272924705,0.41025641025641024
canonical_core,stable,2006-2015,2006,2015,dm_model:pbh,PBH,candidate,0.00019329034305028012,0.00019020058024612598,0.015985086245878324,1.0,0.96,0.040000000000000036,0.0036705787644858495,0.8717948717948718
canonical_core,stable,2006-2015,2006,2015,dm_model:q_ball,Q-ball,candidate,0.00019329034305028012,0.00019329034305028012,0.0,1.0,1.0,0.0,0.0017906221370866994,0.41025641025641024
canonical_core,stable,2006-2015,2006,2015,dm_model:quark_nugget_aqn,Quark Nugget / AQN,candidate,0.00019329034305028012,0.00019329034305028012,0.0,1.0,1.0,0.0,0.00024205901325418966,0.41025641025641024
canonical_core,stable,2006-2015,2006,2015,dm_model:sfdm,SFDM,candidate,0.00019329034305028012,0.00019329034305028012,0.0,1.0,1.0,0.0,0.0008335648791330925,0.41025641025641024
canonical_core,stable,2006-2015,2006,2015,dm_model:sterile_nu,Sterile nu,candidate,0.00019329034305028012,0.00018492022756980305,0.043303329842504214,1.0,0.96,0.040000000000000036,0.03172235584892525,0.9230769230769231
canonical_core,stable,2006-2015,2006,2015,dm_model:superwimp,SuperWIMP,candidate,0.00019329034305028012,0.00019329034305028012,0.0,1.0,1.0,0.0,0.001515074673739436,0.41025641025641024
canonical_core,stable,2006-2015,2006,2015,dm_model:twin_higgs,Twin Higgs,candidate,0.00019329034305028012,0.00019329034305028012,0.0,1.0,1.0,0.0,0.0031231781460814524,0.41025641025641024
canonical_core,stable,2006-2015,2006,2015,dm_model:ula_fuzzy,ULA / Fuzzy,candidate,0.00019329034305028012,0.00019329034305028012,0.0,1.0,1.0,0.0,0.0011589086429494543,0.41025641025641024
canonical_core,stable,2006-2015,2006,2015,dm_model:vector_dm,Vector DM,candidate,0.00019329034305028012,0.00019329034305028012,0.0,1.0,1.0,0.0,0.0024569001415840758,0.41025641025641024
canonical_core,stable,2006-2015,2006,2015,dm_model:wimp_core,Canonical WIMP core,candidate,0.00019329034305028012,0.00011775891307289432,0.3907667024924158,1.0,0.8822950819672131,0.11770491803278693,0.4016963291742871,1.0
canonical_core,stable,2006-2015,2006,2015,dm_model:wino,Wino,candidate,0.00019329034305028012,0.00019329034305028012,0.0,1.0,1.0,0.0,0.041166769866521354,0.41025641025641024
canonical_core,stable,2006-2015,2006,2015,phenomenon:cmb,Cosmic microwave background,phenomenon,0.00019329034305028012,0.000189884184621158,0.01762197932586883,1.0,1.0,0.0,0.022953557262014864,0.8974358974358975
canonical_core,stable,2016-2025,2016,2025,apparatus:antares,ANTARES,apparatus,0.00015704738568991626,0.00015704738568991626,0.0,1.0,1.0,0.0,0.00013762162760038506,0.37777777777777777
canonical_core,stable,2016-2025,2016,2025,apparatus:bbo,Big Bang Observer,apparatus,0.00015704738568991626,0.00015704738568991626,0.0,1.0,1.0,0.0,0.0030312192718203687,0.37777777777777777
canonical_core,stable,2016-2025,2016,2025,apparatus:bicep_keck,BICEP/Keck,apparatus,0.00015704738568991626,0.00015704738568991626,0.0,1.0,1.0,0.0,0.0003093207691805353,0.37777777777777777
canonical_core,stable,2016-2025,2016,2025,apparatus:cmb_s4,CMB-S4,apparatus,0.00015704738568991626,0.00015704738568991626,0.0,1.0,1.0,0.0,0.0021777090170235305,0.37777777777777777
canonical_core,stable,2016-2025,2016,2025,apparatus:cosmic_explorer,Cosmic Explorer,apparatus,0.00015704738568991626,0.00015704738568991626,0.0,1.0,1.0,0.0,0.0009101527245549051,0.37777777777777777
canonical_core,stable,2016-2025,2016,2025,apparatus:cta,Cherenkov Telescope Array,apparatus,0.00015704738568991626,0.00015704738568991626,0.0,1.0,1.0,0.0,0.0017608097556767823,0.37777777777777777
canonical_core,stable,2016-2025,2016,2025,apparatus:deap,DEAP,apparatus,0.00015704738568991626,0.00015704738568991626,0.0,1.0,1.0,0.0,0.00015293848403512918,0.37777777777777777
canonical_core,stable,2016-2025,2016,2025,apparatus:decigo,DECIGO,apparatus,0.00015704738568991626,0.00015704738568991626,0.0,1.0,1.0,0.0,0.0036952208020503553,0.37777777777777777
canonical_core,stable,2016-2025,2016,2025,apparatus:desi,Dark Energy Spectroscopic Instrument,apparatus,0.00015704738568991626,0.00015704738568991626,0.0,1.0,1.0,0.0,0.001816271070564217,0.37777777777777777
canonical_core,stable,2016-2025,2016,2025,apparatus:eht,Event Horizon Telescope,apparatus,0.00015704738568991626,0.00015704738568991626,0.0,1.0,1.0,0.0,0.0005639012177196439,0.37777777777777777
canonical_core,stable,2016-2025,2016,2025,apparatus:einstein_telescope,Einstein Telescope,apparatus,0.00015704738568991626,0.00015704738568991626,0.0,1.0,1.0,0.0,0.0030613928240652323,0.37777777777777777
canonical_core,stable,2016-2025,2016,2025,apparatus:epta,European Pulsar Timing Array,apparatus,0.00015704738568991626,0.00015704738568991626,0.0,1.0,1.0,0.0,0.00028711631052523727,0.37777777777777777
canonical_core,stable,2016-2025,2016,2025,apparatus:eros,EROS,apparatus,0.00015704738568991626,0.00015704738568991626,0.0,1.0,1.0,0.0,0.0005307747782981989,0.37777777777777777
canonical_core,stable,2016-2025,2016,2025,dm_model:asymmetric_dm,Asymmetric DM,candidate,0.00015704738568991626,0.00015702143039574763,0.00016527046314463483,1.0,1.0,0.0,0.0075883488295726805,0.7777777777777778
canonical_core,stable,2016-2025,2016,2025,dm_model:atomic_dm,Atomic DM,candidate,0.00015704738568991626,0.00015704738568991626,0.0,1.0,1.0,0.0,0.0007243178814106432,0.37777777777777777
canonical_core,stable,2016-2025,2016,2025,dm_model:axino,Axino,candidate,0.00015704738568991626,0.00015704738568991626,0.0,1.0,1.0,0.0,0.0032418509636735057,0.37777777777777777
canonical_core,stable,2016-2025,2016,2025,dm_model:axion_alp,Axion + ALP,candidate,0.00015704738568991626,0.00012531372533619708,0.20206423821900488,1.0,0.9171270718232044,0.08287292817679559,0.17305788542055575,1.0
canonical_core,stable,2016-2025,2016,2025,dm_model:bino,Bino,candidate,0.00015704738568991626,0.00015704738568991626,0.0,1.0,1.0,0.0,0.024380495603517186,0.37777777777777777
canonical_core,stable,2016-2025,2016,2025,dm_model:dark_photon,Dark Photon,candidate,0.00015704738568991626,0.00015666065676260468,0.002462498344768145,1.0,0.994475138121547,0.0055248618784530246,0.017264867847301694,0.8
canonical_core,stable,2016-2025,2016,2025,dm_model:generic_composite,Generic Composite,candidate,0.00015704738568991626,0.00015703401834327036,8.5116645445436e-05,1.0,1.0,0.0,0.009498522851363624,0.7555555555555555
canonical_core,stable,2016-2025,2016,2025,dm_model:glueball,Glueball,candidate,0.00015704738568991626,0.00015704738568991626,0.0,1.0,1.0,0.0,0.00022204458655297984,0.37777777777777777
canonical_core,stable,2016-2025,2016,2025,dm_model:gravitino,Gravitino,candidate,0.00015704738568991626,0.00015660381354004802,0.0028244478436849118,1.0,0.994475138121547,0.0055248618784530246,0.02160874256983822,0.8222222222222222
canonical_core,stable,2016-2025,2016,2025,dm_model:inert_doublet_model,Inert Doublet Model,candidate,0.00015704738568991626,0.00015704738568991626,0.0,1.0,1.0,0.0,0.0012409569581447303,0.37777777777777777
canonical_core,stable,2016-2025,2016,2025,dm_model:macho,MACHO,candidate,0.00015704738568991626,0.00015704738568991626,0.0,1.0,1.0,0.0,0.0009702389954232493,0.37777777777777777
canonical_core,stable,2016-2025,2016,2025,dm_model:macroscopic_dm,Macroscopic DM,candidate,0.00015704738568991626,0.00015704738568991626,0.0,1.0,1.0,0.0,0.00030433531607662194,0.37777777777777777
canonical_core,stable,2016-2025,2016,2025,dm_model:majoron,Majoron,candidate,0.00015704738568991626,0.00015704738568991626,0.0,1.0,1.0,0.0,0.0004440891731059597,0.37777777777777777
canonical_core,stable,2016-2025,2016,2025,dm_model:minimal_su_2_l,Minimal SU(2)L,candidate,0.00015704738568991626,0.00015704738568991626,0.0,1.0,1.0,0.0,0.002275186186171225,0.37777777777777777
canonical_core,stable,2016-2025,2016,2025,dm_model:mirror_dm,Mirror DM,candidate,0.00015704738568991626,0.00015704738568991626,0.0,1.0,1.0,0.0,0.0009857859321703057,0.37777777777777777
canonical_core,stable,2016-2025,2016,2025,dm_model:pbh,PBH,candidate,0.00015704738568991626,0.00014112073428645857,0.10141303106378491,1.0,0.9818181818181818,0.018181818181818188,0.0661687281076732,0.9777777777777777
canonical_core,stable,2016-2025,2016,2025,dm_model:planckian_dm,Planckian DM,candidate,0.00015704738568991626,0.00015704738568991626,0.0,1.0,1.0,0.0,0.00012384642315927736,0.37777777777777777
canonical_core,stable,2016-2025,2016,2025,dm_model:quark_nugget_aqn,Quark Nugget / AQN,candidate,0.00015704738568991626,0.00015704738568991626,0.0,1.0,1.0,0.0,0.00150681988457299,0.37777777777777777
canonical_core,stable,2016-2025,2016,2025,dm_model:scotogenic_model,Scotogenic Model,candidate,0.00015704738568991626,0.00015704738568991626,0.0,1.0,1.0,0.0,0.002357116418571863,0.37777777777777777
canonical_core,stable,2016-2025,2016,2025,dm_model:sfdm,SFDM,candidate,0.00015704738568991626,0.00015704738568991626,0.0,1.0,1.0,0.0,0.0017446722414944096,0.37777777777777777
canonical_core,stable,2016-2025,2016,2025,dm_model:sterile_nu,Sterile nu,candidate,0.00015704738568991626,0.00015298468944820767,0.025869238280287074,1.0,0.9655449522852838,0.03445504771471619,0.041318194941768166,0.8888888888888888
canonical_core,stable,2016-2025,2016,2025,dm_model:superfluid_dm,Superfluid DM,candidate,0.00015704738568991626,0.00015704738568991626,0.0,1.0,1.0,0.0,0.0003615683632700054,0.37777777777777777
canonical_core,stable,2016-2025,2016,2025,dm_model:superwimp,SuperWIMP,candidate,0.00015704738568991626,0.00015704738568991626,0.0,1.0,1.0,0.0,0.00041250438567815115,0.37777777777777777
canonical_core,stable,2016-2025,2016,2025,dm_model:twin_higgs,Twin Higgs,candidate,0.00015704738568991626,0.00015704738568991626,0.0,1.0,1.0,0.0,0.0037732163194070206,0.37777777777777777
canonical_core,stable,2016-2025,2016,2025,dm_model:ula_fuzzy,ULA / Fuzzy,candidate,0.00015704738568991626,0.00015129348309920912,0.03663800301692376,1.0,0.9818181818181818,0.018181818181818188,0.021135615438900142,0.9333333333333333
canonical_core,stable,2016-2025,2016,2025,dm_model:vector_dm,Vector DM,candidate,0.00015704738568991626,0.00015704738568991626,0.0,1.0,1.0,0.0,0.009293697270362028,0.37777777777777777
canonical_core,stable,2016-2025,2016,2025,dm_model:wimp_core,Canonical WIMP core,candidate,0.00015704738568991626,0.00014815740835148744,0.0566069743814884,1.0,0.9601205424409844,0.03987945755901556,0.16285382015247532,0.9555555555555556
canonical_core,stable,2016-2025,2016,2025,dm_model:wimpzilla,WIMPzilla,candidate,0.00015704738568991626,0.00015704738568991626,0.0,1.0,1.0,0.0,0.0008481643045699205,0.37777777777777777
canonical_core,stable,2016-2025,2016,2025,dm_model:wino,Wino,candidate,0.00015704738568991626,0.00015704738568991626,0.0,1.0,1.0,0.0,0.021421726571823323,0.37777777777777777
canonical_core,stable,2016-2025,2016,2025,phenomenon:black_holes,Black-hole systems,phenomenon,0.00015704738568991626,0.00015579290636128483,0.00798790328868225,1.0,1.0,0.0,0.02502959487747917,0.8444444444444444
canonical_core,stable,2016-2025,2016,2025,phenomenon:cmb,Cosmic microwave background,phenomenon,0.00015704738568991626,0.00015139655652103535,0.03598168249701555,1.0,1.0,0.0,0.048877996727442426,0.9111111111111111
canonical_core,stable,2016-2025,2016,2025,theory:inflation,Cosmic inflation,theory,0.00015704738568991626,0.00015457971427561108,0.015712909854975206,1.0,1.0,0.0,0.06435231067413802,0.8666666666666667
canonical_core,rolling,2006-2010,2006,2010,apparatus:ams_02,AMS-02,apparatus,0.0002184880889073223,0.0002184880889073223,0.0,1.0,1.0,0.0,0.0007329345513156283,0.39655172413793105
canonical_core,rolling,2006-2010,2006,2010,apparatus:cresst,CRESST,apparatus,0.0002184880889073223,0.0002184880889073223,0.0,1.0,1.0,0.0,0.0037373379179826867,0.39655172413793105
canonical_core,rolling,2006-2010,2006,2010,apparatus:edelweiss,EDELWEISS,apparatus,0.0002184880889073223,0.0002184880889073223,0.0,1.0,1.0,0.0,0.0008468221389467091,0.39655172413793105
canonical_core,rolling,2006-2010,2006,2010,apparatus:egret,EGRET,apparatus,0.0002184880889073223,0.0002184880889073223,0.0,1.0,1.0,0.0,0.005946622483655574,0.39655172413793105
canonical_core,rolling,2006-2010,2006,2010,apparatus:eureca,EURECA,apparatus,0.0002184880889073223,0.0002184880889073223,0.0,1.0,1.0,0.0,0.0005205301333037337,0.39655172413793105
canonical_core,rolling,2006-2010,2006,2010,apparatus:kims,KIMS,apparatus,0.0002184880889073223,0.0002184880889073223,0.0,1.0,1.0,0.0,0.000388476255321517,0.39655172413793105
canonical_core,rolling,2006-2010,2006,2010,apparatus:magic,MAGIC telescopes,apparatus,0.0002184880889073223,0.0002184880889073223,0.0,1.0,1.0,0.0,0.00013205387798221675,0.39655172413793105
canonical_core,rolling,2006-2010,2006,2010,apparatus:planck,Planck mission,apparatus,0.0002184880889073223,0.0002184880889073223,0.0,1.0,1.0,0.0,0.000458345883625192,0.39655172413793105
canonical_core,rolling,2006-2010,2006,2010,dm_model:asymmetric_dm,Asymmetric DM,candidate,0.0002184880889073223,0.0002184880889073223,0.0,1.0,1.0,0.0,0.0004248088360237893,0.39655172413793105
canonical_core,rolling,2006-2010,2006,2010,dm_model:atomic_dm,Atomic DM,candidate,0.0002184880889073223,0.0002184880889073223,0.0,1.0,1.0,0.0,0.0004401795932740558,0.39655172413793105
canonical_core,rolling,2006-2010,2006,2010,dm_model:axino,Axino,candidate,0.0002184880889073223,0.0002184880889073223,0.0,1.0,1.0,0.0,0.03187603345903446,0.39655172413793105
canonical_core,rolling,2006-2010,2006,2010,dm_model:axion_alp,Axion + ALP,candidate,0.0002184880889073223,0.00021318900410397177,0.02425342649044038,1.0,0.9797979797979798,0.02020202020202022,0.06251746039486915,0.896551724137931
canonical_core,rolling,2006-2010,2006,2010,dm_model:bino,Bino,candidate,0.0002184880889073223,0.0002184880889073223,0.0,1.0,1.0,0.0,0.034391349427575796,0.39655172413793105
canonical_core,rolling,2006-2010,2006,2010,dm_model:generic_composite,Generic Composite,candidate,0.0002184880889073223,0.0002184880889073223,0.0,1.0,1.0,0.0,0.0004506605050000587,0.39655172413793105
canonical_core,rolling,2006-2010,2006,2010,dm_model:gravitino,Gravitino,candidate,0.0002184880889073223,0.00021645608034907517,0.00930031732351813,1.0,0.98989898989899,0.010101010101010055,0.12268031525086534,0.7931034482758621
canonical_core,rolling,2006-2010,2006,2010,dm_model:inert_doublet_model,Inert Doublet Model,candidate,0.0002184880889073223,0.0002184880889073223,0.0,1.0,1.0,0.0,0.000637213254035684,0.39655172413793105
canonical_core,rolling,2006-2010,2006,2010,dm_model:lkp_kaluza_klein,LKP Kaluza-Klein,candidate,0.0002184880889073223,0.0002184880889073223,0.0,1.0,1.0,0.0,0.00767730056292874,0.39655172413793105
canonical_core,rolling,2006-2010,2006,2010,dm_model:macho,MACHO,candidate,0.0002184880889073223,0.00020372041119978072,0.0675903102150603,1.0,0.8333333333333334,0.16666666666666663,0.002200897966370279,0.9310344827586207
canonical_core,rolling,2006-2010,2006,2010,dm_model:mirror_dm,Mirror DM,candidate,0.0002184880889073223,0.0002184880889073223,0.0,1.0,1.0,0.0,0.001553905021286068,0.39655172413793105
canonical_core,rolling,2006-2010,2006,2010,dm_model:pbh,PBH,candidate,0.0002184880889073223,0.00021358094477429143,0.022459549889295705,1.0,0.9666666666666667,0.033333333333333326,0.003405454846137972,0.8620689655172413
canonical_core,rolling,2006-2010,2006,2010,dm_model:q_ball,Q-ball,candidate,0.0002184880889073223,0.0002184880889073223,0.0,1.0,1.0,0.0,0.00159303313508921,0.39655172413793105
canonical_core,rolling,2006-2010,2006,2010,dm_model:quark_nugget_aqn,Quark Nugget / AQN,candidate,0.0002184880889073223,0.0002184880889073223,0.0,1.0,1.0,0.0,0.0005205301333037337,0.39655172413793105
canonical_core,rolling,2006-2010,2006,2010,dm_model:sterile_nu,Sterile nu,candidate,0.0002184880889073223,0.0002022352722746473,0.07438765524453417,1.0,0.9666666666666667,0.033333333333333326,0.02165476037587822,0.9655172413793104
canonical_core,rolling,2006-2010,2006,2010,dm_model:superwimp,SuperWIMP,candidate,0.0002184880889073223,0.0002184880889073223,0.0,1.0,1.0,0.0,0.0024063182264345163,0.39655172413793105
canonical_core,rolling,2006-2010,2006,2010,dm_model:twin_higgs,Twin Higgs,candidate,0.0002184880889073223,0.0002184880889073223,0.0,1.0,1.0,0.0,0.002548853016142736,0.39655172413793105
canonical_core,rolling,2006-2010,2006,2010,dm_model:wimp_core,Canonical WIMP core,candidate,0.0002184880889073223,0.00013754229127519588,0.3704815124565523,1.0,0.9276094276094277,0.07239057239057234,0.41233980473378934,1.0
canonical_core,rolling,2006-2010,2006,2010,dm_model:wimpzilla,WIMPzilla,candidate,0.0002184880889073223,0.0002184880889073223,0.0,1.0,1.0,0.0,0.00036262458634524756,0.39655172413793105
canonical_core,rolling,2006-2010,2006,2010,dm_model:wino,Wino,candidate,0.0002184880889073223,0.0002184880889073223,0.0,1.0,1.0,0.0,0.03110676632701656,0.39655172413793105
canonical_core,rolling,2006-2010,2006,2010,phenomenon:black_holes,Black-hole systems,phenomenon,0.0002184880889073223,0.0002150610517778999,0.015685235504421868,1.0,0.9666666666666667,0.033333333333333326,0.005103988969555653,0.8275862068965517
canonical_core,rolling,2007-2011,2007,2011,apparatus:coupp,COUPP,apparatus,0.00024189338095239351,0.00024189338095239351,0.0,1.0,1.0,0.0,0.00022238778646891245,0.39285714285714285
canonical_core,rolling,2007-2011,2007,2011,apparatus:dmtpc,DMTPC,apparatus,0.00024189338095239351,0.00024189338095239351,0.0,1.0,1.0,0.0,0.00043326927107456407,0.39285714285714285
canonical_core,rolling,2007-2011,2007,2011,apparatus:edelweiss,EDELWEISS,apparatus,0.00024189338095239351,0.00024189338095239351,0.0,1.0,1.0,0.0,0.001441691916382257,0.39285714285714285
canonical_core,rolling,2007-2011,2007,2011,apparatus:egret,EGRET,apparatus,0.00024189338095239351,0.00024189338095239351,0.0,1.0,1.0,0.0,0.003757620195977468,0.39285714285714285
canonical_core,rolling,2007-2011,2007,2011,apparatus:eureca,EURECA,apparatus,0.00024189338095239351,0.00024189338095239351,0.0,1.0,1.0,0.0,0.0005828107655644767,0.39285714285714285
canonical_core,rolling,2007-2011,2007,2011,apparatus:hubble,Hubble Space Telescope,apparatus,0.00024189338095239351,0.00024189338095239351,0.0,1.0,1.0,0.0,0.0003374103753690426,0.39285714285714285
canonical_core,rolling,2007-2011,2007,2011,apparatus:planck,Planck mission,apparatus,0.00024189338095239351,0.00024189338095239351,0.0,1.0,1.0,0.0,0.001621903405930039,0.39285714285714285
canonical_core,rolling,2007-2011,2007,2011,dm_model:asymmetric_dm,Asymmetric DM,candidate,0.00024189338095239351,0.00024189338095239351,0.0,1.0,1.0,0.0,0.004493861796296249,0.39285714285714285
canonical_core,rolling,2007-2011,2007,2011,dm_model:atomic_dm,Atomic DM,candidate,0.00024189338095239351,0.00024189338095239351,0.0,1.0,1.0,0.0,0.0006556570575434765,0.39285714285714285
canonical_core,rolling,2007-2011,2007,2011,dm_model:axino,Axino,candidate,0.00024189338095239351,0.00024189338095239351,0.0,1.0,1.0,0.0,0.03277989342075643,0.39285714285714285
canonical_core,rolling,2007-2011,2007,2011,dm_model:axion_alp,Axion + ALP,candidate,0.00024189338095239351,0.00023221298831572942,0.040019253931422256,1.0,0.9537037037037037,0.04629629629629628,0.0628103871421807,0.9285714285714286
canonical_core,rolling,2007-2011,2007,2011,dm_model:bino,Bino,candidate,0.00024189338095239351,0.00024189338095239351,0.0,1.0,1.0,0.0,0.034455519855203336,0.39285714285714285
canonical_core,rolling,2007-2011,2007,2011,dm_model:generic_composite,Generic Composite,candidate,0.00024189338095239351,0.00024189338095239351,0.0,1.0,1.0,0.0,0.0010314352490342145,0.39285714285714285
canonical_core,rolling,2007-2011,2007,2011,dm_model:gravitino,Gravitino,candidate,0.00024189338095239351,0.00024006559206761623,0.007556175690218676,1.0,0.9907407407407407,0.0092592592592593,0.12085497402147109,0.8214285714285714
canonical_core,rolling,2007-2011,2007,2011,dm_model:inert_doublet_model,Inert Doublet Model,candidate,0.00024189338095239351,0.00024189338095239351,0.0,1.0,1.0,0.0,0.0005751533742331289,0.39285714285714285
canonical_core,rolling,2007-2011,2007,2011,dm_model:lkp_kaluza_klein,LKP Kaluza-Klein,candidate,0.00024189338095239351,0.00024189338095239351,0.0,1.0,1.0,0.0,0.004275282490626771,0.39285714285714285
canonical_core,rolling,2007-2011,2007,2011,dm_model:macho,MACHO,candidate,0.00024189338095239351,0.00024058989608511232,0.005388675217771803,1.0,1.0,0.0,0.0020244622522142554,0.7857142857142857
canonical_core,rolling,2007-2011,2007,2011,dm_model:mirror_dm,Mirror DM,candidate,0.00024189338095239351,0.00024189338095239351,0.0,1.0,1.0,0.0,0.001825127499204343,0.39285714285714285
canonical_core,rolling,2007-2011,2007,2011,dm_model:pbh,PBH,candidate,0.00024189338095239351,0.00023467361760326334,0.029846882625329384,1.0,0.9615384615384616,0.038461538461538436,0.003968461250850642,0.8928571428571429
canonical_core,rolling,2007-2011,2007,2011,dm_model:q_ball,Q-ball,candidate,0.00024189338095239351,0.00024189338095239351,0.0,1.0,1.0,0.0,0.0021088957055214724,0.39285714285714285
canonical_core,rolling,2007-2011,2007,2011,dm_model:quark_nugget_aqn,Quark Nugget / AQN,candidate,0.00024189338095239351,0.00024189338095239351,0.0,1.0,1.0,0.0,0.00021088148460565162,0.39285714285714285
canonical_core,rolling,2007-2011,2007,2011,dm_model:sterile_nu,Sterile nu,candidate,0.00024189338095239351,0.0002248875425328067,0.07030303331422577,1.0,0.9615384615384616,0.038461538461538436,0.02185943455299594,0.9642857142857143
canonical_core,rolling,2007-2011,2007,2011,dm_model:superwimp,SuperWIMP,candidate,0.00024189338095239351,0.00024189338095239351,0.0,1.0,1.0,0.0,0.0004256118797432162,0.39285714285714285
canonical_core,rolling,2007-2011,2007,2011,dm_model:twin_higgs,Twin Higgs,candidate,0.00024189338095239351,0.00024189338095239351,0.0,1.0,1.0,0.0,0.002396472392638037,0.39285714285714285
canonical_core,rolling,2007-2011,2007,2011,dm_model:wimp_core,Canonical WIMP core,candidate,0.00024189338095239351,0.0001474576715406879,0.39040220546709087,1.0,0.9629629629629629,0.03703703703703709,0.42697318926548555,1.0
canonical_core,rolling,2007-2011,2007,2011,dm_model:wimpzilla,WIMPzilla,candidate,0.00024189338095239351,0.00024189338095239351,0.0,1.0,1.0,0.0,0.00028757668711656444,0.39285714285714285
canonical_core,rolling,2007-2011,2007,2011,dm_model:wino,Wino,candidate,0.00024189338095239351,0.00024189338095239351,0.0,1.0,1.0,0.0,0.02799845493734362,0.39285714285714285
canonical_core,rolling,2007-2011,2007,2011,phenomenon:black_holes,Black-hole systems,phenomenon,0.00024189338095239351,0.00023808477580291847,0.01574497464328968,1.0,0.9615384615384616,0.038461538461538436,0.006821175088557286,0.8571428571428571
canonical_core,rolling,2008-2012,2008,2012,apparatus:amanda,AMANDA,apparatus,0.0002134813685954186,0.0002134813685954186,0.0,1.0,1.0,0.0,0.00040229464715316025,0.3888888888888889
canonical_core,rolling,2008-2012,2008,2012,apparatus:cresst,CRESST,apparatus,0.0002134813685954186,0.0002134813685954186,0.0,1.0,1.0,0.0,0.008816218058702087,0.3888888888888889
canonical_core,rolling,2008-2012,2008,2012,apparatus:dmtpc,DMTPC,apparatus,0.0002134813685954186,0.0002134813685954186,0.0,1.0,1.0,0.0,0.0004418297147581258,0.3888888888888889
canonical_core,rolling,2008-2012,2008,2012,apparatus:edelweiss,EDELWEISS,apparatus,0.0002134813685954186,0.0002134813685954186,0.0,1.0,1.0,0.0,0.0008045892943063204,0.3888888888888889
canonical_core,rolling,2008-2012,2008,2012,apparatus:egret,EGRET,apparatus,0.0002134813685954186,0.0002134813685954186,0.0,1.0,1.0,0.0,0.0014205759807073767,0.3888888888888889
canonical_core,rolling,2008-2012,2008,2012,apparatus:eureca,EURECA,apparatus,0.0002134813685954186,0.0002134813685954186,0.0,1.0,1.0,0.0,0.0005347877921750655,0.3888888888888889
canonical_core,rolling,2008-2012,2008,2012,apparatus:hubble,Hubble Space Telescope,apparatus,0.0002134813685954186,0.0002134813685954186,0.0,1.0,1.0,0.0,0.00015814027041986242,0.3888888888888889
canonical_core,rolling,2008-2012,2008,2012,apparatus:integral,INTEGRAL,apparatus,0.0002134813685954186,0.0002134813685954186,0.0,1.0,1.0,0.0,0.0007602390146139102,0.3888888888888889
canonical_core,rolling,2008-2012,2008,2012,apparatus:lisa,LISA,apparatus,0.0002134813685954186,0.0002134813685954186,0.0,1.0,1.0,0.0,0.00011860520281489681,0.3888888888888889
canonical_core,rolling,2008-2012,2008,2012,apparatus:mimac,MIMAC,apparatus,0.0002134813685954186,0.0002134813685954186,0.0,1.0,1.0,0.0,0.0008510683330147903,0.3888888888888889
canonical_core,rolling,2008-2012,2008,2012,apparatus:planck,Planck mission,apparatus,0.0002134813685954186,0.0002134813685954186,0.0,1.0,1.0,0.0,0.00215303911090727,0.3888888888888889
canonical_core,rolling,2008-2012,2008,2012,dm_model:asymmetric_dm,Asymmetric DM,candidate,0.0002134813685954186,0.00021337154756841643,0.0005144290938583017,1.0,1.0,0.0,0.009803479360715576,0.7777777777777778
canonical_core,rolling,2008-2012,2008,2012,dm_model:atomic_dm,Atomic DM,candidate,0.0002134813685954186,0.0002134813685954186,0.0,1.0,1.0,0.0,0.0006859840914914236,0.3888888888888889
canonical_core,rolling,2008-2012,2008,2012,dm_model:axino,Axino,candidate,0.0002134813685954186,0.0002134813685954186,0.0,1.0,1.0,0.0,0.03312719011386358,0.3888888888888889
canonical_core,rolling,2008-2012,2008,2012,dm_model:axion_alp,Axion + ALP,candidate,0.0002134813685954186,0.00020223370021769314,0.05268688528525221,1.0,0.9310344827586207,0.06896551724137934,0.06577950373961748,0.9444444444444444
canonical_core,rolling,2008-2012,2008,2012,dm_model:bino,Bino,candidate,0.0002134813685954186,0.0002134813685954186,0.0,1.0,1.0,0.0,0.038315812377083716,0.3888888888888889
canonical_core,rolling,2008-2012,2008,2012,dm_model:generic_composite,Generic Composite,candidate,0.0002134813685954186,0.0002134813685954186,0.0,1.0,1.0,0.0,0.0012159566715790444,0.3888888888888889
canonical_core,rolling,2008-2012,2008,2012,dm_model:gravitino,Gravitino,candidate,0.0002134813685954186,0.0002123544144651219,0.005278934352498228,1.0,0.9913793103448276,0.008620689655172376,0.11502493620150035,0.8055555555555556
canonical_core,rolling,2008-2012,2008,2012,dm_model:inert_doublet_model,Inert Doublet Model,candidate,0.0002134813685954186,0.0002134813685954186,0.0,1.0,1.0,0.0,0.0009461551694477894,0.3888888888888889
canonical_core,rolling,2008-2012,2008,2012,dm_model:lkp_kaluza_klein,LKP Kaluza-Klein,candidate,0.0002134813685954186,0.0002134813685954186,0.0,1.0,1.0,0.0,0.003212984271082512,0.3888888888888889
canonical_core,rolling,2008-2012,2008,2012,dm_model:macho,MACHO,candidate,0.0002134813685954186,0.00020949040757894184,0.018694657256204263,1.0,0.9655172413793104,0.03448275862068961,0.0016209377718035898,0.8611111111111112
canonical_core,rolling,2008-2012,2008,2012,dm_model:minimal_su_2_l,Minimal SU(2)L,candidate,0.0002134813685954186,0.0002134813685954186,0.0,1.0,1.0,0.0,0.0008531970920308499,0.3888888888888889
canonical_core,rolling,2008-2012,2008,2012,dm_model:mirror_dm,Mirror DM,candidate,0.0002134813685954186,0.0002134813685954186,0.0,1.0,1.0,0.0,0.002676067719891387,0.3888888888888889
canonical_core,rolling,2008-2012,2008,2012,dm_model:pbh,PBH,candidate,0.0002134813685954186,0.0002058321528635099,0.03583083517890116,1.0,0.9310344827586207,0.06896551724137934,0.0037600889405038514,0.9166666666666666
canonical_core,rolling,2008-2012,2008,2012,dm_model:q_ball,Q-ball,candidate,0.0002134813685954186,0.0002134813685954186,0.0,1.0,1.0,0.0,0.002322380870462756,0.3888888888888889
canonical_core,rolling,2008-2012,2008,2012,dm_model:quark_nugget_aqn,Quark Nugget / AQN,candidate,0.0002134813685954186,0.0002134813685954186,0.0,1.0,1.0,0.0,0.00043488574365462164,0.3888888888888889
canonical_core,rolling,2008-2012,2008,2012,dm_model:sfdm,SFDM,candidate,0.0002134813685954186,0.0002134813685954186,0.0,1.0,1.0,0.0,0.0002767454732347592,0.3888888888888889
canonical_core,rolling,2008-2012,2008,2012,dm_model:sterile_nu,Sterile nu,candidate,0.0002134813685954186,0.0001985996662918705,0.06970960698566313,1.0,0.9310344827586207,0.06896551724137934,0.021682043085239144,0.9722222222222222
canonical_core,rolling,2008-2012,2008,2012,dm_model:superwimp,SuperWIMP,candidate,0.0002134813685954186,0.0002134813685954186,0.0,1.0,1.0,0.0,0.0014552958362248976,0.3888888888888889
canonical_core,rolling,2008-2012,2008,2012,dm_model:twin_higgs,Twin Higgs,candidate,0.0002134813685954186,0.0002134813685954186,0.0,1.0,1.0,0.0,0.0014622398073284018,0.3888888888888889
canonical_core,rolling,2008-2012,2008,2012,dm_model:ula_fuzzy,ULA / Fuzzy,candidate,0.0002134813685954186,0.0002134813685954186,0.0,1.0,1.0,0.0,0.0004813647823630915,0.3888888888888889
canonical_core,rolling,2008-2012,2008,2012,dm_model:vector_dm,Vector DM,candidate,0.0002134813685954186,0.0002134813685954186,0.0,1.0,1.0,0.0,0.001032169275761225,0.3888888888888889
canonical_core,rolling,2008-2012,2008,2012,dm_model:wimp_core,Canonical WIMP core,candidate,0.0002134813685954186,0.00013343180500605137,0.3749721304301453,1.0,0.9405469678953626,0.05945303210463737,0.4248590030408064,1.0
canonical_core,rolling,2008-2012,2008,2012,dm_model:wino,Wino,candidate,0.0002134813685954186,0.0002134813685954186,0.0,1.0,1.0,0.0,0.02813142797658082,0.3888888888888889
canonical_core,rolling,2008-2012,2008,2012,phenomenon:black_holes,Black-hole systems,phenomenon,0.0002134813685954186,0.00021176349757471113,0.008046936517271052,1.0,1.0,0.0,0.006324495428683846,0.8333333333333334
canonical_core,rolling,2008-2012,2008,2012,phenomenon:cmb,Cosmic microwave background,phenomenon,0.0002134813685954186,0.00020672496844785314,0.03164866419968443,1.0,0.9310344827586207,0.06896551724137934,0.014573892292764732,0.8888888888888888
canonical_core,rolling,2009-2013,2009,2013,apparatus:amanda,AMANDA,apparatus,0.00020241334159698583,0.00020241334159698583,0.0,1.0,1.0,0.0,0.00030692454453022015,0.39473684210526316
canonical_core,rolling,2009-2013,2009,2013,apparatus:antares,ANTARES,apparatus,0.00020241334159698583,0.00020241334159698583,0.0,1.0,1.0,0.0,0.00023080945852017295,0.39473684210526316
canonical_core,rolling,2009-2013,2009,2013,apparatus:cresst,CRESST,apparatus,0.00020241334159698583,0.00020241334159698583,0.0,1.0,1.0,0.0,0.007905567865792081,0.39473684210526316
canonical_core,rolling,2009-2013,2009,2013,apparatus:dmtpc,DMTPC,apparatus,0.00020241334159698583,0.00020241334159698583,0.0,1.0,1.0,0.0,0.00023080945852017295,0.39473684210526316
canonical_core,rolling,2009-2013,2009,2013,apparatus:edelweiss,EDELWEISS,apparatus,0.00020241334159698583,0.00020241334159698583,0.0,1.0,1.0,0.0,0.0018637250715916034,0.39473684210526316
canonical_core,rolling,2009-2013,2009,2013,apparatus:eureca,EURECA,apparatus,0.00020241334159698583,0.00020241334159698583,0.0,1.0,1.0,0.0,0.00019275191551514938,0.39473684210526316
canonical_core,rolling,2009-2013,2009,2013,apparatus:hubble,Hubble Space Telescope,apparatus,0.00020241334159698583,0.00020241334159698583,0.0,1.0,1.0,0.0,0.000999352920090739,0.39473684210526316
canonical_core,rolling,2009-2013,2009,2013,apparatus:iaxo,IAXO,apparatus,0.00020241334159698583,0.00020241334159698583,0.0,1.0,1.0,0.0,0.00019275191551514938,0.39473684210526316
canonical_core,rolling,2009-2013,2009,2013,apparatus:katrin,KATRIN,apparatus,0.00020241334159698583,0.00020241334159698583,0.0,1.0,1.0,0.0,0.0002688670015251965,0.39473684210526316
canonical_core,rolling,2009-2013,2009,2013,apparatus:lisa,LISA,apparatus,0.00020241334159698583,0.00020241334159698583,0.0,1.0,1.0,0.0,0.00011417262901507079,0.39473684210526316
canonical_core,rolling,2009-2013,2009,2013,apparatus:mimac,MIMAC,apparatus,0.00020241334159698583,0.00020241334159698583,0.0,1.0,1.0,0.0,0.0009207736335906605,0.39473684210526316
canonical_core,rolling,2009-2013,2009,2013,apparatus:zeplin,ZEPLIN,apparatus,0.00020241334159698583,0.00020241334159698583,0.0,1.0,1.0,0.0,0.0009330946360408174,0.39473684210526316
canonical_core,rolling,2009-2013,2009,2013,dm_model:asymmetric_dm,Asymmetric DM,candidate,0.00020241334159698583,0.00020222083601123666,0.0009510518636289205,1.0,1.0,0.0,0.013655546447583452,0.7894736842105263
canonical_core,rolling,2009-2013,2009,2013,dm_model:atomic_dm,Atomic DM,candidate,0.00020241334159698583,0.00020241334159698583,0.0,1.0,1.0,0.0,0.0009686879785558096,0.39473684210526316
canonical_core,rolling,2009-2013,2009,2013,dm_model:axino,Axino,candidate,0.00020241334159698583,0.00020241334159698583,0.0,1.0,1.0,0.0,0.03098843962207586,0.39473684210526316
canonical_core,rolling,2009-2013,2009,2013,dm_model:axion_alp,Axion + ALP,candidate,0.00020241334159698583,0.00018733920751603673,0.07447203806833241,1.0,0.8989993746091307,0.10100062539086929,0.07748327950251477,0.9736842105263158
canonical_core,rolling,2009-2013,2009,2013,dm_model:bino,Bino,candidate,0.00020241334159698583,0.00020241334159698583,0.0,1.0,1.0,0.0,0.046671167780066615,0.39473684210526316
canonical_core,rolling,2009-2013,2009,2013,dm_model:dark_photon,Dark Photon,candidate,0.00020241334159698583,0.00020241334159698583,0.0,1.0,1.0,0.0,0.0003118529455102829,0.39473684210526316
canonical_core,rolling,2009-2013,2009,2013,dm_model:generic_composite,Generic Composite,candidate,0.00020241334159698583,0.00020241334159698583,0.0,1.0,1.0,0.0,0.0018809744750218232,0.39473684210526316
canonical_core,rolling,2009-2013,2009,2013,dm_model:gravitino,Gravitino,candidate,0.00020241334159698583,0.00020214324837982819,0.001334364696648388,1.0,1.0,0.0,0.11231170308384164,0.8157894736842105
canonical_core,rolling,2009-2013,2009,2013,dm_model:inert_doublet_model,Inert Doublet Model,candidate,0.00020241334159698583,0.00020241334159698583,0.0,1.0,1.0,0.0,0.0008643721515008643,0.39473684210526316
canonical_core,rolling,2009-2013,2009,2013,dm_model:lkp_kaluza_klein,LKP Kaluza-Klein,candidate,0.00020241334159698583,0.00020241334159698583,0.0,1.0,1.0,0.0,0.0020737263905369722,0.39473684210526316
canonical_core,rolling,2009-2013,2009,2013,dm_model:macho,MACHO,candidate,0.00020241334159698583,0.0001987010606199493,0.018340100251039087,1.0,0.9615384615384616,0.038461538461538436,0.0015223017202009438,0.868421052631579
canonical_core,rolling,2009-2013,2009,2013,dm_model:minimal_su_2_l,Minimal SU(2)L,candidate,0.00020241334159698583,0.00020241334159698583,0.0,1.0,1.0,0.0,0.0007452711215057308,0.39473684210526316
canonical_core,rolling,2009-2013,2009,2013,dm_model:mirror_dm,Mirror DM,candidate,0.00020241334159698583,0.00020241334159698583,0.0,1.0,1.0,0.0,0.002484966762122138,0.39473684210526316
canonical_core,rolling,2009-2013,2009,2013,dm_model:pbh,PBH,candidate,0.00020241334159698583,0.0001974423076105672,0.02455882575327558,1.0,0.9615384615384616,0.038461538461538436,0.004185235194898043,0.8947368421052632
canonical_core,rolling,2009-2013,2009,2013,dm_model:q_ball,Q-ball,candidate,0.00020241334159698583,0.00020241334159698583,0.0,1.0,1.0,0.0,0.0030645921735030644,0.39473684210526316
canonical_core,rolling,2009-2013,2009,2013,dm_model:quark_nugget_aqn,Quark Nugget / AQN,candidate,0.00020241334159698583,0.00020241334159698583,0.0,1.0,1.0,0.0,0.0004186329730552596,0.39473684210526316
canonical_core,rolling,2009-2013,2009,2013,dm_model:sfdm,SFDM,candidate,0.00020241334159698583,0.00020241334159698583,0.0,1.0,1.0,0.0,0.0003425178870452124,0.39473684210526316
canonical_core,rolling,2009-2013,2009,2013,dm_model:sterile_nu,Sterile nu,candidate,0.00020241334159698583,0.00019727346395736068,0.025392978541201507,1.0,1.0,0.0,0.027733009475185824,0.9210526315789473
canonical_core,rolling,2009-2013,2009,2013,dm_model:superwimp,SuperWIMP,candidate,0.00020241334159698583,0.00020241334159698583,0.0,1.0,1.0,0.0,0.0012548043835112258,0.39473684210526316
canonical_core,rolling,2009-2013,2009,2013,dm_model:twin_higgs,Twin Higgs,candidate,0.00020241334159698583,0.00020241334159698583,0.0,1.0,1.0,0.0,0.0011786892975011788,0.39473684210526316
canonical_core,rolling,2009-2013,2009,2013,dm_model:ula_fuzzy,ULA / Fuzzy,candidate,0.00020241334159698583,0.00020241334159698583,0.0,1.0,1.0,0.0,0.0006874999745804561,0.39473684210526316
canonical_core,rolling,2009-2013,2009,2013,dm_model:vector_dm,Vector DM,candidate,0.00020241334159698583,0.00020241334159698583,0.0,1.0,1.0,0.0,0.0018073235895018074,0.39473684210526316
canonical_core,rolling,2009-2013,2009,2013,dm_model:wimp_core,Canonical WIMP core,candidate,0.00020241334159698583,0.00012727975177373525,0.37118892080169785,1.0,0.8486554096310194,0.15134459036898062,0.43508828787756665,1.0
canonical_core,rolling,2009-2013,2009,2013,dm_model:wino,Wino,candidate,0.00020241334159698583,0.00020241334159698583,0.0,1.0,1.0,0.0,0.04084151537612061,0.39473684210526316
canonical_core,rolling,2009-2013,2009,2013,phenomenon:black_holes,Black-hole systems,phenomenon,0.00020241334159698583,0.0002011323853540822,0.006328418041998849,1.0,1.0,0.0,0.005416767238344433,0.8421052631578947
canonical_core,rolling,2009-2013,2009,2013,phenomenon:cmb,Cosmic microwave background,phenomenon,0.00020241334159698583,0.00019147638620819823,0.05403277917600699,1.0,0.8846153846153846,0.11538461538461542,0.02140696421815811,0.9473684210526315
canonical_core,rolling,2010-2014,2010,2014,apparatus:antares,ANTARES,apparatus,0.00019088068994129443,0.00019088068994129443,0.0,1.0,1.0,0.0,0.00026103399078092484,0.39473684210526316
canonical_core,rolling,2010-2014,2010,2014,apparatus:cobe,COBE,apparatus,0.00019088068994129443,0.00019088068994129443,0.0,1.0,1.0,0.0,0.00033594035782212334,0.39473684210526316
canonical_core,rolling,2010-2014,2010,2014,apparatus:cresst,CRESST,apparatus,0.00019088068994129443,0.00019088068994129443,0.0,1.0,1.0,0.0,0.007449547611074826,0.39473684210526316
canonical_core,rolling,2010-2014,2010,2014,apparatus:dama_libra,DAMA/LIBRA,apparatus,0.00019088068994129443,0.00019088068994129443,0.0,1.0,1.0,0.0,0.00048347650417798055,0.39473684210526316
canonical_core,rolling,2010-2014,2010,2014,apparatus:edelweiss,EDELWEISS,apparatus,0.00019088068994129443,0.00019088068994129443,0.0,1.0,1.0,0.0,0.0016308656669573184,0.39473684210526316
canonical_core,rolling,2010-2014,2010,2014,apparatus:iaxo,IAXO,apparatus,0.00019088068994129443,0.00019088068994129443,0.0,1.0,1.0,0.0,0.00025989569691765494,0.39473684210526316
canonical_core,rolling,2010-2014,2010,2014,apparatus:katrin,KATRIN,apparatus,0.00019088068994129443,0.00019088068994129443,0.0,1.0,1.0,0.0,0.00040857013713678205,0.39473684210526316
canonical_core,rolling,2010-2014,2010,2014,apparatus:kims,KIMS,apparatus,0.00019088068994129443,0.00019088068994129443,0.0,1.0,1.0,0.0,0.00025989569691765494,0.39473684210526316
canonical_core,rolling,2010-2014,2010,2014,apparatus:mimac,MIMAC,apparatus,0.00019088068994129443,0.00019088068994129443,0.0,1.0,1.0,0.0,0.0008954615229045722,0.39473684210526316
canonical_core,rolling,2010-2014,2010,2014,apparatus:pixie,PIXIE,apparatus,0.00019088068994129443,0.00019088068994129443,0.0,1.0,1.0,0.0,0.00018612762373972633,0.39473684210526316
canonical_core,rolling,2010-2014,2010,2014,apparatus:xmm_newton,XMM-Newton,apparatus,0.00019088068994129443,0.00019088068994129443,0.0,1.0,1.0,0.0,0.0002973488804382542,0.39473684210526316
canonical_core,rolling,2010-2014,2010,2014,apparatus:zeplin,ZEPLIN,apparatus,0.00019088068994129443,0.00019088068994129443,0.0,1.0,1.0,0.0,0.00025989569691765494,0.39473684210526316
canonical_core,rolling,2010-2014,2010,2014,dm_model:asymmetric_dm,Asymmetric DM,candidate,0.00019088068994129443,0.000190586751193174,0.0015399082443112672,1.0,1.0,0.0,0.016980316357282817,0.8157894736842105
canonical_core,rolling,2010-2014,2010,2014,dm_model:atomic_dm,Atomic DM,candidate,0.00019088068994129443,0.00019088068994129443,0.0,1.0,1.0,0.0,0.0027748399481468465,0.39473684210526316
canonical_core,rolling,2010-2014,2010,2014,dm_model:axino,Axino,candidate,0.00019088068994129443,0.00019088068994129443,0.0,1.0,1.0,0.0,0.022796611199706475,0.39473684210526316
canonical_core,rolling,2010-2014,2010,2014,dm_model:axion_alp,Axion + ALP,candidate,0.00019088068994129443,0.00017463265689082497,0.08512140780435445,1.0,0.8975274725274726,0.10247252747252744,0.07957911860690513,0.9736842105263158
canonical_core,rolling,2010-2014,2010,2014,dm_model:bino,Bino,candidate,0.00019088068994129443,0.00019088068994129443,0.0,1.0,1.0,0.0,0.05141862359274277,0.39473684210526316
canonical_core,rolling,2010-2014,2010,2014,dm_model:dark_photon,Dark Photon,candidate,0.00019088068994129443,0.00019088068994129443,0.0,1.0,1.0,0.0,0.002030329453187941,0.39473684210526316
canonical_core,rolling,2010-2014,2010,2014,dm_model:generic_composite,Generic Composite,candidate,0.00019088068994129443,0.00019088068994129443,0.0,1.0,1.0,0.0,0.0034716526148157235,0.39473684210526316
canonical_core,rolling,2010-2014,2010,2014,dm_model:gravitino,Gravitino,candidate,0.00019088068994129443,0.00019064146995008145,0.0012532435380789872,1.0,1.0,0.0,0.107026201756509,0.7894736842105263
canonical_core,rolling,2010-2014,2010,2014,dm_model:inert_doublet_model,Inert Doublet Model,candidate,0.00019088068994129443,0.00019088068994129443,0.0,1.0,1.0,0.0,0.0005163765122455002,0.39473684210526316
canonical_core,rolling,2010-2014,2010,2014,dm_model:lkp_kaluza_klein,LKP Kaluza-Klein,candidate,0.00019088068994129443,0.00019088068994129443,0.0,1.0,1.0,0.0,0.0014390465739012425,0.39473684210526316
canonical_core,rolling,2010-2014,2010,2014,dm_model:macho,MACHO,candidate,0.00019088068994129443,0.0001869494868553863,0.020595080032019875,1.0,0.9642857142857143,0.0357142857142857,0.0013108614232209739,0.868421052631579
canonical_core,rolling,2010-2014,2010,2014,dm_model:minimal_su_2_l,Minimal SU(2)L,candidate,0.00019088068994129443,0.00019088068994129443,0.0,1.0,1.0,0.0,0.0009601232451763417,0.39473684210526316
canonical_core,rolling,2010-2014,2010,2014,dm_model:mirror_dm,Mirror DM,candidate,0.00019088068994129443,0.00019088068994129443,0.0,1.0,1.0,0.0,0.0030790185917647203,0.39473684210526316
canonical_core,rolling,2010-2014,2010,2014,dm_model:pbh,PBH,candidate,0.00019088068994129443,0.00018394460496055698,0.036337279495744994,1.0,0.9285714285714286,0.0714285714285714,0.003915509861713872,0.8947368421052632
canonical_core,rolling,2010-2014,2010,2014,dm_model:q_ball,Q-ball,candidate,0.00019088068994129443,0.00019088068994129443,0.0,1.0,1.0,0.0,0.0024343464148716435,0.39473684210526316
canonical_core,rolling,2010-2014,2010,2014,dm_model:quark_nugget_aqn,Quark Nugget / AQN,candidate,0.00019088068994129443,0.00019088068994129443,0.0,1.0,1.0,0.0,0.00033707865168539324,0.39473684210526316
canonical_core,rolling,2010-2014,2010,2014,dm_model:sfdm,SFDM,candidate,0.00019088068994129443,0.00019088068994129443,0.0,1.0,1.0,0.0,0.0012336784684532354,0.39473684210526316
canonical_core,rolling,2010-2014,2010,2014,dm_model:sterile_nu,Sterile nu,candidate,0.00019088068994129443,0.00017741317644851885,0.07055461449200302,1.0,0.9142857142857143,0.08571428571428574,0.03356935801331251,0.9473684210526315
canonical_core,rolling,2010-2014,2010,2014,dm_model:superwimp,SuperWIMP,candidate,0.00019088068994129443,0.00019088068994129443,0.0,1.0,1.0,0.0,0.0010713445018748695,0.39473684210526316
canonical_core,rolling,2010-2014,2010,2014,dm_model:twin_higgs,Twin Higgs,candidate,0.00019088068994129443,0.00019088068994129443,0.0,1.0,1.0,0.0,0.0008114488049572146,0.39473684210526316
canonical_core,rolling,2010-2014,2010,2014,dm_model:ula_fuzzy,ULA / Fuzzy,candidate,0.00019088068994129443,0.00019088068994129443,0.0,1.0,1.0,0.0,0.001158772101412037,0.39473684210526316
canonical_core,rolling,2010-2014,2010,2014,dm_model:vector_dm,Vector DM,candidate,0.00019088068994129443,0.00019088068994129443,0.0,1.0,1.0,0.0,0.0035408675125405725,0.39473684210526316
canonical_core,rolling,2010-2014,2010,2014,dm_model:wimp_core,Canonical WIMP core,candidate,0.00019088068994129443,0.00012830163809388,0.32784380581744904,1.0,0.8791208791208791,0.1208791208791209,0.41788960317749757,1.0
canonical_core,rolling,2010-2014,2010,2014,dm_model:wino,Wino,candidate,0.00019088068994129443,0.00019088068994129443,0.0,1.0,1.0,0.0,0.04630027971085125,0.39473684210526316
canonical_core,rolling,2010-2014,2010,2014,phenomenon:black_holes,Black-hole systems,phenomenon,0.00019088068994129443,0.0001878295792313018,0.01598438642971698,1.0,0.9642857142857143,0.0357142857142857,0.005311411782778166,0.8421052631578947
canonical_core,rolling,2010-2014,2010,2014,phenomenon:cmb,Cosmic microwave background,phenomenon,0.00019088068994129443,0.00018204426489679476,0.046292922805430584,1.0,0.9568681318681319,0.04313186813186809,0.028544243714241826,0.9210526315789473
canonical_core,rolling,2011-2015,2011,2015,apparatus:antares,ANTARES,apparatus,0.00016041483042767386,0.00016041483042767386,0.0,1.0,1.0,0.0,0.000321502390022434,0.4
canonical_core,rolling,2011-2015,2011,2015,apparatus:cobe,COBE,apparatus,0.00016041483042767386,0.00016041483042767386,0.0,1.0,1.0,0.0,0.0002853595535326263,0.4
canonical_core,rolling,2011-2015,2011,2015,apparatus:cresst,CRESST,apparatus,0.00016041483042767386,0.00016041483042767386,0.0,1.0,1.0,0.0,0.0065069286991116145,0.4
canonical_core,rolling,2011-2015,2011,2015,apparatus:cta,Cherenkov Telescope Array,apparatus,0.00016041483042767386,0.00016041483042767386,0.0,1.0,1.0,0.0,0.0008922214970876867,0.4
canonical_core,rolling,2011-2015,2011,2015,apparatus:dama_libra,DAMA/LIBRA,apparatus,0.00016041483042767386,0.00016041483042767386,0.0,1.0,1.0,0.0,0.0002815764151467908,0.4
canonical_core,rolling,2011-2015,2011,2015,apparatus:edelweiss,EDELWEISS,apparatus,0.00016041483042767386,0.00016041483042767386,0.0,1.0,1.0,0.0,0.0013166807108251613,0.4
canonical_core,rolling,2011-2015,2011,2015,apparatus:iaxo,IAXO,apparatus,0.00016041483042767386,0.00016041483042767386,0.0,1.0,1.0,0.0,0.00046229059759582945,0.4
canonical_core,rolling,2011-2015,2011,2015,apparatus:katrin,KATRIN,apparatus,0.00016041483042767386,0.00016041483042767386,0.0,1.0,1.0,0.0,0.00045472432082415846,0.4
canonical_core,rolling,2011-2015,2011,2015,apparatus:mimac,MIMAC,apparatus,0.00016041483042767386,0.00016041483042767386,0.0,1.0,1.0,0.0,0.000711507314638648,0.4
canonical_core,rolling,2011-2015,2011,2015,apparatus:pixie,PIXIE,apparatus,0.00016041483042767386,0.00016041483042767386,0.0,1.0,1.0,0.0,0.00017693104406320314,0.4
canonical_core,rolling,2011-2015,2011,2015,apparatus:xmm_newton,XMM-Newton,apparatus,0.00016041483042767386,0.00016041483042767386,0.0,1.0,1.0,0.0,0.0012271678932849156,0.4
canonical_core,rolling,2011-2015,2011,2015,dm_model:asymmetric_dm,Asymmetric DM,candidate,0.00016041483042767386,0.00016017479375256039,0.0014963496484304388,1.0,1.0,0.0,0.01714245474935688,0.8285714285714286
canonical_core,rolling,2011-2015,2011,2015,dm_model:atomic_dm,Atomic DM,candidate,0.00016041483042767386,0.00016041483042767386,0.0,1.0,1.0,0.0,0.002391710981379175,0.4
canonical_core,rolling,2011-2015,2011,2015,dm_model:axino,Axino,candidate,0.00016041483042767386,0.00016041483042767386,0.0,1.0,1.0,0.0,0.018571753151686042,0.4
canonical_core,rolling,2011-2015,2011,2015,dm_model:axion_alp,Axion + ALP,candidate,0.00016041483042767386,0.00015329296380825442,0.04439655984694305,1.0,0.9465648854961832,0.05343511450381677,0.08232544881737608,0.9142857142857143
canonical_core,rolling,2011-2015,2011,2015,dm_model:bino,Bino,candidate,0.00016041483042767386,0.00016041483042767386,0.0,1.0,1.0,0.0,0.051690837058585744,0.4
canonical_core,rolling,2011-2015,2011,2015,dm_model:dark_photon,Dark Photon,candidate,0.00016041483042767386,0.00016041483042767386,0.0,1.0,1.0,0.0,0.003259545100783302,0.4
canonical_core,rolling,2011-2015,2011,2015,dm_model:generic_composite,Generic Composite,candidate,0.00016041483042767386,0.00016041483042767386,0.0,1.0,1.0,0.0,0.003299471075658945,0.4
canonical_core,rolling,2011-2015,2011,2015,dm_model:gravitino,Gravitino,candidate,0.00016041483042767386,0.00016032356634508333,0.0005689254687189517,1.0,1.0,0.0,0.09216407954470346,0.8
canonical_core,rolling,2011-2015,2011,2015,dm_model:inert_doublet_model,Inert Doublet Model,candidate,0.00016041483042767386,0.00016041483042767386,0.0,1.0,1.0,0.0,0.0009951783208027273,0.4
canonical_core,rolling,2011-2015,2011,2015,dm_model:lkp_kaluza_klein,LKP Kaluza-Klein,candidate,0.00016041483042767386,0.00016041483042767386,0.0,1.0,1.0,0.0,0.0008220304151253596,0.4
canonical_core,rolling,2011-2015,2011,2015,dm_model:macho,MACHO,candidate,0.00016041483042767386,0.0001570336385018957,0.021077801327743468,1.0,0.9666666666666667,0.033333333333333326,0.001011999421714616,0.8571428571428571
canonical_core,rolling,2011-2015,2011,2015,dm_model:minimal_su_2_l,Minimal SU(2)L,candidate,0.00016041483042767386,0.00016041483042767386,0.0,1.0,1.0,0.0,0.0015146220378348303,0.4
canonical_core,rolling,2011-2015,2011,2015,dm_model:mirror_dm,Mirror DM,candidate,0.00016041483042767386,0.00016041483042767386,0.0,1.0,1.0,0.0,0.00272077964817328,0.4
canonical_core,rolling,2011-2015,2011,2015,dm_model:pbh,PBH,candidate,0.00016041483042767386,0.00015643913383667817,0.02478384685752736,1.0,0.9666666666666667,0.033333333333333326,0.0042005413532381075,0.8857142857142857
canonical_core,rolling,2011-2015,2011,2015,dm_model:q_ball,Q-ball,candidate,0.00016041483042767386,0.00016041483042767386,0.0,1.0,1.0,0.0,0.002534593779969859,0.4
canonical_core,rolling,2011-2015,2011,2015,dm_model:sfdm,SFDM,candidate,0.00016041483042767386,0.00016041483042767386,0.0,1.0,1.0,0.0,0.0015179991325719243,0.4
canonical_core,rolling,2011-2015,2011,2015,dm_model:sterile_nu,Sterile nu,candidate,0.00016041483042767386,0.0001530342717678925,0.04600920401252444,1.0,0.9770992366412213,0.022900763358778664,0.0399417016394042,0.9428571428571428
canonical_core,rolling,2011-2015,2011,2015,dm_model:superwimp,SuperWIMP,candidate,0.00016041483042767386,0.00016041483042767386,0.0,1.0,1.0,0.0,0.0007211681824276074,0.4
canonical_core,rolling,2011-2015,2011,2015,dm_model:twin_higgs,Twin Higgs,candidate,0.00016041483042767386,0.00016041483042767386,0.0,1.0,1.0,0.0,0.004247157144814358,0.4
canonical_core,rolling,2011-2015,2011,2015,dm_model:ula_fuzzy,ULA / Fuzzy,candidate,0.00016041483042767386,0.00016041483042767386,0.0,1.0,1.0,0.0,0.0022332895855964076,0.4
canonical_core,rolling,2011-2015,2011,2015,dm_model:vector_dm,Vector DM,candidate,0.00016041483042767386,0.00016041483042767386,0.0,1.0,1.0,0.0,0.003904644471845458,0.4
canonical_core,rolling,2011-2015,2011,2015,dm_model:wimp_core,Canonical WIMP core,candidate,0.00016041483042767386,0.00011761598754206949,0.26680103561186047,1.0,0.8534351145038168,0.14656488549618318,0.3949237175700613,1.0
canonical_core,rolling,2011-2015,2011,2015,dm_model:wino,Wino,candidate,0.00016041483042767386,0.00016041483042767386,0.0,1.0,1.0,0.0,0.04811526125353439,0.4
canonical_core,rolling,2011-2015,2011,2015,phenomenon:cmb,Cosmic microwave background,phenomenon,0.00016041483042767386,0.00015022680853832182,0.06351047382707867,1.0,0.9333333333333333,0.06666666666666665,0.03044511316862341,0.9714285714285714
canonical_core,rolling,2012-2016,2012,2016,apparatus:antares,ANTARES,apparatus,0.00016309565251671713,0.00016309565251671713,0.0,0.9375,0.9375,0.0,0.0005480437950995391,0.4
canonical_core,rolling,2012-2016,2012,2016,apparatus:cobe,COBE,apparatus,0.00016309565251671713,0.00016309565251671713,0.0,0.9375,0.9375,0.0,0.00027402189754976953,0.4
canonical_core,rolling,2012-2016,2012,2016,apparatus:cresst,CRESST,apparatus,0.00016309565251671713,0.00016309565251671713,0.0,0.9375,0.9375,0.0,0.004417923359081866,0.4
canonical_core,rolling,2012-2016,2012,2016,apparatus:cta,Cherenkov Telescope Array,apparatus,0.00016309565251671713,0.00016309565251671713,0.0,0.9375,0.9375,0.0,0.002597545940339996,0.4
canonical_core,rolling,2012-2016,2012,2016,apparatus:dama_libra,DAMA/LIBRA,apparatus,0.00016309565251671713,0.00016309565251671713,0.0,0.9375,0.9375,0.0,0.0003300434813609133,0.4
canonical_core,rolling,2012-2016,2012,2016,apparatus:darkside,DarkSide,apparatus,0.00016309565251671713,0.00016309565251671713,0.0,0.9375,0.9375,0.0,0.00020373301022285592,0.4
canonical_core,rolling,2012-2016,2012,2016,apparatus:darwin,DARWIN,apparatus,0.00016309565251671713,0.00016309565251671713,0.0,0.9375,0.9375,0.0,0.00030916634121322633,0.4
canonical_core,rolling,2012-2016,2012,2016,apparatus:edelweiss,EDELWEISS,apparatus,0.00016309565251671713,0.00016309565251671713,0.0,0.9375,0.9375,0.0,0.0004986320479203124,0.4
canonical_core,rolling,2012-2016,2012,2016,apparatus:iaxo,IAXO,apparatus,0.00016309565251671713,0.00016309565251671713,0.0,0.9375,0.9375,0.0,0.000576054587005111,0.4
canonical_core,rolling,2012-2016,2012,2016,apparatus:mimac,MIMAC,apparatus,0.00016309565251671713,0.00016309565251671713,0.0,0.9375,0.9375,0.0,0.000372321576782255,0.4
canonical_core,rolling,2012-2016,2012,2016,apparatus:pico,PICO,apparatus,0.00016309565251671713,0.00016309565251671713,0.0,0.9375,0.9375,0.0,0.0002948990376974564,0.4
canonical_core,rolling,2012-2016,2012,2016,apparatus:planck,Planck mission,apparatus,0.00016309565251671713,0.00016309565251671713,0.0,0.9375,0.9375,0.0,0.010383573924728069,0.4
canonical_core,rolling,2012-2016,2012,2016,apparatus:xmm_newton,XMM-Newton,apparatus,0.00016309565251671713,0.00016309565251671713,0.0,0.9375,0.9375,0.0,0.0011587190106421388,0.4
canonical_core,rolling,2012-2016,2012,2016,dm_model:asymmetric_dm,Asymmetric DM,candidate,0.00016309565251671713,0.00016293125443028362,0.0010079857059136334,0.9375,0.9375,0.0,0.014660195934024473,0.825
canonical_core,rolling,2012-2016,2012,2016,dm_model:atomic_dm,Atomic DM,candidate,0.00016309565251671713,0.00016309565251671713,0.0,0.9375,0.9375,0.0,0.0019374589776181698,0.4
canonical_core,rolling,2012-2016,2012,2016,dm_model:axino,Axino,candidate,0.00016309565251671713,0.00016309565251671713,0.0,0.9375,0.9375,0.0,0.01611885237361808,0.4
canonical_core,rolling,2012-2016,2012,2016,dm_model:axion_alp,Axion + ALP,candidate,0.00016309565251671713,0.00015747713821641653,0.03444919722630075,0.9375,0.9095149253731343,0.027985074626865725,0.0919123441731014,0.925
canonical_core,rolling,2012-2016,2012,2016,dm_model:bino,Bino,candidate,0.00016309565251671713,0.00016309565251671713,0.0,0.9375,0.9375,0.0,0.048545499012435364,0.4
canonical_core,rolling,2012-2016,2012,2016,dm_model:dark_photon,Dark Photon,candidate,0.00016309565251671713,0.00016309565251671713,0.0,0.9375,0.9375,0.0,0.004456534748621432,0.4
canonical_core,rolling,2012-2016,2012,2016,dm_model:generic_composite,Generic Composite,candidate,0.00016309565251671713,0.00016249473074801002,0.003684474475158185,0.9375,0.9305037313432836,0.006996268656716431,0.00430882332220972,0.875
canonical_core,rolling,2012-2016,2012,2016,dm_model:gravitino,Gravitino,candidate,0.00016309565251671713,0.00016296077410296033,0.0008269896326204646,0.9375,0.9375,0.0,0.07421002086923853,0.8
canonical_core,rolling,2012-2016,2012,2016,dm_model:inert_doublet_model,Inert Doublet Model,candidate,0.00016309565251671713,0.00016309565251671713,0.0,0.9375,0.9375,0.0,0.001361404390613059,0.4
canonical_core,rolling,2012-2016,2012,2016,dm_model:lkp_kaluza_klein,LKP Kaluza-Klein,candidate,0.00016309565251671713,0.00016309565251671713,0.0,0.9375,0.9375,0.0,0.0006947075912593153,0.4
canonical_core,rolling,2012-2016,2012,2016,dm_model:macho,MACHO,candidate,0.00016309565251671713,0.00016309565251671713,0.0,0.9375,0.9375,0.0,0.0003514444366345681,0.4
canonical_core,rolling,2012-2016,2012,2016,dm_model:macroscopic_dm,Macroscopic DM,candidate,0.00016309565251671713,0.00016309565251671713,0.0,0.9375,0.9375,0.0,0.00010543333099037043,0.4
canonical_core,rolling,2012-2016,2012,2016,dm_model:minimal_su_2_l,Minimal SU(2)L,candidate,0.00016309565251671713,0.00016309565251671713,0.0,0.9375,0.9375,0.0,0.002098390077293716,0.4
canonical_core,rolling,2012-2016,2012,2016,dm_model:mirror_dm,Mirror DM,candidate,0.00016309565251671713,0.00016309565251671713,0.0,0.9375,0.9375,0.0,0.00243661484066445,0.4
canonical_core,rolling,2012-2016,2012,2016,dm_model:pbh,PBH,candidate,0.00016309565251671713,0.00016062562099289487,0.015144680349889044,0.9375,0.9305037313432836,0.006996268656716431,0.005662246190818624,0.9
canonical_core,rolling,2012-2016,2012,2016,dm_model:q_ball,Q-ball,candidate,0.00016309565251671713,0.00016309565251671713,0.0,0.9375,0.9375,0.0,0.0018946570670708603,0.4
canonical_core,rolling,2012-2016,2012,2016,dm_model:quark_nugget_aqn,Quark Nugget / AQN,candidate,0.00016309565251671713,0.00016309565251671713,0.0,0.9375,0.9375,0.0,0.0001685885665593991,0.4
canonical_core,rolling,2012-2016,2012,2016,dm_model:sfdm,SFDM,candidate,0.00016309565251671713,0.00016309565251671713,0.0,0.9375,0.9375,0.0,0.002213052320545843,0.4
canonical_core,rolling,2012-2016,2012,2016,dm_model:sterile_nu,Sterile nu,candidate,0.00016309565251671713,0.0001505609970395401,0.07685462661791215,0.9375,0.8859608208955224,0.051539179104477584,0.043526204814963686,0.95
canonical_core,rolling,2012-2016,2012,2016,dm_model:superwimp,SuperWIMP,candidate,0.00016309565251671713,0.00016309565251671713,0.0,0.9375,0.9375,0.0,0.0007930072704918009,0.4
canonical_core,rolling,2012-2016,2012,2016,dm_model:twin_higgs,Twin Higgs,candidate,0.00016309565251671713,0.00016309565251671713,0.0,0.9375,0.9375,0.0,0.005178729316660351,0.4
canonical_core,rolling,2012-2016,2012,2016,dm_model:ula_fuzzy,ULA / Fuzzy,candidate,0.00016309565251671713,0.00016250610394134572,0.0036147412041592202,0.9375,0.9375,0.0,0.004580949719261283,0.85
canonical_core,rolling,2012-2016,2012,2016,dm_model:vector_dm,Vector DM,candidate,0.00016309565251671713,0.00016309565251671713,0.0,0.9375,0.9375,0.0,0.006098047058290209,0.4
canonical_core,rolling,2012-2016,2012,2016,dm_model:wimp_core,Canonical WIMP core,candidate,0.00016309565251671713,0.0001269290582765541,0.22175081727856602,0.9375,0.7882462686567164,0.14925373134328357,0.35461522720450017,1.0
canonical_core,rolling,2012-2016,2012,2016,dm_model:wimpzilla,WIMPzilla,candidate,0.00016309565251671713,0.00016309565251671713,0.0,0.9375,0.9375,0.0,0.00018946570670708602,0.4
canonical_core,rolling,2012-2016,2012,2016,dm_model:wino,Wino,candidate,0.00016309565251671713,0.00016309565251671713,0.0,0.9375,0.9375,0.0,0.045220196297676464,0.4
canonical_core,rolling,2012-2016,2012,2016,phenomenon:cmb,Cosmic microwave background,phenomenon,0.00016309565251671713,0.0001491445763497172,0.08553922775820133,0.9375,0.90625,0.03125,0.03794734288962117,0.975
canonical_core,rolling,2013-2017,2013,2017,apparatus:cobe,COBE,apparatus,0.0001833884759971388,0.0001833884759971388,0.0,1.0,1.0,0.0,0.0002673370850743635,0.3974358974358974
canonical_core,rolling,2013-2017,2013,2017,apparatus:cresst,CRESST,apparatus,0.0001833884759971388,0.0001833884759971388,0.0,1.0,1.0,0.0,0.002127154774706701,0.3974358974358974
canonical_core,rolling,2013-2017,2013,2017,apparatus:cta,Cherenkov Telescope Array,apparatus,0.0001833884759971388,0.0001833884759971388,0.0,1.0,1.0,0.0,0.0022262606012489585,0.3974358974358974
canonical_core,rolling,2013-2017,2013,2017,apparatus:dama_libra,DAMA/LIBRA,apparatus,0.0001833884759971388,0.0001833884759971388,0.0,1.0,1.0,0.0,0.000320779301421358,0.3974358974358974
canonical_core,rolling,2013-2017,2013,2017,apparatus:darkside,DarkSide,apparatus,0.0001833884759971388,0.0001833884759971388,0.0,1.0,1.0,0.0,0.0002596844822620227,0.3974358974358974
canonical_core,rolling,2013-2017,2013,2017,apparatus:deap,DEAP,apparatus,0.0001833884759971388,0.0001833884759971388,0.0,1.0,1.0,0.0,0.0002673370850743635,0.3974358974358974
canonical_core,rolling,2013-2017,2013,2017,apparatus:edelweiss,EDELWEISS,apparatus,0.0001833884759971388,0.0001833884759971388,0.0,1.0,1.0,0.0,0.00023296337408852544,0.3974358974358974
canonical_core,rolling,2013-2017,2013,2017,apparatus:gaps,GAPS,apparatus,0.0001833884759971388,0.0001833884759971388,0.0,1.0,1.0,0.0,0.00010312113295751409,0.3974358974358974
canonical_core,rolling,2013-2017,2013,2017,apparatus:integral,INTEGRAL,apparatus,0.0001833884759971388,0.0001833884759971388,0.0,1.0,1.0,0.0,0.00028640559043551997,0.3974358974358974
canonical_core,rolling,2013-2017,2013,2017,apparatus:planck,Planck mission,apparatus,0.0001833884759971388,0.0001833884759971388,0.0,1.0,1.0,0.0,0.010203590819645338,0.3974358974358974
canonical_core,rolling,2013-2017,2013,2017,apparatus:xmass,XMASS,apparatus,0.0001833884759971388,0.0001833884759971388,0.0,1.0,1.0,0.0,0.00013749484394335213,0.3974358974358974
canonical_core,rolling,2013-2017,2013,2017,apparatus:xmm_newton,XMM-Newton,apparatus,0.0001833884759971388,0.0001833884759971388,0.0,1.0,1.0,0.0,0.0012984224113101134,0.3974358974358974
canonical_core,rolling,2013-2017,2013,2017,dm_model:asymmetric_dm,Asymmetric DM,candidate,0.0001833884759971388,0.0001832453262765199,0.0007805818759360886,1.0,1.0,0.0,0.011527978319092604,0.7948717948717948
canonical_core,rolling,2013-2017,2013,2017,dm_model:atomic_dm,Atomic DM,candidate,0.0001833884759971388,0.0001833884759971388,0.0,1.0,1.0,0.0,0.0014510964575387563,0.3974358974358974
canonical_core,rolling,2013-2017,2013,2017,dm_model:axino,Axino,candidate,0.0001833884759971388,0.0001833884759971388,0.0,1.0,1.0,0.0,0.012539743133288416,0.3974358974358974
canonical_core,rolling,2013-2017,2013,2017,dm_model:axion_alp,Axion + ALP,candidate,0.0001833884759971388,0.00017493576403498288,0.046091838193190474,1.0,0.9774436090225563,0.022556390977443663,0.1000159990640136,0.9230769230769231
canonical_core,rolling,2013-2017,2013,2017,dm_model:bino,Bino,candidate,0.0001833884759971388,0.0001833884759971388,0.0,1.0,1.0,0.0,0.04598533032161831,0.3974358974358974
canonical_core,rolling,2013-2017,2013,2017,dm_model:dark_photon,Dark Photon,candidate,0.0001833884759971388,0.0001833884759971388,0.0,1.0,1.0,0.0,0.00622414495477925,0.3974358974358974
canonical_core,rolling,2013-2017,2013,2017,dm_model:generic_composite,Generic Composite,candidate,0.0001833884759971388,0.0001833884759971388,0.0,1.0,1.0,0.0,0.005349622977848008,0.3974358974358974
canonical_core,rolling,2013-2017,2013,2017,dm_model:gravitino,Gravitino,candidate,0.0001833884759971388,0.0001823575825985002,0.00562136411807408,1.0,0.9924812030075187,0.007518796992481258,0.061503666394768265,0.8461538461538461
canonical_core,rolling,2013-2017,2013,2017,dm_model:inert_doublet_model,Inert Doublet Model,candidate,0.0001833884759971388,0.0001833884759971388,0.0,1.0,1.0,0.0,0.0013784597324912142,0.3974358974358974
canonical_core,rolling,2013-2017,2013,2017,dm_model:lkp_kaluza_klein,LKP Kaluza-Klein,candidate,0.0001833884759971388,0.0001833884759971388,0.0,1.0,1.0,0.0,0.0005498533724340175,0.3974358974358974
canonical_core,rolling,2013-2017,2013,2017,dm_model:macho,MACHO,candidate,0.0001833884759971388,0.00018220085388039075,0.006475990981933783,1.0,0.9736842105263158,0.02631578947368418,0.00030936339887254225,0.8717948717948718
canonical_core,rolling,2013-2017,2013,2017,dm_model:macroscopic_dm,Macroscopic DM,candidate,0.0001833884759971388,0.0001833884759971388,0.0,1.0,1.0,0.0,0.00010312113295751409,0.3974358974358974
canonical_core,rolling,2013-2017,2013,2017,dm_model:minimal_su_2_l,Minimal SU(2)L,candidate,0.0001833884759971388,0.0001833884759971388,0.0,1.0,1.0,0.0,0.0021269027680279194,0.3974358974358974
canonical_core,rolling,2013-2017,2013,2017,dm_model:mirror_dm,Mirror DM,candidate,0.0001833884759971388,0.0001833884759971388,0.0,1.0,1.0,0.0,0.001886412794466444,0.3974358974358974
canonical_core,rolling,2013-2017,2013,2017,dm_model:pbh,PBH,candidate,0.0001833884759971388,0.00017308282955494792,0.05619571451344448,1.0,0.9141274238227147,0.08587257617728528,0.009559276943781274,0.9487179487179487
canonical_core,rolling,2013-2017,2013,2017,dm_model:q_ball,Q-ball,candidate,0.0001833884759971388,0.0001833884759971388,0.0,1.0,1.0,0.0,0.001466275659824047,0.3974358974358974
canonical_core,rolling,2013-2017,2013,2017,dm_model:scotogenic_model,Scotogenic Model,candidate,0.0001833884759971388,0.0001833884759971388,0.0,1.0,1.0,0.0,0.00018328445747800586,0.3974358974358974
canonical_core,rolling,2013-2017,2013,2017,dm_model:sfdm,SFDM,candidate,0.0001833884759971388,0.0001833884759971388,0.0,1.0,1.0,0.0,0.0023640074518710926,0.3974358974358974
canonical_core,rolling,2013-2017,2013,2017,dm_model:sterile_nu,Sterile nu,candidate,0.0001833884759971388,0.0001703159973571074,0.07128298857903895,1.0,0.9663632766125841,0.03363672338741586,0.04952809061326867,0.9743589743589743
canonical_core,rolling,2013-2017,2013,2017,dm_model:superwimp,SuperWIMP,candidate,0.0001833884759971388,0.0001833884759971388,0.0,1.0,1.0,0.0,0.0005842270834198556,0.3974358974358974
canonical_core,rolling,2013-2017,2013,2017,dm_model:twin_higgs,Twin Higgs,candidate,0.0001833884759971388,0.0001833884759971388,0.0,1.0,1.0,0.0,0.006598240469208211,0.3974358974358974
canonical_core,rolling,2013-2017,2013,2017,dm_model:ula_fuzzy,ULA / Fuzzy,candidate,0.0001833884759971388,0.00018268111561679467,0.0038571691950543574,1.0,1.0,0.0,0.007756412763553625,0.8205128205128205
canonical_core,rolling,2013-2017,2013,2017,dm_model:vector_dm,Vector DM,candidate,0.0001833884759971388,0.0001833884759971388,0.0,1.0,1.0,0.0,0.007365752010106073,0.3974358974358974
canonical_core,rolling,2013-2017,2013,2017,dm_model:wimp_core,Canonical WIMP core,candidate,0.0001833884759971388,0.00015291766724486605,0.1661544357495405,1.0,0.9663632766125841,0.03363672338741586,0.32420112370786097,1.0
canonical_core,rolling,2013-2017,2013,2017,dm_model:wimpzilla,WIMPzilla,candidate,0.0001833884759971388,0.0001833884759971388,0.0,1.0,1.0,0.0,0.0004353163369276878,0.3974358974358974
canonical_core,rolling,2013-2017,2013,2017,dm_model:wino,Wino,candidate,0.0001833884759971388,0.0001833884759971388,0.0,1.0,1.0,0.0,0.04381276394339514,0.3974358974358974
canonical_core,rolling,2013-2017,2013,2017,phenomenon:cmb,Cosmic microwave background,phenomenon,0.0001833884759971388,0.00017575714076113665,0.04161294865726029,1.0,1.0,0.0,0.040143202291204404,0.8974358974358975
canonical_core,rolling,2014-2018,2014,2018,apparatus:antares,ANTARES,apparatus,0.00017070763247098452,0.00017070763247098452,0.0,1.0,1.0,0.0,0.0003895104088813527,0.38372093023255816
canonical_core,rolling,2014-2018,2014,2018,apparatus:chandra,Chandra X-ray Observatory,apparatus,0.00017070763247098452,0.00017070763247098452,0.0,1.0,1.0,0.0,9.944971159583638e-05,0.38372093023255816
canonical_core,rolling,2014-2018,2014,2018,apparatus:cresst,CRESST,apparatus,0.00017070763247098452,0.00017070763247098452,0.0,1.0,1.0,0.0,0.0018563830780275352,0.38372093023255816
canonical_core,rolling,2014-2018,2014,2018,apparatus:cta,Cherenkov Telescope Array,apparatus,0.00017070763247098452,0.00017070763247098452,0.0,1.0,1.0,0.0,0.001988967308917881,0.38372093023255816
canonical_core,rolling,2014-2018,2014,2018,apparatus:darkside,DarkSide,apparatus,0.00017070763247098452,0.00017070763247098452,0.0,1.0,1.0,0.0,0.00031492216364880233,0.38372093023255816
canonical_core,rolling,2014-2018,2014,2018,apparatus:deap,DEAP,apparatus,0.00017070763247098452,0.00017070763247098452,0.0,1.0,1.0,0.0,0.00034807206751408113,0.38372093023255816
canonical_core,rolling,2014-2018,2014,2018,apparatus:edelweiss,EDELWEISS,apparatus,0.00017070763247098452,0.00017070763247098452,0.0,1.0,1.0,0.0,9.944971159583638e-05,0.38372093023255816
canonical_core,rolling,2014-2018,2014,2018,apparatus:einstein_telescope,Einstein Telescope,apparatus,0.00017070763247098452,0.00017070763247098452,0.0,1.0,1.0,0.0,0.00025691079342023756,0.38372093023255816
canonical_core,rolling,2014-2018,2014,2018,apparatus:gaps,GAPS,apparatus,0.00017070763247098452,0.00017070763247098452,0.0,1.0,1.0,0.0,9.944971159583638e-05,0.38372093023255816
canonical_core,rolling,2014-2018,2014,2018,apparatus:hawc,HAWC,apparatus,0.00017070763247098452,0.00017070763247098452,0.0,1.0,1.0,0.0,0.0007127210100321478,0.38372093023255816
canonical_core,rolling,2014-2018,2014,2018,apparatus:haystac,HAYSTAC,apparatus,0.00017070763247098452,0.00017070763247098452,0.0,1.0,1.0,0.0,0.00015746108182440117,0.38372093023255816
canonical_core,rolling,2014-2018,2014,2018,apparatus:integral,INTEGRAL,apparatus,0.00017070763247098452,0.00017070763247098452,0.0,1.0,1.0,0.0,9.944971159583638e-05,0.38372093023255816
canonical_core,rolling,2014-2018,2014,2018,apparatus:lhaaso,LHAASO,apparatus,0.00017070763247098452,0.00017070763247098452,0.0,1.0,1.0,0.0,0.00031492216364880233,0.38372093023255816
canonical_core,rolling,2014-2018,2014,2018,apparatus:pamela,PAMELA,apparatus,0.00017070763247098452,0.00017070763247098452,0.0,1.0,1.0,0.0,0.0011933888468646518,0.38372093023255816
canonical_core,rolling,2014-2018,2014,2018,dm_model:asymmetric_dm,Asymmetric DM,candidate,0.00017070763247098452,0.00017065794946253076,0.00029104151779626455,1.0,1.0,0.0,0.00946414947704344,0.7674418604651163
canonical_core,rolling,2014-2018,2014,2018,dm_model:atomic_dm,Atomic DM,candidate,0.00017070763247098452,0.00017070763247098452,0.0,1.0,1.0,0.0,0.0014419996643548197,0.38372093023255816
canonical_core,rolling,2014-2018,2014,2018,dm_model:axino,Axino,candidate,0.00017070763247098452,0.00017070763247098452,0.0,1.0,1.0,0.0,0.011196194454113005,0.38372093023255816
canonical_core,rolling,2014-2018,2014,2018,dm_model:axion_alp,Axion + ALP,candidate,0.00017070763247098452,0.00015825848273028065,0.07292673186607446,1.0,0.9671052631578947,0.03289473684210531,0.11246778922802662,0.9767441860465116
canonical_core,rolling,2014-2018,2014,2018,dm_model:bino,Bino,candidate,0.00017070763247098452,0.00017070763247098452,0.0,1.0,1.0,0.0,0.04008585682793828,0.38372093023255816
canonical_core,rolling,2014-2018,2014,2018,dm_model:dark_photon,Dark Photon,candidate,0.00017070763247098452,0.00017070763247098452,0.0,1.0,1.0,0.0,0.0074254669276843715,0.38372093023255816
canonical_core,rolling,2014-2018,2014,2018,dm_model:generic_composite,Generic Composite,candidate,0.00017070763247098452,0.00017070763247098452,0.0,1.0,1.0,0.0,0.0058922982969503235,0.38372093023255816
canonical_core,rolling,2014-2018,2014,2018,dm_model:gravitino,Gravitino,candidate,0.00017070763247098452,0.00016993327994782774,0.004536132989181987,1.0,0.993421052631579,0.006578947368421018,0.05006382789182219,0.8604651162790697
canonical_core,rolling,2014-2018,2014,2018,dm_model:inert_doublet_model,Inert Doublet Model,candidate,0.00017070763247098452,0.00017070763247098452,0.0,1.0,1.0,0.0,0.0010773545679794451,0.38372093023255816
canonical_core,rolling,2014-2018,2014,2018,dm_model:lkp_kaluza_klein,LKP Kaluza-Klein,candidate,0.00017070763247098452,0.00017070763247098452,0.0,1.0,1.0,0.0,0.0003812181252366676,0.38372093023255816
canonical_core,rolling,2014-2018,2014,2018,dm_model:macho,MACHO,candidate,0.00017070763247098452,0.00016836884135524777,0.013700565592076157,1.0,0.9722222222222222,0.02777777777777779,0.0010276470198236425,0.8837209302325582
canonical_core,rolling,2014-2018,2014,2018,dm_model:macroscopic_dm,Macroscopic DM,candidate,0.00017070763247098452,0.00017070763247098452,0.0,1.0,1.0,0.0,0.00015746108182440117,0.38372093023255816
canonical_core,rolling,2014-2018,2014,2018,dm_model:minimal_su_2_l,Minimal SU(2)L,candidate,0.00017070763247098452,0.00017070763247098452,0.0,1.0,1.0,0.0,0.002809411083477089,0.38372093023255816
canonical_core,rolling,2014-2018,2014,2018,dm_model:mirror_dm,Mirror DM,candidate,0.00017070763247098452,0.00017070763247098452,0.0,1.0,1.0,0.0,0.002386762309158534,0.38372093023255816
canonical_core,rolling,2014-2018,2014,2018,dm_model:pbh,PBH,candidate,0.00017070763247098452,0.00015916683268907863,0.06760564606780252,1.0,0.9722222222222222,0.02777777777777779,0.017503068471870664,0.9534883720930233
canonical_core,rolling,2014-2018,2014,2018,dm_model:q_ball,Q-ball,candidate,0.00017070763247098452,0.00017070763247098452,0.0,1.0,1.0,0.0,0.0004060795915999536,0.38372093023255816
canonical_core,rolling,2014-2018,2014,2018,dm_model:quark_nugget_aqn,Quark Nugget / AQN,candidate,0.00017070763247098452,0.00017070763247098452,0.0,1.0,1.0,0.0,0.0006795634138814844,0.38372093023255816
canonical_core,rolling,2014-2018,2014,2018,dm_model:scotogenic_model,Scotogenic Model,candidate,0.00017070763247098452,0.00017070763247098452,0.0,1.0,1.0,0.0,0.0006381250725142128,0.38372093023255816
canonical_core,rolling,2014-2018,2014,2018,dm_model:sfdm,SFDM,candidate,0.00017070763247098452,0.00017070763247098452,0.0,1.0,1.0,0.0,0.0029171800017164565,0.38372093023255816
canonical_core,rolling,2014-2018,2014,2018,dm_model:sterile_nu,Sterile nu,candidate,0.00017070763247098452,0.00016140992634920955,0.05446567319334899,1.0,0.9530336257309941,0.04696637426900585,0.047097159572083394,0.9302325581395349
canonical_core,rolling,2014-2018,2014,2018,dm_model:superwimp,SuperWIMP,candidate,0.00017070763247098452,0.00017070763247098452,0.0,1.0,1.0,0.0,0.0006132636061509268,0.38372093023255816
canonical_core,rolling,2014-2018,2014,2018,dm_model:twin_higgs,Twin Higgs,candidate,0.00017070763247098452,0.00017070763247098452,0.0,1.0,1.0,0.0,0.008411648683141896,0.38372093023255816
canonical_core,rolling,2014-2018,2014,2018,dm_model:ula_fuzzy,ULA / Fuzzy,candidate,0.00017070763247098452,0.00017058188316435648,0.0007366355259447477,1.0,1.0,0.0,0.012049930439817108,0.7906976744186046
canonical_core,rolling,2014-2018,2014,2018,dm_model:vector_dm,Vector DM,candidate,0.00017070763247098452,0.00017011583541713316,0.0034667287296129366,1.0,0.993421052631579,0.006578947368421018,0.008942039452700971,0.8372093023255814
canonical_core,rolling,2014-2018,2014,2018,dm_model:wimp_core,Canonical WIMP core,candidate,0.00017070763247098452,0.00014515451076388113,0.1496893919576016,1.0,0.8947368421052632,0.10526315789473684,0.2841068722439166,1.0
canonical_core,rolling,2014-2018,2014,2018,dm_model:wimpzilla,WIMPzilla,candidate,0.00017070763247098452,0.00017070763247098452,0.0,1.0,1.0,0.0,0.000795586154338614,0.38372093023255816
canonical_core,rolling,2014-2018,2014,2018,dm_model:wino,Wino,candidate,0.00017070763247098452,0.00017070763247098452,0.0,1.0,1.0,0.0,0.034823406704428246,0.38372093023255816
canonical_core,rolling,2014-2018,2014,2018,phenomenon:black_holes,Black-hole systems,phenomenon,0.00017070763247098452,0.00017050298174662893,0.0011988375762307121,1.0,1.0,0.0,0.00988690594335738,0.813953488372093
canonical_core,rolling,2014-2018,2014,2018,phenomenon:cmb,Cosmic microwave background,phenomenon,0.00017070763247098452,0.00016785249088552994,0.016725330579110898,1.0,1.0,0.0,0.040740843390015706,0.9069767441860465
canonical_core,rolling,2015-2019,2015,2019,apparatus:antares,ANTARES,apparatus,0.00015634719141519341,0.00015634719141519341,0.0,1.0,1.0,0.0,0.00043319213731062836,0.38636363636363635
canonical_core,rolling,2015-2019,2015,2019,apparatus:bicep_keck,BICEP/Keck,apparatus,0.00015634719141519341,0.00015634719141519341,0.0,1.0,1.0,0.0,0.0007520223971042634,0.38636363636363635
canonical_core,rolling,2015-2019,2015,2019,apparatus:cast,CAST,apparatus,0.00015634719141519341,0.00015634719141519341,0.0,1.0,1.0,0.0,0.00020654640621178014,0.38636363636363635
canonical_core,rolling,2015-2019,2015,2019,apparatus:cmb_s4,CMB-S4,apparatus,0.00015634719141519341,0.00015634719141519341,0.0,1.0,1.0,0.0,9.426255262992522e-05,0.38636363636363635
canonical_core,rolling,2015-2019,2015,2019,apparatus:cresst,CRESST,apparatus,0.00015634719141519341,0.00015634719141519341,0.0,1.0,1.0,0.0,0.0003255300347559911,0.38636363636363635
canonical_core,rolling,2015-2019,2015,2019,apparatus:cta,Cherenkov Telescope Array,apparatus,0.00015634719141519341,0.0001558439072842866,0.0032190161291117073,1.0,0.9932885906040269,0.006711409395973145,0.0027102900598243687,0.8409090909090909
canonical_core,rolling,2015-2019,2015,2019,apparatus:darkside,DarkSide,apparatus,0.00015634719141519341,0.00015634719141519341,0.0,1.0,1.0,0.0,0.00033222980971834713,0.38636363636363635
canonical_core,rolling,2015-2019,2015,2019,apparatus:deap,DEAP,apparatus,0.00015634719141519341,0.00015634719141519341,0.0,1.0,1.0,0.0,0.0002693881079650636,0.38636363636363635
canonical_core,rolling,2015-2019,2015,2019,apparatus:edelweiss,EDELWEISS,apparatus,0.00015634719141519341,0.00015634719141519341,0.0,1.0,1.0,0.0,9.426255262992522e-05,0.38636363636363635
canonical_core,rolling,2015-2019,2015,2019,apparatus:einstein_telescope,Einstein Telescope,apparatus,0.00015634719141519341,0.00015634719141519341,0.0,1.0,1.0,0.0,0.0004130928124235603,0.38636363636363635
canonical_core,rolling,2015-2019,2015,2019,apparatus:haystac,HAYSTAC,apparatus,0.00015634719141519341,0.00015634719141519341,0.0,1.0,1.0,0.0,0.00015040447942085269,0.38636363636363635
canonical_core,rolling,2015-2019,2015,2019,apparatus:pamela,PAMELA,apparatus,0.00015634719141519341,0.00015634719141519341,0.0,1.0,1.0,0.0,0.0004893340641015558,0.38636363636363635
canonical_core,rolling,2015-2019,2015,2019,apparatus:planck,Planck mission,apparatus,0.00015634719141519341,0.00015634719141519341,0.0,1.0,1.0,0.0,0.0035179886805626185,0.38636363636363635
canonical_core,rolling,2015-2019,2015,2019,apparatus:ska,Square Kilometre Array,apparatus,0.00015634719141519341,0.00015634719141519341,0.0,1.0,1.0,0.0,0.00029410918387934933,0.38636363636363635
canonical_core,rolling,2015-2019,2015,2019,apparatus:xmm_newton,XMM-Newton,apparatus,0.00015634719141519341,0.00015634719141519341,0.0,1.0,1.0,0.0,0.0006644596194366943,0.38636363636363635
canonical_core,rolling,2015-2019,2015,2019,dm_model:asymmetric_dm,Asymmetric DM,candidate,0.00015634719141519341,0.00015570899693372544,0.004081905633809528,1.0,0.9932885906040269,0.006711409395973145,0.008416667267611902,0.8636363636363636
canonical_core,rolling,2015-2019,2015,2019,dm_model:atomic_dm,Atomic DM,candidate,0.00015634719141519341,0.00015634719141519341,0.0,1.0,1.0,0.0,0.0005366981919949889,0.38636363636363635
canonical_core,rolling,2015-2019,2015,2019,dm_model:axino,Axino,candidate,0.00015634719141519341,0.00015634719141519341,0.0,1.0,1.0,0.0,0.008758140579384684,0.38636363636363635
canonical_core,rolling,2015-2019,2015,2019,dm_model:axion_alp,Axion + ALP,candidate,0.00015634719141519341,0.0001385872999005922,0.11359264821993696,1.0,0.9395973154362416,0.06040268456375841,0.12032314958601319,0.9772727272727273
canonical_core,rolling,2015-2019,2015,2019,dm_model:bino,Bino,candidate,0.00015634719141519341,0.00015634719141519341,0.0,1.0,1.0,0.0,0.03233774983157422,0.38636363636363635
canonical_core,rolling,2015-2019,2015,2019,dm_model:dark_photon,Dark Photon,candidate,0.00015634719141519341,0.00015634719141519341,0.0,1.0,1.0,0.0,0.008445544391396465,0.38636363636363635
canonical_core,rolling,2015-2019,2015,2019,dm_model:generic_composite,Generic Composite,candidate,0.00015634719141519341,0.00015634719141519341,0.0,1.0,1.0,0.0,0.006456321580956659,0.38636363636363635
canonical_core,rolling,2015-2019,2015,2019,dm_model:gravitino,Gravitino,candidate,0.00015634719141519341,0.00015621194457823612,0.00086504167892686,1.0,1.0,0.0,0.03594838874398856,0.7727272727272727
canonical_core,rolling,2015-2019,2015,2019,dm_model:inert_doublet_model,Inert Doublet Model,candidate,0.00015634719141519341,0.00015634719141519341,0.0,1.0,1.0,0.0,0.0016033948010226108,0.38636363636363635
canonical_core,rolling,2015-2019,2015,2019,dm_model:macho,MACHO,candidate,0.00015634719141519341,0.00015634719141519341,0.0,1.0,1.0,0.0,0.0008169421227926853,0.38636363636363635
canonical_core,rolling,2015-2019,2015,2019,dm_model:macroscopic_dm,Macroscopic DM,candidate,0.00015634719141519341,0.00015634719141519341,0.0,1.0,1.0,0.0,0.0002446670320507779,0.38636363636363635
canonical_core,rolling,2015-2019,2015,2019,dm_model:minimal_su_2_l,Minimal SU(2)L,candidate,0.00015634719141519341,0.00015634719141519341,0.0,1.0,1.0,0.0,0.003195468076055648,0.38636363636363635
canonical_core,rolling,2015-2019,2015,2019,dm_model:mirror_dm,Mirror DM,candidate,0.00015634719141519341,0.00015634719141519341,0.0,1.0,1.0,0.0,0.001717756678539604,0.38636363636363635
canonical_core,rolling,2015-2019,2015,2019,dm_model:pbh,PBH,candidate,0.00015634719141519341,0.00014365007724356896,0.08121101541188659,1.0,0.9782608695652174,0.021739130434782594,0.023667782383237034,0.9545454545454546
canonical_core,rolling,2015-2019,2015,2019,dm_model:planckian_dm,Planckian DM,candidate,0.00015634719141519341,0.00015634719141519341,0.0,1.0,1.0,0.0,0.00019984663124942412,0.38636363636363635
canonical_core,rolling,2015-2019,2015,2019,dm_model:quark_nugget_aqn,Quark Nugget / AQN,candidate,0.00015634719141519341,0.00015634719141519341,0.0,1.0,1.0,0.0,0.0010553750830380481,0.38636363636363635
canonical_core,rolling,2015-2019,2015,2019,dm_model:scotogenic_model,Scotogenic Model,candidate,0.00015634719141519341,0.00015634719141519341,0.0,1.0,1.0,0.0,0.0020211093644733886,0.38636363636363635
canonical_core,rolling,2015-2019,2015,2019,dm_model:sfdm,SFDM,candidate,0.00015634719141519341,0.00015634719141519341,0.0,1.0,1.0,0.0,0.0016833263974139418,0.38636363636363635
canonical_core,rolling,2015-2019,2015,2019,dm_model:sterile_nu,Sterile nu,candidate,0.00015634719141519341,0.0001454123212849726,0.06993966460953131,1.0,0.9069156696819376,0.0930843303180624,0.044482607250131666,0.9318181818181818
canonical_core,rolling,2015-2019,2015,2019,dm_model:superwimp,SuperWIMP,candidate,0.00015634719141519341,0.00015634719141519341,0.0,1.0,1.0,0.0,0.00039299348753649225,0.38636363636363635
canonical_core,rolling,2015-2019,2015,2019,dm_model:twin_higgs,Twin Higgs,candidate,0.00015634719141519341,0.00015634719141519341,0.0,1.0,1.0,0.0,0.008309005165057264,0.38636363636363635
canonical_core,rolling,2015-2019,2015,2019,dm_model:ula_fuzzy,ULA / Fuzzy,candidate,0.00015634719141519341,0.00015522969792800199,0.007147512386223992,1.0,1.0,0.0,0.01398507285904722,0.8863636363636364
canonical_core,rolling,2015-2019,2015,2019,dm_model:vector_dm,Vector DM,candidate,0.00015634719141519341,0.00015634719141519341,0.0,1.0,1.0,0.0,0.009719253109792807,0.38636363636363635
canonical_core,rolling,2015-2019,2015,2019,dm_model:wimp_core,Canonical WIMP core,candidate,0.00015634719141519341,0.00013701649034312838,0.12363957994442441,1.0,0.909687773562883,0.090312226437117,0.25023857761046836,1.0
canonical_core,rolling,2015-2019,2015,2019,dm_model:wimpzilla,WIMPzilla,candidate,0.00015634719141519341,0.00015634719141519341,0.0,1.0,1.0,0.0,0.0010306540071237625,0.38636363636363635
canonical_core,rolling,2015-2019,2015,2019,dm_model:wino,Wino,candidate,0.00015634719141519341,0.00015634719141519341,0.0,1.0,1.0,0.0,0.031237088644577877,0.38636363636363635
canonical_core,rolling,2015-2019,2015,2019,phenomenon:black_holes,Black-hole systems,phenomenon,0.00015634719141519341,0.00015595864837247804,0.002485129660459137,1.0,1.0,0.0,0.012243060807750271,0.8181818181818182
canonical_core,rolling,2015-2019,2015,2019,phenomenon:cmb,Cosmic microwave background,phenomenon,0.00015634719141519341,0.00015071550521865678,0.03602038607512434,1.0,0.9782608695652174,0.021739130434782594,0.037926219467354416,0.9090909090909091
canonical_core,rolling,2015-2019,2015,2019,phenomenon:structure_formation,Cosmic structure formation,phenomenon,0.00015634719141519341,0.00015601191209570783,0.002144453740746882,1.0,1.0,0.0,0.011486882362775732,0.7954545454545454
canonical_core,rolling,2016-2020,2016,2020,apparatus:admx,ADMX,apparatus,0.00015013901478298517,0.00015013901478298517,0.0,0.9818181818181818,0.9818181818181818,0.0,0.00034734501488701717,0.41304347826086957
canonical_core,rolling,2016-2020,2016,2020,apparatus:anais,ANAIS,apparatus,0.00015013901478298517,0.00015013901478298517,0.0,0.9818181818181818,0.9818181818181818,0.0,0.00014618789882433534,0.41304347826086957
canonical_core,rolling,2016-2020,2016,2020,apparatus:antares,ANTARES,apparatus,0.00015013901478298517,0.00015013901478298517,0.0,0.9818181818181818,0.9818181818181818,0.0,0.00032862526199631297,0.41304347826086957
canonical_core,rolling,2016-2020,2016,2020,apparatus:cast,CAST,apparatus,0.00015013901478298517,0.00015013901478298517,0.0,0.9818181818181818,0.9818181818181818,0.0,0.0002561263333010284,0.41304347826086957
canonical_core,rolling,2016-2020,2016,2020,apparatus:cmb_s4,CMB-S4,apparatus,0.00015013901478298517,0.00015013901478298517,0.0,0.9818181818181818,0.9818181818181818,0.0,0.0005122526666020568,0.41304347826086957
canonical_core,rolling,2016-2020,2016,2020,apparatus:cta,Cherenkov Telescope Array,apparatus,0.00015013901478298517,0.00015013901478298517,0.0,0.9818181818181818,0.9818181818181818,0.0,0.0006280343382310625,0.41304347826086957
canonical_core,rolling,2016-2020,2016,2020,apparatus:damic,DAMIC,apparatus,0.00015013901478298517,0.00015013901478298517,0.0,0.9818181818181818,0.9818181818181818,0.0,0.00016490765171503957,0.41304347826086957
canonical_core,rolling,2016-2020,2016,2020,apparatus:darkside,DarkSide,apparatus,0.00015013901478298517,0.00015013901478298517,0.0,0.9818181818181818,0.9818181818181818,0.0,0.0003777512420823468,0.41304347826086957
canonical_core,rolling,2016-2020,2016,2020,apparatus:deap,DEAP,apparatus,0.00015013901478298517,0.00015013901478298517,0.0,0.9818181818181818,0.9818181818181818,0.0,0.00026196957045334106,0.41304347826086957
canonical_core,rolling,2016-2020,2016,2020,apparatus:einstein_telescope,Einstein Telescope,apparatus,0.00015013901478298517,0.00015013901478298517,0.0,0.9818181818181818,0.9818181818181818,0.0,0.0007063765040786598,0.41304347826086957
canonical_core,rolling,2016-2020,2016,2020,apparatus:fermi_lat,Fermi-LAT,apparatus,0.00015013901478298517,0.00015013901478298517,0.0,0.9818181818181818,0.9818181818181818,0.0,0.01331986634310376,0.41304347826086957
canonical_core,rolling,2016-2020,2016,2020,apparatus:haystac,HAYSTAC,apparatus,0.00015013901478298517,0.00015013901478298517,0.0,0.9818181818181818,0.9818181818181818,0.0,0.00017659412601966494,0.41304347826086957
canonical_core,rolling,2016-2020,2016,2020,apparatus:pamela,PAMELA,apparatus,0.00015013901478298517,0.00015013901478298517,0.0,0.9818181818181818,0.9818181818181818,0.0,0.00017659412601966494,0.41304347826086957
canonical_core,rolling,2016-2020,2016,2020,apparatus:planck,Planck mission,apparatus,0.00015013901478298517,0.00015013901478298517,0.0,0.9818181818181818,0.9818181818181818,0.0,0.0035108896546515805,0.41304347826086957
canonical_core,rolling,2016-2020,2016,2020,apparatus:ska,Square Kilometre Array,apparatus,0.00015013901478298517,0.00015013901478298517,0.0,0.9818181818181818,0.9818181818181818,0.0,0.0004327204593206934,0.41304347826086957
canonical_core,rolling,2016-2020,2016,2020,apparatus:xmm_newton,XMM-Newton,apparatus,0.00015013901478298517,0.00015013901478298517,0.0,0.9818181818181818,0.9818181818181818,0.0,9.121868158598881e-05,0.41304347826086957
canonical_core,rolling,2016-2020,2016,2020,dm_model:asymmetric_dm,Asymmetric DM,candidate,0.00015013901478298517,0.00015003132446685913,0.0007172706993029214,0.9818181818181818,0.9818181818181818,0.0,0.008519038630509946,0.8260869565217391
canonical_core,rolling,2016-2020,2016,2020,dm_model:atomic_dm,Atomic DM,candidate,0.00015013901478298517,0.00015013901478298517,0.0,0.9818181818181818,0.9818181818181818,0.0,0.00021987686895338611,0.41304347826086957
canonical_core,rolling,2016-2020,2016,2020,dm_model:axino,Axino,candidate,0.00015013901478298517,0.00015013901478298517,0.0,0.9818181818181818,0.9818181818181818,0.0,0.006046613896218118,0.41304347826086957
canonical_core,rolling,2016-2020,2016,2020,dm_model:axion_alp,Axion + ALP,candidate,0.00015013901478298517,0.00012903740626456822,0.1405471359254473,0.9818181818181818,0.9087456846950518,0.07307249712313002,0.13075836981545746,1.0
canonical_core,rolling,2016-2020,2016,2020,dm_model:bino,Bino,candidate,0.00015013901478298517,0.00015013901478298517,0.0,0.9818181818181818,0.9818181818181818,0.0,0.0269349164467898,0.41304347826086957
canonical_core,rolling,2016-2020,2016,2020,dm_model:dark_photon,Dark Photon,candidate,0.00015013901478298517,0.00015013901478298517,0.0,0.9818181818181818,0.9818181818181818,0.0,0.00994001495868711,0.41304347826086957
canonical_core,rolling,2016-2020,2016,2020,dm_model:generic_composite,Generic Composite,candidate,0.00015013901478298517,0.00015013901478298517,0.0,0.9818181818181818,0.9818181818181818,0.0,0.006541336851363237,0.41304347826086957
canonical_core,rolling,2016-2020,2016,2020,dm_model:gravitino,Gravitino,candidate,0.00015013901478298517,0.00014952391700424038,0.0040968550355407335,0.9818181818181818,0.9756041426927503,0.006214039125431503,0.031165166091274947,0.8695652173913043
canonical_core,rolling,2016-2020,2016,2020,dm_model:inert_doublet_model,Inert Doublet Model,candidate,0.00015013901478298517,0.00015013901478298517,0.0,0.9818181818181818,0.9818181818181818,0.0,0.0015145750926306859,0.41304347826086957
canonical_core,rolling,2016-2020,2016,2020,dm_model:macho,MACHO,candidate,0.00015013901478298517,0.00014999648822365435,0.0009492972864969887,0.9818181818181818,0.9818181818181818,0.0,0.0012466553150085138,0.8478260869565217
canonical_core,rolling,2016-2020,2016,2020,dm_model:macroscopic_dm,Macroscopic DM,candidate,0.00015013901478298517,0.00015013901478298517,0.0,0.9818181818181818,0.9818181818181818,0.0,0.00022572010610569877,0.41304347826086957
canonical_core,rolling,2016-2020,2016,2020,dm_model:majoron,Majoron,candidate,0.00015013901478298517,0.00015013901478298517,0.0,0.9818181818181818,0.9818181818181818,0.0,0.00016490765171503957,0.41304347826086957
canonical_core,rolling,2016-2020,2016,2020,dm_model:minimal_su_2_l,Minimal SU(2)L,candidate,0.00015013901478298517,0.00015013901478298517,0.0,0.9818181818181818,0.9818181818181818,0.0,0.002906335235046287,0.41304347826086957
canonical_core,rolling,2016-2020,2016,2020,dm_model:mirror_dm,Mirror DM,candidate,0.00015013901478298517,0.00015013901478298517,0.0,0.9818181818181818,0.9818181818181818,0.0,0.001794074374540965,0.41304347826086957
canonical_core,rolling,2016-2020,2016,2020,dm_model:pbh,PBH,candidate,0.00015013901478298517,0.00013758200609668937,0.08363588041686587,0.9818181818181818,0.9636363636363636,0.018181818181818188,0.03091901471201425,0.9782608695652174
canonical_core,rolling,2016-2020,2016,2020,dm_model:planckian_dm,Planckian DM,candidate,0.00015013901478298517,0.00015013901478298517,0.0,0.9818181818181818,0.9818181818181818,0.0,0.0006105046267741245,0.41304347826086957
canonical_core,rolling,2016-2020,2016,2020,dm_model:q_ball,Q-ball,candidate,0.00015013901478298517,0.00015013901478298517,0.0,0.9818181818181818,0.9818181818181818,0.0,0.00016490765171503957,0.41304347826086957
canonical_core,rolling,2016-2020,2016,2020,dm_model:quark_nugget_aqn,Quark Nugget / AQN,candidate,0.00015013901478298517,0.00015013901478298517,0.0,0.9818181818181818,0.9818181818181818,0.0,0.0016233234856736127,0.41304347826086957
canonical_core,rolling,2016-2020,2016,2020,dm_model:scotogenic_model,Scotogenic Model,candidate,0.00015013901478298517,0.00015013901478298517,0.0,0.9818181818181818,0.9818181818181818,0.0,0.0027484608619173265,0.41304347826086957
canonical_core,rolling,2016-2020,2016,2020,dm_model:sfdm,SFDM,candidate,0.00015013901478298517,0.00015013901478298517,0.0,0.9818181818181818,0.9818181818181818,0.0,0.0009975622602935643,0.41304347826086957
canonical_core,rolling,2016-2020,2016,2020,dm_model:sterile_nu,Sterile nu,candidate,0.00015013901478298517,0.00014068165903634864,0.06299066075734175,0.9818181818181818,0.9096662830840047,0.07215189873417716,0.04526932322423889,0.9347826086956522
canonical_core,rolling,2016-2020,2016,2020,dm_model:superfluid_dm,Superfluid DM,candidate,0.00015013901478298517,0.00015013901478298517,0.0,0.9818181818181818,0.9818181818181818,0.0,0.00014618789882433534,0.41304347826086957
canonical_core,rolling,2016-2020,2016,2020,dm_model:superwimp,SuperWIMP,candidate,0.00015013901478298517,0.00015013901478298517,0.0,0.9818181818181818,0.9818181818181818,0.0,0.00016490765171503957,0.41304347826086957
canonical_core,rolling,2016-2020,2016,2020,dm_model:twin_higgs,Twin Higgs,candidate,0.00015013901478298517,0.00015013901478298517,0.0,0.9818181818181818,0.9818181818181818,0.0,0.005881706244503079,0.41304347826086957
canonical_core,rolling,2016-2020,2016,2020,dm_model:ula_fuzzy,ULA / Fuzzy,candidate,0.00015013901478298517,0.00014659178617465227,0.023626294694021815,0.9818181818181818,0.9636363636363636,0.018181818181818188,0.015431534696687588,0.8913043478260869
canonical_core,rolling,2016-2020,2016,2020,dm_model:vector_dm,Vector DM,candidate,0.00015013901478298517,0.00015013901478298517,0.0,0.9818181818181818,0.9818181818181818,0.0,0.01081021604306356,0.41304347826086957
canonical_core,rolling,2016-2020,2016,2020,dm_model:wimp_core,Canonical WIMP core,candidate,0.00015013901478298517,0.00013847558345519891,0.07768421382440058,0.9818181818181818,0.9392405063291139,0.04257767548906788,0.22029791630965423,0.9565217391304348
canonical_core,rolling,2016-2020,2016,2020,dm_model:wimpzilla,WIMPzilla,candidate,0.00015013901478298517,0.00015013901478298517,0.0,0.9818181818181818,0.9818181818181818,0.0,0.0011414770462668856,0.41304347826086957
canonical_core,rolling,2016-2020,2016,2020,dm_model:wino,Wino,candidate,0.00015013901478298517,0.00015013901478298517,0.0,0.9818181818181818,0.9818181818181818,0.0,0.02329288155188677,0.41304347826086957
canonical_core,rolling,2016-2020,2016,2020,phenomenon:cmb,Cosmic microwave background,phenomenon,0.00015013901478298517,0.00014422133483557868,0.03941467150267409,0.9818181818181818,0.9636363636363636,0.018181818181818188,0.039260804025153355,0.9130434782608695
canonical_core,rolling,2017-2021,2017,2021,apparatus:admx,ADMX,apparatus,0.0001604605188489073,0.0001604605188489073,0.0,1.0,1.0,0.0,0.0009665580111203207,0.375
canonical_core,rolling,2017-2021,2017,2021,apparatus:anais,ANAIS,apparatus,0.0001604605188489073,0.0001604605188489073,0.0,1.0,1.0,0.0,0.00014110170507584783,0.375
canonical_core,rolling,2017-2021,2017,2021,apparatus:antares,ANTARES,apparatus,0.0001604605188489073,0.0001604605188489073,0.0,1.0,1.0,0.0,0.00011794539128383558,0.375
canonical_core,rolling,2017-2021,2017,2021,apparatus:cmb_s4,CMB-S4,apparatus,0.0001604605188489073,0.0001604605188489073,0.0,1.0,1.0,0.0,0.001255091455300963,0.375
canonical_core,rolling,2017-2021,2017,2021,apparatus:cosmic_explorer,Cosmic Explorer,apparatus,0.0001604605188489073,0.0001604605188489073,0.0,1.0,1.0,0.0,0.00028220341015169567,0.375
canonical_core,rolling,2017-2021,2017,2021,apparatus:cta,Cherenkov Telescope Array,apparatus,0.0001604605188489073,0.0001604605188489073,0.0,1.0,1.0,0.0,0.001253089065919565,0.375
canonical_core,rolling,2017-2021,2017,2021,apparatus:deap,DEAP,apparatus,0.0001604605188489073,0.0001604605188489073,0.0,1.0,1.0,0.0,0.0002527170623307368,0.375
canonical_core,rolling,2017-2021,2017,2021,apparatus:einstein_telescope,Einstein Telescope,apparatus,0.0001604605188489073,0.0001604605188489073,0.0,1.0,1.0,0.0,0.0023439225023526677,0.375
canonical_core,rolling,2017-2021,2017,2021,apparatus:fermi_lat,Fermi-LAT,apparatus,0.0001604605188489073,0.0001604605188489073,0.0,1.0,1.0,0.0,0.010487031638484884,0.375
canonical_core,rolling,2017-2021,2017,2021,apparatus:haystac,HAYSTAC,apparatus,0.0001604605188489073,0.0001604605188489073,0.0,1.0,1.0,0.0,0.00022323071450977788,0.375
canonical_core,rolling,2017-2021,2017,2021,apparatus:integral,INTEGRAL,apparatus,0.0001604605188489073,0.0001604605188489073,0.0,1.0,1.0,0.0,0.00020640443474671227,0.375
canonical_core,rolling,2017-2021,2017,2021,apparatus:nanograv,NANOGrav,apparatus,0.0001604605188489073,0.0001604605188489073,0.0,1.0,1.0,0.0,0.0016279177312393098,0.375
canonical_core,rolling,2017-2021,2017,2021,apparatus:pamela,PAMELA,apparatus,0.0001604605188489073,0.0001604605188489073,0.0,1.0,1.0,0.0,0.00021690068048083123,0.375
canonical_core,rolling,2017-2021,2017,2021,dm_model:asymmetric_dm,Asymmetric DM,candidate,0.0001604605188489073,0.00015988582748325557,0.0035815125725279814,1.0,0.9940828402366864,0.00591715976331364,0.00936206134369852,0.8636363636363636
canonical_core,rolling,2017-2021,2017,2021,dm_model:atomic_dm,Atomic DM,candidate,0.0001604605188489073,0.0001604605188489073,0.0,1.0,1.0,0.0,0.0008717689336284973,0.375
canonical_core,rolling,2017-2021,2017,2021,dm_model:axino,Axino,candidate,0.0001604605188489073,0.0001604605188489073,0.0,1.0,1.0,0.0,0.004632554221941461,0.375
canonical_core,rolling,2017-2021,2017,2021,dm_model:axion_alp,Axion + ALP,candidate,0.0001604605188489073,0.00013437051923732024,0.16259451109063094,1.0,0.9349112426035503,0.0650887573964497,0.152237892724904,1.0
canonical_core,rolling,2017-2021,2017,2021,dm_model:bino,Bino,candidate,0.0001604605188489073,0.0001604605188489073,0.0,1.0,1.0,0.0,0.026742472099389347,0.375
canonical_core,rolling,2017-2021,2017,2021,dm_model:dark_photon,Dark Photon,candidate,0.0001604605188489073,0.0001604605188489073,0.0,1.0,1.0,0.0,0.01493801726296829,0.375
canonical_core,rolling,2017-2021,2017,2021,dm_model:generic_composite,Generic Composite,candidate,0.0001604605188489073,0.0001599614605154737,0.003110162780313057,1.0,0.9940828402366864,0.00591715976331364,0.007247861022826953,0.8181818181818182
canonical_core,rolling,2017-2021,2017,2021,dm_model:glueball,Glueball,candidate,0.0001604605188489073,0.0001604605188489073,0.0,1.0,1.0,0.0,0.00015792798483891344,0.375
canonical_core,rolling,2017-2021,2017,2021,dm_model:gravitino,Gravitino,candidate,0.0001604605188489073,0.00015994462951381193,0.0032150546364688158,1.0,0.9940828402366864,0.00591715976331364,0.02686041749067318,0.8409090909090909
canonical_core,rolling,2017-2021,2017,2021,dm_model:inert_doublet_model,Inert Doublet Model,candidate,0.0001604605188489073,0.0001604605188489073,0.0,1.0,1.0,0.0,0.0018193368426619781,0.375
canonical_core,rolling,2017-2021,2017,2021,dm_model:macho,MACHO,candidate,0.0001604605188489073,0.0001604605188489073,0.0,1.0,1.0,0.0,0.0012973993041221915,0.375
canonical_core,rolling,2017-2021,2017,2021,dm_model:macroscopic_dm,Macroscopic DM,candidate,0.0001604605188489073,0.0001604605188489073,0.0,1.0,1.0,0.0,0.0003285160377357202,0.375
canonical_core,rolling,2017-2021,2017,2021,dm_model:majoron,Majoron,candidate,0.0001604605188489073,0.0001604605188489073,0.0,1.0,1.0,0.0,0.00015792798483891344,0.375
canonical_core,rolling,2017-2021,2017,2021,dm_model:minimal_su_2_l,Minimal SU(2)L,candidate,0.0001604605188489073,0.0001604605188489073,0.0,1.0,1.0,0.0,0.002095210218784727,0.375
canonical_core,rolling,2017-2021,2017,2021,dm_model:mirror_dm,Mirror DM,candidate,0.0001604605188489073,0.0001604605188489073,0.0,1.0,1.0,0.0,0.002183669262247604,0.375
canonical_core,rolling,2017-2021,2017,2021,dm_model:pbh,PBH,candidate,0.0001604605188489073,0.0001444252290586201,0.09993292995260926,1.0,0.9827586206896551,0.017241379310344862,0.0473708360436993,0.9772727272727273
canonical_core,rolling,2017-2021,2017,2021,dm_model:planckian_dm,Planckian DM,candidate,0.0001604605188489073,0.0001604605188489073,0.0,1.0,1.0,0.0,0.0003453423174987858,0.375
canonical_core,rolling,2017-2021,2017,2021,dm_model:quark_nugget_aqn,Quark Nugget / AQN,candidate,0.0001604605188489073,0.0001604605188489073,0.0,1.0,1.0,0.0,0.002032071311437637,0.375
canonical_core,rolling,2017-2021,2017,2021,dm_model:scotogenic_model,Scotogenic Model,candidate,0.0001604605188489073,0.0001604605188489073,0.0,1.0,1.0,0.0,0.002526847757422615,0.375
canonical_core,rolling,2017-2021,2017,2021,dm_model:sfdm,SFDM,candidate,0.0001604605188489073,0.0001604605188489073,0.0,1.0,1.0,0.0,0.0018449798446625173,0.375
canonical_core,rolling,2017-2021,2017,2021,dm_model:sterile_nu,Sterile nu,candidate,0.0001604605188489073,0.00015377784970958662,0.041646812482347834,1.0,0.9655172413793104,0.03448275862068961,0.04559881457555188,0.9090909090909091
canonical_core,rolling,2017-2021,2017,2021,dm_model:superfluid_dm,Superfluid DM,candidate,0.0001604605188489073,0.0001604605188489073,0.0,1.0,1.0,0.0,0.00020007440071776565,0.375
canonical_core,rolling,2017-2021,2017,2021,dm_model:twin_higgs,Twin Higgs,candidate,0.0001604605188489073,0.00016044755965130198,8.076253085984584e-05,1.0,1.0,0.0,0.005527479469361971,0.75
canonical_core,rolling,2017-2021,2017,2021,dm_model:ula_fuzzy,ULA / Fuzzy,candidate,0.0001604605188489073,0.00015496440203788159,0.03425214408162896,1.0,1.0,0.0,0.019905998094371043,0.8863636363636364
canonical_core,rolling,2017-2021,2017,2021,dm_model:vector_dm,Vector DM,candidate,0.0001604605188489073,0.0001604605188489073,0.0,1.0,1.0,0.0,0.010541192390652123,0.375
canonical_core,rolling,2017-2021,2017,2021,dm_model:wimp_core,Canonical WIMP core,candidate,0.0001604605188489073,0.00015064812500145423,0.06115145281745355,1.0,0.9769434809222608,0.0230565190777392,0.193530151383245,0.9545454545454546
canonical_core,rolling,2017-2021,2017,2021,dm_model:wimpzilla,WIMPzilla,candidate,0.0001604605188489073,0.0001604605188489073,0.0,1.0,1.0,0.0,0.0007623173986973827,0.375
canonical_core,rolling,2017-2021,2017,2021,dm_model:wino,Wino,candidate,0.0001604605188489073,0.0001604605188489073,0.0,1.0,1.0,0.0,0.02637197107871715,0.375
canonical_core,rolling,2017-2021,2017,2021,phenomenon:cmb,Cosmic microwave background,phenomenon,0.0001604605188489073,0.00015231393689963378,0.05077000877047205,1.0,0.9655172413793104,0.03448275862068961,0.04134519003656245,0.9318181818181818
canonical_core,rolling,2017-2021,2017,2021,phenomenon:twenty_one_cm_signal,21-cm signal,phenomenon,0.0001604605188489073,0.0001599912699663077,0.0029243884163272196,1.0,1.0,0.0,0.0027294088463489076,0.7954545454545454
canonical_core,rolling,2017-2021,2017,2021,theory:lambda_cdm,Lambda-CDM,theory,0.0001604605188489073,0.0001602571061068833,0.001267680944092701,1.0,1.0,0.0,0.008314504353740903,0.7727272727272727
canonical_core,rolling,2018-2022,2018,2022,apparatus:antares,ANTARES,apparatus,0.00015184150577853147,0.00015184150577853147,0.0,1.0,1.0,0.0,0.00020139248518326715,0.36666666666666664
canonical_core,rolling,2018-2022,2018,2022,apparatus:bicep_keck,BICEP/Keck,apparatus,0.00015184150577853147,0.00015184150577853147,0.0,1.0,1.0,0.0,0.00025107945725918887,0.36666666666666664
canonical_core,rolling,2018-2022,2018,2022,apparatus:cast,CAST,apparatus,0.00015184150577853147,0.00015184150577853147,0.0,1.0,1.0,0.0,0.0004210569905366946,0.36666666666666664
canonical_core,rolling,2018-2022,2018,2022,apparatus:cmb_s4,CMB-S4,apparatus,0.00015184150577853147,0.00015184150577853147,0.0,1.0,1.0,0.0,0.001396524411884968,0.36666666666666664
canonical_core,rolling,2018-2022,2018,2022,apparatus:cosmic_explorer,Cosmic Explorer,apparatus,0.00015184150577853147,0.00015184150577853147,0.0,1.0,1.0,0.0,0.0004733885594921967,0.36666666666666664
canonical_core,rolling,2018-2022,2018,2022,apparatus:cta,Cherenkov Telescope Array,apparatus,0.00015184150577853147,0.00015184150577853147,0.0,1.0,1.0,0.0,0.0012030657173404422,0.36666666666666664
canonical_core,rolling,2018-2022,2018,2022,apparatus:deap,DEAP,apparatus,0.00015184150577853147,0.00015184150577853147,0.0,1.0,1.0,0.0,0.0001647683921806458,0.36666666666666664
canonical_core,rolling,2018-2022,2018,2022,apparatus:eht,Event Horizon Telescope,apparatus,0.00015184150577853147,0.00015184150577853147,0.0,1.0,1.0,0.0,0.00035045340141103226,0.36666666666666664
canonical_core,rolling,2018-2022,2018,2022,apparatus:einstein_telescope,Einstein Telescope,apparatus,0.00015184150577853147,0.00015184150577853147,0.0,1.0,1.0,0.0,0.002942269845322303,0.36666666666666664
canonical_core,rolling,2018-2022,2018,2022,apparatus:fermi_lat,Fermi-LAT,apparatus,0.00015184150577853147,0.00015184150577853147,0.0,1.0,1.0,0.0,0.008716617046309843,0.36666666666666664
canonical_core,rolling,2018-2022,2018,2022,apparatus:integral,INTEGRAL,apparatus,0.00015184150577853147,0.00015184150577853147,0.0,1.0,1.0,0.0,0.0004890960354450774,0.36666666666666664
canonical_core,rolling,2018-2022,2018,2022,apparatus:kagra,KAGRA,apparatus,0.00015184150577853147,0.00015184150577853147,0.0,1.0,1.0,0.0,0.00047859770058905664,0.36666666666666664
canonical_core,rolling,2018-2022,2018,2022,dm_model:asymmetric_dm,Asymmetric DM,candidate,0.00015184150577853147,0.0001514035640734561,0.002884202858960968,1.0,0.9943820224719101,0.005617977528089901,0.008449429849786269,0.8
canonical_core,rolling,2018-2022,2018,2022,dm_model:atomic_dm,Atomic DM,candidate,0.00015184150577853147,0.00015184150577853147,0.0,1.0,1.0,0.0,0.0010931133856702773,0.36666666666666664
canonical_core,rolling,2018-2022,2018,2022,dm_model:axino,Axino,candidate,0.00015184150577853147,0.00015184150577853147,0.0,1.0,1.0,0.0,0.002981218324555302,0.36666666666666664
canonical_core,rolling,2018-2022,2018,2022,dm_model:axion_alp,Axion + ALP,candidate,0.00015184150577853147,0.00012500899703789695,0.17671392682163656,1.0,0.9101123595505618,0.0898876404494382,0.16070208860883953,1.0
canonical_core,rolling,2018-2022,2018,2022,dm_model:bino,Bino,candidate,0.00015184150577853147,0.00015184150577853147,0.0,1.0,1.0,0.0,0.023849746596442414,0.36666666666666664
canonical_core,rolling,2018-2022,2018,2022,dm_model:dark_photon,Dark Photon,candidate,0.00015184150577853147,0.00015184150577853147,0.0,1.0,1.0,0.0,0.019153125515821476,0.36666666666666664
canonical_core,rolling,2018-2022,2018,2022,dm_model:generic_composite,Generic Composite,candidate,0.00015184150577853147,0.00015131468652069006,0.0034695339402771564,1.0,0.9943820224719101,0.005617977528089901,0.008690010972189436,0.8666666666666667
canonical_core,rolling,2018-2022,2018,2022,dm_model:gravitino,Gravitino,candidate,0.00015184150577853147,0.00015184150577853147,0.0,1.0,1.0,0.0,0.024208053735829887,0.36666666666666664
canonical_core,rolling,2018-2022,2018,2022,dm_model:inert_doublet_model,Inert Doublet Model,candidate,0.00015184150577853147,0.00015184150577853147,0.0,1.0,1.0,0.0,0.001875042059811724,0.36666666666666664
canonical_core,rolling,2018-2022,2018,2022,dm_model:macho,MACHO,candidate,0.00015184150577853147,0.00015184150577853147,0.0,1.0,1.0,0.0,0.00140974739628287,0.36666666666666664
canonical_core,rolling,2018-2022,2018,2022,dm_model:macroscopic_dm,Macroscopic DM,candidate,0.00015184150577853147,0.00015184150577853147,0.0,1.0,1.0,0.0,0.00047859770058905664,0.36666666666666664
canonical_core,rolling,2018-2022,2018,2022,dm_model:majoron,Majoron,candidate,0.00015184150577853147,0.00015184150577853147,0.0,1.0,1.0,0.0,0.0003478088045314519,0.36666666666666664
canonical_core,rolling,2018-2022,2018,2022,dm_model:minimal_su_2_l,Minimal SU(2)L,candidate,0.00015184150577853147,0.00015184150577853147,0.0,1.0,1.0,0.0,0.001817501349759362,0.36666666666666664
canonical_core,rolling,2018-2022,2018,2022,dm_model:mirror_dm,Mirror DM,candidate,0.00015184150577853147,0.00015184150577853147,0.0,1.0,1.0,0.0,0.0015874185622122147,0.36666666666666664
canonical_core,rolling,2018-2022,2018,2022,dm_model:pbh,PBH,candidate,0.00015184150577853147,0.00013489318734180347,0.11161848237627449,1.0,0.9692307692307692,0.03076923076923077,0.058884745648990565,0.9777777777777777
canonical_core,rolling,2018-2022,2018,2022,dm_model:planckian_dm,Planckian DM,candidate,0.00015184150577853147,0.00015184150577853147,0.0,1.0,1.0,0.0,0.0003268921874817112,0.36666666666666664
canonical_core,rolling,2018-2022,2018,2022,dm_model:quark_nugget_aqn,Quark Nugget / AQN,candidate,0.00015184150577853147,0.00015184150577853147,0.0,1.0,1.0,0.0,0.002303952788324859,0.36666666666666664
canonical_core,rolling,2018-2022,2018,2022,dm_model:scotogenic_model,Scotogenic Model,candidate,0.00015184150577853147,0.00015184150577853147,0.0,1.0,1.0,0.0,0.0025340355758720064,0.36666666666666664
canonical_core,rolling,2018-2022,2018,2022,dm_model:sfdm,SFDM,candidate,0.00015184150577853147,0.00015184150577853147,0.0,1.0,1.0,0.0,0.0018543656007488857,0.36666666666666664
canonical_core,rolling,2018-2022,2018,2022,dm_model:sterile_nu,Sterile nu,candidate,0.00015184150577853147,0.00014539310573051726,0.04246796694323835,1.0,0.9538461538461539,0.0461538461538461,0.04336470442781625,0.9111111111111111
canonical_core,rolling,2018-2022,2018,2022,dm_model:superfluid_dm,Superfluid DM,candidate,0.00015184150577853147,0.00015184150577853147,0.0,1.0,1.0,0.0,0.0003086201673115509,0.36666666666666664
canonical_core,rolling,2018-2022,2018,2022,dm_model:superwimp,SuperWIMP,candidate,0.00015184150577853147,0.00015184150577853147,0.0,1.0,1.0,0.0,0.0003765791595576329,0.36666666666666664
canonical_core,rolling,2018-2022,2018,2022,dm_model:twin_higgs,Twin Higgs,candidate,0.00015184150577853147,0.00015179146087593903,0.0003295864482892771,1.0,1.0,0.0,0.004926863973492688,0.7333333333333333
canonical_core,rolling,2018-2022,2018,2022,dm_model:ula_fuzzy,ULA / Fuzzy,candidate,0.00015184150577853147,0.00014509297314769888,0.04444458447794677,1.0,0.9692307692307692,0.03076923076923077,0.02222538087155472,0.9333333333333333
canonical_core,rolling,2018-2022,2018,2022,dm_model:vector_dm,Vector DM,candidate,0.00015184150577853147,0.00015184150577853147,0.0,1.0,1.0,0.0,0.010196327610419968,0.36666666666666664
canonical_core,rolling,2018-2022,2018,2022,dm_model:wimp_core,Canonical WIMP core,candidate,0.00015184150577853147,0.0001438537562809267,0.05260583696565348,1.0,0.9680207433016422,0.03197925669835777,0.1727136760944744,0.9555555555555556
canonical_core,rolling,2018-2022,2018,2022,dm_model:wimpzilla,WIMPzilla,candidate,0.00015184150577853147,0.00015184150577853147,0.0,1.0,1.0,0.0,0.0006485752338665624,0.36666666666666664
canonical_core,rolling,2018-2022,2018,2022,dm_model:wino,Wino,candidate,0.00015184150577853147,0.00015184150577853147,0.0,1.0,1.0,0.0,0.023640580425945006,0.36666666666666664
canonical_core,rolling,2018-2022,2018,2022,mechanism:annihilation,Dark-matter annihilation,mechanism,0.00015184150577853147,0.00015158073521608531,0.0017173865677181917,1.0,1.0,0.0,0.015149877710695363,0.7777777777777778
canonical_core,rolling,2018-2022,2018,2022,phenomenon:black_holes,Black-hole systems,phenomenon,0.00015184150577853147,0.00015138312745800828,0.003018794618592317,1.0,1.0,0.0,0.02369242881990305,0.8222222222222222
canonical_core,rolling,2018-2022,2018,2022,phenomenon:cmb,Cosmic microwave background,phenomenon,0.00015184150577853147,0.00014783112952151758,0.026411594355914968,1.0,1.0,0.0,0.04292184738192085,0.8888888888888888
canonical_core,rolling,2018-2022,2018,2022,phenomenon:twenty_one_cm_signal,21-cm signal,phenomenon,0.00015184150577853147,0.00015133262561887732,0.0033513903661912714,1.0,1.0,0.0,0.004006772981291001,0.8444444444444444
canonical_core,rolling,2018-2022,2018,2022,theory:lambda_cdm,Lambda-CDM,theory,0.00015184150577853147,0.0001517558685840721,0.0005639906823913905,1.0,1.0,0.0,0.009519942653474833,0.7555555555555555
canonical_core,rolling,2019-2023,2019,2023,apparatus:bbo,Big Bang Observer,apparatus,0.0001503398105120134,0.0001503398105120134,0.0,1.0,1.0,0.0,0.00354429643130741,0.375
canonical_core,rolling,2019-2023,2019,2023,apparatus:bicep_keck,BICEP/Keck,apparatus,0.0001503398105120134,0.0001503398105120134,0.0,1.0,1.0,0.0,0.0006956957026487236,0.375
canonical_core,rolling,2019-2023,2019,2023,apparatus:cmb_s4,CMB-S4,apparatus,0.0001503398105120134,0.0001503398105120134,0.0,1.0,1.0,0.0,0.0013469982691925065,0.375
canonical_core,rolling,2019-2023,2019,2023,apparatus:cosmic_explorer,Cosmic Explorer,apparatus,0.0001503398105120134,0.0001503398105120134,0.0,1.0,1.0,0.0,0.001499310254768133,0.375
canonical_core,rolling,2019-2023,2019,2023,apparatus:cta,Cherenkov Telescope Array,apparatus,0.0001503398105120134,0.0001503398105120134,0.0,1.0,1.0,0.0,0.0022095541252815667,0.375
canonical_core,rolling,2019-2023,2019,2023,apparatus:damic,DAMIC,apparatus,0.0001503398105120134,0.0001503398105120134,0.0,1.0,1.0,0.0,0.0001293436314295377,0.375
canonical_core,rolling,2019-2023,2019,2023,apparatus:deap,DEAP,apparatus,0.0001503398105120134,0.0001503398105120134,0.0,1.0,1.0,0.0,0.0001293436314295377,0.375
canonical_core,rolling,2019-2023,2019,2023,apparatus:decigo,DECIGO,apparatus,0.0001503398105120134,0.0001503398105120134,0.0,1.0,1.0,0.0,0.004509391787794635,0.375
canonical_core,rolling,2019-2023,2019,2023,apparatus:eht,Event Horizon Telescope,apparatus,0.0001503398105120134,0.0001503398105120134,0.0,1.0,1.0,0.0,0.0008166191477968826,0.375
canonical_core,rolling,2019-2023,2019,2023,apparatus:einstein_telescope,Einstein Telescope,apparatus,0.0001503398105120134,0.0001503398105120134,0.0,1.0,1.0,0.0,0.003808363043239007,0.375
canonical_core,rolling,2019-2023,2019,2023,apparatus:fermi_lat,Fermi-LAT,apparatus,0.0001503398105120134,0.0001503398105120134,0.0,1.0,1.0,0.0,0.008138638714426643,0.375
canonical_core,rolling,2019-2023,2019,2023,apparatus:integral,INTEGRAL,apparatus,0.0001503398105120134,0.0001503398105120134,0.0,1.0,1.0,0.0,0.0006360057661682627,0.375
canonical_core,rolling,2019-2023,2019,2023,apparatus:ipta,International Pulsar Timing Array,apparatus,0.0001503398105120134,0.0001503398105120134,0.0,1.0,1.0,0.0,0.00017602897223252555,0.375
canonical_core,rolling,2019-2023,2019,2023,dm_model:asymmetric_dm,Asymmetric DM,candidate,0.0001503398105120134,0.00014992189435332175,0.0027798103327943643,1.0,0.9945054945054945,0.005494505494505475,0.006773210193318524,0.8181818181818182
canonical_core,rolling,2019-2023,2019,2023,dm_model:atomic_dm,Atomic DM,candidate,0.0001503398105120134,0.0001503398105120134,0.0,1.0,1.0,0.0,0.0008487563207351602,0.375
canonical_core,rolling,2019-2023,2019,2023,dm_model:axino,Axino,candidate,0.0001503398105120134,0.0001503398105120134,0.0,1.0,1.0,0.0,0.002661064425770308,0.375
canonical_core,rolling,2019-2023,2019,2023,dm_model:axion_alp,Axion + ALP,candidate,0.0001503398105120134,0.00012495139689256942,0.1688735241382736,1.0,0.9505494505494505,0.0494505494505495,0.17183343497756187,1.0
canonical_core,rolling,2019-2023,2019,2023,dm_model:bino,Bino,candidate,0.0001503398105120134,0.0001503398105120134,0.0,1.0,1.0,0.0,0.02049486461251167,0.375
canonical_core,rolling,2019-2023,2019,2023,dm_model:dark_photon,Dark Photon,candidate,0.0001503398105120134,0.00015022081496873872,0.0007915105311721041,1.0,1.0,0.0,0.021994174867279805,0.7727272727272727
canonical_core,rolling,2019-2023,2019,2023,dm_model:generic_composite,Generic Composite,candidate,0.0001503398105120134,0.00015024040606728415,0.0006611984170440134,1.0,1.0,0.0,0.009343196142180904,0.75
canonical_core,rolling,2019-2023,2019,2023,dm_model:gravitino,Gravitino,candidate,0.0001503398105120134,0.0001503398105120134,0.0,1.0,1.0,0.0,0.020509412780376383,0.375
canonical_core,rolling,2019-2023,2019,2023,dm_model:inert_doublet_model,Inert Doublet Model,candidate,0.0001503398105120134,0.0001503398105120134,0.0,1.0,1.0,0.0,0.001669959877928137,0.375
canonical_core,rolling,2019-2023,2019,2023,dm_model:macho,MACHO,candidate,0.0001503398105120134,0.0001503398105120134,0.0,1.0,1.0,0.0,0.0009008210106106696,0.375
canonical_core,rolling,2019-2023,2019,2023,dm_model:macroscopic_dm,Macroscopic DM,candidate,0.0001503398105120134,0.0001503398105120134,0.0,1.0,1.0,0.0,0.0007102438705134337,0.375
canonical_core,rolling,2019-2023,2019,2023,dm_model:majoron,Majoron,candidate,0.0001503398105120134,0.0001503398105120134,0.0,1.0,1.0,0.0,0.000326797385620915,0.375
canonical_core,rolling,2019-2023,2019,2023,dm_model:minimal_su_2_l,Minimal SU(2)L,candidate,0.0001503398105120134,0.0001503398105120134,0.0,1.0,1.0,0.0,0.002081707758873649,0.375
canonical_core,rolling,2019-2023,2019,2023,dm_model:mirror_dm,Mirror DM,candidate,0.0001503398105120134,0.0001503398105120134,0.0,1.0,1.0,0.0,0.0012980207236914713,0.375
canonical_core,rolling,2019-2023,2019,2023,dm_model:pbh,PBH,candidate,0.0001503398105120134,0.00013513069591720086,0.10116491794831148,1.0,0.9726027397260274,0.0273972602739726,0.06748902790300007,0.9772727272727273
canonical_core,rolling,2019-2023,2019,2023,dm_model:quark_nugget_aqn,Quark Nugget / AQN,candidate,0.0001503398105120134,0.0001503398105120134,0.0,1.0,1.0,0.0,0.0015551644143633097,0.375
canonical_core,rolling,2019-2023,2019,2023,dm_model:scotogenic_model,Scotogenic Model,candidate,0.0001503398105120134,0.0001503398105120134,0.0,1.0,1.0,0.0,0.00261437908496732,0.375
canonical_core,rolling,2019-2023,2019,2023,dm_model:sfdm,SFDM,candidate,0.0001503398105120134,0.0001503398105120134,0.0,1.0,1.0,0.0,0.002005223756996048,0.375
canonical_core,rolling,2019-2023,2019,2023,dm_model:sterile_nu,Sterile nu,candidate,0.0001503398105120134,0.0001444497833352982,0.03917809365766442,1.0,0.9726027397260274,0.0273972602739726,0.04337545124403429,0.9318181818181818
canonical_core,rolling,2019-2023,2019,2023,dm_model:superfluid_dm,Superfluid DM,candidate,0.0001503398105120134,0.0001503398105120134,0.0,1.0,1.0,0.0,0.0005977406116466535,0.375
canonical_core,rolling,2019-2023,2019,2023,dm_model:superwimp,SuperWIMP,candidate,0.0001503398105120134,0.0001503398105120134,0.0,1.0,1.0,0.0,0.00030766480836011043,0.375
canonical_core,rolling,2019-2023,2019,2023,dm_model:twin_higgs,Twin Higgs,candidate,0.0001503398105120134,0.0001503398105120134,0.0,1.0,1.0,0.0,0.004216228840133618,0.375
canonical_core,rolling,2019-2023,2019,2023,dm_model:ula_fuzzy,ULA / Fuzzy,candidate,0.0001503398105120134,0.00014530519871507988,0.03348821433116817,1.0,0.9726027397260274,0.0273972602739726,0.02342803766130908,0.9090909090909091
canonical_core,rolling,2019-2023,2019,2023,dm_model:vector_dm,Vector DM,candidate,0.0001503398105120134,0.0001503398105120134,0.0,1.0,1.0,0.0,0.00971438666390676,0.375
canonical_core,rolling,2019-2023,2019,2023,dm_model:wimp_core,Canonical WIMP core,candidate,0.0001503398105120134,0.00014099446627988498,0.0621614740653251,1.0,0.9565708264338402,0.04342917356615983,0.15321473605147135,0.9545454545454546
canonical_core,rolling,2019-2023,2019,2023,dm_model:wimpzilla,WIMPzilla,candidate,0.0001503398105120134,0.0001503398105120134,0.0,1.0,1.0,0.0,0.00040945567624746485,0.375
canonical_core,rolling,2019-2023,2019,2023,dm_model:wino,Wino,candidate,0.0001503398105120134,0.0001503398105120134,0.0,1.0,1.0,0.0,0.02086989091112281,0.375
canonical_core,rolling,2019-2023,2019,2023,mechanism:annihilation,Dark-matter annihilation,mechanism,0.0001503398105120134,0.00015011886693940758,0.0014696278507558577,1.0,1.0,0.0,0.014467215221350567,0.7954545454545454
canonical_core,rolling,2019-2023,2019,2023,phenomenon:black_holes,Black-hole systems,phenomenon,0.0001503398105120134,0.00014924260486294232,0.007298171025587394,1.0,1.0,0.0,0.025166107661999056,0.8409090909090909
canonical_core,rolling,2019-2023,2019,2023,phenomenon:cmb,Cosmic microwave background,phenomenon,0.0001503398105120134,0.00014557942806601597,0.03166415089778919,1.0,1.0,0.0,0.04736096234934157,0.8863636363636364
canonical_core,rolling,2019-2023,2019,2023,theory:inflation,Cosmic inflation,theory,0.0001503398105120134,0.00014708674049511704,0.021638114387781567,1.0,0.989010989010989,0.01098901098901095,0.06389894140275827,0.8636363636363636
canonical_core,rolling,2020-2024,2020,2024,apparatus:antares,ANTARES,apparatus,0.00015829714945835176,0.00015829714945835176,0.0,1.0,1.0,0.0,7.583034224761134e-05,0.39361702127659576
canonical_core,rolling,2020-2024,2020,2024,apparatus:bbo,Big Bang Observer,apparatus,0.00015829714945835176,0.00015829714945835176,0.0,1.0,1.0,0.0,0.004437954074979248,0.39361702127659576
canonical_core,rolling,2020-2024,2020,2024,apparatus:bicep_keck,BICEP/Keck,apparatus,0.00015829714945835176,0.00015829714945835176,0.0,1.0,1.0,0.0,0.0007410855042203627,0.39361702127659576
canonical_core,rolling,2020-2024,2020,2024,apparatus:comptel,COMPTEL,apparatus,0.00015829714945835176,0.00015829714945835176,0.0,1.0,1.0,0.0,0.0003116802841935833,0.39361702127659576
canonical_core,rolling,2020-2024,2020,2024,apparatus:cosmic_explorer,Cosmic Explorer,apparatus,0.00015829714945835176,0.00015829714945835176,0.0,1.0,1.0,0.0,0.001608754947326534,0.39361702127659576
canonical_core,rolling,2020-2024,2020,2024,apparatus:cta,Cherenkov Telescope Array,apparatus,0.00015829714945835176,0.00015829714945835176,0.0,1.0,1.0,0.0,0.0021729029863024702,0.39361702127659576
canonical_core,rolling,2020-2024,2020,2024,apparatus:damic,DAMIC,apparatus,0.00015829714945835176,0.00015829714945835176,0.0,1.0,1.0,0.0,0.00011792497097298598,0.39361702127659576
canonical_core,rolling,2020-2024,2020,2024,apparatus:decigo,DECIGO,apparatus,0.00015829714945835176,0.00015829714945835176,0.0,1.0,1.0,0.0,0.005431807386691649,0.39361702127659576
canonical_core,rolling,2020-2024,2020,2024,apparatus:eht,Event Horizon Telescope,apparatus,0.00015829714945835176,0.00015829714945835176,0.0,1.0,1.0,0.0,0.0011454139786377282,0.39361702127659576
canonical_core,rolling,2020-2024,2020,2024,apparatus:einstein_telescope,Einstein Telescope,apparatus,0.00015829714945835176,0.00015829714945835176,0.0,1.0,1.0,0.0,0.004792829181167051,0.39361702127659576
canonical_core,rolling,2020-2024,2020,2024,apparatus:epta,European Pulsar Timing Array,apparatus,0.00015829714945835176,0.00015829714945835176,0.0,1.0,1.0,0.0,0.0009180229694647892,0.39361702127659576
canonical_core,rolling,2020-2024,2020,2024,apparatus:eros,EROS,apparatus,0.00015829714945835176,0.00015829714945835176,0.0,1.0,1.0,0.0,0.0010359479404377751,0.39361702127659576
canonical_core,rolling,2020-2024,2020,2024,apparatus:erosita,eROSITA,apparatus,0.00015829714945835176,0.00015829714945835176,0.0,1.0,1.0,0.0,0.00021057316119676818,0.39361702127659576
canonical_core,rolling,2020-2024,2020,2024,apparatus:fermi_lat,Fermi-LAT,apparatus,0.00015829714945835176,0.00015829714945835176,0.0,1.0,1.0,0.0,0.007764529937552689,0.39361702127659576
canonical_core,rolling,2020-2024,2020,2024,dm_model:asymmetric_dm,Asymmetric DM,candidate,0.00015829714945835176,0.00015829714945835176,0.0,1.0,1.0,0.0,0.0062892175807666775,0.39361702127659576
canonical_core,rolling,2020-2024,2020,2024,dm_model:atomic_dm,Atomic DM,candidate,0.00015829714945835176,0.00015829714945835176,0.0,1.0,1.0,0.0,0.0010777425164534649,0.39361702127659576
canonical_core,rolling,2020-2024,2020,2024,dm_model:axino,Axino,candidate,0.00015829714945835176,0.00015829714945835176,0.0,1.0,1.0,0.0,0.0026098669809732277,0.39361702127659576
canonical_core,rolling,2020-2024,2020,2024,dm_model:axion_alp,Axion + ALP,candidate,0.00015829714945835176,0.0001245143829693511,0.21341361233980374,1.0,0.9195495495495496,0.0804504504504504,0.189628771297603,1.0
canonical_core,rolling,2020-2024,2020,2024,dm_model:bino,Bino,candidate,0.00015829714945835176,0.00015829714945835176,0.0,1.0,1.0,0.0,0.02184711230846944,0.39361702127659576
canonical_core,rolling,2020-2024,2020,2024,dm_model:dark_photon,Dark Photon,candidate,0.00015829714945835176,0.00015778540590586268,0.0032328033337310352,1.0,0.9945945945945946,0.00540540540540535,0.02223492298762032,0.8297872340425532
canonical_core,rolling,2020-2024,2020,2024,dm_model:generic_composite,Generic Composite,candidate,0.00015829714945835176,0.00015818152649086858,0.0007304172430066227,1.0,1.0,0.0,0.010868973161489586,0.8085106382978723
canonical_core,rolling,2020-2024,2020,2024,dm_model:glueball,Glueball,candidate,0.00015829714945835176,0.00015829714945835176,0.0,1.0,1.0,0.0,0.0002946624010776225,0.39361702127659576
canonical_core,rolling,2020-2024,2020,2024,dm_model:gravitino,Gravitino,candidate,0.00015829714945835176,0.00015829714945835176,0.0,1.0,1.0,0.0,0.018345099244199997,0.39361702127659576
canonical_core,rolling,2020-2024,2020,2024,dm_model:inert_doublet_model,Inert Doublet Model,candidate,0.00015829714945835176,0.00015829714945835176,0.0,1.0,1.0,0.0,0.0010608246509073989,0.39361702127659576
canonical_core,rolling,2020-2024,2020,2024,dm_model:macho,MACHO,candidate,0.00015829714945835176,0.00015829714945835176,0.0,1.0,1.0,0.0,0.0009688765836728815,0.39361702127659576
canonical_core,rolling,2020-2024,2020,2024,dm_model:macroscopic_dm,Macroscopic DM,candidate,0.00015829714945835176,0.00015829714945835176,0.0,1.0,1.0,0.0,0.000918223004604579,0.39361702127659576
canonical_core,rolling,2020-2024,2020,2024,dm_model:majoron,Majoron,candidate,0.00015829714945835176,0.00015829714945835176,0.0,1.0,1.0,0.0,0.00012628388617612392,0.39361702127659576
canonical_core,rolling,2020-2024,2020,2024,dm_model:minimal_su_2_l,Minimal SU(2)L,candidate,0.00015829714945835176,0.00015829714945835176,0.0,1.0,1.0,0.0,0.0019616297021164374,0.39361702127659576
canonical_core,rolling,2020-2024,2020,2024,dm_model:mirror_dm,Mirror DM,candidate,0.00015829714945835176,0.00015829714945835176,0.0,1.0,1.0,0.0,0.0011368550282948003,0.39361702127659576
canonical_core,rolling,2020-2024,2020,2024,dm_model:pbh,PBH,candidate,0.00015829714945835176,0.0001477188603511933,0.06682551861075438,1.0,0.9945945945945946,0.00540540540540535,0.0814319007307488,0.9787234042553191
canonical_core,rolling,2020-2024,2020,2024,dm_model:q_ball,Q-ball,candidate,0.00015829714945835176,0.00015829714945835176,0.0,1.0,1.0,0.0,0.00012628388617612392,0.39361702127659576
canonical_core,rolling,2020-2024,2020,2024,dm_model:quark_nugget_aqn,Quark Nugget / AQN,candidate,0.00015829714945835176,0.00015829714945835176,0.0,1.0,1.0,0.0,0.001726179830450045,0.39361702127659576
canonical_core,rolling,2020-2024,2020,2024,dm_model:scotogenic_model,Scotogenic Model,candidate,0.00015829714945835176,0.00015829714945835176,0.0,1.0,1.0,0.0,0.002593049132997057,0.39361702127659576
canonical_core,rolling,2020-2024,2020,2024,dm_model:sfdm,SFDM,candidate,0.00015829714945835176,0.00015829714945835176,0.0,1.0,1.0,0.0,0.0026622208587297447,0.39361702127659576
canonical_core,rolling,2020-2024,2020,2024,dm_model:sterile_nu,Sterile nu,candidate,0.00015829714945835176,0.00015526997491069369,0.019123367401221145,1.0,1.0,0.0,0.04089530314853012,0.8936170212765957
canonical_core,rolling,2020-2024,2020,2024,dm_model:superfluid_dm,Superfluid DM,candidate,0.00015829714945835176,0.00015829714945835176,0.0,1.0,1.0,0.0,0.0007498444897030805,0.39361702127659576
canonical_core,rolling,2020-2024,2020,2024,dm_model:superwimp,SuperWIMP,candidate,0.00015829714945835176,0.00015829714945835176,0.0,1.0,1.0,0.0,0.0004462230680029502,0.39361702127659576
canonical_core,rolling,2020-2024,2020,2024,dm_model:twin_higgs,Twin Higgs,candidate,0.00015829714945835176,0.00015829714945835176,0.0,1.0,1.0,0.0,0.004100296887047196,0.39361702127659576
canonical_core,rolling,2020-2024,2020,2024,dm_model:ula_fuzzy,ULA / Fuzzy,candidate,0.00015829714945835176,0.0001517324568116632,0.041470694002710064,1.0,0.9666666666666667,0.033333333333333326,0.023980963753811424,0.9574468085106383
canonical_core,rolling,2020-2024,2020,2024,dm_model:vector_dm,Vector DM,candidate,0.00015829714945835176,0.00015829714945835176,0.0,1.0,1.0,0.0,0.00981680747849501,0.39361702127659576
canonical_core,rolling,2020-2024,2020,2024,dm_model:wimp_core,Canonical WIMP core,candidate,0.00015829714945835176,0.00015235795646976354,0.03751926682767479,1.0,0.9727027027027026,0.02729729729729735,0.138911717248985,0.9361702127659575
canonical_core,rolling,2020-2024,2020,2024,dm_model:wimpzilla,WIMPzilla,candidate,0.00015829714945835176,0.00015829714945835176,0.0,1.0,1.0,0.0,0.00027784455310145165,0.39361702127659576
canonical_core,rolling,2020-2024,2020,2024,dm_model:wino,Wino,candidate,0.00015829714945835176,0.00015829714945835176,0.0,1.0,1.0,0.0,0.02018044506014031,0.39361702127659576
canonical_core,rolling,2020-2024,2020,2024,mechanism:annihilation,Dark-matter annihilation,mechanism,0.00015829714945835176,0.0001582968759739835,1.7276645170072188e-06,1.0,1.0,0.0,0.013919604804789579,0.7872340425531915
canonical_core,rolling,2020-2024,2020,2024,phenomenon:black_holes,Black-hole systems,phenomenon,0.00015829714945835176,0.0001563643895019248,0.012209695266404428,1.0,1.0,0.0,0.02877149253087089,0.851063829787234
canonical_core,rolling,2020-2024,2020,2024,phenomenon:cmb,Cosmic microwave background,phenomenon,0.00015829714945835176,0.0001528896310197676,0.03416055473574329,1.0,0.9833333333333333,0.01666666666666672,0.05430475663388664,0.9148936170212766
canonical_core,rolling,2020-2024,2020,2024,theory:inflation,Cosmic inflation,theory,0.00015829714945835176,0.0001562543810925868,0.012904644036577609,1.0,0.9945945945945946,0.00540540540540535,0.06637475567090896,0.8723404255319149
canonical_core,rolling,2021-2025,2021,2025,apparatus:antares,ANTARES,apparatus,0.00016314619781340848,0.00016314619781340848,0.0,1.0,1.0,0.0,6.65335994677312e-05,0.3829787234042553
canonical_core,rolling,2021-2025,2021,2025,apparatus:bbo,Big Bang Observer,apparatus,0.00016314619781340848,0.00016314619781340848,0.0,1.0,1.0,0.0,0.005260001033050374,0.3829787234042553
canonical_core,rolling,2021-2025,2021,2025,apparatus:bicep_keck,BICEP/Keck,apparatus,0.00016314619781340848,0.00016314619781340848,0.0,1.0,1.0,0.0,0.0006315536611672101,0.3829787234042553
canonical_core,rolling,2021-2025,2021,2025,apparatus:cmb_s4,CMB-S4,apparatus,0.00016314619781340848,0.00016314619781340848,0.0,1.0,1.0,0.0,0.003581750223290567,0.3829787234042553
canonical_core,rolling,2021-2025,2021,2025,apparatus:comptel,COMPTEL,apparatus,0.00016314619781340848,0.00016314619781340848,0.0,1.0,1.0,0.0,0.0006164792552678381,0.3829787234042553
canonical_core,rolling,2021-2025,2021,2025,apparatus:cosmic_explorer,Cosmic Explorer,apparatus,0.00016314619781340848,0.00016314619781340848,0.0,1.0,1.0,0.0,0.0019648281046807194,0.3829787234042553
canonical_core,rolling,2021-2025,2021,2025,apparatus:cta,Cherenkov Telescope Array,apparatus,0.00016314619781340848,0.00016314619781340848,0.0,1.0,1.0,0.0,0.002637103977115059,0.3829787234042553
canonical_core,rolling,2021-2025,2021,2025,apparatus:decigo,DECIGO,apparatus,0.00016314619781340848,0.00016314619781340848,0.0,1.0,1.0,0.0,0.006581671009543026,0.3829787234042553
canonical_core,rolling,2021-2025,2021,2025,apparatus:desi,Dark Energy Spectroscopic Instrument,apparatus,0.00016314619781340848,0.00016314619781340848,0.0,1.0,1.0,0.0,0.003511910267777166,0.3829787234042553
canonical_core,rolling,2021-2025,2021,2025,apparatus:eht,Event Horizon Telescope,apparatus,0.00016314619781340848,0.00016314619781340848,0.0,1.0,1.0,0.0,0.0009721926038153663,0.3829787234042553
canonical_core,rolling,2021-2025,2021,2025,apparatus:einstein_telescope,Einstein Telescope,apparatus,0.00016314619781340848,0.00016314619781340848,0.0,1.0,1.0,0.0,0.005350774634112295,0.3829787234042553
canonical_core,rolling,2021-2025,2021,2025,apparatus:epta,European Pulsar Timing Array,apparatus,0.00016314619781340848,0.00016314619781340848,0.0,1.0,1.0,0.0,0.000897688059038135,0.3829787234042553
canonical_core,rolling,2021-2025,2021,2025,apparatus:eros,EROS,apparatus,0.00016314619781340848,0.00016314619781340848,0.0,1.0,1.0,0.0,0.0006980872606349413,0.3829787234042553
canonical_core,rolling,2021-2025,2021,2025,apparatus:jwst,James Webb Space Telescope,apparatus,0.00016314619781340848,0.00016312836465134226,0.00010930786193750859,1.0,1.0,0.0,0.006202371990732685,0.7659574468085106
canonical_core,rolling,2021-2025,2021,2025,dm_model:asymmetric_dm,Asymmetric DM,candidate,0.00016314619781340848,0.00016314619781340848,0.0,1.0,1.0,0.0,0.008139703308328954,0.3829787234042553
canonical_core,rolling,2021-2025,2021,2025,dm_model:atomic_dm,Atomic DM,candidate,0.00016314619781340848,0.00016314619781340848,0.0,1.0,1.0,0.0,0.0010714774692407267,0.3829787234042553
canonical_core,rolling,2021-2025,2021,2025,dm_model:axino,Axino,candidate,0.00016314619781340848,0.00016314619781340848,0.0,1.0,1.0,0.0,0.0018626136194307853,0.3829787234042553
canonical_core,rolling,2021-2025,2021,2025,dm_model:axion_alp,Axion + ALP,candidate,0.00016314619781340848,0.0001287551276544768,0.21079909075334388,1.0,0.9296218487394958,0.07037815126050417,0.2023184793181233,1.0
canonical_core,rolling,2021-2025,2021,2025,dm_model:bino,Bino,candidate,0.00016314619781340848,0.00016314619781340848,0.0,1.0,1.0,0.0,0.023208165698107585,0.3829787234042553
canonical_core,rolling,2021-2025,2021,2025,dm_model:dark_photon,Dark Photon,candidate,0.00016314619781340848,0.0001626734763278662,0.0028975329604856784,1.0,0.9946524064171123,0.005347593582887722,0.024608841225808455,0.8085106382978723
canonical_core,rolling,2021-2025,2021,2025,dm_model:generic_composite,Generic Composite,candidate,0.00016314619781340848,0.00016310043652754415,0.0002804925059709878,1.0,1.0,0.0,0.011844487650140538,0.7872340425531915
canonical_core,rolling,2021-2025,2021,2025,dm_model:glueball,Glueball,candidate,0.00016314619781340848,0.00016314619781340848,0.0,1.0,1.0,0.0,0.00026076590672030993,0.3829787234042553
canonical_core,rolling,2021-2025,2021,2025,dm_model:gravitino,Gravitino,candidate,0.00016314619781340848,0.00016314619781340848,0.0,1.0,1.0,0.0,0.015993696806456625,0.3829787234042553
canonical_core,rolling,2021-2025,2021,2025,dm_model:inert_doublet_model,Inert Doublet Model,candidate,0.00016314619781340848,0.00016314619781340848,0.0,1.0,1.0,0.0,0.0010040763850533672,0.3829787234042553
canonical_core,rolling,2021-2025,2021,2025,dm_model:macho,MACHO,candidate,0.00016314619781340848,0.00016314619781340848,0.0,1.0,1.0,0.0,0.0008737752231096343,0.3829787234042553
canonical_core,rolling,2021-2025,2021,2025,dm_model:macroscopic_dm,Macroscopic DM,candidate,0.00016314619781340848,0.00016314619781340848,0.0,1.0,1.0,0.0,0.0007620184059437871,0.3829787234042553
canonical_core,rolling,2021-2025,2021,2025,dm_model:majoron,Majoron,candidate,0.00016314619781340848,0.00016314619781340848,0.0,1.0,1.0,0.0,0.0005960363582178513,0.3829787234042553
canonical_core,rolling,2021-2025,2021,2025,dm_model:minimal_su_2_l,Minimal SU(2)L,candidate,0.00016314619781340848,0.00016314619781340848,0.0,1.0,1.0,0.0,0.002629836933692343,0.3829787234042553
canonical_core,rolling,2021-2025,2021,2025,dm_model:mirror_dm,Mirror DM,candidate,0.00016314619781340848,0.00016314619781340848,0.0,1.0,1.0,0.0,0.0008550672954989044,0.3829787234042553
canonical_core,rolling,2021-2025,2021,2025,dm_model:pbh,PBH,candidate,0.00016314619781340848,0.00014762901023213716,0.09511216190902858,1.0,0.9821428571428571,0.017857142857142905,0.09197775412270874,0.9787234042553191
canonical_core,rolling,2021-2025,2021,2025,dm_model:q_ball,Q-ball,candidate,0.00016314619781340848,0.00016314619781340848,0.0,1.0,1.0,0.0,0.0003352704514975414,0.3829787234042553
canonical_core,rolling,2021-2025,2021,2025,dm_model:quark_nugget_aqn,Quark Nugget / AQN,candidate,0.00016314619781340848,0.00016314619781340848,0.0,1.0,1.0,0.0,0.0015548895255731025,0.3829787234042553
canonical_core,rolling,2021-2025,2021,2025,dm_model:scotogenic_model,Scotogenic Model,candidate,0.00016314619781340848,0.00016314619781340848,0.0,1.0,1.0,0.0,0.002108305120251723,0.3829787234042553
canonical_core,rolling,2021-2025,2021,2025,dm_model:sfdm,SFDM,candidate,0.00016314619781340848,0.00016314619781340848,0.0,1.0,1.0,0.0,0.0025379826945225426,0.3829787234042553
canonical_core,rolling,2021-2025,2021,2025,dm_model:sterile_nu,Sterile nu,candidate,0.00016314619781340848,0.00015932099650530943,0.02344646310712035,1.0,0.976890756302521,0.02310924369747902,0.03861461500582008,0.8936170212765957
canonical_core,rolling,2021-2025,2021,2025,dm_model:superfluid_dm,Superfluid DM,candidate,0.00016314619781340848,0.00016314619781340848,0.0,1.0,1.0,0.0,0.0006511290734975686,0.3829787234042553
canonical_core,rolling,2021-2025,2021,2025,dm_model:superwimp,SuperWIMP,candidate,0.00016314619781340848,0.00016314619781340848,0.0,1.0,1.0,0.0,0.0005437096799298636,0.3829787234042553
canonical_core,rolling,2021-2025,2021,2025,dm_model:twin_higgs,Twin Higgs,candidate,0.00016314619781340848,0.00016314619781340848,0.0,1.0,1.0,0.0,0.002962504931030999,0.3829787234042553
canonical_core,rolling,2021-2025,2021,2025,dm_model:ula_fuzzy,ULA / Fuzzy,candidate,0.00016314619781340848,0.00015728231114263438,0.03594252731210241,1.0,0.9821428571428571,0.017857142857142905,0.02520039144876194,0.9574468085106383
canonical_core,rolling,2021-2025,2021,2025,dm_model:vector_dm,Vector DM,candidate,0.00016314619781340848,0.00016314619781340848,0.0,1.0,1.0,0.0,0.010485728984092115,0.3829787234042553
canonical_core,rolling,2021-2025,2021,2025,dm_model:wimp_core,Canonical WIMP core,candidate,0.00016314619781340848,0.00015779714454621055,0.03278687054243014,1.0,0.9821428571428571,0.017857142857142905,0.12422185877090998,0.9361702127659575
canonical_core,rolling,2021-2025,2021,2025,dm_model:wimpzilla,WIMPzilla,candidate,0.00016314619781340848,0.00016314619781340848,0.0,1.0,1.0,0.0,0.0007965046413406733,0.3829787234042553
canonical_core,rolling,2021-2025,2021,2025,dm_model:wino,Wino,candidate,0.00016314619781340848,0.00016314619781340848,0.0,1.0,1.0,0.0,0.019905185407261272,0.3829787234042553
canonical_core,rolling,2021-2025,2021,2025,phenomenon:black_holes,Black-hole systems,phenomenon,0.00016314619781340848,0.00016191319871753797,0.007557633045672917,1.0,1.0,0.0,0.03169839231783292,0.851063829787234
canonical_core,rolling,2021-2025,2021,2025,phenomenon:cmb,Cosmic microwave background,phenomenon,0.00016314619781340848,0.00015835974944541855,0.029338399742936252,1.0,1.0,0.0,0.056151725754273005,0.9148936170212766
canonical_core,rolling,2021-2025,2021,2025,phenomenon:halo_density_profile,Halo density profile,phenomenon,0.00016314619781340848,0.00016230224574279226,0.005172980320273511,1.0,0.9821428571428571,0.017857142857142905,0.0019523561529402329,0.8297872340425532
canonical_core,rolling,2021-2025,2021,2025,theory:inflation,Cosmic inflation,theory,0.00016314619781340848,0.0001615221110637047,0.009954793746166644,1.0,0.9946524064171123,0.005347593582887722,0.06493881060211074,0.8723404255319149
