term,Astrophysics,High-energy physics,total_df,p_astro,p_hep,log_odds_astro,log_odds_hep,salience
star-forming,3361,0,3361,0.05023987804331256,1.5403099103539633e-05,11.671396596403863,-11.671396596403863,94.77514040366052
early-type,1893,0,1893,0.02829963084188973,1.5403099103539633e-05,10.843346868056733,-10.843346868056733,81.82873456738234
line-of-sight,1205,0,1205,0.01801700817528285,1.5403099103539633e-05,10.19192309777484,-10.19192309777484,72.31235050707217
metallicities,1189,0,1189,0.017777877415594313,1.5403099103539633e-05,10.172646718597447,-10.172646718597447,72.03971961051023
photometric,3345,3,3348,0.050000747283624025,0.00010782169372477742,8.857158369010781,-8.857158369010781,71.88839140268118
dex,1165,0,1165,0.017419181276061516,1.5403099103539633e-05,10.143240451301178,-10.143240451301178,71.62481239060915
outflows,1128,0,1128,0.016866191394281787,1.5403099103539633e-05,10.096697865364149,-10.096697865364149,70.97057340440757
photometry,1910,1,1911,0.028553707274058798,4.62092973106189e-05,9.271279203808668,-9.271279203808668,70.05290576035085
sfr,1036,0,1036,0.015491189526072726,1.5403099103539633e-05,9.974011563281728,-9.974011563281728,69.26040611131803
stellar-mass,5476,11,5487,0.0818499753396404,0.00035427127938141153,7.85198366027134,-7.85198366027134,67.60808542789484
intracluster,1644,1,1645,0.024578158394236948,4.62092973106189e-05,9.054977954286558,-9.054977954286558,67.06210284426831
spirals,874,0,874,0.013069990584226338,1.5403099103539633e-05,9.728821736093966,-9.728821736093966,65.9052165907629
left-right,0,412,412,7.472836240266631e-06,0.012707556760420197,-10.731743146960865,10.731743146960865,64.64209242683748
lhc,68,5495,5563,0.0010237785649165284,0.1692954622470041,-7.369495788165824,7.369495788165824,63.555066356489334
arcmin,756,0,756,0.011306401231523412,1.5403099103539633e-05,9.51970343438905,-9.51970343438905,63.10957213156105
tracer,754,0,754,0.011276509886562347,1.5403099103539633e-05,9.515884252698996,-9.515884252698996,63.05907907715973
hydrodynamic-simulation,2694,5,2699,0.040271114498796876,0.00016943409013893597,7.8928774149247625,-7.8928774149247625,62.36168011583225
metallicity,3289,8,3297,0.04916378962471416,0.0002618526847601737,7.552696918316723,-7.552696918316723,61.1849377766744
discs,1199,1,1200,0.017927334140399646,4.62092973106189e-05,8.599762103744592,-8.599762103744592,60.98013756899375
icm,672,0,672,0.010050964743158619,1.5403099103539633e-05,9.3498976196163,-9.3498976196163,60.8841521571928
nmssm,0,324,324,7.472836240266631e-06,0.009996611318197221,-10.385567505826826,10.385567505826826,60.06830687298663
eso,632,0,632,0.009453137843937288,1.5403099103539633e-05,9.261428831753985,-9.261428831753985,59.74057274602237
mag,1481,2,1483,0.022142013779910028,7.701549551769816e-05,8.167421978246233,-8.167421978246233,59.64256978721508
weak-lensing,2794,7,2801,0.0417656817468502,0.0002310464865530945,7.497991026226588,-7.497991026226588,59.519718039663786
catalogs,1093,1,1094,0.01634309285746312,4.62092973106189e-05,8.46628216649925,-8.46628216649925,59.25135737625931
circumgalactic,605,0,605,0.00904960468696289,1.5403099103539633e-05,9.198490311866642,-9.198490311866642,58.933623481150875
enrichment,1067,1,1068,0.015954505372969257,4.62092973106189e-05,8.43156501595901,-8.43156501595901,58.80577239074266
high-redshift,2452,6,2458,0.036654261758507826,0.00020024028834601522,7.516104865137822,-7.516104865137822,58.68206421291353
cds,591,0,591,0.008840365272235425,1.5403099103539633e-05,9.164741520512102,-9.164741520512102,58.50318830318593
galaxy-galaxy,585,0,585,0.008750691237352224,1.5403099103539633e-05,9.150032522673527,-9.150032522673527,58.316083352028464
anonymous,575,0,575,0.008601234512546891,1.5403099103539633e-05,9.125179280304543,-9.125179280304543,58.00062192876713
vlt,574,0,574,0.00858628884006636,1.5403099103539633e-05,9.122670244818426,-9.122670244818426,57.96882249574764
cdsarc,572,0,572,0.008556397495105292,1.5403099103539633e-05,9.117639045156618,-9.117639045156618,57.90508358204579
higgs,162,7120,7282,0.002428671778086655,0.2193555343335079,-6.496959765062459,6.496959765062459,57.779400221688434
spectrograph,1009,1,1010,0.015087656369098328,4.62092973106189e-05,8.35096985678263,-8.35096985678263,57.77781522230605
metal-rich,564,0,564,0.008436832115261026,1.5403099103539633e-05,9.097336932945314,-9.097336932945314,57.648238761596716
deg,1606,3,1609,0.024010222839976683,0.00010782169372477742,7.7988575055861205,-7.7988575055861205,57.58668160552448
starbursts,562,0,562,0.00840694077029996,1.5403099103539633e-05,9.092216448276712,-9.092216448276712,57.58354920650751
mass-to-light,992,1,993,0.014833579936929263,4.62092973106189e-05,8.326467953481476,-8.326467953481476,57.467093674576724
squark,1,466,467,2.2418508720799892e-05,0.014371091463602477,-9.32426360795829,9.32426360795829,57.32993917631024
younger,530,0,530,0.007928679250922895,1.5403099103539633e-05,9.007716103087077,-9.007716103087077,56.52127490178023
dilepton,0,267,267,7.472836240266631e-06,0.008240658020393704,-10.106887919116197,10.106887919116197,56.50747876926112
imf,528,0,528,0.007898787905961829,1.5403099103539633e-05,9.002266823554995,-9.002266823554995,56.45311111101513
dusty,522,0,522,0.007809113871078629,1.5403099103539633e-05,8.985794389140558,-8.985794389140558,56.24731199816283
myr,1224,2,1226,0.01830097595241298,7.701549551769816e-05,7.8925561258489285,-7.8925561258489285,56.13444354279656
filaments,1220,2,1222,0.018241193262490844,7.701549551769816e-05,7.887835647066105,-7.887835647066105,56.075113731081174
missing-transverse-energy,0,259,259,7.472836240266631e-06,0.007994208434737068,-10.063083566185568,10.063083566185568,55.95760393786232
gyr,2599,9,2608,0.03885127561314621,0.000292658882967253,7.052598088610053,-7.052598088610053,55.4808305517814
arcsec,884,1,885,0.01321944730903167,4.62092973106189e-05,8.160262994141615,-8.160262994141615,55.38139518373627
viz-bin,497,0,497,0.007435472059065298,1.5403099103539633e-05,8.915059877603325,-8.915059877603325,55.3678715625226
catalogues,1165,2,1167,0.017419181276061516,7.701549551769816e-05,7.8213123564138165,-7.8213123564138165,55.24230587425382
charginos,0,247,247,7.472836240266631e-06,0.007624534056252118,-9.994777552794659,9.994777552794659,55.10549387110257
lenses,1151,2,1153,0.017209941861334052,7.701549551769816e-05,7.8038777630777965,-7.8038777630777965,55.025059753670526
disc,2840,11,2851,0.04245318268095473,0.00035427127938141153,6.904874393756991,-6.904874393756991,54.933632476387416
strasbg,481,0,481,0.007196341299376766,1.5403099103539633e-05,8.867899150015772,-8.867899150015772,54.78538535783426
outskirts,850,1,851,0.012711294444693539,4.62092973106189e-05,8.103712087114541,-8.103712087114541,54.68049849631795
feedback,4041,20,4061,0.06040293533007517,0.000631527063245125,6.579630289876597,-6.579630289876597,54.67298220261829
outflow,837,1,838,0.012517000702446606,4.62092973106189e-05,8.081490041683654,-8.081490041683654,54.4062937828308
redshift,16828,170,16998,0.251513249338654,0.005252456794307014,5.581498201189344,-5.581498201189344,54.36887051424986
vector-like,4,686,690,6.725552616239968e-05,0.021148455069159914,-8.296683746532475,8.296683746532475,54.24487840840993
emission-line,463,0,463,0.006927319194727167,1.5403099103539633e-05,8.812932690797844,-8.812932690797844,54.11038928803945
millennium,462,0,462,0.006912373522246633,1.5403099103539633e-05,8.809816717575988,-8.809816717575988,54.072250409007324
fainter,820,1,821,0.012262924270277541,4.62092973106189e-05,8.051904184964869,-8.051904184964869,54.04229057535061
late-type,813,1,814,0.012158304562913808,4.62092973106189e-05,8.039543197123685,-8.039543197123685,53.89057039484592
camera,1074,2,1076,0.01605912508033299,7.701549551769816e-05,7.704028834712734,-7.704028834712734,53.789026074893556
metal-poor,1074,2,1076,0.01605912508033299,7.701549551769816e-05,7.704028834712734,-7.704028834712734,53.789026074893556
missing-transverse-momentum,0,228,228,7.472836240266631e-06,0.007039216290317612,-9.879543192885757,9.879543192885757,53.68269123224785
zoom-in,450,0,450,0.006733025452480234,1.5403099103539633e-05,8.771890457985851,-8.771890457985851,53.609122039675725
two-higgs-doublet,0,226,226,7.472836240266631e-06,0.006977603893903454,-9.866860077873921,9.866860077873921,53.527222751948685
sdss,3674,19,3693,0.05491787352971947,0.0006007208650380457,6.514437179527642,-6.514437179527642,53.512617253184146
collider,99,4098,4197,0.0014870944118130596,0.12625920335171437,-6.4077484998428575,6.4077484998428575,53.45576720470746
esa,793,1,794,0.011859391113303143,4.62092973106189e-05,8.00363107428634,-8.00363107428634,53.45098647356255
stripping,1052,2,1054,0.015730320285761257,7.701549551769816e-05,7.674183585238709,-7.674183585238709,53.42226384751093
far-infrared,445,0,445,0.006658297090077568,1.5403099103539633e-05,8.755788783694236,-8.755788783694236,53.413104257054655
spectroscopic,4344,25,4369,0.06493147409167675,0.0007855580542805213,6.369056254508313,-6.369056254508313,53.38873053128761
ellipticals,779,1,780,0.011650151698575677,4.62092973106189e-05,7.977949874148941,-7.977949874148941,53.137734678423094
mock,2266,9,2275,0.03387436667712864,0.000292658882967253,6.854830094614712,-6.854830094614712,52.98903482308592
belle,0,218,218,7.472836240266631e-06,0.006731154308246819,-9.814982307328286,9.814982307328286,52.893643681072
edge-on,429,0,429,0.006419166330389036,1.5403099103539633e-05,8.703021483310776,-8.703021483310776,52.77325294139037
colliders,24,1635,1659,0.0003661689757730649,0.050383537167678134,-7.104299037795258,7.104299037795258,52.6753429866418
herschel,425,0,425,0.006359383640466903,1.5403099103539633e-05,8.689522483858276,-8.689522483858276,52.610186826563904
quasars,2214,9,2223,0.033097191708140905,0.000292658882967253,6.8213449306140435,-6.8213449306140435,52.572532774136185
body-simulation,3932,23,3955,0.05877385702969705,0.0007239456578663627,6.3431493607977245,-6.3431493607977245,52.54023443186502
redshift-space,745,1,746,0.011141998834237547,4.62092973106189e-05,7.913609203734599,-7.913609203734599,52.35695434157512
starburst,980,2,982,0.014654231867162863,7.701549551769816e-05,7.571952887477099,-7.571952887477099,52.17536762377437
hst,2693,13,2706,0.04025616882631634,0.0004158836757955701,6.59688600984794,-6.59688600984794,52.13912379044267
color-magnitude,413,0,413,0.006180035570700504,1.5403099103539633e-05,8.648250681343587,-8.648250681343587,52.11319951381991
canada-france-hawaii,409,0,409,0.006120252880778371,1.5403099103539633e-05,8.634226803813322,-8.634226803813322,51.94486540422095
subsample,406,0,406,0.006075415863336771,1.5403099103539633e-05,8.62361870424734,-8.62361870424734,51.8177137763108
brightness,3170,18,3188,0.047385254599530705,0.0005699146668309663,6.37754845804894,-6.37754845804894,51.450634092357376
kpc,5038,37,5075,0.07530377079316684,0.0011552324327654725,6.0264670526320865,-6.0264670526320865,51.419497245840056
lensing,4088,27,4115,0.06110538193666024,0.0008471704506946798,6.172503373668034,-6.172503373668034,51.37150555876293
diphoton,1,331,332,2.2418508720799892e-05,0.010212254705646776,-8.831395397219119,8.831395397219119,51.29400285240608
sunyaev-zel,923,2,925,0.013802328535772467,7.701549551769816e-05,7.485547218267389,-7.485547218267389,51.132831625490084
quiescent,911,2,913,0.013622980466006069,7.701549551769816e-05,7.466677913324085,-7.466677913324085,50.90654494466242
tevatron,3,495,498,5.230985368186642e-05,0.015264471211607775,-8.188879162956571,8.188879162956571,50.874280605156585
seesaw,21,1362,1383,0.00032133195833146513,0.041973445057145495,-7.02926859767724,7.02926859767724,50.84082390951293
main-sequence,379,0,379,0.005671882706362373,1.5403099103539633e-05,8.52446323758778,-8.52446323758778,50.63677146879107
flavor-changing,0,190,190,7.472836240266631e-06,0.0058685807584486,-9.617140025321008,9.617140025321008,50.51184900879723
high-resolution,2988,18,3006,0.044665142208073653,0.0005699146668309663,6.2922596239689685,-6.2922596239689685,50.392808217372355
spectroscopically,657,1,658,0.00982677965595062,4.62092973106189e-05,7.732391745630821,-7.732391745630821,50.18881708135889
cms,13,990,1003,0.00020176657848719904,0.03051353932411201,-7.240618500553705,7.240618500553705,50.045325373354395
multi-object,364,0,364,0.005447697619154374,1.5403099103539633e-05,8.46628216649925,-8.46628216649925,49.950195748811566
tracers,1210,4,1214,0.018091736537685515,0.0001386278919318567,7.027969524728937,-7.027969524728937,49.91614902179114
quasar,2144,11,2155,0.03205099463450358,0.00035427127938141153,6.499370806750856,-6.499370806750856,49.889234864558176
mssm,22,1318,1340,0.0003362776308119984,0.04061797233603401,-6.916321597362573,6.916321597362573,49.805613706339585
paranal,360,0,360,0.005387914929232241,1.5403099103539633e-05,8.450362611413135,-8.450362611413135,49.7631541222711
singlet,50,2159,2209,0.0007547564602669297,0.06652598502818767,-6.461762956282914,6.461762956282914,49.76040683425369
lens,2122,11,2133,0.03172218983993185,0.00035427127938141153,6.484494044555701,-6.484494044555701,49.70853247593961
brighter,849,2,851,0.012696348772213005,7.701549551769816e-05,7.365049204469171,-7.365049204469171,49.69630678151115
agn,2118,11,2129,0.031662407150009717,0.00035427127938141153,6.48177261947919,-6.48177261947919,49.67550977451339
dovich,1191,4,1195,0.01780776876055538,0.0001386278919318567,7.0051453969202715,-7.0051453969202715,49.643629621117036
superfields,0,180,180,7.472836240266631e-06,0.005560518776377807,-9.539347864714857,9.539347864714857,49.59027155493218
rest-frame,1022,3,1025,0.01528195011134526,0.00010782169372477742,7.1470373679438195,-7.1470373679438195,49.55343345265952
acs,354,0,354,0.005298240894349041,1.5403099103539633e-05,8.42614897941183,-8.42614897941183,49.47933931877432
spitzer,616,1,617,0.009214007084248755,4.62092973106189e-05,7.6395017458539956,-7.6395017458539956,49.09516979045858
morphological,1436,6,1442,0.02146945851828603,0.00020024028834601522,6.744409721563744,-6.744409721563744,49.06207065551123
low-luminosity,341,0,341,0.005103947152102109,1.5403099103539633e-05,8.372248930462403,-8.372248930462403,48.85048795282294
stripped,602,1,603,0.00900476766952129,4.62092973106189e-05,7.606362092568481,-7.606362092568481,48.70790403612099
virial,2316,14,2330,0.0346216503011553,0.00044668987400264934,6.276257134078012,-6.276257134078012,48.66642819376461
eagle,333,0,333,0.004984381772257843,1.5403099103539633e-05,8.338050113356898,-8.338050113356898,48.4535848152223
mjy,328,0,328,0.004909653409855177,1.5403099103539633e-05,8.316256722494643,-8.316256722494643,48.201504233769704
images,3587,29,3616,0.053617600023913074,0.0009087828471088383,5.882627229260884,-5.882627229260884,48.198719304713855
electroweak,136,3746,3882,0.00204008429359279,0.11541542158282246,-5.8220634330418415,5.8220634330418415,48.11564753940265
ftp,578,1,579,0.008646071529988492,4.62092973106189e-05,7.547717810558646,-7.547717810558646,48.02634054617757
slepton,2,349,351,3.736418120133316e-05,0.010766766273374202,-8.170713388315761,8.170713388315761,47.910049750605054
cgm,322,0,322,0.0048199793749719765,1.5403099103539633e-05,8.289662512482929,-8.289662512482929,47.89478787397876
sph,322,0,322,0.0048199793749719765,1.5403099103539633e-05,8.289662512482929,-8.289662512482929,47.89478787397876
monojet,0,162,162,7.472836240266631e-06,0.005006007208650381,-9.387788745743505,9.387788745743505,47.81905080876244
sfrs,318,0,318,0.004760196685049844,1.5403099103539633e-05,8.271656724428613,-8.271656724428613,47.68768175296627
aanda,318,0,318,0.004760196685049844,1.5403099103539633e-05,8.271656724428613,-8.271656724428613,47.68768175296627
assembly,1778,10,1788,0.026580878506628405,0.0003234650811743323,6.360634998455403,-6.360634998455403,47.63741661622036
luminous,2957,23,2980,0.04420182636117712,0.0007239456578663627,5.932080763721826,-5.932080763721826,47.45672971461119
bluer,313,0,313,0.004685468322647177,1.5403099103539633e-05,8.248828794974353,-8.248828794974353,47.42575841578357
elliptical,2136,14,2150,0.03193142925465931,0.00044668987400264934,6.1595597687258525,-6.1595597687258525,47.26654067878666
imaging,3685,33,3718,0.055082275927005334,0.0010320076399371553,5.738062614797862,-5.738062614797862,47.17381828835026
gaugino,9,682,691,0.000141983888565066,0.0210252302763316,-7.210250560191317,7.210250560191317,47.152053299911564
lensed,1509,8,1517,0.02256049260936496,0.0002618526847601737,6.428899362435599,-6.428899362435599,47.09264546554639
chile,546,1,547,0.008167810010611428,4.62092973106189e-05,7.465622347123062,-7.465622347123062,47.080269709349004
higgsinos,1,257,258,2.2418508720799892e-05,0.007932596038322911,-8.466958959177111,8.466958959177111,47.04943514161368
gas-rich,872,3,875,0.01304009923926527,0.00010782169372477742,6.918163561211723,-6.918163561211723,46.87309080418566
near-ir,302,0,302,0.004521065925361311,1.5403099103539633e-05,8.19729849433427,-8.19729849433427,46.83717332363027
subsamples,300,0,300,0.004491174580400245,1.5403099103539633e-05,8.187728342883497,-8.187728342883497,46.72826847064571
extinction,711,2,713,0.010633845969899415,7.701549551769816e-05,7.109299013811433,-7.109299013811433,46.71437176403115
gcs,533,1,534,0.007973516268364495,4.62092973106189e-05,7.430889122275581,-7.430889122275581,46.682827632743134
gauginos,1,251,252,2.2418508720799892e-05,0.007747758849080435,-8.432944926912057,8.432944926912057,46.662768817593246
qcat,298,0,298,0.0044612832354391785,1.5403099103539633e-05,8.178094283437117,-8.178094283437117,46.61876500060223
colour-magnitude,298,0,298,0.0044612832354391785,1.5403099103539633e-05,8.178094283437117,-8.178094283437117,46.61876500060223
spiral,2729,22,2751,0.040794213035615534,0.0006931394596592835,5.879075047589056,-5.879075047589056,46.56276351038317
right-handed-neutrino,21,1058,1079,0.00032133195833146513,0.0326083608021934,-6.665033637133178,6.665033637133178,46.55336921942131
bulges,698,2,700,0.010439552227652483,7.701549551769816e-05,7.082695372694414,-7.082695372694414,46.409417291043546
model-like,3,377,380,5.230985368186642e-05,0.011629339823172422,-7.796470749982524,7.796470749982524,46.33286150118975
ckm,0,148,148,7.472836240266631e-06,0.004574720433751271,-9.257811958628453,9.257811958628453,46.325593951516545
leptoquarks,0,148,148,7.472836240266631e-06,0.004574720433751271,-9.257811958628453,9.257811958628453,46.325593951516545
low-metallicity,292,0,292,0.004371609200555979,1.5403099103539633e-05,8.14879997664308,-8.14879997664308,46.28659042368694
leptoquark,0,147,147,7.472836240266631e-06,0.004543914235544191,-9.248063982076891,9.248063982076891,46.21453883979047
foreground,1419,8,1427,0.021215382086116966,0.0002618526847601737,6.340211454646365,-6.340211454646365,46.05548711890807
faint,2155,16,2171,0.032215397031789446,0.0005083022704168078,5.985919889992352,-5.985919889992352,45.99223891726055
cross-correlation,1077,5,1082,0.01610396209777459,0.00016943409013893597,6.570547697511476,-6.570547697511476,45.91163795381625
filament,508,1,509,0.007599874456351164,4.62092973106189e-05,7.361648625308657,-7.361648625308657,45.89554114859419
same-sign,0,143,143,7.472836240266631e-06,0.004420689442715875,-9.208399764503374,9.208399764503374,45.764027617441386
volume-limited,282,0,282,0.004222152475750646,1.5403099103539633e-05,8.098614219474863,-8.098614219474863,45.720296520543776
spheroids,278,0,278,0.004162369785828513,1.5403099103539633e-05,8.078040679512345,-8.078040679512345,45.48915784850218
igm,800,3,803,0.011964010820666875,0.00010782169372477742,6.793909832630965,-6.793909832630965,45.4485342512359
majorana,34,1311,1345,0.0005156257005783975,0.040402328948584455,-6.291970473314502,6.291970473314502,45.33297093761261
dijet,0,139,139,7.472836240266631e-06,0.004297464649887558,-9.167614149656876,9.167614149656876,45.303070996057734
voids,910,4,914,0.013608034793525535,0.0001386278919318567,6.6170973677068385,-6.6170973677068385,45.121484482927464
ngc,2026,16,2042,0.030287405281800656,0.0005083022704168078,5.8968875028607,-5.8968875028607,44.94710611280236
boson,250,4714,4964,0.003743890956373582,0.1452358214472752,-5.277715102152386,5.277715102152386,44.91424521794733
disks,1595,11,1606,0.023845820442690818,0.00035427127938141153,6.072738099394612,-6.072738099394612,44.82970789028347
supersymmetry,408,6604,7012,0.006105307208297837,0.203459536058655,-5.058534199340054,5.058534199340054,44.795955065292816
california,265,0,265,0.003968076043581581,1.5403099103539633e-05,8.009075212976466,-8.009075212976466,44.718641888409095
vla,265,0,265,0.003968076043581581,1.5403099103539633e-05,8.009075212976466,-8.009075212976466,44.718641888409095
declines,263,0,263,0.003938184698620515,1.5403099103539633e-05,7.998166313809527,-7.998166313809527,44.59736828430131
decline,464,1,465,0.0069422648672077,4.62092973106189e-05,7.231079447833809,-7.231079447833809,44.4290944626017
membership,260,0,260,0.0038933476811789146,1.5403099103539633e-05,7.981646724450821,-7.981646724450821,44.41403608224692
cluster,13661,263,13924,0.20418030459280515,0.008117433227565387,4.652676286871675,-4.652676286871675,44.39323658475758
triaxial,461,1,462,0.006897427849766101,4.62092973106189e-05,7.221731499096931,-7.221731499096931,44.32501679935397
stellar-mass-to-light,258,0,258,0.003863456336217848,1.5403099103539633e-05,7.970527632487247,-7.970527632487247,44.29085161475671
squarks,6,462,468,9.71468711234662e-05,0.01424786667077416,-7.19636267509027,7.19636267509027,44.26196819215368
morphologies,863,4,867,0.012905588186940471,0.0001386278919318567,6.540634528258924,-6.540634528258924,44.25518715372694
mediation,6,461,467,9.71468711234662e-05,0.014217060472567081,-7.193239957332369,7.193239957332369,44.22740782258608
multiwavelength,608,2,610,0.00909444170440449,7.701549551769816e-05,6.883692519998679,-6.883692519998679,44.159554952915784
best-fitting,605,2,607,0.00904960468696289,7.701549551769816e-05,6.87656221697928,-6.87656221697928,44.07996639755816
populations,3501,40,3541,0.05233227219058722,0.00124765102738671,5.390414531427488,-5.390414531427488,44.05287608691325
higgsino,6,454,460,9.71468711234662e-05,0.014001417085117526,-7.171189603880702,7.171189603880702,43.98376028239981
reionization,2341,22,2363,0.03499529211316863,0.0006931394596592835,5.657871388541703,-5.657871388541703,43.95096945369605
lhcb,1,212,213,2.2418508720799892e-05,0.006546317119004344,-8.189849368131595,8.189849368131595,43.946535276036
hadron,68,1860,1928,0.0010237785649165284,0.05731493176427097,-5.806935429992933,5.806935429992933,43.928055517529785
disk,4041,50,4091,0.06040293533007517,0.001555713009457503,5.2789708117428855,-5.2789708117428855,43.90408704923114
merger,5699,82,5781,0.08518286030279933,0.002541511352084039,5.066804594118535,-5.066804594118535,43.89121973828398
sleptons,3,323,326,5.230985368186642e-05,0.009965805119990142,-7.573759817762591,7.573759817762591,43.85176768878744
inside-out,250,0,250,0.003743890956373582,1.5403099103539633e-05,7.925173955367521,-7.925173955367521,43.79017572481613
multiband,249,0,249,0.003728945283893049,1.5403099103539633e-05,7.919403167509573,-7.919403167509573,43.72667508219859
archival,718,3,721,0.01073846567726315,0.00010782169372477742,6.637996586572045,-6.637996586572045,43.69146040470197
infall,1222,8,1230,0.01827108460745191,0.0002618526847601737,6.12466307076157,-6.12466307076157,43.580543075213015
winds,933,5,938,0.0139517852605778,0.00016943409013893597,6.363581755761218,-6.363581755761218,43.55754290504168
slope,2541,26,2567,0.037984426609275285,0.0008163642524876005,5.540051223057558,-5.540051223057558,43.4942921092612
survey,14488,304,14792,0.21654037573420615,0.009380487354055635,4.528829363666825,-4.528829363666825,43.48540912427972
gas-phase,244,0,244,0.0036542169214903823,1.5403099103539633e-05,7.890197817124546,-7.890197817124546,43.406015524278494
gluino,9,541,550,0.000141983888565066,0.016681556329133422,-6.876382851992429,6.876382851992429,43.40190500798281
accreted,1023,6,1029,0.015296895783825794,0.00020024028834601522,6.255362831054631,-6.255362831054631,43.39541665103853
qso,577,2,579,0.008631125857507959,7.701549551769816e-05,6.80825620358837,-6.80825620358837,43.32112555953651
mass-metallicity,242,0,242,0.003624325576529316,1.5403099103539633e-05,7.878348099246803,-7.878348099246803,43.276250181187905
intra-cluster,242,0,242,0.003624325576529316,1.5403099103539633e-05,7.878348099246803,-7.878348099246803,43.276250181187905
illustris,242,0,242,0.003624325576529316,1.5403099103539633e-05,7.878348099246803,-7.878348099246803,43.276250181187905
bcg,241,0,241,0.0036093799040487827,1.5403099103539633e-05,7.872386541008086,-7.872386541008086,43.21103947982743
column,1002,6,1008,0.014983036661734594,0.00020024028834601522,6.225453965373503,-6.225453965373503,43.05969095081884
reddening,238,0,238,0.003564542886607183,1.5403099103539633e-05,7.854352618177824,-7.854352618177824,43.01407583746869
etgs,237,0,237,0.00354959721412665,1.5403099103539633e-05,7.848290865390623,-7.848290865390623,42.94797194112083
ssfr,237,0,237,0.00354959721412665,1.5403099103539633e-05,7.848290865390623,-7.848290865390623,42.94797194112083
time-scales,422,1,423,0.006314546623025303,4.62092973106189e-05,7.094352192620703,-7.094352192620703,42.918939802895665
brightest,1420,11,1431,0.021230327758597498,0.00035427127938141153,5.905128322304841,-5.905128322304841,42.91154798314321
magellanic,896,5,901,0.013398795378798069,0.00016943409013893597,6.30523531640339,-6.30523531640339,42.904695786410166
low-redshift,895,5,900,0.013383849706317535,0.00016943409013893597,6.303625165520977,-6.303625165520977,42.88674695561419
hawaii,236,0,236,0.003534651541646116,1.5403099103539633e-05,7.8422035355117075,-7.8422035355117075,42.88164057120058
stellar,10783,214,10997,0.1611666591938304,0.006607929515418502,4.608211213769723,-4.608211213769723,42.881565291375004
shocks,788,4,792,0.011784662750900477,0.0001386278919318567,6.409549105520511,-6.409549105520511,42.78901675884269
submillimetre,234,0,234,0.0035047601966850498,1.5403099103539633e-05,7.829951274687689,-7.829951274687689,42.7482885557395
southern,1157,8,1165,0.01729961589621725,0.0002618526847601737,6.045840799069572,-6.045840799069572,42.69170341133923
drell-yan,0,118,118,7.472836240266631e-06,0.003650534487538893,-8.932236086725947,8.932236086725947,42.68825932809057
subgrid,232,0,232,0.0034748688517239833,1.5403099103539633e-05,7.817594068167707,-7.817594068167707,42.61400587994929
nebular,232,0,232,0.0034748688517239833,1.5403099103539633e-05,7.817594068167707,-7.817594068167707,42.61400587994929
gadget,230,0,230,0.003444977506762917,1.5403099103539633e-05,7.805130102601651,-7.805130102601651,42.478778303326
pati-salam,0,116,116,7.472836240266631e-06,0.003588922091124734,-8.907678982481967,8.907678982481967,42.41991666992142
lepton,159,2966,3125,0.0023838347606450552,0.09138658698130064,-5.26062629152281,5.26062629152281,42.33494011474874
trilinear,3,293,296,5.230985368186642e-05,0.009041619173777764,-7.433354608880135,7.433354608880135,42.323530035698
accretion,4224,61,4285,0.06313799339401277,0.0018945811897353748,5.058557539645698,-5.058557539645698,42.30526897730449
chargino,4,334,338,6.725552616239968e-05,0.010304673300268014,-7.2594302370268355,7.2594302370268355,42.29344134043923
calabi-yau,0,115,115,7.472836240266631e-06,0.003558115892917655,-8.895241879243745,8.895241879243745,42.28433454469161
gas,12330,268,12598,0.1842876145212154,0.008271464218600783,4.477672565739469,-4.477672565739469,42.27537563235769
finder,227,0,227,0.003400140489321317,1.5403099103539633e-05,7.786229897258371,-7.786229897258371,42.27413325871412
orbifold,1,190,191,2.2418508720799892e-05,0.0058685807584486,-8.032177524599852,8.032177524599852,42.22913616288928
long-slit,226,0,226,0.0033851948168407836,1.5403099103539633e-05,7.779874402218548,-7.779874402218548,42.20542977431863
nebula,226,0,226,0.0033851948168407836,1.5403099103539633e-05,7.779874402218548,-7.779874402218548,42.20542977431863
smeft,0,114,114,7.472836240266631e-06,0.0035273096947105757,-8.88269662592463,8.88269662592463,42.14779260685362
fermion,89,1979,2068,0.001337637687007727,0.0609808693509134,-5.510597412593527,5.510597412593527,42.07242307240015
centrally,399,1,400,0.005970796155973038,4.62092973106189e-05,7.013596354379133,-7.013596354379133,42.0392260148465
imaged,398,1,399,0.005955850483492505,4.62092973106189e-05,7.009980575441628,-7.009980575441628,42.000050093674126
protocluster,223,0,223,0.003340357799399184,1.5403099103539633e-05,7.76063818335563,-7.76063818335563,41.99782698483197
lbgs,223,0,223,0.003340357799399184,1.5403099103539633e-05,7.76063818335563,-7.76063818335563,41.99782698483197
half-light,527,2,529,0.007883842233481295,7.701549551769816e-05,6.677606350879498,-6.677606350879498,41.88780333719866
filamentary,525,2,527,0.00785395088852023,7.701549551769816e-05,6.672126021247129,-6.672126021247129,41.82820044422022
near-infrared,1253,10,1263,0.018734400454348443,0.0003234650811743323,5.8559360202274915,-5.8559360202274915,41.823309235607745
star-formation,522,2,524,0.007809113871078629,7.701549551769816e-05,6.663866294253196,-6.663866294253196,41.73844856956835
two-higgs,0,111,111,7.472836240266631e-06,0.003434891100089338,-8.844392737747992,8.844392737747992,41.73225715035443
sparticle,4,322,326,6.725552616239968e-05,0.009934998921783064,-7.206723186695991,7.206723186695991,41.72664021365152
ram-pressure,219,0,219,0.003280575109477051,1.5403099103539633e-05,7.734584291707671,-7.734584291707671,41.71746689533877
maps,2676,33,2709,0.04000209239414727,0.0010320076399371553,5.2765499090295345,-5.2765499090295345,41.70956471765592
lfv,0,110,110,7.472836240266631e-06,0.003404084901882259,-8.831395397219119,8.831395397219119,41.59172334293417
bias,5324,90,5414,0.07957823312259935,0.0027879609377406732,4.835091614406357,-4.835091614406357,41.566935253338485
dispersions,1073,8,1081,0.016044179407852455,0.0002618526847601737,5.937150796780747,-5.937150796780747,41.48029862122651
leptogenesis,27,894,921,0.0004110059932146647,0.0275561442962324,-6.067070796354936,6.067070796354936,41.41713316583649
low-z,214,0,214,0.0032058467470743846,1.5403099103539633e-05,7.701340999671858,-7.701340999671858,41.36111484041639
cfht,214,0,214,0.0032058467470743846,1.5403099103539633e-05,7.701340999671858,-7.701340999671858,41.36111484041639
integral-field,214,0,214,0.0032058467470743846,1.5403099103539633e-05,7.701340999671858,-7.701340999671858,41.36111484041639
faint-end,213,0,213,0.0031909010745938514,1.5403099103539633e-05,7.6945994217928035,-7.6945994217928035,41.28903594254119
smbhs,380,1,381,0.005686828378842906,4.62092973106189e-05,6.943297304954702,-6.943297304954702,41.280822888560174
inflows,212,0,212,0.003175955402113318,1.5403099103539633e-05,7.687826193197377,-7.687826193197377,41.21668234092481
tan,9,470,479,0.000141983888565066,0.014494316256430793,-6.673616237112638,6.673616237112638,41.201479187460336
wide-field,974,7,981,0.014564557832279664,0.0002310464865530945,5.9781349418216845,-5.9781349418216845,41.18690653534481
littlest,0,107,107,7.472836240266631e-06,0.003311666307261021,-8.791685687417148,8.791685687417148,41.16382609611689
bcgs,211,0,211,0.003161009729632785,1.5403099103539633e-05,7.681021015292263,-7.681021015292263,41.14405174598182
lsst,501,2,503,0.007495254748987431,7.701549551769816e-05,6.604684957897131,-6.604684957897131,41.098155877098634
lyman-break,210,0,210,0.0031460640571522517,1.5403099103539633e-05,7.674183585238709,-7.674183585238709,41.071141838448305
bright,2673,35,2708,0.03995725537670568,0.001093620036351314,5.191274004066249,-5.191274004066249,41.03356798515145
next-to-minimal,4,307,311,6.725552616239968e-05,0.009472905948676873,-7.138010436611977,7.138010436611977,40.99361669207994
m31,699,4,703,0.010454497900133017,0.0001386278919318567,6.236762407894754,-6.236762407894754,40.89306876858444
warm-hot,206,0,206,0.0030862813672301185,1.5403099103539633e-05,7.646505133591758,-7.646505133591758,40.776661628704886
brightnesses,205,0,205,0.0030713356947495852,1.5403099103539633e-05,7.6395017458539956,-7.6395017458539956,40.702319293161906
mocks,204,0,204,0.003056390022269052,1.5403099103539633e-05,7.6324641951140615,-7.6324641951140615,40.62768307600875
bimodality,204,0,204,0.003056390022269052,1.5403099103539633e-05,7.6324641951140615,-7.6324641951140615,40.62768307600875
nebulae,364,1,365,0.005447697619154374,4.62092973106189e-05,6.8813196657780935,-6.8813196657780935,40.61790683701212
bino,2,220,222,3.736418120133316e-05,0.006792766704660978,-7.506199588497845,7.506199588497845,40.5873105258711
higgses,0,103,103,7.472836240266631e-06,0.0031884415144327037,-8.736979795327013,8.736979795327013,40.57794944739883
smoothed,857,6,863,0.012815914152057272,0.00020024028834601522,6.000060305091395,-6.000060305091395,40.56984437008813
laes,203,0,203,0.003041444349788519,1.5403099103539633e-05,7.62539214643856,-7.62539214643856,40.55275043487757
unbiased,772,5,777,0.011545531991211945,0.00016943409013893597,6.090466666326752,-6.090466666326752,40.54257100236163
redshift-dependent,202,0,202,0.0030264986773079856,1.5403099103539633e-05,7.6182852599443,-7.6182852599443,40.47751879318197
nircam,202,0,202,0.0030264986773079856,1.5403099103539633e-05,7.6182852599443,-7.6182852599443,40.47751879318197
host,4215,71,4286,0.06300348234168797,0.0022026431718061676,4.838123869275391,-4.838123869275391,40.462886814572194
downsizing,201,0,201,0.0030115530048274524,1.5403099103539633e-05,7.611143190700281,-7.611143190700281,40.40198553948944
peculiar,478,2,480,0.007151504281935166,7.701549551769816e-05,6.536954181770976,-6.536954181770976,40.37136137738035
sight,1470,15,1485,0.021977611382624163,0.0004774960722097286,5.524401920672502,-5.524401920672502,40.34936554201499
gauge,471,5650,6121,0.007046884574571433,0.17407042296910138,-4.626541695821139,4.626541695821139,40.34179709161314
lobes,200,0,200,0.0029966073323469187,1.5403099103539633e-05,7.603965588627233,-7.603965588627233,40.326148026879125
bimodal,357,1,358,0.005343077911790641,4.62092973106189e-05,6.853344093116909,-6.853344093116909,40.320432739048606
branching,46,1158,1204,0.0006949737703447966,0.03568898062290133,-5.682376355584478,5.682376355584478,40.31211234944632
quarks,97,1876,1973,0.001457203066851993,0.05780783093558424,-5.309991098965052,5.309991098965052,40.291241898738846
lep,10,467,477,0.00015692956104559924,0.014401897661809555,-6.519997969823926,6.519997969823926,40.2258494504482
dirac,53,1260,1313,0.0007995934777085294,0.038831212840023416,-5.60180625428508,5.60180625428508,40.22562512177322
tidal,3158,48,3206,0.04720590652976431,0.0014941006130433443,4.981618176865592,-4.981618176865592,40.21705786388506
superfield,1,166,167,2.2418508720799892e-05,0.0051292320014786974,-7.837908704177793,7.837908704177793,40.16116187405829
companions,353,1,354,0.005283295221868508,4.62092973106189e-05,6.837111066260555,-6.837111066260555,40.14832152080783
parton,3,254,257,5.230985368186642e-05,0.007840177443701673,-7.2276597618457785,7.2276597618457785,40.13490255109381
flavor-violating,0,100,100,7.472836240266631e-06,0.003096022919811466,-8.694544529006615,8.694544529006615,40.126370840408356
scotogenic,2,213,215,3.736418120133316e-05,0.006577123317211423,-7.459657002560815,7.459657002560815,40.09773321459513
median,1384,14,1398,0.0206922835492983,0.00044668987400264934,5.533675505411671,-5.533675505411671,40.08325032103801
flavour,24,764,788,0.0003661689757730649,0.0235513385293121,-6.0071556850732835,6.0071556850732835,40.072331828064684
chandra,1254,12,1266,0.018749346126828978,0.0003850774775884908,5.605547727806761,-5.605547727806761,40.04831543617547
megacam,196,0,196,0.002936824642424786,1.5403099103539633e-05,7.574892664430919,-7.574892664430919,40.01970116951147
gluinos,3,252,255,5.230985368186642e-05,0.0077785650472875145,-7.21627749340924,7.21627749340924,40.01553918955843
morphology,2309,31,2340,0.03451703059379157,0.0009703952435229968,5.152592069521433,-5.152592069521433,39.97552749729639
hypercharge,4,286,290,6.725552616239968e-05,0.008825975786328209,-7.0359591651422795,7.0359591651422795,39.91727083847021
sky,3706,62,3768,0.05539613504909653,0.001925387387942454,4.846564673560167,-4.846564673560167,39.90935179850371
nas,347,1,348,0.005193621186985308,4.62092973106189e-05,6.812413829062026,-6.812413829062026,39.887172932964596
reservoir,346,1,347,0.005178675514504775,4.62092973106189e-05,6.80825620358837,-6.80825620358837,39.84329383757981
ism,653,4,657,0.009766996966028486,0.0001386278919318567,6.138625586525434,-6.138625586525434,39.83479942764061
babar,0,98,98,7.472836240266631e-06,0.0030344105233973077,-8.665544657284064,8.665544657284064,39.81921626691374
progenitors,1035,9,1044,0.015476243853592192,0.000292658882967253,5.724691486949239,-5.724691486949239,39.79675092874513
psf,193,0,193,0.0028919876249831862,1.5403099103539633e-05,7.552696918316723,-7.552696918316723,39.7865360840872
high-z,809,6,815,0.012098521872991675,0.00020024028834601522,5.916954714333786,-5.916954714333786,39.66971612445198
motions,1515,17,1532,0.022650166644248158,0.0005391084686238871,5.392802282011676,-5.392802282011676,39.55610701489421
intergalactic,2347,33,2380,0.03508496614805183,0.0010320076399371553,5.087327414255677,-5.087327414255677,39.55537396723263
flux-limited,190,0,190,0.002847150607541586,1.5403099103539633e-05,7.530154349665635,-7.530154349665635,39.550429599838566
lsb,190,0,190,0.002847150607541586,1.5403099103539633e-05,7.530154349665635,-7.530154349665635,39.550429599838566
custodial,0,96,96,7.472836240266631e-06,0.002972798126983149,-8.635949875095767,8.635949875095767,39.50697470340552
arecibo,189,0,189,0.002832204935061053,1.5403099103539633e-05,7.522561200343405,-7.522561200343405,39.47105970250232
ultraluminous,189,0,189,0.002832204935061053,1.5403099103539633e-05,7.522561200343405,-7.522561200343405,39.47105970250232
right-handed,17,597,614,0.00026154926840933206,0.01840670342872986,-6.137004723750832,6.137004723750832,39.40952619167213
macs,188,0,188,0.0028172592625805197,1.5403099103539633e-05,7.514927875440977,-7.514927875440977,39.39135075948124
concentration,1324,14,1338,0.019795543200466306,0.00044668987400264934,5.469758295414363,-5.469758295414363,39.38050035565944
doublet,91,1694,1785,0.0013675290319687934,0.05220110286189581,-5.254436921027639,5.254436921027639,39.343824730916815
lyrae,187,0,187,0.0028023135900999865,1.5403099103539633e-05,7.507253947555556,-7.507253947555556,39.311299596600705
giant,2068,28,2096,0.03091512352598305,0.0008779766489017591,5.137986390242707,-5.137986390242707,39.29667136177051
barred,445,2,447,0.006658297090077568,7.701549551769816e-05,6.433860688806873,-6.433860688806873,39.277389191329014
top-heavy,186,0,186,0.0027873679176194533,1.5403099103539633e-05,7.49953898242755,-7.49953898242755,39.230902993413636
sunyaev-zeldovich,443,2,445,0.006628405745116502,7.701549551769816e-05,6.427369361586014,-6.427369361586014,39.209003128116265
bulge,1804,23,1827,0.02696946599112227,0.0007239456578663627,5.219301738391908,-5.219301738391908,39.20205923811012
ages,1307,14,1321,0.01954146676829724,0.00044668987400264934,5.451121398179044,-5.451121398179044,39.17666993896065
balmer,185,0,185,0.00277242224513892,1.5403099103539633e-05,7.4917825387931165,-7.4917825387931165,39.15015768228077
hod,185,0,185,0.00277242224513892,1.5403099103539633e-05,7.4917825387931165,-7.4917825387931165,39.15015768228077
superpartners,3,237,240,5.230985368186642e-05,0.007316472074181325,-7.127921618988394,7.127921618988394,39.09520263798928
qsos,439,2,441,0.006568623055194368,7.701549551769816e-05,6.414298422428355,-6.414298422428355,39.07147936713323
las-campanas,184,0,184,0.002757476572658387,1.5403099103539633e-05,7.483984168232709,-7.483984168232709,39.06906034742758
ship,0,93,93,7.472836240266631e-06,0.0028803795323619113,-8.590387297715324,8.590387297715324,39.02866178738855
globular,1980,27,2007,0.029599904347696125,0.0008471704506946798,5.126796434552273,-5.126796434552273,38.98874590937127
evolutionary,1348,15,1363,0.020154239339999103,0.0004774960722097286,5.399450658021041,-5.399450658021041,38.974189679829514
catalog,1617,20,1637,0.02417462523726255,0.000631527063245125,5.258505154434099,-5.258505154434099,38.919412753074646
mixings,10,428,438,0.00015692956104559924,0.013200455931733465,-6.394326809161426,6.394326809161426,38.90627771735353
rosat,434,2,436,0.0064938946927917025,7.701549551769816e-05,6.397791434099351,-6.397791434099351,38.89814451547886
faser,0,92,92,7.472836240266631e-06,0.002849573334154832,-8.574874298344,8.574874298344,38.8664708985269
clustering,4090,78,4168,0.061135273281621307,0.0024182865592557224,4.659947898917105,-4.659947898917105,38.84267640191811
leptons,109,1850,1959,0.0016365511366183921,0.05700686978220018,-5.122405198526734,5.122405198526734,38.83141581926542
population,7461,178,7639,0.11151713521349893,0.005498906379963649,4.341976870259794,-4.341976870259794,38.82227900779787
all-sky,765,6,771,0.011440912283848212,0.00020024028834601522,5.836326011531009,-5.836326011531009,38.8056414795774
magnification,836,7,843,0.012502055029966073,0.0002310464865530945,5.757838296602147,-5.757838296602147,38.797192481729894
bosons,167,2468,2635,0.0025034001404893214,0.07604510027417516,-4.924894482223649,4.924894482223649,38.79348197052769
nlo,2,195,197,3.736418120133316e-05,0.006022611749483996,-7.332589540247677,7.332589540247677,38.77669151530739
offsets,321,1,322,0.004805033702491444,4.62092973106189e-05,6.700219588779104,-6.700219588779104,38.71153927321154
recherche,179,0,179,0.0026827482102557204,1.5403099103539633e-05,7.444347195995364,-7.444347195995364,38.658173771849455
photometrically,179,0,179,0.0026827482102557204,1.5403099103539633e-05,7.444347195995364,-7.444347195995364,38.658173771849455
ultra-diffuse,179,0,179,0.0026827482102557204,1.5403099103539633e-05,7.444347195995364,-7.444347195995364,38.658173771849455
naturalness,10,420,430,0.00015692956104559924,0.012954006346076831,-6.367137405304072,6.367137405304072,38.623743725117215
euclid,825,7,832,0.012337652632680208,0.0002310464865530945,5.7387409714770525,-5.7387409714770525,38.59322609686441
silla,178,0,178,0.002667802537775187,1.5403099103539633e-05,7.436287426201413,-7.436287426201413,38.57489184282929
arcminute,178,0,178,0.002667802537775187,1.5403099103539633e-05,7.436287426201413,-7.436287426201413,38.57489184282929
merging,2115,31,2146,0.031617570132568114,0.0009703952435229968,5.026010209028747,-5.026010209028747,38.558679808039074
trailing,177,0,177,0.002652856865294654,1.5403099103539633e-05,7.428182376564357,-7.428182376564357,38.49123324745075
scalars,58,1193,1251,0.0008743218401111958,0.0367671975601491,-5.394110969326059,5.394110969326059,38.4734832821007
yukawa,85,1530,1615,0.001277854997085594,0.04714888635593482,-5.205427652468781,5.205427652468781,38.456185961511544
arcs,315,1,316,0.004715359667608244,4.62092973106189e-05,6.673040856433706,-6.673040856433706,38.429386825271635
illustristng,420,2,422,0.006284655278064237,7.701549551769816e-05,6.350541057540095,-6.350541057540095,38.404085313259095
dust,2440,39,2479,0.03647491368874142,0.001216844829179631,4.905687450388894,-4.905687450388894,38.342921002828355
absorption-line,175,0,175,0.0026229655203335875,1.5403099103539633e-05,7.411834382476873,-7.411834382476873,38.32277104847015
corotation,175,0,175,0.0026229655203335875,1.5403099103539633e-05,7.411834382476873,-7.411834382476873,38.32277104847015
alma,416,2,418,0.006224872588142104,7.701549551769816e-05,6.336751752650498,-6.336751752650498,38.26048913409408
red,2758,47,2805,0.041227637537551,0.0014632944148362651,4.816319818974459,-4.816319818974459,38.23924470297852
virialization,174,0,174,0.0026080198478530543,1.5403099103539633e-05,7.403590388381965,-7.403590388381965,38.23795979459012
elongated,414,2,416,0.0061949812431810365,7.701549551769816e-05,6.329807358780701,-6.329807358780701,38.18827356290051
anticorrelation,173,0,173,0.002593074175372521,1.5403099103539633e-05,7.395299014750574,-7.395299014750574,38.152756571324936
steeper,799,7,806,0.011949065148186343,0.0002310464865530945,5.692570790044126,-5.692570790044126,38.10221880230451
offset,928,9,937,0.013877056898175134,0.000292658882967253,5.567337748664149,-5.567337748664149,38.101467433520696
agns,656,5,661,0.009811833983470086,0.00016943409013893597,5.855726744427902,-5.855726744427902,38.0345002280617
chronometers,171,0,171,0.0025631828304114542,1.5403099103539633e-05,7.378571928345125,-7.378571928345125,37.98115824792732
half-mass,171,0,171,0.0025631828304114542,1.5403099103539633e-05,7.378571928345125,-7.378571928345125,37.98115824792732
singlino,0,86,86,7.472836240266631e-06,0.0026647361449123564,-8.478121065464412,8.478121065464412,37.86250969719397
gas-poor,169,0,169,0.002533291485450388,1.5403099103539633e-05,7.361648625308657,-7.361648625308657,37.80794350397341
cerro,169,0,169,0.002533291485450388,1.5403099103539633e-05,7.361648625308657,-7.361648625308657,37.80794350397341
hosts,906,9,915,0.013548252103603402,0.000292658882967253,5.5327428584728855,-5.5327428584728855,37.733396836319
down-type,0,85,85,7.472836240266631e-06,0.0026339299467052772,-8.461345352713584,8.461345352713584,37.689770794526936
contract,567,4,571,0.008481669132702626,0.0001386278919318567,5.935058742908278,-5.935058742908278,37.68251288072851
boxy,167,0,167,0.0025034001404893214,1.5403099103539633e-05,7.344524447517448,-7.344524447517448,37.63307871492602
nasa,900,9,909,0.013458578068720202,0.000292658882967253,5.523162114635003,-5.523162114635003,37.63175908218304
flavor,151,2135,2286,0.002264269380800789,0.06578663627121777,-4.860677036996878,4.860677036996878,37.59731838154478
lightest,126,1884,2010,0.0018906275687874576,0.05805428052124088,-4.940465342797734,4.940465342797734,37.579093283065504
violating,100,1611,1711,0.0015020400842935928,0.04964418841070824,-5.046629619708304,5.046629619708304,37.574264772746965
scientifique,166,0,166,0.002488454468008788,1.5403099103539633e-05,7.335885529243575,-7.335885529243575,37.54501674726623
fornax,396,2,398,0.005925959138531438,7.701549551769816e-05,6.265756122988929,-6.265756122988929,37.525371668222114
metals,634,5,639,0.009483029188898354,0.00016943409013893597,5.806551897376122,-5.806551897376122,37.518850299242104
fcc-ee,0,84,84,7.472836240266631e-06,0.002603123748498198,-8.444372274109872,8.444372274109872,37.515401093846215
episodes,296,1,297,0.004431391890478112,4.62092973106189e-05,6.58343295599716,-6.58343295599716,37.50643301245644
eor,165,0,165,0.002473508795528255,1.5403099103539633e-05,7.327194568979531,-7.327194568979531,37.45652915953575
fermions,152,2125,2277,0.0022792150532813223,0.06547857428914698,-4.844413949016613,4.844413949016613,37.45242169141687
abell,762,7,769,0.011396075266406612,0.0002310464865530945,5.6242100939014055,-5.6242100939014055,37.380696621617155
photo-z,164,0,164,0.0024585631230477217,1.5403099103539633e-05,7.3184509359075545,-7.3184509359075545,37.36761143216064
supersymmetry-breaking,6,294,300,9.71468711234662e-05,0.009072425371984843,-6.545176943517055,6.545176943517055,37.35404651894385
ray-selected,163,0,163,0.002443617450567188,1.5403099103539633e-05,7.309653987670395,-7.309653987670395,37.27825897073153
manga,163,0,163,0.002443617450567188,1.5403099103539633e-05,7.309653987670395,-7.309653987670395,37.27825897073153
dla,163,0,163,0.002443617450567188,1.5403099103539633e-05,7.309653987670395,-7.309653987670395,37.27825897073153
sfh,163,0,163,0.002443617450567188,1.5403099103539633e-05,7.309653987670395,-7.309653987670395,37.27825897073153
arms,551,4,555,0.008242538373014094,0.0001386278919318567,5.893799236321383,-5.893799236321383,37.25333934561849
galaxy-halo,162,0,162,0.002428671778086655,1.5403099103539633e-05,7.300803070088129,-7.300803070088129,37.18846710431203
dr7,162,0,162,0.002428671778086655,1.5403099103539633e-05,7.300803070088129,-7.300803070088129,37.18846710431203
trends,1039,12,1051,0.015536026543514325,0.0003850774775884908,5.334325015255958,-5.334325015255958,37.118625331735316
void,684,6,690,0.010230312812925017,0.00020024028834601522,5.67497417528912,-5.67497417528912,37.10377465431088
satellites,2055,34,2089,0.03072082978373612,0.0010628138381442347,4.853256361958081,-4.853256361958081,37.10275344757798
centrals,161,0,161,0.0024137261056061217,1.5403099103539633e-05,7.291897516866237,-7.291897516866237,37.098231083698785
multifrequency,161,0,161,0.0024137261056061217,1.5403099103539633e-05,7.291897516866237,-7.291897516866237,37.098231083698785
shear,1844,29,1873,0.0275672928903436,0.0009087828471088383,4.92287818650529,-4.92287818650529,37.09797540251215
des,545,4,549,0.008152864338130894,0.0001386278919318567,5.878017547053608,-5.878017547053608,37.089810359889746
synoptic,287,1,288,0.004296880838153313,4.62092973106189e-05,6.5389628072828945,-6.5389628072828945,37.052553363762385
cat,287,1,288,0.004296880838153313,4.62092973106189e-05,6.5389628072828945,-6.5389628072828945,37.052553363762385
meson,37,815,852,0.0005604627180199973,0.02512245463787314,-5.486215214043691,5.486215214043691,37.02514730537146
radial,4415,101,4516,0.06599261683779462,0.0031268291180185453,4.399532343893775,-4.399532343893775,37.024719068592766
emitters,542,4,546,0.008108027320689295,0.0001386278919318567,5.870061488061842,-5.870061488061842,37.007502118554875
operators,83,1370,1453,0.0012479636521245273,0.04221989464280213,-5.08027515817941,5.08027515817941,36.994937905244896
anomaly-free,1,134,135,2.2418508720799892e-05,0.004143433658852161,-7.529992699663155,7.529992699663155,36.992255425557005
cabibbo-kobayashi-maskawa,0,81,81,7.472836240266631e-06,0.00251070515387696,-8.392220992058764,8.392220992058764,36.98216177300046
stacking,465,3,468,0.0069572105396882335,0.00010782169372477742,6.011789597673503,-6.011789597673503,36.97612974276719
protogalaxies,159,0,159,0.0023838347606450552,1.5403099103539633e-05,7.273919775937182,-7.273919775937182,36.91640718094789
subaru,672,6,678,0.010050964743158619,0.00020024028834601522,5.649457901475207,-5.649457901475207,36.83797455161265
lfs,158,0,158,0.002368889088164522,1.5403099103539633e-05,7.26484619231172,-7.26484619231172,36.82480939269252
galactocentric,603,5,608,0.009019713342001823,0.00016943409013893597,5.734285504290037,-5.734285504290037,36.76719654867092
hernquist,157,0,157,0.002353943415683989,1.5403099103539633e-05,7.255715180559592,-7.255715180559592,36.73274763415935
non-axisymmetric,157,0,157,0.002353943415683989,1.5403099103539633e-05,7.255715180559592,-7.255715180559592,36.73274763415935
prograde,157,0,157,0.002353943415683989,1.5403099103539633e-05,7.255715180559592,-7.255715180559592,36.73274763415935
red-sequence,157,0,157,0.002353943415683989,1.5403099103539633e-05,7.255715180559592,-7.255715180559592,36.73274763415935
colours,727,7,734,0.010872976729587949,0.0002310464865530945,5.55642000435944,-5.55642000435944,36.67165246800793
semileptonic,1,131,132,2.2418508720799892e-05,0.004051015064230923,-7.497449326398834,7.497449326398834,36.66514477724131
nas5,156,0,156,0.0023389977432034556,1.5403099103539633e-05,7.246526009104931,-7.246526009104931,36.64021673688422
cmass,156,0,156,0.0023389977432034556,1.5403099103539633e-05,7.246526009104931,-7.246526009104931,36.64021673688422
blue,1746,28,1774,0.026102616987251342,0.0008779766489017591,4.893868075402436,-4.893868075402436,36.61374660392004
clouds,1870,31,1901,0.027955880374837466,0.0009703952435229968,4.848435489223223,-4.848435489223223,36.60889393817425
cubes,155,0,155,0.0023240520707229224,1.5403099103539633e-05,7.2372779323029155,-7.2372779323029155,36.54721144257439
lmc,451,3,454,0.006747971124960768,0.00010782169372477742,5.967734417595567,-5.967734417595567,36.5243095529949
dlas,154,0,154,0.0023091063982423887,1.5403099103539633e-05,7.227970190076688,-7.227970190076688,36.45372640097635
lrg,154,0,154,0.0023091063982423887,1.5403099103539633e-05,7.227970190076688,-7.227970190076688,36.45372640097635
rsd,154,0,154,0.0023091063982423887,1.5403099103539633e-05,7.227970190076688,-7.227970190076688,36.45372640097635
subcluster,154,0,154,0.0023091063982423887,1.5403099103539633e-05,7.227970190076688,-7.227970190076688,36.45372640097635
dsph,367,2,369,0.005492534636595973,7.701549551769816e-05,6.1561795070086776,-6.1561795070086776,36.40458601794454
gut,27,643,670,0.0004110059932146647,0.019823788546255508,-5.59192946252373,5.59192946252373,36.3965779017971
point-source,153,0,153,0.0022941607257618555,1.5403099103539633e-05,7.218602007542493,-7.218602007542493,36.35975616767941
sfhs,153,0,153,0.0022941607257618555,1.5403099103539633e-05,7.218602007542493,-7.218602007542493,36.35975616767941
magnifications,152,0,152,0.0022792150532813223,1.5403099103539633e-05,7.2091725946225615,-7.2091725946225615,36.265295201852425
udgs,152,0,152,0.0022792150532813223,1.5403099103539633e-05,7.2091725946225615,-7.2091725946225615,36.265295201852425
trend,1360,20,1380,0.020333587409765503,0.000631527063245125,5.008876398803908,-5.008876398803908,36.21699712917297
portal,46,884,930,0.0006949737703447966,0.02724808231416161,-5.293052359410114,5.293052359410114,36.18467829713067
smgs,151,0,151,0.002264269380800789,1.5403099103539633e-05,7.199681145645264,-7.199681145645264,36.17033786391144
metal-enriched,151,0,151,0.002264269380800789,1.5403099103539633e-05,7.199681145645264,-7.199681145645264,36.17033786391144
friends-of-friends,151,0,151,0.002264269380800789,1.5403099103539633e-05,7.199681145645264,-7.199681145645264,36.17033786391144
ksz,151,0,151,0.002264269380800789,1.5403099103539633e-05,7.199681145645264,-7.199681145645264,36.17033786391144
diagnostics,361,2,363,0.005402860601712774,7.701549551769816e-05,6.1324309042360685,-6.1324309042360685,36.163888624930806
bao,2236,42,2278,0.03342599650271264,0.0013092634238008687,4.6741432690392095,-4.6741432690392095,36.13810142812901
inclination,439,3,442,0.006568623055194368,0.00010782169372477742,5.928871595258113,-5.928871595258113,36.127992723344114
matter-only,269,1,270,0.004027858733503714,4.62092973106189e-05,6.445686124203662,-6.445686124203662,36.10949954988447
jeans,700,7,707,0.01046944357261355,0.0002310464865530945,5.501857806994613,-5.501857806994613,36.10563426985448
top-quark,2,162,164,3.736418120133316e-05,0.005006007208650381,-7.065860650856141,7.065860650856141,36.077899209451125
apache,150,0,150,0.002249323708320256,1.5403099103539633e-05,7.190126838932015,-7.190126838932015,36.07487841311543
neighbouring,150,0,150,0.002249323708320256,1.5403099103539633e-05,7.190126838932015,-7.190126838932015,36.07487841311543
point-spread,149,0,149,0.0022343780358397227,1.5403099103539633e-05,7.180508836370418,-7.180508836370418,35.97891100508765
schechter,266,1,267,0.003983021716062114,4.62092973106189e-05,6.429536384210333,-6.429536384210333,35.94745421484082
multiphase,355,2,357,0.005313186566829575,7.701549551769816e-05,6.108284816904366,-6.108284816904366,35.91997035613669
ugc,148,0,148,0.0022194323633591894,1.5403099103539633e-05,7.170826282973079,-7.170826282973079,35.882429689259745
lambda-cold-dark-matter,5395,146,5541,0.08063937586871721,0.004513108037337113,4.159291252606601,-4.159291252606601,35.85355113675191
erg,904,11,915,0.013518360758642335,0.00035427127938141153,5.253921898736541,-5.253921898736541,35.83183332810299
tsz,147,0,147,0.0022044866908786562,1.5403099103539633e-05,7.161078306421516,-7.161078306421516,35.78542840623554
tng50,147,0,147,0.0022044866908786562,1.5403099103539633e-05,7.161078306421516,-7.161078306421516,35.78542840623554
absorbers,564,5,569,0.008436832115261026,0.00016943409013893597,5.637905314308016,-5.637905314308016,35.77609696138172
edm,1,123,124,2.2418508720799892e-05,0.0038045654785742893,-7.406897568691209,7.406897568691209,35.76282528170278
sneutrino,8,306,314,0.00012703821608453273,0.009442099750469795,-6.215773260268129,6.215773260268129,35.75668718616244
stau,5,240,245,8.220119864293293e-05,0.007408890668802563,-6.493954302960432,6.493954302960432,35.75137141699173
quark,172,2075,2247,0.0025781285028919874,0.06393826437879302,-4.632283502765763,4.632283502765763,35.75102006598633
renormalizable,16,450,466,0.0002466035959287988,0.013878192292289208,-5.814482014282772,5.814482014282772,35.73772092257579
toomre,146,0,146,0.002189541018398123,1.5403099103539633e-05,7.151264016594561,-7.151264016594561,35.687900985071686
outer,2201,43,2244,0.032902897965893976,0.001340069622007948,4.617834795260478,-4.617834795260478,35.63334117931788
face-on,260,1,261,0.0038933476811789146,4.62092973106189e-05,6.396684223729665,-6.396684223729665,35.6189414395004
aeronautics,145,0,145,0.0021745953459175894,1.5403099103539633e-05,7.141382505080596,-7.141382505080596,35.58984114047173
vimos,145,0,145,0.0021745953459175894,1.5403099103539633e-05,7.141382505080596,-7.141382505080596,35.58984114047173
follow-up,987,13,1000,0.014758851574526596,0.0004158836757955701,5.149256597960672,-5.149256597960672,35.57495113108123
star,17642,696,18338,0.2636790267378081,0.02145651705123071,3.619295009111571,-3.619295009111571,35.529841747549696
tides,144,0,144,0.002159649673437056,1.5403099103539633e-05,7.131432844672991,-7.131432844672991,35.491242469890416
milky-way-mass,144,0,144,0.002159649673437056,1.5403099103539633e-05,7.131432844672991,-7.131432844672991,35.491242469890416
protoclusters,144,0,144,0.002159649673437056,1.5403099103539633e-05,7.131432844672991,-7.131432844672991,35.491242469890416
administration,144,0,144,0.002159649673437056,1.5403099103539633e-05,7.131432844672991,-7.131432844672991,35.491242469890416
faintest,257,1,258,0.003848510663737315,4.62092973106189e-05,6.379973283521737,-6.379973283521737,35.45241457476693
dwarfs,1160,17,1177,0.01734445291365885,0.0005391084686238871,5.007754952571829,-5.007754952571829,35.41270653710533
breaking,427,3879,4306,0.00638927498542797,0.119512645944364,-4.22536723883948,4.22536723883948,35.35785989281845
irregulars,142,0,142,0.0021297583284759897,1.5403099103539633e-05,7.111325271224417,-7.111325271224417,35.29240243632768
radio-quiet,142,0,142,0.0021297583284759897,1.5403099103539633e-05,7.111325271224417,-7.111325271224417,35.29240243632768
irac,142,0,142,0.0021297583284759897,1.5403099103539633e-05,7.111325271224417,-7.111325271224417,35.29240243632768
census,254,1,255,0.003803673646295715,4.62092973106189e-05,6.3630665075268515,-6.3630665075268515,35.28433287526124
spheroid,254,1,255,0.003803673646295715,4.62092973106189e-05,6.3630665075268515,-6.3630665075268515,35.28433287526124
non-supersymmetry,2,153,155,3.736418120133316e-05,0.0047287514247866674,-6.983659588310505,6.983659588310505,35.266475324615634
variability,604,6,610,0.009034659014482357,0.00020024028834601522,5.495665973280344,-5.495665973280344,35.25523007381354
synthetic,715,8,723,0.010693628659821548,0.0002618526847601737,5.351852277648641,-5.351852277648641,35.24083081118066
centres,413,3,416,0.006180035570700504,0.00010782169372477742,5.840895759285983,-5.840895759285983,35.238627728311315
boss,413,3,416,0.006180035570700504,0.00010782169372477742,5.840895759285983,-5.840895759285983,35.238627728311315
gravitational-lensing,1709,31,1740,0.02554962710547161,0.0009703952435229968,4.718585946105791,-4.718585946105791,35.21110254161085
metrewave,141,0,141,0.0021148126559954565,1.5403099103539633e-05,7.1011654050041955,-7.1011654050041955,35.192147654621806
mid-ir,141,0,141,0.0021148126559954565,1.5403099103539633e-05,7.1011654050041955,-7.1011654050041955,35.192147654621806
distance-redshift,141,0,141,0.0021148126559954565,1.5403099103539633e-05,7.1011654050041955,-7.1011654050041955,35.192147654621806
aura,141,0,141,0.0021148126559954565,1.5403099103539633e-05,7.1011654050041955,-7.1011654050041955,35.192147654621806
coannihilation,8,294,302,0.00012703821608453273,0.009072425371984843,-6.158153820407808,6.158153820407808,35.186045505036944
ergs,252,1,253,0.0037737823013346485,4.62092973106189e-05,6.351684239090313,-6.351684239090313,35.17139879039635
clumpy,410,3,413,0.006135198553258904,0.00010782169372477742,5.830390651892514,-5.830390651892514,35.13315264334829
estimators,477,4,481,0.007136558609454632,0.0001386278919318567,5.685939083653111,-5.685939083653111,35.127413894705
lognormal,251,1,252,0.0037588366288541153,4.62092973106189e-05,6.345959251256684,-6.345959251256684,35.114664216796896
chemodynamical,140,0,140,0.0020998669835149233,1.5403099103539633e-05,7.090933482393239,-7.090933482393239,35.091327203007246
decrement,140,0,140,0.0020998669835149233,1.5403099103539633e-05,7.090933482393239,-7.090933482393239,35.091327203007246
pericentre,140,0,140,0.0020998669835149233,1.5403099103539633e-05,7.090933482393239,-7.090933482393239,35.091327203007246
off-shell,3,179,182,5.230985368186642e-05,0.005529712578170728,-6.723977949593134,6.723977949593134,35.028470020416485
adaptive,756,9,765,0.011306401231523412,0.000292658882967253,5.271775920945465,-5.271775920945465,35.010824249050806
ultra-faint,249,1,250,0.003728945283893049,4.62092973106189e-05,6.334440666788417,-6.334440666788417,35.000653800061954
gpc,333,2,335,0.004984381772257843,7.701549551769816e-05,6.016122018469535,-6.016122018469535,34.99645053333949
isw,139,0,139,0.00208492131103439,1.5403099103539633e-05,7.0806284740015,-7.0806284740015,34.98993404586119
broad-line,139,0,139,0.00208492131103439,1.5403099103539633e-05,7.0806284740015,-7.0806284740015,34.98993404586119
cross-correlating,139,0,139,0.00208492131103439,1.5403099103539633e-05,7.0806284740015,-7.0806284740015,34.98993404586119
subclusters,139,0,139,0.00208492131103439,1.5403099103539633e-05,7.0806284740015,-7.0806284740015,34.98993404586119
age-metallicity,139,0,139,0.00208492131103439,1.5403099103539633e-05,7.0806284740015,-7.0806284740015,34.98993404586119
univers,139,0,139,0.00208492131103439,1.5403099103539633e-05,7.0806284740015,-7.0806284740015,34.98993404586119
compactifications,6,249,255,9.71468711234662e-05,0.0076861464526662765,-6.305949125023855,6.305949125023855,34.96760685411791
suite,1448,25,1473,0.02164880658805243,0.0007855580542805213,4.7844257894712205,-4.7844257894712205,34.90590303521135
sneutrinos,2,149,151,3.736418120133316e-05,0.00460552663195835,-6.94556641713843,6.94556641713843,34.89369582930582
arepo,138,0,138,0.002069975638553857,1.5403099103539633e-05,7.070249328221501,-7.070249328221501,34.88796101084378
archive,329,2,331,0.004924599082335709,7.701549551769816e-05,5.998713722293003,-5.998713722293003,34.823342797802304
pericenter,137,0,137,0.0020550299660733237,1.5403099103539633e-05,7.059794970584335,-7.059794970584335,34.78540078526596
estimator,691,8,699,0.010334932520288751,0.0002618526847601737,5.302629762072468,-5.302629762072468,34.73795355832883
gluon,13,372,385,0.00020176657848719904,0.011475308832137026,-5.8297019510137424,5.8297019510137424,34.72075673268968
superpartner,5,223,228,8.220119864293293e-05,0.006885185299282216,-6.388192240373708,6.388192240373708,34.71166073945307
irregular,636,7,643,0.009512920533859421,0.0002310464865530945,5.363633270465153,-5.363633270465153,34.6903640706784
freeze-in,17,433,450,0.00026154926840933206,0.013354486922768862,-5.674098004104556,5.674098004104556,34.67706463322233
chiral,62,966,1028,0.0009341045300333288,0.02977419056714211,-4.994334475376836,4.994334475376836,34.64241565860567
variance,1343,23,1366,0.020079510977596436,0.0007239456578663627,4.793698916507842,-4.793698916507842,34.61229823788516
seyfert,242,1,243,0.003624325576529316,4.62092973106189e-05,6.293385598525647,-6.293385598525647,34.59579934173303
far-ir,135,0,135,0.002025138621112257,1.5403099103539633e-05,7.038656203526184,-7.038656203526184,34.57848878726928
bulge-dominated,135,0,135,0.002025138621112257,1.5403099103539633e-05,7.038656203526184,-7.038656203526184,34.57848878726928
neighbour,135,0,135,0.002025138621112257,1.5403099103539633e-05,7.038656203526184,-7.038656203526184,34.57848878726928
photoionization,459,4,463,0.006867536504805033,0.0001386278919318567,5.630503212019035,-5.630503212019035,34.57063969273599
accreting,681,8,689,0.010185475795483418,0.0002618526847601737,5.2816141677271835,-5.2816141677271835,34.52428295190147
gemini,240,1,241,0.0035944342315682495,4.62092973106189e-05,6.281437745221199,-6.281437745221199,34.47842061424923
vlbi,134,0,134,0.0020101929486317236,1.5403099103539633e-05,7.027969524728937,-7.027969524728937,34.47412165328677
mass-weighted,134,0,134,0.0020101929486317236,1.5403099103539633e-05,7.027969524728937,-7.027969524728937,34.47412165328677
low-density,678,8,686,0.010140638778041817,0.0002618526847601737,5.275249326340828,-5.275249326340828,34.45969207447904
smbh,515,5,520,0.007704494163714897,0.00016943409013893597,5.506904160903124,-5.506904160903124,34.44981593450151
intermediate-age,133,0,133,0.0019952472761511904,1.5403099103539633e-05,7.017203093859867,-7.017203093859867,34.369136597445525
wings,133,0,133,0.0019952472761511904,1.5403099103539633e-05,7.017203093859867,-7.017203093859867,34.369136597445525
wfc3,133,0,133,0.0019952472761511904,1.5403099103539633e-05,7.017203093859867,-7.017203093859867,34.369136597445525
sub-grid,133,0,133,0.0019952472761511904,1.5403099103539633e-05,7.017203093859867,-7.017203093859867,34.369136597445525
cosmography,132,0,132,0.001980301603670657,1.5403099103539633e-05,7.0063557116228745,-7.0063557116228745,34.26352554634643
superclusters,236,1,237,0.003534651541646116,4.62092973106189e-05,6.257241034790551,-6.257241034790551,34.241316612778085
protogalactic,131,0,131,0.001965355931190124,1.5403099103539633e-05,6.995426151464615,-6.995426151464615,34.157280261682395
gravitino,51,821,872,0.000769702132747463,0.025307291827115615,-5.039109075594543,5.039109075594543,34.124521918772714
nlsp,2,141,143,3.736418120133316e-05,0.004359077046301716,-6.8662229857722075,6.8662229857722075,34.123846312545155
ionized,1375,25,1400,0.020557772496973502,0.0007855580542805213,4.709822244517028,-4.709822244517028,34.122386855163626
real-space,234,1,235,0.0035047601966850498,4.62092973106189e-05,6.244988773966533,-6.244988773966533,34.12156828522624
visual,381,3,384,0.005701774051323439,0.00010782169372477742,5.724691486949239,-5.724691486949239,34.08048143553459
mid-infrared,312,2,314,0.004670522650166644,7.701549551769816e-05,5.9222914468344,-5.9222914468344,34.06841173621064
optical,5803,186,5989,0.08673721024077478,0.005745355965620283,3.9161828560814476,-3.9161828560814476,34.062358096547754
nir,233,1,234,0.0034898145242045165,4.62092973106189e-05,6.238823401160818,-6.238823401160818,34.061389866281196
aperture,609,7,616,0.009109387376885023,0.0002310464865530945,5.301098977184006,-5.301098977184006,34.05886661116606
lae,130,0,130,0.0019504102587095907,1.5403099103539633e-05,6.984413158742197,-6.984413158742197,34.05039233563085
euclid-like,130,0,130,0.0019504102587095907,1.5403099103539633e-05,6.984413158742197,-6.984413158742197,34.05039233563085
low-resolution,232,1,233,0.0034748688517239833,4.62092973106189e-05,6.232631567446551,-6.232631567446551,34.001006594136136
interstellar,2294,53,2347,0.03429284550658357,0.0016481316040787408,4.379004267183438,-4.379004267183438,33.9868498123439
bursty,129,0,129,0.0019354645862290573,1.5403099103539633e-05,6.973315449858867,-6.973315449858867,33.9428531860822
interlopers,129,0,129,0.0019354645862290573,1.5403099103539633e-05,6.973315449858867,-6.973315449858867,33.9428531860822
f814w,129,0,129,0.0019354645862290573,1.5403099103539633e-05,6.973315449858867,-6.973315449858867,33.9428531860822
ramses,129,0,129,0.0019354645862290573,1.5403099103539633e-05,6.973315449858867,-6.973315449858867,33.9428531860822
s0s,129,0,129,0.0019354645862290573,1.5403099103539633e-05,6.973315449858867,-6.973315449858867,33.9428531860822
mediator,56,860,916,0.0008444304951501293,0.026508733557191706,-4.9723452574527025,4.9723452574527025,33.91690139024962
press-schechter,376,3,379,0.005627045688920773,0.00010782169372477742,5.7056582947866366,-5.7056582947866366,33.89258738053746
left-handed,6,230,236,9.71468711234662e-05,0.00710082868673177,-6.191676060115933,6.191676060115933,33.85645707114054
low-ionization,128,0,128,0.001920518913748524,1.5403099103539633e-05,6.962131711366191,-6.962131711366191,33.83465405169717
stellar-to-halo,128,0,128,0.001920518913748524,1.5403099103539633e-05,6.962131711366191,-6.962131711366191,33.83465405169717
declining,229,1,230,0.0034300318342823837,4.62092973106189e-05,6.213895004864964,-6.213895004864964,33.81861222579999
filters,492,5,497,0.0073607436966626315,0.00016943409013893597,5.441055457878754,-5.441055457878754,33.792219445797194
arc,305,2,307,0.004565902942802911,7.701549551769816e-05,5.88960763710368,-5.88960763710368,33.7480394431673
suprime-cam,372,3,375,0.00556726299899864,0.00010782169372477742,5.690248855464232,-5.690248855464232,33.740837836547485
ultra-deep,127,0,127,0.0019055732412679909,1.5403099103539633e-05,6.950860599031171,-6.950860599031171,33.72578598678568
elongation,127,0,127,0.0019055732412679909,1.5403099103539633e-05,6.950860599031171,-6.950860599031171,33.72578598678568
pericentric,127,0,127,0.0019055732412679909,1.5403099103539633e-05,6.950860599031171,-6.950860599031171,33.72578598678568
bars,871,13,884,0.013025153566784738,0.0004158836757955701,4.968976514134529,-4.968976514134529,33.71742564264583
legacy,1032,17,1049,0.015431406836150593,0.0005391084686238871,4.839150211534154,-4.839150211534154,33.66376835277387
photoionized,126,0,126,0.0018906275687874576,1.5403099103539633e-05,6.939500736866623,-6.939500736866623,33.61623985599917
catalogue,1539,31,1570,0.023008862783780955,0.0009703952435229968,4.567473390717214,-4.567473390717214,33.61417260757701
fossil,302,2,304,0.004521065925361311,7.701549551769816e-05,5.875370399446908,-5.875370399446908,33.60895048788674
slopes,590,7,597,0.00882541959975489,0.0002310464865530945,5.2554098159609515,-5.2554098159609515,33.60093960754933
gauged,19,428,447,0.0002914406133703986,0.013200455931733465,-5.501242013077938,5.501242013077938,33.58394501131519
jwst,1140,20,1160,0.017045539464048184,0.000631527063245125,4.7544058888663665,-4.7544058888663665,33.55201818373218
wcdm,125,0,125,0.0018756818963069244,1.5403099103539633e-05,6.928050716123085,-6.928050716123085,33.506006328828306
isophotal,125,0,125,0.0018756818963069244,1.5403099103539633e-05,6.928050716123085,-6.928050716123085,33.506006328828306
shocked,125,0,125,0.0018756818963069244,1.5403099103539633e-05,6.928050716123085,-6.928050716123085,33.506006328828306
intragroup,125,0,125,0.0018756818963069244,1.5403099103539633e-05,6.928050716123085,-6.928050716123085,33.506006328828306
enzo,125,0,125,0.0018756818963069244,1.5403099103539633e-05,6.928050716123085,-6.928050716123085,33.506006328828306
cdf,4,183,187,6.725552616239968e-05,0.005652937370999045,-6.393204089228587,6.393204089228587,33.4776421697726
sne,810,12,822,0.012113467545472208,0.0003850774775884908,4.975319347915129,-4.975319347915129,33.39910086693546
redder,297,2,299,0.004446337562958646,7.701549551769816e-05,5.851324925480257,-5.851324925480257,33.37468456347329
metal,1272,24,1296,0.019018368231478577,0.000754751856073442,4.655247259020163,-4.655247259020163,33.367924058468674
spectrophotometric,123,0,123,0.0018457905513458578,1.5403099103539633e-05,6.90487439375699,-6.90487439375699,33.283438753045075
unobscured,123,0,123,0.0018457905513458578,1.5403099103539633e-05,6.90487439375699,-6.90487439375699,33.283438753045075
wide-area,123,0,123,0.0018457905513458578,1.5403099103539633e-05,6.90487439375699,-6.90487439375699,33.283438753045075
wfpc2,123,0,123,0.0018457905513458578,1.5403099103539633e-05,6.90487439375699,-6.90487439375699,33.283438753045075
fueling,123,0,123,0.0018457905513458578,1.5403099103539633e-05,6.90487439375699,-6.90487439375699,33.283438753045075
associations,220,1,221,0.0032955207819575843,4.62092973106189e-05,6.1561795070086776,-6.1561795070086776,33.259851781261425
cern,35,607,642,0.0005305713730589308,0.01871476541080065,-5.140486316816148,5.140486316816148,33.2391284774964
sloan,219,1,220,0.003280575109477051,4.62092973106189e-05,6.149621790986515,-6.149621790986515,33.19665898054421
unitarity,24,479,503,0.0003661689757730649,0.014771572040294507,-5.3341699987306095,5.3341699987306095,33.192279643959374
warps,122,0,122,0.0018308448788653246,1.5403099103539633e-05,6.893145101174883,-6.893145101174883,33.17108501518579
megaprime,122,0,122,0.0018308448788653246,1.5403099103539633e-05,6.893145101174883,-6.893145101174883,33.17108501518579
agb,122,0,122,0.0018308448788653246,1.5403099103539633e-05,6.893145101174883,-6.893145101174883,33.17108501518579
hydrodynamical,664,9,673,0.009931399363314353,0.000292658882967253,5.084705038004902,-5.084705038004902,33.117853958641035
colored,10,286,296,0.00015692956104559924,0.008825975786328209,-5.813566743805832,5.813566743805832,33.10089181028182
ray-emitting,121,0,121,0.0018158992063847914,1.5403099103539633e-05,6.8813196657780935,-6.8813196657780935,33.05800448993478
palomar,121,0,121,0.0018158992063847914,1.5403099103539633e-05,6.8813196657780935,-6.8813196657780935,33.05800448993478
bands,1345,27,1372,0.020109402322557503,0.0008471704506946798,4.569074124288071,-4.569074124288071,33.01043384065655
salpeter,216,1,217,0.003235738092035451,4.62092973106189e-05,6.1297678761778815,-6.1297678761778815,33.00570486532296
galaxy-scale,216,1,217,0.003235738092035451,4.62092973106189e-05,6.1297678761778815,-6.1297678761778815,33.00570486532296
see-saw,3,154,157,5.230985368186642e-05,0.004759557622993746,-6.507600943674458,6.507600943674458,32.94534821436791
deimos,120,0,120,0.001800953533904258,1.5403099103539633e-05,6.869396498402274,-6.869396498402274,32.944186780992986
asca,120,0,120,0.001800953533904258,1.5403099103539633e-05,6.869396498402274,-6.869396498402274,32.944186780992986
zoom,120,0,120,0.001800953533904258,1.5403099103539633e-05,6.869396498402274,-6.869396498402274,32.944186780992986
tully-fisher,610,8,618,0.009124333049365557,0.0002618526847601737,5.122891805909377,-5.122891805909377,32.930487828958775
eddington,513,6,519,0.0076746028187538295,0.00020024028834601522,5.260287910349415,-5.260287910349415,32.89694009092531
prolate,214,1,215,0.0032058467470743846,4.62092973106189e-05,6.116378498950702,-6.116378498950702,32.877237278633395
time-scale,461,5,466,0.006897427849766101,0.00016943409013893597,5.34726238118079,-5.34726238118079,32.86603522188374
gaia,1088,20,1108,0.016268364495060455,0.000631527063245125,4.687080849742435,-4.687080849742435,32.86212681355621
covariances,119,0,119,0.0017860078614237247,1.5403099103539633e-05,6.857373970153062,-6.857373970153062,32.829621259276315
ruler,119,0,119,0.0017860078614237247,1.5403099103539633e-05,6.857373970153062,-6.857373970153062,32.829621259276315
whim,119,0,119,0.0017860078614237247,1.5403099103539633e-05,6.857373970153062,-6.857373970153062,32.829621259276315
overdense,406,4,410,0.006075415863336771,0.0001386278919318567,5.453693702805028,-5.453693702805028,32.823563913643184
large-scale,5475,191,5666,0.08183502966715987,0.0058993869566556795,3.794081576579273,-3.794081576579273,32.79002812117263
obscuration,212,1,213,0.003175955402113318,4.62092973106189e-05,6.1028636924762205,-6.1028636924762205,32.74782019677509
galform,118,0,118,0.0017710621889431915,1.5403099103539633e-05,6.845250411070572,-6.845250411070572,32.71429705577873
fermilab,10,278,288,0.00015692956104559924,0.008579526200671575,-5.772708932388959,5.772708932388959,32.71063195719382
radio-loud,283,2,285,0.00423709814823118,7.701549551769816e-05,5.781783992227179,-5.781783992227179,32.70172291196624
dissipationless,211,1,212,0.003161009729632785,4.62092973106189e-05,6.096058514571107,-6.096058514571107,32.68275075587631
infalling,552,7,559,0.008257484045494628,0.0002310464865530945,5.159447220842588,-5.159447220842588,32.64865585247918
hydrostatic,685,10,695,0.010245258485405551,0.0003234650811743323,4.985202595172779,-4.985202595172779,32.62989411301242
cft,1,98,99,2.2418508720799892e-05,0.0030344105233973077,-7.080582156562907,7.080582156562907,32.60728584684277
loop-induced,1,98,99,2.2418508720799892e-05,0.0030344105233973077,-7.080582156562907,7.080582156562907,32.60728584684277
self-regulated,117,0,117,0.0017561165164626583,1.5403099103539633e-05,6.8330241087373125,-6.8330241087373125,32.5982030541563
apogee,117,0,117,0.0017561165164626583,1.5403099103539633e-05,6.8330241087373125,-6.8330241087373125,32.5982030541563
sirens,117,0,117,0.0017561165164626583,1.5403099103539633e-05,6.8330241087373125,-6.8330241087373125,32.5982030541563
kennicutt-schmidt,117,0,117,0.0017561165164626583,1.5403099103539633e-05,6.8330241087373125,-6.8330241087373125,32.5982030541563
dapnia,117,0,117,0.0017561165164626583,1.5403099103539633e-05,6.8330241087373125,-6.8330241087373125,32.5982030541563
lrgs,117,0,117,0.0017561165164626583,1.5403099103539633e-05,6.8330241087373125,-6.8330241087373125,32.5982030541563
symmetries,102,1171,1273,0.0015319314292546592,0.03608946119959336,-4.558153977185377,4.558153977185377,32.59042186316026
image,1744,41,1785,0.026072725642290275,0.0012784572255937895,4.350065613019763,-4.350065613019763,32.572133155071796
inert,20,410,430,0.00030638628585093186,0.012645944364006038,-5.367179244987408,5.367179244987408,32.55788943905504
muse,280,2,282,0.00419226113078958,7.701549551769816e-05,5.766436027893743,-5.766436027893743,32.55410838413093
sed,279,2,281,0.004177315458309047,7.701549551769816e-05,5.761283540128141,-5.761283540128141,32.50462634272833
qcd,195,1827,2022,0.0029218789699442527,0.056298327223437354,-4.268123731360134,4.268123731360134,32.490395505822605
strong-lensing,208,1,209,0.003116172712191185,4.62092973106189e-05,6.07544823489582,-6.07544823489582,32.48607500929559
subpopulations,116,0,116,0.001741170843982125,1.5403099103539633e-05,6.820693306826593,-6.820693306826593,32.48132788301912
noon,116,0,116,0.001741170843982125,1.5403099103539633e-05,6.820693306826593,-6.820693306826593,32.48132788301912
sdss-iii,116,0,116,0.001741170843982125,1.5403099103539633e-05,6.820693306826593,-6.820693306826593,32.48132788301912
union2,116,0,116,0.001741170843982125,1.5403099103539633e-05,6.820693306826593,-6.820693306826593,32.48132788301912
non-parametric,278,2,280,0.004162369785828513,7.701549551769816e-05,5.756112584624982,-5.756112584624982,32.455004268731
deprojected,115,0,115,0.0017262251715015916,1.5403099103539633e-05,6.80825620358837,-6.80825620358837,32.363659907916734
mail,115,0,115,0.0017262251715015916,1.5403099103539633e-05,6.80825620358837,-6.80825620358837,32.363659907916734
rotators,115,0,115,0.0017262251715015916,1.5403099103539633e-05,6.80825620358837,-6.80825620358837,32.363659907916734
proton-proton,31,525,556,0.00047078868313679776,0.016188657157820155,-5.103759868289949,5.103759868289949,32.26885473618589
symmetry,871,5443,6314,0.013025153566784738,0.16769353994023597,-3.6864548259024925,3.6864548259024925,32.25899770352473
orbits,1708,41,1749,0.025534681432991077,0.0012784572255937895,4.319982263254656,-4.319982263254656,32.258910562224855
coevolution,114,0,114,0.0017112794990210584,1.5403099103539633e-05,6.795710950269257,-6.795710950269257,32.24518722300255
circumnuclear,114,0,114,0.0017112794990210584,1.5403099103539633e-05,6.795710950269257,-6.795710950269257,32.24518722300255
eccentricities,114,0,114,0.0017112794990210584,1.5403099103539633e-05,6.795710950269257,-6.795710950269257,32.24518722300255
protostellar,114,0,114,0.0017112794990210584,1.5403099103539633e-05,6.795710950269257,-6.795710950269257,32.24518722300255
field-of-view,114,0,114,0.0017112794990210584,1.5403099103539633e-05,6.795710950269257,-6.795710950269257,32.24518722300255
candels,114,0,114,0.0017112794990210584,1.5403099103539633e-05,6.795710950269257,-6.795710950269257,32.24518722300255
dust-obscured,114,0,114,0.0017112794990210584,1.5403099103539633e-05,6.795710950269257,-6.795710950269257,32.24518722300255
kilo-degree,114,0,114,0.0017112794990210584,1.5403099103539633e-05,6.795710950269257,-6.795710950269257,32.24518722300255
log,1269,27,1296,0.018973531214036974,0.0008471704506946798,4.485192128295159,-4.485192128295159,32.14900133061786
superpotential,12,295,307,0.00018682090600666577,0.009103231570191923,-5.606650968230495,5.606650968230495,32.12666949626614
merger-driven,113,0,113,0.0016963338265405252,1.5403099103539633e-05,6.783055649463228,-6.783055649463228,32.12589764236126
isophotes,113,0,113,0.0016963338265405252,1.5403099103539633e-05,6.783055649463228,-6.783055649463228,32.12589764236126
eboss,113,0,113,0.0016963338265405252,1.5403099103539633e-05,6.783055649463228,-6.783055649463228,32.12589764236126
disrupted,436,5,441,0.006523786037752769,0.00016943409013893597,5.266913387164456,-5.266913387164456,32.08240156328217
tidally,435,5,440,0.006508840365272235,0.00016943409013893597,5.26360445213388,-5.26360445213388,32.050323715645
keck,814,14,828,0.012173250235394341,0.00044668987400264934,4.768297055570258,-4.768297055570258,32.04400597851553
minihaloes,112,0,112,0.001681388154059992,1.5403099103539633e-05,6.77028835338935,-6.77028835338935,32.005778690982844
iram,112,0,112,0.001681388154059992,1.5403099103539633e-05,6.77028835338935,-6.77028835338935,32.005778690982844
charged,329,2576,2905,0.004924599082335709,0.07937216968053973,-4.010555059972664,4.010555059972664,31.982303048944686
coma,431,5,436,0.0064490576753501025,0.00016943409013893597,5.25029229271397,-5.25029229271397,31.9214263944262
milky-way-sized,111,0,111,0.0016664424815794586,1.5403099103539633e-05,6.757407062092618,-6.757407062092618,31.884817595365515
charges,36,559,595,0.000545517045539464,0.017236067896860847,-4.981662599924064,4.981662599924064,31.834022935633257
tangential,428,5,433,0.006404220657908502,0.00016943409013893597,5.240226937647515,-5.240226937647515,31.824131561125945
narrow-line,110,0,110,0.0016514968090989254,1.5403099103539633e-05,6.744409721563744,-6.744409721563744,31.76300127372896
imfs,110,0,110,0.0016514968090989254,1.5403099103539633e-05,6.744409721563744,-6.744409721563744,31.76300127372896
supernova-driven,110,0,110,0.0016514968090989254,1.5403099103539633e-05,6.744409721563744,-6.744409721563744,31.76300127372896
jansky,110,0,110,0.0016514968090989254,1.5403099103539633e-05,6.744409721563744,-6.744409721563744,31.76300127372896
western,110,0,110,0.0016514968090989254,1.5403099103539633e-05,6.744409721563744,-6.744409721563744,31.76300127372896
sparticles,4,161,165,6.725552616239968e-05,0.004975201010443301,-6.2089581910793,6.2089581910793,31.740118451213718
sfermion,2,118,120,3.736418120133316e-05,0.003650534487538893,-6.610307991838583,6.610307991838583,31.70165257074206
subhalo,1197,26,1223,0.01789744279543858,0.0008163642524876005,4.454396648232656,-4.454396648232656,31.67022324964732
kaon,3,140,143,5.230985368186642e-05,0.004328270848094637,-6.370564235991009,6.370564235991009,31.66051486583134
wilson,11,271,282,0.0001718752335261325,0.00836388281322202,-5.6047392695750355,5.6047392695750355,31.64125792152161
goods,109,0,109,0.0016365511366183921,1.5403099103539633e-05,6.731294221773486,-6.731294221773486,31.640316325818215
surface-brightness,109,0,109,0.0016365511366183921,1.5403099103539633e-05,6.731294221773486,-6.731294221773486,31.640316325818215
turbulent,826,15,841,0.012352598305160742,0.0004774960722097286,4.693181861077751,-4.693181861077751,31.612240583052124
shock,964,19,983,0.014415101107474331,0.0006007208650380457,4.584742371359168,-4.584742371359168,31.5963292577716
radially,421,5,426,0.0062996009505447694,0.00016943409013893597,5.216464364477098,-5.216464364477098,31.5949979683417
disk-like,108,0,108,0.001621605464137859,1.5403099103539633e-05,6.718058394616792,-6.718058394616792,31.516749022277207
gama,108,0,108,0.001621605464137859,1.5403099103539633e-05,6.718058394616792,-6.718058394616792,31.516749022277207
luminosity-weighted,108,0,108,0.001621605464137859,1.5403099103539633e-05,6.718058394616792,-6.718058394616792,31.516749022277207
sector,723,4494,5217,0.010813194039665814,0.13845845784171776,-3.678588545014155,3.678588545014155,31.488237763328218
ejecta,259,2,261,0.0038784020086983814,7.701549551769816e-05,5.654169795642831,-5.654169795642831,31.48436530489976
compositeness,3,138,141,5.230985368186642e-05,0.004266658451680478,-6.349880081819271,6.349880081819271,31.468907522003253
bino-like,1,90,91,2.2418508720799892e-05,0.0027879609377406732,-6.9583762241897364,6.9583762241897364,31.464306125350785
hosting,590,9,599,0.00882541959975489,0.000292658882967253,4.914372898125885,-4.914372898125885,31.436897728811992
branes,18,354,372,0.0002764949408898653,0.0109207972644096,-5.303681289438254,5.303681289438254,31.40616466820625
einstein-de,192,1,193,0.002877041952502653,4.62092973106189e-05,5.960259297033421,-5.960259297033421,31.397800568010563
compactification,16,330,346,0.0002466035959287988,0.010181448507439697,-5.367605179976926,5.367605179976926,31.396865988210156
neutralino,308,2360,2668,0.0046107399602445115,0.0727180308678106,-3.979242926282262,3.979242926282262,31.394074512460826
midplane,107,0,107,0.0016066597916573257,1.5403099103539633e-05,6.704700011761773,-6.704700011761773,31.39228529356992
sloshing,107,0,107,0.0016066597916573257,1.5403099103539633e-05,6.704700011761773,-6.704700011761773,31.39228529356992
blueshifted,107,0,107,0.0016066597916573257,1.5403099103539633e-05,6.704700011761773,-6.704700011761773,31.39228529356992
post-reionization,107,0,107,0.0016066597916573257,1.5403099103539633e-05,6.704700011761773,-6.704700011761773,31.39228529356992
disc-like,107,0,107,0.0016066597916573257,1.5403099103539633e-05,6.704700011761773,-6.704700011761773,31.39228529356992
progenitor,949,19,968,0.014190916020266332,0.0006007208650380457,4.562129133459562,-4.562129133459562,31.370407115283875
sculptor,191,1,192,0.0028620962800221194,4.62092973106189e-05,5.952745243376113,-5.952745243376113,31.327453989365697
nearby,3526,121,3647,0.052705914002600544,0.0037429530821601305,3.8157159829407092,-3.8157159829407092,31.29625199488223
post-starburst,106,0,106,0.0015917141191767923,1.5403099103539633e-05,6.691216782398151,-6.691216782398151,31.266910718425496
sfermions,2,114,116,3.736418120133316e-05,0.0035273096947105757,-6.560768531037269,6.560768531037269,31.243520890747046
shallower,541,8,549,0.008093081648208761,0.0002618526847601737,4.9498618485303005,-4.9498618485303005,31.233223752737434
skewness,254,2,256,0.003803673646295715,7.701549551769816e-05,5.626100913360646,-5.626100913360646,31.219662029536714
fixed-target,1,88,89,2.2418508720799892e-05,0.002726348541326515,-6.926135887189528,6.926135887189528,31.16629324319693
modelling,2031,58,2089,0.030362133644203322,0.001802162595114137,4.074472091819996,-4.074472091819996,31.149010515249667
mediators,27,444,471,0.0004110059932146647,0.013693355103046733,-5.058172733132798,5.058172733132798,31.14306322336049
reionisation,105,0,105,0.001576768446696259,1.5403099103539633e-05,6.677606350879498,-6.677606350879498,31.14061051178247
unlensed,105,0,105,0.001576768446696259,1.5403099103539633e-05,6.677606350879498,-6.677606350879498,31.14061051178247
obscured,452,6,458,0.006762916797441301,0.00020024028834601522,5.077841426001789,-5.077841426001789,31.122345058690403
density-profile,2655,84,2739,0.039688233272056075,0.002603123748498198,3.9303955399829538,-3.9303955399829538,31.111883854635664
universities,493,7,500,0.007375689369143164,0.0002310464865530945,4.996522841020192,-4.996522841020192,31.061414377696007
mach,251,2,253,0.0037588366288541153,7.701549551769816e-05,5.608993657090478,-5.608993657090478,31.058872780896724
triaxiality,187,1,188,0.0028023135900999865,4.62092973106189e-05,5.9222914468344,-5.9222914468344,31.043153513757467
muon,171,1505,1676,0.0025631828304114542,0.04637873140075783,-4.1774550643795525,4.1774550643795525,31.016608623740012
particle-mesh,104,0,104,0.0015618227742157259,1.5403099103539633e-05,6.663866294253196,-6.663866294253196,31.013369512205518
look-back,104,0,104,0.0015618227742157259,1.5403099103539633e-05,6.663866294253196,-6.663866294253196,31.013369512205518
unification,128,1225,1353,0.001920518913748524,0.037752995902775636,-4.297023057500649,4.297023057500649,30.9850531580213
parallax,186,1,187,0.0027873679176194533,4.62092973106189e-05,5.914576481706394,-5.914576481706394,30.971336481174486
parity,141,1307,1448,0.0021148126559954565,0.04027910415575614,-4.251429826130108,4.251429826130108,30.94458017871599
cross-correlations,304,3,307,0.004550957270322378,0.00010782169372477742,5.399450658021041,-5.399450658021041,30.939391043702887
pop,248,2,250,0.0037139996114125156,7.701549551769816e-05,5.5916811088472365,-5.5916811088472365,30.896570817567632
imager,303,3,306,0.004536011597841845,0.00010782169372477742,5.394704946370391,-5.394704946370391,30.894653871018782
westerbork,103,0,103,0.0015468771017351926,1.5403099103539633e-05,6.649994119671638,-6.649994119671638,30.8851721687466
schmidt,103,0,103,0.0015468771017351926,1.5403099103539633e-05,6.649994119671638,-6.649994119671638,30.8851721687466
magneticum,103,0,103,0.0015468771017351926,1.5403099103539633e-05,6.649994119671638,-6.649994119671638,30.8851721687466
magnitude-limited,103,0,103,0.0015468771017351926,1.5403099103539633e-05,6.649994119671638,-6.649994119671638,30.8851721687466
supercluster,302,3,305,0.004521065925361311,0.00010782169372477742,5.389943572276666,-5.389943572276666,30.84980073064672
passively,184,1,185,0.002757476572658387,4.62092973106189e-05,5.899021667511553,-5.899021667511553,30.8267928571606
dry,184,1,185,0.002757476572658387,4.62092973106189e-05,5.899021667511553,-5.899021667511553,30.8267928571606
band,3183,110,3293,0.04757954834177764,0.003404084901882259,3.8050026516647177,-3.8050026516647177,30.81998082846395
right-handed-neutrino-mass,3,131,134,5.230985368186642e-05,0.004051015064230923,-6.275056905062385,6.275056905062385,30.78087836966843
neighbours,102,0,102,0.0015319314292546592,1.5403099103539633e-05,6.635987261677759,-6.635987261677759,30.75600252722051
bulge-to-total,102,0,102,0.0015319314292546592,1.5403099103539633e-05,6.635987261677759,-6.635987261677759,30.75600252722051
members,1268,31,1299,0.018958585541556442,0.0009703952435229968,4.288135042736336,-4.288135042736336,30.746440874875006
calibrated,706,13,719,0.010559117607496749,0.0004158836757955701,4.666165410342784,-4.666165410342784,30.699874431437372
metal-free,182,1,183,0.0027275852276973205,4.62092973106189e-05,5.883297315218536,-5.883297315218536,30.68101754177809
center-of-mass,18,335,353,0.0002764949408898653,0.010335479498475093,-5.224208428398921,5.224208428398921,30.662430402369232
baryogenesis,75,830,905,0.0011283982722802613,0.02558454761097933,-4.502924456464984,4.502924456464984,30.6605896162123
dr12,101,0,101,0.001516985756774126,1.5403099103539633e-05,6.621843079357489,-6.621843079357489,30.625844215862983
blending,101,0,101,0.001516985756774126,1.5403099103539633e-05,6.621843079357489,-6.621843079357489,30.625844215862983
redmapper,101,0,101,0.001516985756774126,1.5403099103539633e-05,6.621843079357489,-6.621843079357489,30.625844215862983
disturbed,392,5,397,0.005866176448609305,0.00016943409013893597,5.113624387314005,-5.113624387314005,30.612466967707327
nonsupersymmetric,1,84,85,2.2418508720799892e-05,0.002603123748498198,-6.859409773388715,6.859409773388715,30.554193377988906
turbulence,864,18,882,0.012920533859421005,0.0005699146668309663,4.502775950185645,-4.502775950185645,30.543793575567722
cmpc,100,0,100,0.0015020400842935928,1.5403099103539633e-05,6.607558853351241,-6.607558853351241,30.49468043033742
bsm,12,261,273,0.00018682090600666577,0.008055820831151228,-5.430303784299904,5.430303784299904,30.48099079787929
mas,179,1,180,0.0026827482102557204,4.62092973106189e-05,5.859384695274208,-5.859384695274208,30.45999394342739
navarro-frenk-white,586,10,596,0.008765636909832758,0.0003234650811743323,4.760177037422061,-4.760177037422061,30.42665706827657
eulerian,239,2,241,0.0035794885590877163,7.701549551769816e-05,5.538460913021131,-5.538460913021131,30.400267050325894
substructures,855,18,873,0.012786022807096205,0.0005699146668309663,4.4876778410327764,-4.4876778410327764,30.3954027173633
reionized,178,1,179,0.002667802537775187,4.62092973106189e-05,5.851324925480256,-5.851324925480256,30.385677858557344
alto,99,0,99,0.0014870944118130596,1.5403099103539633e-05,6.593131782715962,-6.593131782715962,30.362493918054067
disky,99,0,99,0.0014870944118130596,1.5403099103539633e-05,6.593131782715962,-6.593131782715962,30.362493918054067
young,1528,42,1570,0.02284446038649509,0.0013092634238008687,4.125017062921581,-4.125017062921581,30.35792958182363
atacama,619,11,630,0.009258844101690356,0.00035427127938141153,4.7079056782559014,-4.7079056782559014,30.35330787971034
ellipsoid,238,2,240,0.003564542886607183,7.701549551769816e-05,5.532424523290462,-5.532424523290462,30.344225060112024
multiplets,13,269,282,0.00020176657848719904,0.008302270416807861,-5.362746798416723,5.362746798416723,30.275102275967896
wavebands,98,0,98,0.0014721487393325264,1.5403099103539633e-05,6.578558981628689,-6.578558981628689,30.22926696176318
cluster-scale,98,0,98,0.0014721487393325264,1.5403099103539633e-05,6.578558981628689,-6.578558981628689,30.22926696176318
sfgs,98,0,98,0.0014721487393325264,1.5403099103539633e-05,6.578558981628689,-6.578558981628689,30.22926696176318
bulgeless,98,0,98,0.0014721487393325264,1.5403099103539633e-05,6.578558981628689,-6.578558981628689,30.22926696176318
radio,4159,165,4324,0.0621665246827781,0.005098425803271619,3.6080141571257296,-3.6080141571257296,30.20689857489924
mean,4056,160,4216,0.06062712041728317,0.004944394812236222,3.6160974481140853,-3.6160974481140853,30.183128769189334
semi-analytic,1107,27,1134,0.016552332272190586,0.0008471704506946798,4.288238432090034,-4.288238432090034,30.165132667293918
smc,175,1,176,0.0026229655203335875,4.62092973106189e-05,5.826871881755717,-5.826871881755717,30.160761332491816
foregrounds,421,6,427,0.0062996009505447694,0.00020024028834601522,4.975456264973303,-4.975456264973303,30.14690246370251
spontaneously,54,642,696,0.0008145391501890628,0.019792982348048428,-4.6028611571320015,4.6028611571320015,30.133944271268092
multiplet,11,242,253,0.0001718752335261325,0.007470503065216722,-5.441771818845164,5.441771818845164,30.132909565787116
disruption,711,14,725,0.010633845969899415,0.00044668987400264934,4.573246113571223,-4.573246113571223,30.12648750325355
quadruply,97,0,97,0.001457203066851993,1.5403099103539633e-05,6.563837475921924,-6.563837475921924,30.094981362381155
west,97,0,97,0.001457203066851993,1.5403099103539633e-05,6.563837475921924,-6.563837475921924,30.094981362381155
faber-jackson,97,0,97,0.001457203066851993,1.5403099103539633e-05,6.563837475921924,-6.563837475921924,30.094981362381155
lookback,97,0,97,0.001457203066851993,1.5403099103539633e-05,6.563837475921924,-6.563837475921924,30.094981362381155
circumstellar,97,0,97,0.001457203066851993,1.5403099103539633e-05,6.563837475921924,-6.563837475921924,30.094981362381155
peanut,97,0,97,0.001457203066851993,1.5403099103539633e-05,6.563837475921924,-6.563837475921924,30.094981362381155
calar,97,0,97,0.001457203066851993,1.5403099103539633e-05,6.563837475921924,-6.563837475921924,30.094981362381155
unistra,97,0,97,0.001457203066851993,1.5403099103539633e-05,6.563837475921924,-6.563837475921924,30.094981362381155
bilinear,4,142,146,6.725552616239968e-05,0.004389883244508795,-6.028385945437479,6.028385945437479,30.084253667790133
orbital,1670,49,1719,0.024966745878730812,0.0015249068112504235,4.033214809427673,-4.033214809427673,30.047771252362153
high-scale,6,173,179,9.71468711234662e-05,0.005344875388928252,-5.781844972264856,5.781844972264856,30.024871459507903
isothermal,980,23,1003,0.014654231867162863,0.0007239456578663627,4.339292130686824,-4.339292130686824,29.992090669277992
coworkers,96,0,96,0.0014422573943714597,1.5403099103539633e-05,6.548964199440393,-6.548964199440393,29.959618421005583
youngest,96,0,96,0.0014422573943714597,1.5403099103539633e-05,6.548964199440393,-6.548964199440393,29.959618421005583
far-uv,96,0,96,0.0014422573943714597,1.5403099103539633e-05,6.548964199440393,-6.548964199440393,29.959618421005583
ucds,96,0,96,0.0014422573943714597,1.5403099103539633e-05,6.548964199440393,-6.548964199440393,29.959618421005583
cameras,96,0,96,0.0014422573943714597,1.5403099103539633e-05,6.548964199440393,-6.548964199440393,29.959618421005583
scuba,96,0,96,0.0014422573943714597,1.5403099103539633e-05,6.548964199440393,-6.548964199440393,29.959618421005583
gluons,15,285,300,0.00023165792344826555,0.00879516958812113,-5.246643462803655,5.246643462803655,29.943172762044323
dwarf,4942,211,5153,0.07386898623503564,0.006515510920797264,3.5030185596689334,-3.5030185596689334,29.942150593713862
multi-band,172,1,173,0.0025781285028919874,4.62092973106189e-05,5.801997213116688,-5.801997213116688,29.932824468357577
growth,4028,162,4190,0.060208641587828245,0.005006007208650381,3.5882382944463305,-3.5882382944463305,29.928399937968294
supergravity,82,834,916,0.001233017979643994,0.025707772403807647,-4.38193886294447,4.38193886294447,29.889675921001523
milky-way-like,371,5,376,0.005552317326518107,0.00016943409013893597,5.034293944073612,-5.034293944073612,29.864666021929352
bolometric,371,5,376,0.005552317326518107,0.00016943409013893597,5.034293944073612,-5.034293944073612,29.864666021929352
grains,171,1,172,0.0025631828304114542,4.62092973106189e-05,5.793609427623969,-5.793609427623969,29.85615876517769
calibrate,451,7,458,0.006747971124960768,0.0002310464865530945,4.868198744044652,-4.868198744044652,29.837434534803357
centred,229,2,231,0.0034300318342823837,7.701549551769816e-05,5.476929410698759,-5.476929410698759,29.831396103231267
hypervelocity,95,0,95,0.0014273117218909265,1.5403099103539633e-05,6.533935990208062,-6.533935990208062,29.82315892007277
alfalfa,95,0,95,0.0014273117218909265,1.5403099103539633e-05,6.533935990208062,-6.533935990208062,29.82315892007277
zeldovich,95,0,95,0.0014273117218909265,1.5403099103539633e-05,6.533935990208062,-6.533935990208062,29.82315892007277
decay,1798,8222,10020,0.02687979195623907,0.2533039647577093,-3.236275781415072,3.236275781415072,29.813990537543557
secular,450,7,457,0.006733025452480234,0.0002310464865530945,4.864999862377333,-4.864999862377333,29.807217737519434
inflow,410,6,416,0.006135198553258904,0.00020024028834601522,4.937305855809026,-4.937305855809026,29.787191931487975
retrograde,170,1,171,0.002548237157930921,4.62092973106189e-05,5.785172590475329,-5.785172590475329,29.779143956884333
kids,170,1,171,0.002548237157930921,4.62092973106189e-05,5.785172590475329,-5.785172590475329,29.779143956884333
ray-tracing,228,2,230,0.0034150861618018505,7.701549551769816e-05,5.470629422343021,-5.470629422343021,29.773450455861262
distant,1757,54,1811,0.026267019384537207,0.00167893780228582,3.967631811355284,-3.967631811355284,29.765913758965496
astrometric,484,8,492,0.007241178316818365,0.0002618526847601737,4.789397176337054,-4.789397176337054,29.69670113001206
milky-way,4737,204,4941,0.07080512337652632,0.0062998675333477095,3.49046035717638,-3.49046035717638,29.68819917870504
two-halo,94,0,94,0.0014123660494103933,1.5403099103539633e-05,6.518749586393386,-6.518749586393386,29.685583103607424
gunn-peterson,94,0,94,0.0014123660494103933,1.5403099103539633e-05,6.518749586393386,-6.518749586393386,29.685583103607424
fuelling,94,0,94,0.0014123660494103933,1.5403099103539633e-05,6.518749586393386,-6.518749586393386,29.685583103607424
mass-size,94,0,94,0.0014123660494103933,1.5403099103539633e-05,6.518749586393386,-6.518749586393386,29.685583103607424
lambda5007,94,0,94,0.0014123660494103933,1.5403099103539633e-05,6.518749586393386,-6.518749586393386,29.685583103607424
scalelength,94,0,94,0.0014123660494103933,1.5403099103539633e-05,6.518749586393386,-6.518749586393386,29.685583103607424
cluster-centric,94,0,94,0.0014123660494103933,1.5403099103539633e-05,6.518749586393386,-6.518749586393386,29.685583103607424
luminosity-temperature,94,0,94,0.0014123660494103933,1.5403099103539633e-05,6.518749586393386,-6.518749586393386,29.685583103607424
william,94,0,94,0.0014123660494103933,1.5403099103539633e-05,6.518749586393386,-6.518749586393386,29.685583103607424
smoothing,520,9,529,0.007779222526117562,0.000292658882967253,4.732334002028145,-4.732334002028145,29.68534914861895
yang-mills,8,196,204,0.00012703821608453273,0.006053417947691075,-5.574415498835954,5.574415498835954,29.672669328167594
submillimeter,519,9,528,0.00776427685363703,0.000292658882967253,4.729559587632939,-4.729559587632939,29.659013461830668
light-curve,168,1,169,0.0025183458129698546,4.62092973106189e-05,5.768149442633015,-5.768149442633015,29.624052892146977
virialized,552,10,562,0.008257484045494628,0.0003234650811743323,4.674020393672347,-4.674020393672347,29.60187814075453
histories,1710,53,1763,0.025564572777952144,0.0016481316040787408,3.955242564539066,-3.955242564539066,29.566779932837722
simulated,3707,150,3857,0.05541108072157707,0.004636332830165429,3.5791184627546038,-3.5791184627546038,29.55601736249166
kaiser,93,0,93,0.00139742037692986,1.5403099103539633e-05,6.5034016220599495,-6.5034016220599495,29.54687065651125
agency,93,0,93,0.00139742037692986,1.5403099103539633e-05,6.5034016220599495,-6.5034016220599495,29.54687065651125
broad-band,224,2,226,0.003355303471879717,7.701549551769816e-05,5.445150702026098,-5.445150702026098,29.53967039614535
overdensity,1003,25,1028,0.014997982334215128,0.0007855580542805213,4.254906721563434,-4.254906721563434,29.513491329767994
systemic,223,2,225,0.003340357799399184,7.701549551769816e-05,5.438710088468269,-5.438710088468269,29.480718385437523
wavenumber,166,1,167,0.002488454468008788,4.62092973106189e-05,5.750923028522418,-5.750923028522418,29.467522446469573
pseudoscalar,55,618,673,0.000829484822669596,0.019053633591078523,-4.521706756453951,4.521706756453951,29.450916598851496
medium-resolution,92,0,92,0.0013824747044493266,1.5403099103539633e-05,6.487888622688625,-6.487888622688625,29.40700068283324
isaac,92,0,92,0.0013824747044493266,1.5403099103539633e-05,6.487888622688625,-6.487888622688625,29.40700068283324
well-resolved,92,0,92,0.0013824747044493266,1.5403099103539633e-05,6.487888622688625,-6.487888622688625,29.40700068283324
sze,92,0,92,0.0013824747044493266,1.5403099103539633e-05,6.487888622688625,-6.487888622688625,29.40700068283324
sextans,92,0,92,0.0013824747044493266,1.5403099103539633e-05,6.487888622688625,-6.487888622688625,29.40700068283324
balloon-borne,92,0,92,0.0013824747044493266,1.5403099103539633e-05,6.487888622688625,-6.487888622688625,29.40700068283324
multi-epoch,92,0,92,0.0013824747044493266,1.5403099103539633e-05,6.487888622688625,-6.487888622688625,29.40700068283324
cosmogony,92,0,92,0.0013824747044493266,1.5403099103539633e-05,6.487888622688625,-6.487888622688625,29.40700068283324
deep2,92,0,92,0.0013824747044493266,1.5403099103539633e-05,6.487888622688625,-6.487888622688625,29.40700068283324
concentration-mass,92,0,92,0.0013824747044493266,1.5403099103539633e-05,6.487888622688625,-6.487888622688625,29.40700068283324
member,824,19,843,0.012322706960199674,0.0006007208650380457,4.358480626747531,-4.358480626747531,29.36810710776703
eccentric,221,2,223,0.0033104664544381175,7.701549551769816e-05,5.425741955839969,-5.425741955839969,29.36219503370561
positions,1227,34,1261,0.018345812969854578,0.0010628138381442347,4.109490014596199,-4.109490014596199,29.343620480317252
ionizing,991,25,1016,0.01481863426444873,0.0007855580542805213,4.237550782429665,-4.237550782429665,29.34339667689773
low-scale,8,191,199,0.00012703821608453273,0.0058993869566556795,-5.537230578502305,5.537230578502305,29.33800493665959
activity,1883,62,1945,0.028150174117084398,0.001925387387942454,3.8699231954576185,-3.8699231954576185,29.30898430522398
outliers,220,2,222,0.0032955207819575843,7.701549551769816e-05,5.419213912842471,-5.419213912842471,29.302620493025746
mesh,433,7,440,0.006478949020311169,0.0002310464865530945,4.80950474978563,-4.80950474978563,29.285290250119452
violation,305,2029,2334,0.004565902942802911,0.06252117926126737,-3.7753728927066508,3.7753728927066508,29.28091313615103
arizona,91,0,91,0.0013675290319687934,1.5403099103539633e-05,6.472207000456355,-6.472207000456355,29.26595168296038
post-merger,91,0,91,0.0013675290319687934,1.5403099103539633e-05,6.472207000456355,-6.472207000456355,29.26595168296038
scalelengths,91,0,91,0.0013675290319687934,1.5403099103539633e-05,6.472207000456355,-6.472207000456355,29.26595168296038
lick,91,0,91,0.0013675290319687934,1.5403099103539633e-05,6.472207000456355,-6.472207000456355,29.26595168296038
hydrodynamics,903,22,925,0.013503415086161801,0.0006931394596592835,4.284034856707238,-4.284034856707238,29.263703323007608
radius,7644,389,8033,0.11425219327743652,0.011999014201657374,3.2512340718093875,-3.2512340718093875,29.23326897842074
lenticular,163,1,164,0.002443617450567188,4.62092973106189e-05,5.724691486949239,-5.724691486949239,29.22996258726565
operator,69,706,775,0.0010387242373970616,0.0217645790333015,-4.389097515438119,4.389097515438119,29.205724293682465
biasing,353,5,358,0.005283295221868508,0.00016943409013893597,4.962641948344414,-4.962641948344414,29.196822480745784
oblate,218,2,220,0.0032656294369965175,7.701549551769816e-05,5.406068536785549,-5.406068536785549,29.182837537124403
millimeter,501,9,510,0.007495254748987431,0.000292658882967253,4.678685539340908,-4.678685539340908,29.178012219671455
gauge-mediated,6,162,168,9.71468711234662e-05,0.005006007208650381,-5.687349027602412,5.687349027602412,29.175524468016604
proxies,162,1,163,0.002428671778086655,4.62092973106189e-05,5.715840569366973,-5.715840569366973,29.15002342651018
lobe,90,0,90,0.0013525833594882602,1.5403099103539633e-05,6.456353049255518,-6.456353049255518,29.123701529663304
merger-induced,90,0,90,0.0013525833594882602,1.5403099103539633e-05,6.456353049255518,-6.456353049255518,29.123701529663304
dr1,90,0,90,0.0013525833594882602,1.5403099103539633e-05,6.456353049255518,-6.456353049255518,29.123701529663304
hydra,90,0,90,0.0013525833594882602,1.5403099103539633e-05,6.456353049255518,-6.456353049255518,29.123701529663304
deprojection,90,0,90,0.0013525833594882602,1.5403099103539633e-05,6.456353049255518,-6.456353049255518,29.123701529663304
canadian,161,1,162,0.0024137261056061217,4.62092973106189e-05,5.706935016145081,-5.706935016145081,29.06970138448015
cmssm,12,234,246,0.00018682090600666577,0.007224053479560087,-5.273080760568339,5.273080760568339,29.051449640372592
higgsino-like,4,131,135,6.725552616239968e-05,0.004051015064230923,-5.912486825677677,5.912486825677677,29.04600729101548
ellipticity,626,13,639,0.009363463809054088,0.0004158836757955701,4.492790359330705,-4.492790359330705,29.030021929844132
sightlines,160,1,161,0.0023987804331255884,4.62092973106189e-05,5.69797414857346,-5.69797414857346,28.988992396531195
sinfoni,89,0,89,0.001337637687007727,1.5403099103539633e-05,6.4403229394365695,-6.4403229394365695,28.980227442926513
non-abelian,25,359,384,0.00038111464825359815,0.011074828255444995,-4.86091545629549,4.86091545629549,28.93821253872759
grand,107,933,1040,0.0016066597916573257,0.028757586026308492,-4.1618062004644285,4.1618062004644285,28.915967572598426
morphologically,159,1,160,0.0023838347606450552,4.62092973106189e-05,5.688957275216026,-5.688957275216026,28.90789233049283
higgs-portal,2,95,97,3.736418120133316e-05,0.0029419919287760696,-6.298993570976073,6.298993570976073,28.88068067128031
rounder,88,0,88,0.0013226920145271936,1.5403099103539633e-05,6.42411271225531,-6.42411271225531,28.835505963487762
udg,88,0,88,0.0013226920145271936,1.5403099103539633e-05,6.42411271225531,-6.42411271225531,28.835505963487762
sub-sample,88,0,88,0.0013226920145271936,1.5403099103539633e-05,6.42411271225531,-6.42411271225531,28.835505963487762
stellar-mass-halo,88,0,88,0.0013226920145271936,1.5403099103539633e-05,6.42411271225531,-6.42411271225531,28.835505963487762
sachs-wolfe,342,5,347,0.0051188928245826425,0.00016943409013893597,4.917035721382905,-4.917035721382905,28.775488641816708
tomographic,342,5,347,0.0051188928245826425,0.00016943409013893597,4.917035721382905,-4.917035721382905,28.775488641816708
inner,2876,115,2991,0.04299122689025393,0.003558115892917655,3.594856875640494,-3.594856875640494,28.772146409988913
pantheon,341,5,346,0.005103947152102109,0.00016943409013893597,4.912817311825106,-4.912817311825106,28.736664041410506
submm,87,0,87,0.0013077463420466603,1.5403099103539633e-05,6.407718274004641,-6.407718274004641,28.689512925005733
harassment,87,0,87,0.0013077463420466603,1.5403099103539633e-05,6.407718274004641,-6.407718274004641,28.689512925005733
canarias,87,0,87,0.0013077463420466603,1.5403099103539633e-05,6.407718274004641,-6.407718274004641,28.689512925005733
abelian,34,427,461,0.0005156257005783975,0.013169649733526386,-4.674748990822779,4.674748990822779,28.68222578271203
minor,1267,38,1305,0.01894363986907591,0.0011860386309725517,3.9974906533681143,-3.9974906533681143,28.68089336906391
minimal,779,3952,4731,0.011650151698575677,0.12176149841348079,-3.3856373723756352,3.3856373723756352,28.649612927793118
build-up,256,3,259,0.0038335649912567818,0.00010782169372477742,5.151967255721763,-5.151967255721763,28.648449682485484
northern,514,10,524,0.007689548491234363,0.0003234650811743323,4.5712170062875215,-4.5712170062875215,28.631352655110543
mass-loss,155,1,156,0.0023240520707229224,4.62092973106189e-05,5.652315431581759,-5.652315431581759,28.579496191440782
photoheating,86,0,86,0.0012928006695661271,1.5403099103539633e-05,6.391135389809038,-6.391135389809038,28.54222342476881
disk-dominated,86,0,86,0.0012928006695661271,1.5403099103539633e-05,6.391135389809038,-6.391135389809038,28.54222342476881
tessellation,86,0,86,0.0012928006695661271,1.5403099103539633e-05,6.391135389809038,-6.391135389809038,28.54222342476881
lambda-dominated,86,0,86,0.0012928006695661271,1.5403099103539633e-05,6.391135389809038,-6.391135389809038,28.54222342476881
msun,86,0,86,0.0012928006695661271,1.5403099103539633e-05,6.391135389809038,-6.391135389809038,28.54222342476881
splashback,86,0,86,0.0012928006695661271,1.5403099103539633e-05,6.391135389809038,-6.391135389809038,28.54222342476881
hardness,86,0,86,0.0012928006695661271,1.5403099103539633e-05,6.391135389809038,-6.391135389809038,28.54222342476881
sightline,86,0,86,0.0012928006695661271,1.5403099103539633e-05,6.391135389809038,-6.391135389809038,28.54222342476881
fors2,86,0,86,0.0012928006695661271,1.5403099103539633e-05,6.391135389809038,-6.391135389809038,28.54222342476881
web,935,25,960,0.013981676605538866,0.0007855580542805213,4.153675663441601,-4.153675663441601,28.527338159679616
experimental,896,4366,5262,0.013398795378798069,0.13451526447121162,-3.3275946898032345,3.3275946898032345,28.512350300473322
galex,154,1,155,0.0023091063982423887,4.62092973106189e-05,5.643007689355531,-5.643007689355531,28.496376279047357
dr2,253,3,256,0.0037887279738151817,0.00010782169372477742,5.134994177118049,-5.134994177118049,28.494473384321974
gaussian,1925,69,1994,0.028777892361266794,0.0021410307753920088,3.7485834972457908,-3.7485834972457908,28.483234331387298
aims,3078,129,3207,0.046010252731321644,0.003989402667816765,3.5277107277008466,-3.5277107277008466,28.48063026274521
underdense,252,3,255,0.0037737823013346485,0.00010782169372477742,5.129291817753866,-5.129291817753866,28.44283329396231
nirspec,153,1,154,0.0022941607257618555,4.62092973106189e-05,5.633639506821336,-5.633639506821336,28.41283898837128
simba,85,0,85,0.001277854997085594,1.5403099103539633e-05,6.3743596770582105,-6.3743596770582105,28.39361179285162
mmt,85,0,85,0.001277854997085594,1.5403099103539633e-05,6.3743596770582105,-6.3743596770582105,28.39361179285162
terapix,85,0,85,0.001277854997085594,1.5403099103539633e-05,6.3743596770582105,-6.3743596770582105,28.39361179285162
tng100,85,0,85,0.001277854997085594,1.5403099103539633e-05,6.3743596770582105,-6.3743596770582105,28.39361179285162
dust-to-gas,85,0,85,0.001277854997085594,1.5403099103539633e-05,6.3743596770582105,-6.3743596770582105,28.39361179285162
isochrones,85,0,85,0.001277854997085594,1.5403099103539633e-05,6.3743596770582105,-6.3743596770582105,28.39361179285162
turnoff,85,0,85,0.001277854997085594,1.5403099103539633e-05,6.3743596770582105,-6.3743596770582105,28.39361179285162
instituto,85,0,85,0.001277854997085594,1.5403099103539633e-05,6.3743596770582105,-6.3743596770582105,28.39361179285162
anglo-australian,85,0,85,0.001277854997085594,1.5403099103539633e-05,6.3743596770582105,-6.3743596770582105,28.39361179285162
segregation,251,3,254,0.0037588366288541153,0.00010782169372477742,5.123566829920236,-5.123566829920236,28.391034095819922
wino,15,251,266,0.00023165792344826555,0.007747758849080435,-5.063711117246339,5.063711117246339,28.29221314636104
telescope,6576,347,6923,0.098290215068227,0.010705153876960045,3.1987422680391027,-3.1987422680391027,28.285674724213305
orbit,1366,44,1410,0.0204232614446487,0.0013708758202150273,3.897043475729122,-3.897043475729122,28.261569538703608
weak-scale,4,123,127,6.725552616239968e-05,0.0038045654785742893,-5.821935067970053,5.821935067970053,28.248205144365606
disc-dominated,84,0,84,0.0012629093246050607,1.5403099103539633e-05,6.3573865984544975,-6.3573865984544975,28.243651559618574
alcock-paczynski,84,0,84,0.0012629093246050607,1.5403099103539633e-05,6.3573865984544975,-6.3573865984544975,28.243651559618574
quiescence,84,0,84,0.0012629093246050607,1.5403099103539633e-05,6.3573865984544975,-6.3573865984544975,28.243651559618574
dispersion,4049,188,4237,0.06052250070991944,0.0058069683620344415,3.3816145200687426,-3.3816145200687426,28.24272620141037
microlensing,1134,34,1168,0.016955865429164985,0.0010628138381442347,3.995823599066481,-3.995823599066481,28.226114150789293
xenon1t,24,331,355,0.0003661689757730649,0.010212254705646776,-4.801648053825066,4.801648053825066,28.209349710152726
signal-to-noise,1268,40,1308,0.018958585541556442,0.00124765102738671,3.9255649633516274,-3.9255649633516274,28.17385340877304
velocity,10949,660,11609,0.16364764082559896,0.020347493915775856,3.0076697823114227,-3.0076697823114227,28.150652487905887
inclined,201,2,203,0.0030115530048274524,7.701549551769816e-05,5.289215095812918,-5.289215095812918,28.12868055278533
grism,83,0,83,0.0012479636521245273,1.5403099103539633e-05,6.340211454646365,-6.340211454646365,28.092315421465916
bins,931,26,957,0.013921893915616733,0.0008163642524876005,4.091998666550751,-4.091998666550751,28.090947953530645
autocorrelation,245,3,248,0.0036691625939709155,0.00010782169372477742,5.088731454429402,-5.088731454429402,28.076836102572567
samples,3363,150,3513,0.05026976938827363,0.004636332830165429,3.4386350282439655,-3.4386350282439655,28.074770998571132
vacua,27,352,379,0.0004110059932146647,0.01085918486799544,-4.723612571589183,4.723612571589183,28.059067606742897
multi-wavelength,360,6,366,0.005387914929232241,0.00020024028834601522,4.749922893272044,-4.749922893272044,28.05001343512971
zel,244,3,247,0.0036542169214903823,0.00010782169372477742,5.082842895066943,-5.082842895066943,28.023892129902524
galactic,11304,693,11997,0.16895335455618826,0.02136409845660947,2.9833646522463035,-2.9833646522463035,28.021238319910147
indicators,359,6,365,0.005372969256751708,0.00020024028834601522,4.7459154044705185,-4.7459154044705185,28.01339846393071
curve,2298,92,2390,0.034352628196505704,0.002849573334154832,3.5916026524728046,-3.5916026524728046,27.940754195147882
cfhtlens,82,0,82,0.001233017979643994,1.5403099103539633e-05,6.322829376418128,-6.322829376418128,27.939575204685667
pspc,82,0,82,0.001233017979643994,1.5403099103539633e-05,6.322829376418128,-6.322829376418128,27.939575204685667
outbursts,82,0,82,0.001233017979643994,1.5403099103539633e-05,6.322829376418128,-6.322829376418128,27.939575204685667
nrao,82,0,82,0.001233017979643994,1.5403099103539633e-05,6.322829376418128,-6.322829376418128,27.939575204685667
icl,82,0,82,0.001233017979643994,1.5403099103539633e-05,6.322829376418128,-6.322829376418128,27.939575204685667
gradients,871,24,895,0.013025153566784738,0.000754751856073442,4.10915417218279,-4.10915417218279,27.933785210225935
scatter,2275,91,2366,0.034008877729453435,0.002818767135947753,3.59277519485646,-3.59277519485646,27.913630747710215
isospin,7,159,166,0.00011209254360399946,0.004913588614029143,-5.454014855984038,5.454014855984038,27.91361428575537
molecular,1791,66,1857,0.026775172248875337,0.002048612180770771,3.708177054881859,-3.708177054881859,27.912397686445516
seds,197,2,199,0.002951770314905319,7.701549551769816e-05,5.260287910349415,-5.260287910349415,27.870674788446987
cross-power,146,1,147,0.002189541018398123,4.62092973106189e-05,5.566301515873405,-5.566301515873405,27.815990254594375
xmm-newton,736,19,755,0.011007487781912748,0.0006007208650380457,4.195646658345914,-4.195646658345914,27.808919651346113
moving-mesh,81,0,81,0.0012180723071634608,1.5403099103539633e-05,6.30523531640339,-6.30523531640339,27.785401827325135
proper-motion,81,0,81,0.0012180723071634608,1.5403099103539633e-05,6.30523531640339,-6.30523531640339,27.785401827325135
deflector,81,0,81,0.0012180723071634608,1.5403099103539633e-05,6.30523531640339,-6.30523531640339,27.785401827325135
shooter,81,0,81,0.0012180723071634608,1.5403099103539633e-05,6.30523531640339,-6.30523531640339,27.785401827325135
bow,81,0,81,0.0012180723071634608,1.5403099103539633e-05,6.30523531640339,-6.30523531640339,27.785401827325135
suites,81,0,81,0.0012180723071634608,1.5403099103539633e-05,6.30523531640339,-6.30523531640339,27.785401827325135
iras,239,3,242,0.0035794885590877163,0.00010782169372477742,5.053034085850889,-5.053034085850889,27.756626708873075
satellite,3556,166,3722,0.05315428417701654,0.0051292320014786974,3.3733712433042147,-3.3733712433042147,27.736820022451695
superparticle,4,118,122,6.725552616239968e-05,0.003650534487538893,-5.762311085283634,5.762311085283634,27.729303255390956
synthesis,804,22,826,0.012023793510589008,0.0006931394596592835,4.116602676566084,-4.116602676566084,27.654532788182735
medium,5933,321,6254,0.08868014766324411,0.009904192723575983,3.1624998794367674,-3.1624998794367674,27.643842883564783
factories,8,167,175,0.00012703821608453273,0.005160038199685777,-5.3440472819224825,5.3440472819224825,27.63131093990733
agn-driven,80,0,80,0.0012031266346829276,1.5403099103539633e-05,6.28742404028693,-6.28742404028693,27.629765258906072
reionize,80,0,80,0.0012031266346829276,1.5403099103539633e-05,6.28742404028693,-6.28742404028693,27.629765258906072
advection,80,0,80,0.0012031266346829276,1.5403099103539633e-05,6.28742404028693,-6.28742404028693,27.629765258906072
vaucouleurs,80,0,80,0.0012031266346829276,1.5403099103539633e-05,6.28742404028693,-6.28742404028693,27.629765258906072
tololo,80,0,80,0.0012031266346829276,1.5403099103539633e-05,6.28742404028693,-6.28742404028693,27.629765258906072
starbursting,80,0,80,0.0012031266346829276,1.5403099103539633e-05,6.28742404028693,-6.28742404028693,27.629765258906072
kroupa,80,0,80,0.0012031266346829276,1.5403099103539633e-05,6.28742404028693,-6.28742404028693,27.629765258906072
mrk,80,0,80,0.0012031266346829276,1.5403099103539633e-05,6.28742404028693,-6.28742404028693,27.629765258906072
wavelengths,1086,34,1120,0.016238473150099388,0.0010628138381442347,3.9334551645754265,-3.9334551645754265,27.620629426860067
reservoirs,193,2,195,0.0028919876249831862,7.701549551769816e-05,5.230768823429361,-5.230768823429361,27.60859760598847
situ,505,11,516,0.007555037438909564,0.00035427127938141153,4.414512488018315,-4.414512488018315,27.582063295191308
ilc,22,298,320,0.0003362776308119984,0.009195650164813161,-4.773226862762817,4.773226862762817,27.548397805778194
billion,560,13,573,0.008377049425338894,0.0004158836757955701,4.332190222814271,-4.332190222814271,27.52079895989815
debris,441,9,450,0.006598514400155435,0.000292658882967253,4.4948492763771934,-4.4948492763771934,27.470124548566467
profile,6113,338,6451,0.0913703687097401,0.01042789809309633,3.131277987748306,-3.131277987748306,27.468025919234876
forward-backward,3,101,104,5.230985368186642e-05,0.0031268291180185453,-5.901473832955259,5.901473832955259,27.465225226065915
turnover,142,1,143,0.0021297583284759897,4.62092973106189e-05,5.526362770503261,-5.526362770503261,27.46499119512878
peccei-quinn,49,493,542,0.0007398107877863965,0.015202858815193617,-4.361042492204475,4.361042492204475,27.461961322288715
desi,556,13,569,0.00831726673541676,0.0004158836757955701,4.321857537350804,-4.321857537350804,27.424936335334397
sequence,1327,46,1373,0.019840380217907905,0.0014324882166291857,3.7918444967557976,-3.7918444967557976,27.397902158980518
environmental,1087,35,1122,0.016253418822579923,0.001093620036351314,3.8935597282910837,-3.8935597282910837,27.34742500739348
fulltext,2,84,86,3.736418120133316e-05,0.002603123748498198,-6.1224441792225095,6.1224441792225095,27.342273165999305
spontaneous,108,836,944,0.001621605464137859,0.025769384800221805,-3.99016333542156,3.99016333542156,27.337346901878355
cool,951,29,980,0.014220807365227399,0.0009087828471088383,3.9679239590844935,-3.9679239590844935,27.333331706199004
quasi-stellar,231,3,234,0.00345992317924345,0.00010782169372477742,5.004020623374945,-5.004020623374945,27.319878507856476
magellan,230,3,233,0.003444977506762917,0.00010782169372477742,4.997775180544047,-4.997775180544047,27.26446847223259
instrument,1429,52,1481,0.0213648388109223,0.0016173254058716613,3.7235565491372884,-3.7235565491372884,27.186236728714572
pipeline,600,15,615,0.008974876324560224,0.0004774960722097286,4.232331287491072,-4.232331287491072,27.18530909104494
neutrinoless-double-beta-decay,27,328,355,0.0004110059932146647,0.010119836111025538,-4.621882684625357,4.621882684625357,27.15324061829839
spheroidals,228,3,231,0.0034150861618018505,0.00010782169372477742,4.985202595172779,-4.985202595172779,27.153089280455447
calibrating,138,1,139,0.002069975638553857,4.62092973106189e-05,5.485286827500345,-5.485286827500345,27.106326086955708
m33,138,1,139,0.002069975638553857,4.62092973106189e-05,5.485286827500345,-5.485286827500345,27.106326086955708
rubin,301,5,306,0.0045061202528807786,0.00016943409013893597,4.7330897354351,-4.7330897354351,27.105684290504584
central-density,367,7,374,0.005492534636595973,0.0002310464865530945,4.571217006287521,-4.571217006287521,27.093265044924053
gaseous,1067,35,1102,0.015954505372969257,0.001093620036351314,3.8667803971754835,-3.8667803971754835,27.089847646396702
ejection,299,5,304,0.004476228907919712,0.00016943409013893597,4.7234877363238015,-4.7234877363238015,27.019822524753728
proxy,396,8,404,0.005925959138531438,0.0002618526847601737,4.500221376625952,-4.500221376625952,27.018820922240934
mbh,137,1,138,0.0020550299660733237,4.62092973106189e-05,5.474832469863179,-5.474832469863179,27.015418110797377
generous,184,2,186,0.002757476572658387,7.701549551769816e-05,5.162056073345346,-5.162056073345346,27.003276005963396
binaries,1080,36,1116,0.01614879911521619,0.001124426234558393,3.844165960151803,-3.844165960151803,26.979901290649995
snia,298,5,303,0.0044612832354391785,0.00016943409013893597,4.718662664799821,-4.718662664799821,26.976725168251875
dimension-six,3,97,100,5.230985368186642e-05,0.0030036043251902285,-5.843468229519694,5.843468229519694,26.96831011556641
counts,1347,49,1396,0.02013929366751857,0.0015249068112504235,3.723220099732571,-3.723220099732571,26.9638666039042
cumulative,394,8,402,0.005896067793570371,0.0002618526847601737,4.492925810935432,-4.492925810935432,26.95277691733451
phenomenology,342,1873,2215,0.0051188928245826425,0.057715412340963,-3.4950529223089113,3.4950529223089113,26.923997057135193
virgo,878,27,905,0.01312977327414847,0.0008471704506946798,3.9540459246560293,-3.9540459246560293,26.92325411888196
pair-produced,2,81,83,3.736418120133316e-05,0.00251070515387696,-6.070292897171402,6.070292897171402,26.896355742686296
renormalisation,5,123,128,8.220119864293293e-05,0.0038045654785742893,-5.532428450775067,5.532428450775067,26.8865644113201
vertices,18,250,268,0.0002764949408898653,0.007716952650873356,-4.802706265393946,4.802706265393946,26.869755395884557
relic,761,3440,4201,0.011381129593926079,0.10598872493145621,-3.21919513973858,3.21919513973858,26.85876193472251
heterotic,7,146,153,0.00011209254360399946,0.004513108037337113,-5.331359096641417,5.331359096641417,26.85380307622956
concordance,710,20,730,0.010618900297418882,0.000631527063245125,4.07164599679701,-4.07164599679701,26.850117164614502
four-fermion,3,96,99,5.230985368186642e-05,0.002972798126983149,-5.828594953038164,5.828594953038164,26.841671703932015
vertical,709,20,729,0.01060395462493835,0.000631527063245125,4.069614031614781,-4.069614031614781,26.831146547207197
type-i,22,281,303,0.0003362776308119984,0.008671944795292813,-4.688630853578242,4.688630853578242,26.80503247157471
freeze-out,64,559,623,0.0009639958749943953,0.017236067896860847,-4.160259903380827,4.160259903380827,26.77605830965707
far-ultraviolet,134,1,135,0.0020101929486317236,4.62092973106189e-05,5.44300702400778,-5.44300702400778,26.739615049587474
handed,8,155,163,0.00012703821608453273,0.004790363821200826,-5.23680076670795,5.23680076670795,26.7069844193379
magnified,220,3,223,0.0032955207819575843,0.00010782169372477742,4.933787085672229,-4.933787085672229,26.6999094028715
sphaleron,7,144,151,0.00011209254360399946,0.004451495640922953,-5.311527924719847,5.311527924719847,26.68448167693109
rms,551,14,565,0.008242538373014094,0.00044668987400264934,4.205743242636124,-4.205743242636124,26.658499212216388
eccentricity,256,4,260,0.0038335649912567818,0.0001386278919318567,4.789397176337054,-4.789397176337054,26.650698326501224
single-dish,133,1,134,0.0019952472761511904,4.62092973106189e-05,5.432240593138711,-5.432240593138711,26.646632771932733
fir,133,1,134,0.0019952472761511904,4.62092973106189e-05,5.432240593138711,-5.432240593138711,26.646632771932733
self-gravity,219,3,222,0.003280575109477051,0.00010782169372477742,4.9272293696500675,-4.9272293696500675,26.64237555908108
concentrated,881,28,909,0.01317461029159007,0.0008779766489017591,3.9074339073277526,-3.9074339073277526,26.623084453828035
diameter,599,16,615,0.00895993065207969,0.0005083022704168078,4.139728986228083,-4.139728986228083,26.59050164064123
structural,1006,34,1040,0.015042819351656727,0.0010628138381442347,3.823114162315483,-3.823114162315483,26.562756605898613
grbs,352,7,359,0.005268349549387975,0.0002310464865530945,4.51109601384995,-4.51109601384995,26.552780433380917
frenk,254,4,258,0.003803673646295715,0.0001386278919318567,4.7781040068056955,-4.7781040068056955,26.551102426736886
high-velocity,382,8,390,0.005716719723803973,0.0002618526847601737,4.448360258501988,-4.448360258501988,26.55096150445927
navarro,288,5,293,0.004311826510633846,0.00016943409013893597,4.669503052180498,-4.669503052180498,26.539493070899297
currents,30,333,363,0.0004558430106562645,0.010273867102060935,-4.494298451449386,4.494298451449386,26.503569495278562
stream,893,29,922,0.01335395836135647,0.0009087828471088383,3.8771880318519623,-3.8771880318519623,26.472002353937032
parallaxes,131,1,132,0.001965355931190124,4.62092973106189e-05,5.410463650743459,-5.410463650743459,26.459056197688763
keplerian,131,1,132,0.001965355931190124,4.62092973106189e-05,5.410463650743459,-5.410463650743459,26.459056197688763
two-loop,38,386,424,0.0005754083905005306,0.011906595607036136,-4.371030901057633,4.371030901057633,26.45386877332484
average,4069,220,4289,0.06082141415953011,0.006792766704660978,3.162508149617815,-3.162508149617815,26.45135102644931
transients,252,4,256,0.0037737823013346485,0.0001386278919318567,4.766721738369157,-4.766721738369157,26.45090160173446
outflowing,176,2,178,0.0026379111928141207,7.701549551769816e-05,5.098103440556131,-5.098103440556131,26.445829424248792
high-density,542,14,556,0.008108027320689295,0.00044668987400264934,4.1820054943765825,-4.1820054943765825,26.441002571930298
coupling,2061,7390,9451,0.030810503818619318,0.2276732078494193,-2.8854703489729627,2.8854703489729627,26.413542592377212
richness,406,9,415,0.006075415863336771,0.000292658882967253,4.375691190803755,-4.375691190803755,26.38841636783526
heavy,739,3253,3992,0.011052324799354347,0.10022796586673238,-3.1808633391220495,3.1808633391220495,26.37666704582857
central,6238,379,6617,0.09323857776980675,0.01169095221958658,2.995534557124359,-2.995534557124359,26.353360515223677
axisymmetric,486,12,498,0.007271069661779431,0.0003850774775884908,4.2389469671787,-4.2389469671787,26.334907767861807
supermassive,2248,104,2352,0.03360534457247904,0.0032192477126397833,3.3838951987604458,-3.3838951987604458,26.27068896064864
optically,748,23,771,0.011186835851679146,0.0007239456578663627,3.949776816553092,-3.949776816553092,26.262005029307556
completions,6,128,134,9.71468711234662e-05,0.003958596469609685,-5.348677668880473,5.348677668880473,26.23673366715624
classifications,173,2,175,0.002593074175372521,7.701549551769816e-05,5.073370919863212,-5.073370919863212,26.231783142044723
pseudo-dirac,3,91,94,5.230985368186642e-05,0.002818767135947753,-5.751837754054125,5.751837754054125,26.193161032422633
cea,128,1,129,0.001920518913748524,4.62092973106189e-05,5.377169210645035,-5.377169210645035,26.173556378743758
flipped,5,116,121,8.220119864293293e-05,0.003588922091124734,-5.44824736384467,5.44824736384467,26.173494992822285
steepening,172,2,174,0.0025781285028919874,7.701549551769816e-05,5.065031618950482,-5.065031618950482,26.159804263034562
older,602,17,619,0.00900476766952129,0.0005391084686238871,4.0620415763446704,-4.0620415763446704,26.11778784402813
streams,762,24,786,0.011396075266406612,0.000754751856073442,3.916390845394716,-3.916390845394716,26.11538806710436
cepheids,171,2,173,0.0025631828304114542,7.701549551769816e-05,5.056643833457763,-5.056643833457763,26.087505165240742
surface,4717,275,4992,0.07050620992691566,0.008487107606050337,3.0544054560889626,-3.0544054560889626,26.010682190672952
mission,1200,46,1246,0.017942279812880182,0.0014324882166291857,3.646768039294698,-3.646768039294698,25.99597118294779
launch,208,3,211,0.003116172712191185,0.00010782169372477742,4.853055813559372,-4.853055813559372,25.99581216112935
fisher,572,16,588,0.008556397495105292,0.0005083022704168078,4.073244925798166,-4.073244925798166,25.980892087136986
simulation,13489,999,14488,0.20160964892615343,0.030790795107975725,2.7109936595132065,-2.7109936595132065,25.97442339961051
flatter,365,8,373,0.005462643291634907,0.0002618526847601737,4.382771916874411,-4.382771916874411,25.96466193728883
nfw,595,17,612,0.008900147962157557,0.0005391084686238871,4.04518184309146,-4.04518184309146,25.963453301184046
dr3,169,2,171,0.002533291485450388,7.701549551769816e-05,5.039720530421294,-5.039720530421294,25.941933595026978
guts,3,89,92,5.230985368186642e-05,0.002757154739533594,-5.7199536930343395,5.7199536930343395,25.926259209907546
arm,363,8,371,0.00543275194667384,0.0002618526847601737,4.374855874841568,-4.374855874841568,25.894307550930527
kurtosis,125,1,126,0.0018756818963069244,4.62092973106189e-05,5.343088215401929,-5.343088215401929,25.882918934859106
secluded,5,113,118,8.220119864293293e-05,0.0034965034965034965,-5.410609706481305,5.410609706481305,25.85797196030208
observatory,3044,160,3204,0.04550209986698352,0.004944394812236222,3.202067272654587,-3.202067272654587,25.848583572982978
operated,1280,51,1331,0.019137933611322842,0.0015865192076645821,3.592498172586563,-3.592498172586563,25.84600124036738
sectors,167,1020,1187,0.0025034001404893214,0.03143772527032439,-3.6505360195152714,3.6505360195152714,25.845891757090055
msugra,15,206,221,0.00023165792344826555,0.006361479929761868,-4.779294498860257,4.779294498860257,25.820986290298922
dump,8,144,152,0.00012703821608453273,0.004451495640922953,-5.130955679078027,5.130955679078027,25.81095402101798
super-eddington,124,1,125,0.001860736223826391,4.62092973106189e-05,5.331546593519238,-5.331546593519238,25.784862326305873
lyman-werner,124,1,125,0.001860736223826391,4.62092973106189e-05,5.331546593519238,-5.331546593519238,25.784862326305873
fermionic,144,911,1055,0.002159649673437056,0.02807984966575275,-3.7006660013661428,3.7006660013661428,25.764937681443584
mixing,756,3170,3926,0.011306401231523412,0.0976710514155448,-3.1107912271165272,3.1107912271165272,25.743760483434368
odd,85,624,709,0.001277854997085594,0.019238470780321,-3.9121980845497464,3.9121980845497464,25.68461704033389
partnership,237,4,241,0.00354959721412665,0.0001386278919318567,4.6783658639483106,-4.6783658639483106,25.6792588873895
vev,8,142,150,0.00012703821608453273,0.004389883244508795,-5.110848105629452,5.110848105629452,25.6425551493984
renormalization,104,716,820,0.0015618227742157259,0.022072641015372294,-3.8209566000089503,3.8209566000089503,25.64061756457484
pristine,202,3,205,0.0030264986773079856,0.00010782169372477742,4.810930337886696,-4.810930337886696,25.63204109693334
torques,202,3,205,0.0030264986773079856,0.00010782169372477742,4.810930337886696,-4.810930337886696,25.63204109693334
episode,202,3,205,0.0030264986773079856,0.00010782169372477742,4.810930337886696,-4.810930337886696,25.63204109693334
feebly-interacting,9,151,160,0.000141983888565066,0.004667139028372508,-5.038739307857052,5.038739307857052,25.60387191296362
cool-core,164,2,166,0.0024585631230477217,7.701549551769816e-05,4.996522841020192,-4.996522841020192,25.57217298394033
supersonic,201,3,204,0.0030115530048274524,0.00010782169372477742,4.803788268642676,-4.803788268642676,25.57061289165298
reactor,26,282,308,0.0003960603207341314,0.008702750993499892,-4.457679440567038,4.457679440567038,25.557397535781448
spectrographs,163,2,165,0.002443617450567188,7.701549551769816e-05,4.987725892783033,-4.987725892783033,25.4971938555766
snapshots,121,1,122,0.0018158992063847914,4.62092973106189e-05,5.296357165056937,-5.296357165056937,25.487047090151602
low-surface-brightness,121,1,122,0.0018158992063847914,4.62092973106189e-05,5.296357165056937,-5.296357165056937,25.487047090151602
kaluza-klein,55,455,510,0.000829484822669596,0.014032223283324605,-4.080384215279632,4.080384215279632,25.4467840365171
tree-level,87,622,709,0.0013077463420466603,0.019176858383906842,-3.8742117529508016,3.8742117529508016,25.435226708147187
one-loop,185,1065,1250,0.00277242224513892,0.03282400418964296,-3.565532338989587,3.565532338989587,25.42830167099364
supernovae,3272,182,3454,0.0489097131925451,0.0056221311727919655,3.1209319852375366,-3.1209319852375366,25.428035959121342
lyman,1312,55,1367,0.019616195130699905,0.0017097440004928991,3.520193003263054,-3.520193003263054,25.41968364244919
release,2117,104,2221,0.031647461477529185,0.0032192477126397833,3.297294284310991,-3.297294284310991,25.409487115608073
magnetohydrodynamical,120,1,121,0.001800953533904258,4.62092973106189e-05,5.284433997681118,-5.284433997681118,25.386532134363986
astronomy,1582,71,1653,0.023651526700443886,0.0022026431718061676,3.424625609709627,-3.424625609709627,25.379735585449314
centre,1954,94,2048,0.02921131686320226,0.0029111857305689904,3.3268486072405308,-3.3268486072405308,25.3675770961784
australia,161,2,163,0.0024137261056061217,7.701549551769816e-05,4.969969421978876,-4.969969421978876,25.346180202462907
assembled,374,9,383,0.005597154343959706,0.000292658882967253,4.257401557187478,-4.257401557187478,25.334274869653058
hosted,347,8,355,0.005193621186985308,0.0002618526847601737,4.309913488532843,-4.309913488532843,25.32044320109528
extragalactic,1912,92,2004,0.02858359861901986,0.002849573334154832,3.3263697341233773,-3.3263697341233773,25.291717440167034
south,818,29,847,0.012233032925316474,0.0009087828471088383,3.7507027192846247,-3.7507027192846247,25.29054073647633
passive,542,16,558,0.008108027320689295,0.0005083022704168078,3.9955923701457015,-3.9955923701457015,25.276714567339763
centroid,160,2,162,0.0023987804331255884,7.701549551769816e-05,4.961008554407254,-4.961008554407254,25.270138320216017
softly,7,128,135,0.00011209254360399946,0.003958596469609685,-5.142226791413047,5.142226791413047,25.26198557039813
mediated,105,700,805,0.001576768446696259,0.021579741844059024,-3.77463488955132,3.77463488955132,25.26017277826469
tev-scale,26,275,301,0.0003960603207341314,0.008487107606050337,-4.421480891835645,4.421480891835645,25.248543941545
evolved,835,30,865,0.012487109357485541,0.0009395890453159176,3.7322658426706146,-3.7322658426706146,25.24461660798283
axis,1330,57,1387,0.019885217235349504,0.0017713563969070578,3.4887699062501576,-3.4887699062501576,25.24341031244129
detections,1170,48,1218,0.017493909638464183,0.0014941006130433443,3.549503539097198,-3.549503539097198,25.222013014661552
axino,9,146,155,0.000141983888565066,0.004513108037337113,-4.990322178806349,4.990322178806349,25.20040843275584
pointings,118,1,119,0.0017710621889431915,4.62092973106189e-05,5.260287910349415,-5.260287910349415,25.18358493545405
ionised,118,1,119,0.0017710621889431915,4.62092973106189e-05,5.260287910349415,-5.260287910349415,25.18358493545405
hydrogen,2243,115,2358,0.03353061621007637,0.003558115892917655,3.2362935894326004,-3.2362935894326004,25.133033618465
adjoint,8,136,144,0.00012703821608453273,0.00420504605526632,-5.0487871374972,5.0487871374972,25.1264693054813
direct-detection-experiment,207,1130,1337,0.0031012270397106517,0.03482640707310311,-3.489270588344929,3.489270588344929,25.119019045650713
instanton,5,106,111,8.220119864293293e-05,0.0032808601090539417,-5.318770839416228,5.318770839416228,25.09661420246273
numerical-simulation,2222,114,2336,0.033216757087985174,0.0035273096947105757,3.2352710777925013,-3.2352710777925013,25.094779135563996
cnrs,117,1,118,0.0017561165164626583,4.62092973106189e-05,5.248061608016156,-5.248061608016156,25.081134524166686
errors,2515,134,2649,0.03759583912478142,0.004143433658852161,3.181674273901191,-3.181674273901191,25.07895859650707
visually,193,3,196,0.0028919876249831862,0.00010782169372477742,4.7453419962591195,-4.7453419962591195,25.07060852877315
ram,487,14,501,0.007286015334259965,0.00044668987400264934,4.027784575681713,-4.027784575681713,25.047181644426804
intervening,311,7,318,0.004655576977686111,0.0002310464865530945,4.332704919587796,-4.332704919587796,24.978871853399685
emulator,156,2,158,0.0023389977432034556,7.701549551769816e-05,4.924597914217569,-4.924597914217569,24.96231506162242
fuel,223,4,227,0.003340357799399184,0.0001386278919318567,4.590713181913318,-4.590713181913318,24.924568548004608
stacked,571,18,589,0.008541451822624758,0.0005699146668309663,3.905663484757841,-3.905663484757841,24.918611620649973
perturbativity,10,151,161,0.00015692956104559924,0.004667139028372508,-4.894349398521878,4.894349398521878,24.900474063266728
semi-analytical,570,18,588,0.008526506150144227,0.0005699146668309663,3.903136872832045,-3.903136872832045,24.89587042804789
outward,190,3,193,0.002847150607541586,0.00010782169372477742,4.722799427608031,-4.722799427608031,24.879037498344584
minihalo,115,1,116,0.0017262251715015916,4.62092973106189e-05,5.223293702867214,-5.223293702867214,24.874233125587505
echelle,115,1,116,0.0017262251715015916,4.62092973106189e-05,5.223293702867214,-5.223293702867214,24.874233125587505
sagittarius,410,11,421,0.006135198553258904,0.00035427127938141153,4.114183617893104,-4.114183617893104,24.87026183308372
centre-of-mass,13,175,188,0.00020176657848719904,0.005406487785342411,-4.7439325559687795,4.7439325559687795,24.86649431489361
reconstructions,251,5,256,0.0037588366288541153,0.00016943409013893597,4.471490133340542,-4.471490133340542,24.812638962764943
charm,11,158,169,0.0001718752335261325,0.004882782415822063,-4.828269911910081,4.828269911910081,24.797021067244604
lbg,114,1,115,0.0017112794990210584,4.62092973106189e-05,5.210748449548101,-5.210748449548101,24.769762718094547
top-hat,114,1,115,0.0017112794990210584,4.62092973106189e-05,5.210748449548101,-5.210748449548101,24.769762718094547
deficient,114,1,115,0.0017112794990210584,4.62092973106189e-05,5.210748449548101,-5.210748449548101,24.769762718094547
wfirst,114,1,115,0.0017112794990210584,4.62092973106189e-05,5.210748449548101,-5.210748449548101,24.769762718094547
passages,114,1,115,0.0017112794990210584,4.62092973106189e-05,5.210748449548101,-5.210748449548101,24.769762718094547
pseudo-goldstone,5,103,108,8.220119864293293e-05,0.0031884415144327037,-5.277548176689715,5.277548176689715,24.75881446207557
inferred,2502,137,2639,0.037401545382534485,0.0042358522534733985,3.142373707483647,-3.142373707483647,24.757298711462283
atlas,195,1050,1245,0.0029218789699442527,0.03236191121653677,-3.4693284871933807,3.4693284871933807,24.7283107991347
flaring,153,2,155,0.0022941607257618555,7.701549551769816e-05,4.89667391265513,-4.89667391265513,24.727498173363603
powered,330,8,338,0.004939544754816243,0.0002618526847601737,4.237550782429666,-4.237550782429666,24.68797131346534
fourier,623,21,644,0.009318626791612489,0.0006623332614522042,3.814488157299885,-3.814488157299885,24.676878720026004
millimetre,113,1,114,0.0016963338265405252,4.62092973106189e-05,5.198093148742072,-5.198093148742072,24.66459918769115
feeding,152,2,154,0.0022792150532813223,7.701549551769816e-05,4.887244499735199,-4.887244499735199,24.64845166248994
erosita,218,4,222,0.0032656294369965175,0.0001386278919318567,4.558071630230598,-4.558071630230598,24.646276251276095
flattened,354,9,363,0.005298240894349041,0.000292658882967253,4.178221465968243,-4.178221465968243,24.639614877877477
filter,557,18,575,0.008332212407897293,0.0005699146668309663,3.86988179135103,-3.86988179135103,24.59738529999382
magnetohydrodynamic,217,4,221,0.0032506837645159842,0.0001386278919318567,4.5514537514660915,-4.5514537514660915,24.590036237683588
environments,2272,123,2395,0.03396404071201184,0.0038045654785742893,3.1582045096691047,-3.1582045096691047,24.575745122699548
outermost,151,2,153,0.002264269380800789,7.701549551769816e-05,4.877753050757901,-4.877753050757901,24.56901092294603
modelled,638,22,660,0.009542811878820487,0.0006931394596592835,3.7831968755453618,-3.7831968755453618,24.567149237487595
counter-rotating,112,1,113,0.001681388154059992,4.62092973106189e-05,5.185325852668194,-5.185325852668194,24.558732257826964
ifu,112,1,113,0.001681388154059992,4.62092973106189e-05,5.185325852668194,-5.185325852668194,24.558732257826964
electric,156,880,1036,0.0023389977432034556,0.02712485752133329,-3.535653184726277,3.535653184726277,24.55188405279373
axes,422,12,434,0.006314546623025303,0.0003850774775884908,4.035458503567135,-4.035458503567135,24.516806803269674
suggesting,2060,109,2169,0.030795558146138786,0.0033732787036751793,3.1904988508516388,-3.1904988508516388,24.510951417356228
hii,150,2,152,0.002249323708320256,7.701549551769816e-05,4.868198744044653,-4.868198744044653,24.48917157091725
ray,6544,467,7011,0.09781195354884993,0.014401897661809555,2.76375186649497,-2.76375186649497,24.474068156015115
ellipticities,244,5,249,0.0036542169214903823,0.00016943409013893597,4.430766198487249,-4.430766198487249,24.46430240113242
accrete,271,6,277,0.00405775007846478,0.00020024028834601522,4.340875831835582,-4.340875831835582,24.428804483147328
mask,183,3,186,0.0027425309001778537,0.00010782169372477742,4.668788492957922,-4.668788492957922,24.422939715783723
axial-vector,5,100,105,8.220119864293293e-05,0.003096022919811466,-5.235112910369319,5.235112910369319,24.41363020830708
systematics,1066,46,1112,0.015939559700488725,0.0014324882166291857,3.476016601404853,-3.476016601404853,24.38361114080681
lighter,157,872,1029,0.002353943415683989,0.026878407935676658,-3.513296140537423,3.513296140537423,24.37283878725908
cloud,1548,76,1624,0.023143373836105756,0.0023566741628415636,3.2957749871543243,-3.2957749871543243,24.366531581173827
denser,393,11,404,0.005881122121089839,0.00035427127938141153,4.053165031622787,-4.053165031622787,24.334745114208516
standard-model,15,182,197,0.00023165792344826555,0.0056221311727919655,-4.601049181208191,4.601049181208191,24.331576691587365
xenonnt,5,99,104,8.220119864293293e-05,0.003065216721604387,-5.220685839734039,5.220685839734039,24.29686489875105
forest,990,42,1032,0.014803688591968196,0.0013092634238008687,3.4991293909240975,-3.4991293909240975,24.284736421248336
self-gravitating,501,16,517,0.007495254748987431,0.0005083022704168078,3.88221893342604,-3.88221893342604,24.263772218943764
separations,603,21,624,0.009019713342001823,0.0006623332614522042,3.7674523682252365,-3.7674523682252365,24.25392269884533
brane,131,757,888,0.001965355931190124,0.023335695141862543,-3.569675926895698,3.569675926895698,24.238446642895013
sizes,1455,71,1526,0.021753426295416163,0.0022026431718061676,3.303934949516689,-3.303934949516689,24.221346359426327
heated,366,10,376,0.0054775889641154405,0.0003234650811743323,4.081859127527364,-4.081859127527364,24.214589165114944
team,239,5,244,0.0035794885590877163,0.00016943409013893597,4.400957389271196,-4.400957389271196,24.210802971985654
ejected,434,13,447,0.0064938946927917025,0.0004158836757955701,3.9648320268232444,-3.9648320268232444,24.20447972501273
alignments,365,10,375,0.005462643291634907,0.0003234650811743323,4.077917335345989,-4.077917335345989,24.180374359309027
fuv,108,1,109,0.001621605464137859,4.62092973106189e-05,5.133095893895636,-5.133095893895636,24.12801646498611
flows,927,39,966,0.0138621112256946,0.001216844829179631,3.5099298855033756,-3.5099298855033756,24.127954738073857
comoving,925,39,964,0.013832219880733533,0.001216844829179631,3.506815593865784,-3.506815593865784,24.09928598881882
intermediate-mass,408,12,420,0.006105307208297837,0.0003850774775884908,3.986843240543272,-3.986843240543272,24.09102986805144
kiloparsecs,178,3,181,0.002667802537775187,0.00010782169372477742,4.628932504143808,-4.628932504143808,24.088995705591515
three-loop,4,87,91,6.725552616239968e-05,0.0026955423431194356,-5.324778948217704,5.324778948217704,24.077524623362017
distance,4435,299,4734,0.06629153028740528,0.00922645636302024,2.844975998225008,-2.844975998225008,24.07628366027998
nonuniversal,10,140,150,0.00015692956104559924,0.004328270848094637,-4.785601735269853,4.785601735269853,24.010703093395946
binary,1860,100,1960,0.027806423650032133,0.003096022919811466,3.1669301461191566,-3.1669301461191566,24.00916194263598
heights,144,2,146,0.002159649673437056,7.701549551769816e-05,4.80950474978563,-4.80950474978563,24.001509229597318
systems,6274,462,6736,0.09377662197910595,0.01424786667077416,2.7184823901338295,-2.7184823901338295,23.964428110125596
pseudo-nambu-goldstone,11,147,158,0.0001718752335261325,0.004543914235544191,-4.724502026019878,4.724502026019878,23.948048173090157
noncommutative,5,96,101,8.220119864293293e-05,0.002972798126983149,-5.17651825645847,5.17651825645847,23.941256203590118
direct-indirect-detection,20,209,229,0.00030638628585093186,0.006453898524383106,-4.396747266908955,4.396747266908955,23.9098603387422
cib,106,1,107,0.0015917141191767923,4.62092973106189e-05,5.1062542816769945,-5.1062542816769945,23.908152625876607
aquarius,106,1,107,0.0015917141191767923,4.62092973106189e-05,5.1062542816769945,-5.1062542816769945,23.908152625876607
joint,1527,78,1605,0.022829514714014558,0.0024182865592557224,3.2388430779867776,-3.2388430779867776,23.907526316169335
shaping,357,10,367,0.005343077911790641,0.0003234650811743323,4.045989171059304,-4.045989171059304,23.904039589551733
tracing,507,17,524,0.00758492878387063,0.0005391084686238871,3.814488157299885,-3.814488157299885,23.891658497108423
emission,7400,568,7968,0.1106054491921864,0.01751332368072456,2.65889765478532,-2.65889765478532,23.885713306914717
oldest,259,6,265,0.0038784020086983814,0.00020024028834601522,4.275658172389101,-4.275658172389101,23.87312162314685
dimension,223,1083,1306,0.003340357799399184,0.033378515757370386,-3.320845254738043,3.320845254738043,23.828690965910635
clustered,484,16,500,0.007241178316818365,0.0005083022704168078,3.8324658982289406,-3.8324658982289406,23.824930885129717
lattice,113,659,772,0.0016963338265405252,0.020316687717568775,-3.582173199788317,3.582173199788317,23.82245137896361
preferentially,639,24,663,0.00955775755130102,0.000754751856073442,3.6625978669387416,-3.6625978669387416,23.800594339438486
vii,105,1,106,0.001576768446696259,4.62092973106189e-05,5.092643850158342,-5.092643850158342,23.797053026664997
carina,105,1,106,0.001576768446696259,4.62092973106189e-05,5.092643850158342,-5.092643850158342,23.797053026664997
cadence,105,1,106,0.001576768446696259,4.62092973106189e-05,5.092643850158342,-5.092643850158342,23.797053026664997
rotation,3438,223,3661,0.05139069482431362,0.006885185299282216,2.899939771244113,-2.899939771244113,23.796223480179417
indicating,1573,82,1655,0.02351701564811909,0.002541511352084039,3.209946411224921,-3.209946411224921,23.79263746658107
traced,692,27,719,0.010349878192769283,0.0008471704506946798,3.610817709584204,-3.610817709584204,23.756476792129412
spherical,2089,119,2208,0.03122898264807425,0.003681340685745972,3.0845823975139735,-3.0845823975139735,23.752195040130974
heliocentric,173,3,176,0.002593074175372521,0.00010782169372477742,4.58794409269297,-4.58794409269297,23.747885588456395
ads,16,180,196,0.0002466035959287988,0.005560518776377807,-4.494953745356405,4.494953745356405,23.747756387971744
clumps,815,34,849,0.012188195907874875,0.0010628138381442347,3.519523772106028,-3.519523772106028,23.740019680483897
spectroscopy,2005,113,2118,0.029973546159709458,0.0034965034965034965,3.099704925695907,-3.099704925695907,23.739708745189315
concentrations,439,14,453,0.006568623055194368,0.00044668987400264934,3.878245522188145,-3.878245522188145,23.727483062615693
deep,3893,262,4155,0.058190975802956256,0.008086627029358306,2.847185460548706,-2.847185460548706,23.723627193246816
full-sky,229,5,234,0.0034300318342823837,0.00016943409013893597,4.339425886948823,-4.339425886948823,23.691466712087962
palma,104,1,105,0.0015618227742157259,4.62092973106189e-05,5.07890379353204,-5.07890379353204,23.685158505991396
nonparametric,140,2,142,0.0020998669835149233,7.701549551769816e-05,4.769005387505877,-4.769005387505877,23.66783277906411
multipoles,476,16,492,0.007121612936974099,0.0005083022704168078,3.8084454467238014,-3.8084454467238014,23.61430093125204
ursa,171,3,174,0.0025631828304114542,0.00010782169372477742,4.5712170062875215,-4.5712170062875215,23.60935747783443
wise,171,3,174,0.0025631828304114542,0.00010782169372477742,4.5712170062875215,-4.5712170062875215,23.60935747783443
nearest,392,12,404,0.005866176448609305,0.0003850774775884908,3.9291998161765775,-3.9291998161765775,23.590471960419944
direct-detection,367,1550,1917,0.005492534636595973,0.0477650103200764,-3.120410208716583,3.120410208716583,23.587300140364725
narrowband,139,2,141,0.00208492131103439,7.701549551769816e-05,4.7587003791141385,-4.7587003791141385,23.583296097831226
dropout,103,1,104,0.0015468771017351926,4.62092973106189e-05,5.065031618950482,-5.065031618950482,23.57245632688971
inclinations,103,1,104,0.0015468771017351926,4.62092973106189e-05,5.065031618950482,-5.065031618950482,23.57245632688971
flattening,454,15,469,0.006792808142402368,0.0004774960722097286,3.830447335979545,-3.830447335979545,23.567718559423582
generators,9,127,136,0.000141983888565066,0.0039277902714026066,-4.7899187612429595,4.7899187612429595,23.566308941581642
kiloparsec,170,3,173,0.002548237157930921,0.00010782169372477742,4.562780169138882,-4.562780169138882,23.539635210746912
scale-dependent,411,13,424,0.006150144225739437,0.0004158836757955701,3.88636828043047,-3.88636828043047,23.52064737644466
doppler,323,9,332,0.00483492504745251,0.000292658882967253,4.046201550721235,-4.046201550721235,23.500915149768765
sub-gev,50,364,414,0.0007547564602669297,0.011228859246480392,-3.8950563594028296,3.8950563594028296,23.48048458647606
episodic,102,1,103,0.0015319314292546592,4.62092973106189e-05,5.051024760956603,-5.051024760956603,23.45893343112457
goldstone,22,213,235,0.0003362776308119984,0.006577123317211423,-4.2897320011185025,4.2897320011185025,23.43837414274743
mosaic,137,2,139,0.0020550299660733237,7.701549551769816e-05,4.737866875696973,-4.737866875696973,23.412843945619564
empirical,1099,53,1152,0.01643276689234632,0.0016481316040787408,3.3176720646261337,-3.3176720646261337,23.38999453768825
matter-electron,11,140,151,0.0001718752335261325,0.004328270848094637,-4.6543572019916,4.6543572019916,23.38293448414618
mond,672,27,699,0.010050964743158619,0.0008471704506946798,3.56853790609164,-3.56853790609164,23.37777850145391
dsphs,273,7,280,0.004087641423425847,0.0002310464865530945,4.145013589356351,-4.145013589356351,23.37105672599921
blank,101,1,102,0.001516985756774126,4.62092973106189e-05,5.036880578636333,-5.036880578636333,23.344576428056673
mass-temperature,101,1,102,0.001516985756774126,4.62092973106189e-05,5.036880578636333,-5.036880578636333,23.344576428056673
instantons,5,91,96,8.220119864293293e-05,0.002818767135947753,-5.099761057474432,5.099761057474432,23.329932897372306
non-gaussian,905,41,946,0.013533306431122868,0.0012784572255937895,3.4040385617755557,-3.4040385617755557,23.328894388586857
cepheid,136,2,138,0.00204008429359279,7.701549551769816e-05,4.727336208204803,-4.727336208204803,23.326917292531483
infer,1432,76,1508,0.021409675828363898,0.0023566741628415636,3.1834387431239284,-3.1834387431239284,23.30023267600949
next-to-lightest,7,108,115,0.00011209254360399946,0.0033424725054681,-4.898153474663648,4.898153474663648,23.283814311694673
neutrino-electron,4,81,85,6.725552616239968e-05,0.00251070515387696,-5.222295990616452,5.222295990616452,23.261920026037924
hyper,294,8,302,0.004401500545517046,0.0002618526847601737,4.071168144752434,-4.071168144752434,23.261566985416696
qed,15,166,181,0.00023165792344826555,0.0051292320014786974,-4.468674894512074,4.468674894512074,23.255014033413026
wavenumbers,135,2,137,0.002025138621112257,7.701549551769816e-05,4.716728108638822,-4.716728108638822,23.240515955175212
sh0es,135,2,137,0.002025138621112257,7.701549551769816e-05,4.716728108638822,-4.716728108638822,23.240515955175212
fwhm,194,4,198,0.0029069332974637195,0.0001386278919318567,4.390208505716193,-4.390208505716193,23.23871186485403
overdensities,575,22,597,0.008601234512546891,0.0006931394596592835,3.6333261839748685,-3.6333261839748685,23.23000069594845
slit,100,1,101,0.0015020400842935928,4.62092973106189e-05,5.022596352630085,-5.022596352630085,23.22937158301488
converged,100,1,101,0.0015020400842935928,4.62092973106189e-05,5.022596352630085,-5.022596352630085,23.22937158301488
wigglez,100,1,101,0.0015020400842935928,4.62092973106189e-05,5.022596352630085,-5.022596352630085,23.22937158301488
migration,245,6,251,0.0036691625939709155,0.00020024028834601522,4.195646658345914,-4.195646658345914,23.199530673578
residuals,358,11,369,0.005358023584271174,0.00035427127938141153,3.9187745148172044,-3.9187745148172044,23.17368487179019
invisible,168,834,1002,0.0025183458129698546,0.025707772403807647,-3.3516562960084277,3.3516562960084277,23.162461388617825
australian,134,2,136,0.0020101929486317236,7.701549551769816e-05,4.706041429841575,-4.706041429841575,23.153634070977464
million,778,34,812,0.011635206026095144,0.0010628138381442347,3.4525359344731807,-3.4525359344731807,23.134514942956162
new-physics,4,80,84,6.725552616239968e-05,0.002479898955669881,-5.2044847144999915,5.2044847144999915,23.121710556258034
bondi,99,1,100,0.0014870944118130596,4.62092973106189e-05,5.008169281994806,-5.008169281994806,23.11330480514839
coeval,99,1,100,0.0014870944118130596,4.62092973106189e-05,5.008169281994806,-5.008169281994806,23.11330480514839
semimajor,99,1,100,0.0014870944118130596,4.62092973106189e-05,5.008169281994806,-5.008169281994806,23.11330480514839
mbhs,99,1,100,0.0014870944118130596,4.62092973106189e-05,5.008169281994806,-5.008169281994806,23.11330480514839
gmrt,99,1,100,0.0014870944118130596,4.62092973106189e-05,5.008169281994806,-5.008169281994806,23.11330480514839
masks,99,1,100,0.0014870944118130596,4.62092973106189e-05,5.008169281994806,-5.008169281994806,23.11330480514839
collapsed,377,12,389,0.005641991361401306,0.0003850774775884908,3.8729838066100295,-3.8729838066100295,23.10678970848529
redshifted,437,15,452,0.006538731710233302,0.0004774960722097286,3.7754500585051285,-3.7754500585051285,23.090245282965977
cores,1367,73,1440,0.020438207117129237,0.002264255568220326,3.1741599350158674,-3.1741599350158674,23.08595912188223
cen,133,2,135,0.0019952472761511904,7.701549551769816e-05,4.695274998972504,-4.695274998972504,23.066265663576612
quasi-linear,133,2,135,0.0019952472761511904,7.701549551769816e-05,4.695274998972504,-4.695274998972504,23.066265663576612
feynman,13,150,163,0.00020176657848719904,0.004636332830165429,-4.52222501242392,4.52222501242392,23.062743519927622
distribution,16800,1600,18400,0.25109477050919904,0.04930532023043036,2.348416749893688,-2.348416749893688,23.06182891155092
experimentally,69,438,507,0.0010387242373970616,0.013508517913804257,-3.7009847975489127,3.7009847975489127,23.058917118898506
depth,1789,104,1893,0.026745280903914273,0.0032192477126397833,3.0544888585078143,-3.0544888585078143,23.05053606448504
power,9122,779,9901,0.13634189720366469,0.024013431502418286,2.505315479946372,-2.505315479946372,23.050135120717115
http,1040,51,1091,0.015550972215994859,0.0015865192076645821,3.293067884724429,-3.293067884724429,23.037532858369563
indicator,332,10,342,0.0049694360997773095,0.0003234650811743323,3.9414002697821044,-3.9414002697821044,23.008832359375038
portals,4,79,83,6.725552616239968e-05,0.0024490927574628016,-5.18645079166973,5.18645079166973,22.980213294104445
correlation,5337,411,5748,0.07977252686484629,0.012676750562213117,2.6537069911459024,-2.6537069911459024,22.972560806182983
neighbourhood,309,9,318,0.004625685632725044,0.000292658882967253,3.982375247942992,-3.982375247942992,22.959154347391525
qball,26,227,253,0.0003960603207341314,0.007008410092110532,-4.145295118350546,4.145295118350546,22.95388470574714
contamination,1091,55,1146,0.016313201512502054,0.0017097440004928991,3.254187710812998,-3.254187710812998,22.925443656006006
individual,2966,200,3166,0.044336337413501924,0.006176642740519393,2.843594803177384,-2.843594803177384,22.920909787140463
vertex,32,258,290,0.00048573435561733103,0.00796340223652999,-4.035145495114167,4.035145495114167,22.89268482385344
contiguous,97,1,98,0.001457203066851993,4.62092973106189e-05,4.9788749752007675,-4.9788749752007675,22.87852722988341
periphery,97,1,98,0.001457203066851993,4.62092973106189e-05,4.9788749752007675,-4.9788749752007675,22.87852722988341
orientation,662,28,690,0.009901508018353286,0.0008779766489017591,3.495393792345495,-3.495393792345495,22.853373353484383
charge,295,1241,1536,0.004416446217997578,0.038245895074088904,-3.1143470638269957,3.1143470638269957,22.851794844662376
anomaly,270,1160,1430,0.004042804405984248,0.035750593019315484,-3.144538861345354,3.144538861345354,22.848624318855148
calibration,1157,60,1217,0.01729961589621725,0.0018637749915282956,3.214440403045317,-3.214440403045317,22.838487999159565
evolution,14104,1325,15429,0.2108012375016814,0.04083361572348356,2.3680541106081145,-2.3680541106081145,22.8376771090412
spinors,4,78,82,6.725552616239968e-05,0.0024182865592557224,-5.168188585277002,5.168188585277002,22.837401589372867
partners,38,287,325,0.0005754083905005306,0.008856781984535288,-3.9441244429645232,3.9441244429645232,22.824243410775825
intrinsic,2317,148,2465,0.03463659597363583,0.004574720433751271,2.92054166488444,-2.92054166488444,22.81046043025879
expelled,130,2,132,0.0019504102587095907,7.701549551769816e-05,4.662485063854835,-4.662485063854835,22.80117976736944
affleck-dine,14,153,167,0.00021671225096773228,0.0047287514247866674,-4.4476066880702945,4.4476066880702945,22.789376464225214
ellipsoidal,212,5,217,0.003175955402113318,0.00016943409013893597,4.228394574560079,-4.228394574560079,22.767769710242916
selected,3201,223,3424,0.047848570446427235,0.006885185299282216,2.796908435614439,-2.796908435614439,22.763637102280075
undisturbed,96,1,97,0.0014422573943714597,4.62092973106189e-05,4.964001698719237,-4.964001698719237,22.759786352693176
viewing,186,4,190,0.0027873679176194533,0.0001386278919318567,4.329613980985238,-4.329613980985238,22.740316466027952
nambu-goldstone,17,171,188,0.00026154926840933206,0.005283262992514094,-4.3362745870555335,4.3362745870555335,22.729654373177326
idealized,443,16,459,0.006628405745116502,0.0005083022704168078,3.7049033371149234,-3.7049033371149234,22.715601481493504
envelopes,129,2,131,0.0019354645862290573,7.701549551769816e-05,4.651387354971504,-4.651387354971504,22.711803119548794
compactified,14,151,165,0.00021671225096773228,0.004667139028372508,-4.428685826173066,4.428685826173066,22.63938786186442
anisotropy,2590,173,2763,0.03871676456082141,0.005344875388928252,2.8567301778441325,-2.8567301778441325,22.637970278307964
next-to-neutralino,7,102,109,0.00011209254360399946,0.0031576353162256245,-4.816082341724615,4.816082341724615,22.637900487316113
power-spectrum,128,2,130,0.001920518913748524,7.701549551769816e-05,4.6402036164788285,-4.6402036164788285,22.621908250165887
refinement,401,14,415,0.006000687500934104,0.00044668987400264934,3.7477823445620553,-3.7477823445620553,22.601695744017785
nucleon,81,470,551,0.0012180723071634608,0.014494316256430793,-3.5728155963251464,3.5728155963251464,22.55714292788696
wind,775,36,811,0.011590369008653545,0.001124426234558393,3.3656655743283865,-3.3656655743283865,22.548277660083475
schwinger,4,76,80,6.725552616239968e-05,0.0023566741628415636,-5.130955679078027,5.130955679078027,22.547723846586187
millions,208,5,213,0.003116172712191185,0.00016943409013893597,4.200979116979679,-4.200979116979679,22.54235318132063
buildup,156,3,159,0.0023389977432034556,0.00010782169372477742,4.4391710870473275,-4.4391710870473275,22.529564862325678
free-free,94,1,95,0.0014123660494103933,4.62092973106189e-05,4.933787085672229,-4.933787085672229,22.519522161575406
intermittent,94,1,95,0.0014123660494103933,4.62092973106189e-05,4.933787085672229,-4.933787085672229,22.519522161575406
precursors,94,1,95,0.0014123660494103933,4.62092973106189e-05,4.933787085672229,-4.933787085672229,22.519522161575406
planetary,543,22,565,0.008122972993169829,0.0006931394596592835,3.5507902908699474,-3.5507902908699474,22.507018310649606
instruments,895,44,939,0.013383849706317535,0.0013708758202150273,3.2873233531918764,-3.2873233531918764,22.5046207871018
body,1884,117,2001,0.028165119789564933,0.0036197282893318137,2.95995629527167,-2.95995629527167,22.501297562170542
vera,182,4,186,0.0027275852276973205,0.0001386278919318567,4.29833481449738,-4.29833481449738,22.485056286243307
spatial,4328,332,4660,0.06469234333198823,0.010243060903853855,2.658948075928545,-2.658948075928545,22.46009530118701
covariance,658,29,687,0.009841725328431153,0.0009087828471088383,3.436903743066986,-3.436903743066986,22.456003313502404
post-processing,155,3,158,0.0023240520707229224,0.00010782169372477742,4.429923010245312,-4.429923010245312,22.45485536214456
age,2339,155,2494,0.03496540076820757,0.004790363821200826,2.867720905402021,-2.867720905402021,22.43143912524852
spatially,1759,108,1867,0.026296910729498274,0.0033424725054681,2.9759057284774983,-2.9759057284774983,22.416377777618457
masked,93,1,94,0.00139742037692986,4.62092973106189e-05,4.9184391213387935,-4.9184391213387935,22.3979662574088
resolved,1956,124,2080,0.029241208208163328,0.0038353716767813685,2.9305646250050263,-2.9305646250050263,22.39128328730723
conserving,39,281,320,0.0005903540629810638,0.008671944795292813,-3.876703201730814,3.876703201730814,22.374164280639015
driver,205,5,210,0.0030713356947495852,0.00016943409013893597,4.180070127216698,-4.180070127216698,22.371142308845023
clump,449,17,466,0.006718079779999701,0.0005391084686238871,3.6394014507417936,-3.6394014507417936,22.368959617096916
neutrino-mass,917,2913,3830,0.013712654500889267,0.08975385847632544,-2.710466085444434,2.710466085444434,22.36373351774406
distortion,840,41,881,0.012561837719888206,0.0012784572255937895,3.2965717400615553,-3.2965717400615553,22.357982667501965
occupy,228,6,234,0.0034150861618018505,0.00020024028834601522,4.092117799089291,-4.092117799089291,22.34126705807937
fitting,2520,172,2692,0.03767056748718409,0.0053140691907211735,2.8255488495161454,-2.8255488495161454,22.317346376299373
secure,153,3,156,0.0022941607257618555,0.00010782169372477742,4.411247085484888,-4.411247085484888,22.304349572337912
neutrino-nucleus,22,193,215,0.0003362776308119984,0.005960999353069838,-4.147829497642423,4.147829497642423,22.295738337432773
gaussianity,124,2,126,0.001860736223826391,7.701549551769816e-05,4.594580999353031,-4.594580999353031,22.25700994475396
poor,679,31,710,0.01015558445052235,0.0009703952435229968,3.387556979439788,-3.387556979439788,22.2449770212748
bhs,426,16,442,0.006374329312947436,0.0005083022704168078,3.6485149741321496,-3.6485149741321496,22.232480551928678
reside,785,38,823,0.011739825733458878,0.0011860386309725517,3.3071880867716077,-3.3071880867716077,22.20502478906962
steeply,202,5,207,0.0030264986773079856,0.00016943409013893597,4.158853641307003,-4.158853641307003,22.198039678380614
self-shielding,91,1,92,0.0013675290319687934,4.62092973106189e-05,4.887244499735199,-4.887244499735199,22.151921942415804
closest,289,9,298,0.004326772183114379,0.000292658882967253,3.8859991867179637,-3.8859991867179637,22.15191909012785
matter-nucleon,37,266,303,0.0005604627180199973,0.008209851822186623,-3.8726658700909824,3.8726658700909824,22.140138057600574
next-to-leading,36,261,297,0.000545517045539464,0.008055820831151228,-3.8843354151946112,3.8843354151946112,22.129421993307485
self-similar,403,15,418,0.006030578845895171,0.0004774960722097286,3.658735715063218,-3.658735715063218,22.09097397766073
baryonic,3063,224,3287,0.045786067644113644,0.006915991497489295,2.726900663408495,-2.726900663408495,22.08253634892158
production,1699,4713,6412,0.02540017038066628,0.14520501524906812,-2.5151812040358124,2.5151812040358124,22.048285834279255
smallness,23,194,217,0.00035122330329253167,0.005991805551276917,-4.092530331136242,4.092530331136242,22.03620936231769
self-consistently,437,17,454,0.006538731710233302,0.0005391084686238871,3.6003633519470375,-3.6003633519470375,22.035294530207047
apertures,90,1,91,0.0013525833594882602,4.62092973106189e-05,4.871390548534362,-4.871390548534362,22.027398136707337
blobs,90,1,91,0.0013525833594882602,4.62092973106189e-05,4.871390548534362,-4.871390548534362,22.027398136707337
lofar,199,5,204,0.0029816616598663855,0.00016943409013893597,4.137320479757362,-4.137320479757362,22.022998200642146
inclusive,25,204,229,0.00038111464825359815,0.0062998675333477095,-4.04702452879794,4.04702452879794,22.008040352760723
orbiting,436,17,453,0.006523786037752769,0.0005391084686238871,3.5970619888567863,-3.5970619888567863,22.007174875205745
ground-based,975,52,1027,0.014579503504760196,0.0016173254058716613,3.1722597071152165,-3.1722597071152165,22.00079621981142
positional,121,2,123,0.0018158992063847914,7.701549551769816e-05,4.559391570890732,-4.559391570890732,21.977551139539585
underestimate,243,7,250,0.003639271249009849,0.0002310464865530945,3.9773945286461365,-3.9773945286461365,21.97690628839447
shot,243,7,250,0.003639271249009849,0.0002310464865530945,3.9773945286461365,-3.9773945286461365,21.97690628839447
narrow-band,174,4,178,0.0026080198478530543,0.0001386278919318567,4.233665386939653,-4.233665386939653,21.961655734890062
time-delay,174,4,178,0.0026080198478530543,0.0001386278919318567,4.233665386939653,-4.233665386939653,21.961655734890062
frb,174,4,178,0.0026080198478530543,0.0001386278919318567,4.233665386939653,-4.233665386939653,21.961655734890062
partner,36,257,293,0.000545517045539464,0.007932596038322911,-3.8620969010182504,3.8620969010182504,21.95053580612875
accidental,17,159,176,0.00026154926840933206,0.004913588614029143,-4.231622434647591,4.231622434647591,21.903511333454542
alfa,89,1,90,0.001337637687007727,4.62092973106189e-05,4.8553604387154135,-4.8553604387154135,21.901848792545245
conduction,173,4,177,0.002593074175372521,0.0001386278919318567,4.225374013308262,-4.225374013308262,21.8949735559924
history,4537,369,4906,0.06781598888041968,0.011382890237515788,2.5747585357966374,-2.5747585357966374,21.881374379190575
heating,1628,103,1731,0.024339027634548416,0.0031884415144327037,2.932348209068891,-2.932348209068891,21.866614691507262
innermost,302,10,312,0.004521065925361311,0.0003234650811743323,3.8049810715555092,-3.8049810715555092,21.864194373317158
bath,39,268,307,0.0005903540629810638,0.008271464218600783,-3.8084903676359967,3.8084903676359967,21.82302982904797
modeling,2168,149,2317,0.032409690774036375,0.00460552663195835,2.8149872158373106,-2.8149872158373106,21.81181590970411
loop,254,1021,1275,0.003803673646295715,0.03146853146853147,-3.0484444804852195,3.0484444804852195,21.80090638971067
distances,2460,175,2635,0.03677382713835209,0.005406487785342411,2.7659157429978913,-2.7659157429978913,21.78716780537811
surrounding,1519,95,1614,0.022709949334170292,0.0029419919287760696,2.9484592936588587,-2.9484592936588587,21.780534858418775
auto-correlation,88,1,89,0.0013226920145271936,4.62092973106189e-05,4.839150211534154,-4.839150211534154,21.775254918042133
grain,88,1,89,0.0013226920145271936,4.62092973106189e-05,4.839150211534154,-4.839150211534154,21.775254918042133
masking,146,3,149,0.002189541018398123,0.00010782169372477742,4.343909094536957,-4.343909094536957,21.765744223432584
leo,217,6,223,0.0032506837645159842,0.00020024028834601522,4.020939034767311,-4.020939034767311,21.759898852248334
sgr,356,13,369,0.0053281322393101075,0.0004158836757955701,3.6793779264527324,-3.6793779264527324,21.75801242695734
overestimate,194,5,199,0.0029069332974637195,0.00016943409013893597,4.100701888521208,-4.100701888521208,21.726820030988243
hydrodynamic,557,25,582,0.008332212407897293,0.0007855580542805213,3.406909815008484,-3.406909815008484,21.695839428988755
hidden,303,1158,1461,0.004536011597841845,0.03568898062290133,-2.975982460436827,2.975982460436827,21.68765264493151
xmm,145,3,148,0.0021745953459175894,0.00010782169372477742,4.334027583022992,-4.334027583022992,21.68724131393363
evolve,1319,80,1399,0.01972081483806364,0.002479898955669881,2.991365919383964,-2.991365919383964,21.670135302439423
afterglows,87,1,88,0.0013077463420466603,4.62092973106189e-05,4.822755773283485,-4.822755773283485,21.6475969662959
cosmographic,87,1,88,0.0013077463420466603,4.62092973106189e-05,4.822755773283485,-4.822755773283485,21.6475969662959
azimuthally,87,1,88,0.0013077463420466603,4.62092973106189e-05,4.822755773283485,-4.822755773283485,21.6475969662959
productions,8,100,108,0.00012703821608453273,0.003096022919811466,-4.607081687756277,4.607081687756277,21.61342291911208
flattens,144,3,147,0.002159649673437056,0.00010782169372477742,4.324077922615388,-4.324077922615388,21.60833526760605
serendipitous,117,2,119,0.0017561165164626583,7.701549551769816e-05,4.511096013849951,-4.511096013849951,21.59683491720364
unbroken,34,240,274,0.0005156257005783975,0.007408890668802563,-3.84486146481956,3.84486146481956,21.595706750130464
object,1935,132,2067,0.028927349086072127,0.004081821262438002,2.8251492050140623,-2.8251492050140623,21.5681417720446
tails,503,22,525,0.007525146093948497,0.0006931394596592835,3.4405020338494228,-3.4405020338494228,21.555781565103345
marginalized,191,5,196,0.0028620962800221194,0.00016943409013893597,4.078276125459973,-4.078276125459973,21.546363632853247
densest,191,5,196,0.0028620962800221194,0.00016943409013893597,4.078276125459973,-4.078276125459973,21.546363632853247
surroundings,213,6,219,0.0031909010745938514,0.00020024028834601522,3.9941597036517114,-3.9941597036517114,21.543009802146457
steepens,86,1,87,0.0012928006695661271,4.62092973106189e-05,4.806172889087882,-4.806172889087882,21.518854813060255
meerkat,116,2,118,0.001741170843982125,7.701549551769816e-05,4.498765211939231,-4.498765211939231,21.500154514371648
early-and,116,2,118,0.001741170843982125,7.701549551769816e-05,4.498765211939231,-4.498765211939231,21.500154514371648
atmospheres,167,4,171,0.0025034001404893214,0.0001386278919318567,4.174599446075136,-4.174599446075136,21.48872759158026
astronomers,190,5,195,0.002847150607541586,0.00016943409013893597,4.070722731028337,-4.070722731028337,21.48574132030355
string,454,1560,2014,0.006792808142402368,0.04807307230214719,-2.82314899555279,2.82314899555279,21.479574755137595
final-state,5,77,82,8.220119864293293e-05,0.002387480361048643,-4.860185624464627,4.860185624464627,21.47638559881356
merge,383,15,398,0.005731665396284506,0.0004774960722097286,3.585393619288371,-3.585393619288371,21.47278405028116
cosmos,592,28,620,0.008855310944715958,0.0008779766489017591,3.3342884917931928,-3.3342884917931928,21.443913213402663
lsnd,18,158,176,0.0002764949408898653,0.004882782415822063,-4.142378502338144,4.142378502338144,21.441571377097162
pathfinder,189,5,194,0.002832204935061053,0.00016943409013893597,4.063129581706107,-4.063129581706107,21.424880490723606
clumping,166,4,170,0.002488454468008788,0.0001386278919318567,4.165960527801262,-4.165960527801262,21.41996742362434
broken,400,1405,1805,0.0059857418284535715,0.043298111580049904,-2.85470214379932,2.85470214379932,21.40703950565578
ellipsoids,85,1,86,0.001277854997085594,4.62092973106189e-05,4.789397176337054,-4.789397176337054,21.38900773326499
algebra,14,135,149,0.00021671225096773228,0.00417423985705924,-4.267660884053987,4.267660884053987,21.383692248874933
wavelet,210,6,216,0.0031460640571522517,0.00020024028834601522,3.973743867097617,-3.973743867097617,21.3783341142461
two-point,1126,67,1193,0.01683630004932072,0.0020794183789778504,3.01732316335691,-3.01732316335691,21.377928608015992
axion,801,2430,3231,0.011978956493147409,0.07487446474230615,-2.643971546461721,2.643971546461721,21.365554444573302
steep,749,39,788,0.01120178152415968,0.001216844829179631,3.2025110819430695,-3.2025110819430695,21.36320306756151
spread,777,41,818,0.01162026035361461,0.0012784572255937895,3.1841665958433527,-3.1841665958433527,21.359657261913405
fusion,61,348,409,0.0009191588575527956,0.010735960075167124,-3.5459931783568703,3.5459931783568703,21.333252248213206
messenger,26,197,223,0.0003960603207341314,0.006084224145898155,-3.9412812263289534,3.9412812263289534,21.32881898771347
quantization,17,151,168,0.00026154926840933206,0.004667139028372508,-4.157383804355671,4.157383804355671,21.326957835406155
conclusions,2270,165,2435,0.03393414936705077,0.005098425803271619,2.734614076789429,-2.734614076789429,21.32482856718736
mapping,1134,68,1202,0.016955865429164985,0.0021102245771849296,3.0063159728841238,-3.0063159728841238,21.32251765119278
low-mass,2530,189,2719,0.03782002421198942,0.00583777456024152,2.6956598830099434,-2.6956598830099434,21.318322004609136
cooperative,114,2,116,0.0017112794990210584,7.701549551769816e-05,4.473782855381895,-4.473782855381895,21.30493210384474
tau,78,412,490,0.001173235289721861,0.012707556760420197,-3.4371223980692385,3.4371223980692385,21.297936900027153
leptonic,126,581,707,0.0018906275687874576,0.017913804257416593,-3.2441346446065955,3.2441346446065955,21.289452237645726
self-similarity,140,3,143,0.0020998669835149233,0.00010782169372477742,4.283578560335635,-4.283578560335635,21.288585698934657
lamost,84,1,85,0.0012629093246050607,4.62092973106189e-05,4.772424097733341,-4.772424097733341,21.258034376313592
multi-frequency,84,1,85,0.0012629093246050607,4.62092973106189e-05,4.772424097733341,-4.772424097733341,21.258034376313592
unresolved,826,45,871,0.012352598305160742,0.0014016820184221065,3.1395835312659304,-3.1395835312659304,21.25745896897417
marginalizing,228,7,235,0.0034150861618018505,0.0002310464865530945,3.8856669216218642,-3.8856669216218642,21.230630510093498
prescriptions,474,21,495,0.007091721592013033,0.0006623332614522042,3.4205066844913246,-3.4205066844913246,21.22963444516555
likely,4354,371,4725,0.06508093081648209,0.011444502633929947,2.5075801189815343,-2.5075801189815343,21.21622027623992
suzaku,113,2,115,0.0016963338265405252,7.701549551769816e-05,4.4611275545758655,-4.4611275545758655,21.206372184706158
angular,5275,468,5743,0.07884589517105323,0.014432703860016636,2.449694044859589,-2.449694044859589,21.204333900784476
scalar,2685,6519,9204,0.040136603446472074,0.20084100921105327,-2.323063440425426,2.323063440425426,21.203766416204754
grid,457,20,477,0.006837645159843967,0.000631527063245125,3.436583090725634,-3.436583090725634,21.20237991963953
resolution,4280,364,4644,0.06397495105292263,0.011228859246480392,2.5102957684303666,-2.5102957684303666,21.195799429172094
hadrons,44,275,319,0.0006650824253837302,0.008487107606050337,-3.6736679154324468,3.6736679154324468,21.19089576816292
dune,30,213,243,0.0004558430106562645,0.006577123317211423,-3.850847759885291,3.850847759885291,21.168757946082927
low-energy,310,1131,1441,0.004640631305205578,0.03485721327131019,-2.909064248874098,2.909064248874098,21.15991173119215
environment,2950,232,3182,0.044097206653813385,0.007162441083145929,2.6221639991766055,-2.6221639991766055,21.149272006718565
log-normal,162,4,166,0.002428671778086655,0.0001386278919318567,4.130878068645817,-4.130878068645817,21.141808395177367
timescale,722,38,760,0.010798248367185282,0.0011860386309725517,3.1865743988654525,-3.1865743988654525,21.14175280402078
www,532,25,557,0.007958570595883962,0.0007855580542805213,3.340719535314018,-3.340719535314018,21.12790953396554
patchy,138,3,141,0.002069975638553857,0.00010782169372477742,4.262894406163897,-4.262894406163897,21.126167441764103
nrc,83,1,84,0.0012479636521245273,4.62092973106189e-05,4.755248953925209,-4.755248953925209,21.125912740080093
wiener,83,1,84,0.0012479636521245273,4.62092973106189e-05,4.755248953925209,-4.755248953925209,21.125912740080093
spinor,10,108,118,0.00015692956104559924,0.0033424725054681,-4.412726647493407,4.412726647493407,21.08896558971502
assemble,183,5,188,0.0027425309001778537,0.00016943409013893597,4.016711796378228,-4.016711796378228,21.05458706902043
duty,183,5,188,0.0027425309001778537,0.00016943409013893597,4.016711796378228,-4.016711796378228,21.05458706902043
knots,137,3,140,0.0020550299660733237,0.00010782169372477742,4.252440048526731,-4.252440048526731,21.044304748386878
filtering,244,8,252,0.0036542169214903823,0.0002618526847601737,3.8027349758742073,-3.8027349758742073,21.04201374391884
four-dimensional,52,304,356,0.0007846478052279962,0.009380487354055635,-3.579545738067897,3.579545738067897,21.039624067158485
uncertain,543,26,569,0.008122972993169829,0.0008163642524876005,3.314722932636423,-3.314722932636423,21.034026367410082
astrometry,299,11,310,0.004476228907919712,0.00035427127938141153,3.6593573989040857,-3.6593573989040857,21.00395366136031
splittings,21,167,188,0.00032133195833146513,0.005160038199685777,-4.005245368470724,4.005245368470724,20.994482954762873
kms,82,1,83,0.001233017979643994,4.62092973106189e-05,4.737866875696972,-4.737866875696972,20.992620143521428
eastern,82,1,83,0.001233017979643994,4.62092973106189e-05,4.737866875696972,-4.737866875696972,20.992620143521428
vacuum,751,2244,2995,0.011231672869120746,0.0691445118757894,-2.6220419248268674,2.6220419248268674,20.989533039275546
bursts,1227,78,1305,0.018345812969854578,0.0024182865592557224,2.923393722482741,-2.923393722482741,20.97454400791998
iib,17,146,163,0.00026154926840933206,0.004513108037337113,-4.108966675304969,4.108966675304969,20.955181200436225
debate,261,9,270,0.003908293353659448,0.000292658882967253,3.739246784975669,-3.739246784975669,20.94770479002611
apm,110,2,112,0.0016514968090989254,7.701549551769816e-05,4.422481626676382,-4.422481626676382,20.906785770429067
noise,1953,142,2095,0.029196371190721725,0.004389883244508795,2.733534593303882,-2.733534593303882,20.905487717399485
longitude,81,1,82,0.0012180723071634608,4.62092973106189e-05,4.720272815682234,-4.720272815682234,20.858133197815043
migrate,81,1,82,0.0012180723071634608,4.62092973106189e-05,4.720272815682234,-4.720272815682234,20.858133197815043
demographics,81,1,82,0.0012180723071634608,4.62092973106189e-05,4.720272815682234,-4.720272815682234,20.858133197815043
akaike,109,2,111,0.0016365511366183921,7.701549551769816e-05,4.409366126886124,-4.409366126886124,20.805589092838996
statistic,442,20,462,0.006613460072635968,0.000631527063245125,3.388488802524589,-3.388488802524589,20.797619395723437
starlight,157,4,161,0.002353943415683989,0.0001386278919318567,4.0857901791172795,-4.0857901791172795,20.786851141805535
quantum,829,2390,3219,0.01239743532260234,0.07364221681402298,-2.5704913572195185,2.5704913572195185,20.76220992044421
collisionless,780,44,824,0.011665097371056211,0.0013708758202150273,3.089028553183824,-3.089028553183824,20.744011025964106
luminosity-dependent,80,1,81,0.0012031266346829276,4.62092973106189e-05,4.702461539565774,-4.702461539565774,20.722427775924388
convergence,844,49,893,0.01262162040981034,0.0015249068112504235,3.049104154894089,-3.049104154894089,20.720814714519317
magnitudes,1058,66,1124,0.015819994320644456,0.002048612180770771,2.9490302806787123,-2.9490302806787123,20.718525227937484
located,1937,143,2080,0.028957240431033194,0.004420689442715875,2.7115808305455875,-2.7115808305455875,20.718114869442243
kinematics,2505,197,2702,0.03744638239997609,0.006084224145898155,2.621681141537425,-2.621681141537425,20.716832549284952
occupation,601,31,632,0.008989821997040758,0.0009703952435229968,3.211648165848473,-3.211648165848473,20.71664150013917
clumpiness,108,2,110,0.001621605464137859,7.701549551769816e-05,4.39613029972943,-4.39613029972943,20.703708415479994
swift,217,7,224,0.0032506837645159842,0.0002310464865530945,3.8144881572998846,-3.8144881572998846,20.6596508429559
multicolor,79,1,80,0.0011881809622023942,4.62092973106189e-05,4.684427616735512,-4.684427616735512,20.5854789804876
constructions,20,156,176,0.00030638628585093186,0.004821170019407905,-3.9759596801422217,3.9759596801422217,20.58016263509249
kilometre,371,16,387,0.005552317326518107,0.0005083022704168078,3.4493314433524556,-3.4493314433524556,20.56148315195444
crs,234,8,242,0.0035047601966850498,0.0002618526847601737,3.7424884334373503,-3.7424884334373503,20.55771891586268
randall-sundrum,24,174,198,0.0003661689757730649,0.005375681587135332,-3.8758662199221314,3.8758662199221314,20.516141361900498
lux,28,192,220,0.00042595166569519796,0.005930193154862758,-3.7993174592452092,3.7993174592452092,20.509333799722683
higgs-like,16,135,151,0.0002466035959287988,0.00417423985705924,-4.081247759823105,4.081247759823105,20.503701121322802
complexes,106,2,108,0.0015917141191767923,7.701549551769816e-05,4.369288687510789,-4.369288687510789,20.497853231001493
unclear,431,20,451,0.0064490576753501025,0.000631527063245125,3.3521719067331843,-3.3521719067331843,20.494113649928902
grb,400,18,418,0.0059857418284535715,0.0005699146668309663,3.3927122289520733,-3.3927122289520733,20.48475850685394
correcting,303,12,315,0.004536011597841845,0.0003850774775884908,3.5582036786532703,-3.5582036786532703,20.48010311776487
massless,225,837,1062,0.0033702491443602504,0.025800190998428885,-2.9364545948048035,2.9364545948048035,20.463712713989406
non-universal,34,217,251,0.0005156257005783975,0.00670034811003974,-3.6998399717856087,3.6998399717856087,20.45800275912879
forecasts,399,18,417,0.005970796155973038,0.0005699146668309663,3.3891054894713397,-3.3891054894713397,20.454883254571996
factory,15,129,144,0.00023165792344826555,0.003989402667816765,-4.106104815127366,4.106104815127366,20.434990383359956
position,1746,129,1875,0.026102616987251342,0.003989402667816765,2.7099498018806236,-2.7099498018806236,20.424612883062483
stop,78,382,460,0.001173235289721861,0.011783370814207819,-3.328188026516074,3.328188026516074,20.413101928558568
draco,193,6,199,0.0028919876249831862,0.00020024028834601522,3.852257200175631,-3.852257200175631,20.41048122410026
inferences,231,8,239,0.00345992317924345,0.0002618526847601737,3.72391270418221,-3.72391270418221,20.40942091366875
institute,772,45,817,0.011545531991211945,0.0014016820184221065,3.0421036447653536,-3.0421036447653536,20.40297035911869
chromodynamics,28,190,218,0.00042595166569519796,0.0058685807584486,-3.7842500111562676,3.7842500111562676,20.39359475368002
contaminated,212,7,219,0.003175955402113318,0.0002310464865530945,3.7809355975888583,-3.7809355975888583,20.392958390139494
nonrenormalizable,7,83,90,0.00011209254360399946,0.0025723175502911184,-4.520306534693221,4.520306534693221,20.390467704391153
five-dimensional,36,224,260,0.000545517045539464,0.006915991497489295,-3.664239913688817,3.664239913688817,20.389737777047767
distortions,1182,79,1261,0.017673257708230583,0.0024490927574628016,2.8512486751147152,-2.8512486751147152,20.359207278861014
mhd,151,4,155,0.002264269380800789,0.0001386278919318567,4.029756144202952,-4.029756144202952,20.34968827255401
oxygen,332,14,346,0.0049694360997773095,0.00044668987400264934,3.475736697433293,-3.475736697433293,20.330712792867217
conditional,282,11,293,0.004222152475750646,0.00035427127938141153,3.57505226341785,-3.57505226341785,20.31909471154005
type-ii,21,157,178,0.00032133195833146513,0.004851976217614984,-3.916436101512868,3.916436101512868,20.316065042470154
stringy,11,106,117,0.0001718752335261325,0.0032808601090539417,-4.254640501996512,4.254640501996512,20.29754802550364
ultra-compact,104,2,106,0.0015618227742157259,7.701549551769816e-05,4.341938199365833,-4.341938199365833,20.289134015448273
ancient,210,7,217,0.0031460640571522517,0.0002310464865530945,3.7672929896301905,-3.7672929896301905,20.284970502743707
correlates,437,21,458,0.006538731710233302,0.0006623332614522042,3.303381614189906,-3.303381614189906,20.246591776360788
majoron,14,121,135,0.00021671225096773228,0.0037429530821601305,-4.110324346305896,4.110324346305896,20.19260498183951
cored,312,13,325,0.004670522650166644,0.0004158836757955701,3.4893320395582936,-3.4893320395582936,20.19240644243884
missions,520,27,547,0.007779222526117562,0.0008471704506946798,3.1989018019470703,-3.1989018019470703,20.173155378992284
roman,169,5,174,0.002533291485450388,0.00016943409013893597,3.9022170066713593,-3.9022170066713593,20.154115663262036
astronomical,1220,84,1304,0.018241193262490844,0.002603123748498198,2.808884305671282,-2.808884305671282,20.15081893390478
statistically,1420,102,1522,0.021230327758597498,0.0031576353162256245,2.749210178856408,-2.749210178856408,20.14741456569089
traces,447,22,469,0.006688188435038635,0.0006931394596592835,3.270397937994257,-3.270397937994257,20.12188431779015
higher-dimensional,38,226,264,0.0005754083905005306,0.006977603893903454,-3.600073537179021,3.600073537179021,20.087437691141503
forming,1402,101,1503,0.0209613056539479,0.0031268291180185453,2.7449563004832918,-2.7449563004832918,20.08178051930592
deficiency,102,2,104,0.0015319314292546592,7.701549551769816e-05,4.314059166790397,-4.314059166790397,20.07746031047611
boomerang,102,2,104,0.0015319314292546592,7.701549551769816e-05,4.314059166790397,-4.314059166790397,20.07746031047611
skewed,102,2,104,0.0015319314292546592,7.701549551769816e-05,4.314059166790397,-4.314059166790397,20.07746031047611
compilation,371,17,388,0.005552317326518107,0.0005391084686238871,3.3644425457659426,-3.3644425457659426,20.064120068720833
drag,224,8,232,0.003355303471879717,0.0002618526847601737,3.6796159556631207,-3.6796159556631207,20.057728068673573
cooling,2582,217,2799,0.03859719918097715,0.00670034811003974,2.5261882051886437,-2.5261882051886437,20.05130233761051
centaurus,147,4,151,0.0022044866908786562,0.0001386278919318567,3.9911533049792043,-3.9911533049792043,20.051077344596262
error,1842,143,1985,0.027537401545382534,0.004420689442715875,2.639049139479057,-2.639049139479057,20.040616791114214
spt,241,9,250,0.0036093799040487827,0.000292658882967253,3.6244590275645003,-3.6244590275645003,20.026777786618993
peaks,1406,102,1508,0.021021088343870033,0.0031576353162256245,2.734920899981567,-2.734920899981567,20.017439775680664
fraction,7842,824,8666,0.1172114364285821,0.025399710421736853,2.206229387465811,-2.206229387465811,20.004495163950097
timescales,697,41,738,0.01042460655517195,0.0012784572255937895,3.027517137541938,-3.027517137541938,19.997652654240813
semianalytic,306,13,319,0.004580848615283445,0.0004158836757955701,3.461362923699626,-3.461362923699626,19.96625242683867
violent,352,16,368,0.005268349549387975,0.0005083022704168078,3.373592490100015,-3.373592490100015,19.940619168843494
opacity,239,9,248,0.0035794885590877163,0.000292658882967253,3.6124614944649074,-3.6124614944649074,19.93158613600263
enclosed,305,13,318,0.004565902942802911,0.0004158836757955701,3.456648229827574,-3.456648229827574,19.928237620058912
priors,616,35,651,0.009214007084248755,0.001093620036351314,3.07471712707047,-3.07471712707047,19.92430399873574
sheets,184,6,190,0.002757476572658387,0.00020024028834601522,3.783544450091617,-3.783544450091617,19.872209979049497
incidence,184,6,190,0.002757476572658387,0.00020024028834601522,3.783544450091617,-3.783544450091617,19.872209979049497
bispectrum,677,40,717,0.010125693105561285,0.00124765102738671,3.0207342955289223,-3.0207342955289223,19.865767170726283
behalf,100,2,102,0.0015020400842935928,7.701549551769816e-05,4.2856307584638795,-4.2856307584638795,19.862737109101104
confining,29,185,214,0.0004408973381757312,0.0057145497674132035,-3.696125165086649,3.696125165086649,19.85055036833399
orientations,237,9,246,0.00354959721412665,0.000292658882967253,3.6003633519470375,-3.6003633519470375,19.835799858839817
forecast,774,48,822,0.011575423336173011,0.0014941006130433443,2.9537157487747536,-2.9537157487747536,19.828164450774995
old,1522,115,1637,0.02275478635161189,0.003558115892917655,2.67698463354995,-2.67698463354995,19.812982364183107
diversity,363,17,380,0.00543275194667384,0.0005391084686238871,3.3330356991469405,-3.3330356991469405,19.807562470165426
excitations,46,250,296,0.0006949737703447966,0.007716952650873356,-3.4730008199148643,3.4730008199148643,19.77433638643739
curves,901,59,960,0.013473523741200736,0.0018329687933212162,2.877873080296711,-2.877873080296711,19.76515866774232
stripe,99,2,101,0.0014870944118130596,7.701549551769816e-05,4.271203687828599,-4.271203687828599,19.75420093620679
pks,99,2,101,0.0014870944118130596,7.701549551769816e-05,4.271203687828599,-4.271203687828599,19.75420093620679
incompleteness,218,8,226,0.0032656294369965175,0.0002618526847601737,3.640533790422572,-3.640533790422572,19.74971384999457
parsec,143,4,147,0.002144704000956523,0.0001386278919318567,3.951489087405688,-3.951489087405688,19.746429767228665
evolving,1037,71,1108,0.01550613519855326,0.0022026431718061676,2.815531446515573,-2.815531446515573,19.7402934596348
matter-nucleus,7,78,85,0.00011209254360399946,0.0024182865592557224,-4.431222991110796,4.431222991110796,19.738206149550756
vector,543,1573,2116,0.008122972993169829,0.04847355287883922,-2.5771180760988015,2.5771180760988015,19.73493953158254
lines,2626,228,2854,0.03925480877012061,0.007039216290317612,2.479382676268957,-2.479382676268957,19.728019324577204
colour,850,55,905,0.012711294444693539,0.0017097440004928991,2.894258721485592,-2.894258721485592,19.707121396453097
caution,217,8,225,0.0032506837645159842,0.0002618526847601737,3.633915911658064,-3.633915911658064,19.697768383554994
major,3308,303,3611,0.049447757401844296,0.009349681155848557,2.4029160201334183,-2.4029160201334183,19.684728681144595
steady,329,15,344,0.004924599082335709,0.0004774960722097286,3.3664455067934895,-3.3664455067934895,19.671973846463402
artificially,121,3,124,0.0018158992063847914,0.00010782169372477742,4.07396474372049,-4.07396474372049,19.67037993739089
sub-mm,98,2,100,0.0014721487393325264,7.701549551769816e-05,4.256630886741327,-4.256630886741327,19.6448645380201
shape,3813,362,4175,0.05699532200451359,0.011167246850066233,2.3515699616898904,-2.3515699616898904,19.605295396409662
dilaton,68,323,391,0.0010237785649165284,0.009965805119990142,-3.283082656859668,3.283082656859668,19.604146185784018
diffuse,2441,211,2652,0.03648985936122196,0.006515510920797264,2.485545371689827,-2.485545371689827,19.5946635984921
decreasing,946,64,1010,0.014146079002824732,0.0019869997843566124,2.831738602452764,-2.831738602452764,19.59193633030565
board,248,10,258,0.0037139996114125156,0.0003234650811743323,3.521291780955839,-3.521291780955839,19.567212981847344
consortium,160,5,165,0.0023987804331255884,0.00016943409013893597,3.823505030657319,-3.823505030657319,19.545711025440028
compiled,214,8,222,0.0032058467470743846,0.0002618526847601737,3.613878158421519,-3.613878158421519,19.540859963713118
nucleons,88,386,474,0.0013226920145271936,0.011906595607036136,-3.170211891669537,3.170211891669537,19.53901388385352
increases,2710,241,2951,0.04051024525848541,0.007439696867009642,2.4449710749222957,-2.4449710749222957,19.53590124582589
unitary,19,137,156,0.0002914406133703986,0.0042358522534733985,-3.8613784273774607,3.8613784273774607,19.52407847628973
moduli,113,462,575,0.0016963338265405252,0.01424786667077416,-3.070253905940447,3.070253905940447,19.514864371829557
science,2103,177,2280,0.03143822206280172,0.005468100181756569,2.523408050549058,-2.523408050549058,19.511922745330182
spanning,905,61,966,0.013533306431122868,0.0018945811897353748,2.836563487783241,-2.836563487783241,19.499100459977303
three-dimensional,1235,91,1326,0.018465378349698844,0.002818767135947753,2.711686619217055,-2.711686619217055,19.4988599854234
bank,119,3,122,0.0017860078614237247,0.00010782169372477742,4.050019048095457,-4.050019048095457,19.489438302205247
cancellation,67,316,383,0.0010088328924359952,0.009750161732540587,-3.2727389302051977,3.2727389302051977,19.474899541589483
statistics,2673,239,2912,0.03995725537670568,0.007378084470595484,2.437139277834751,-2.437139277834751,19.440910761468153
ghz,1066,76,1142,0.015939559700488725,0.0023566741628415636,2.7577875698202328,-2.7577875698202328,19.41871756040053
high-quality,448,24,472,0.0067031341075191675,0.000754751856073442,3.150761492976366,-3.150761492976366,19.40584058162869
miniboone,10,92,102,0.00015692956104559924,0.002849573334154832,-4.182556875565239,4.182556875565239,19.385017596101388
quench,176,6,182,0.0026379111928141207,0.00020024028834601522,3.719591817302401,-3.719591817302401,19.377162066459118
shapes,1138,83,1221,0.01701564811908712,0.0025723175502911184,2.7257214458348833,-2.7257214458348833,19.375093493896394
jointly,406,21,427,0.006075415863336771,0.0006623332614522042,3.197353949545243,-3.197353949545243,19.37316148017465
colors,685,43,728,0.010245258485405551,0.001340069622007948,2.9345765221028106,-2.9345765221028106,19.343770975314424
leptophilic,20,139,159,0.00030638628585093186,0.004297464649887558,-3.810062145038791,3.810062145038791,19.3367276329145
fitted,960,67,1027,0.014355318417552198,0.0020794183789778504,2.787333368787009,-2.787333368787009,19.33118946907716
frbs,175,6,181,0.0026229655203335875,0.00020024028834601522,3.7113946643357814,-3.7113946643357814,19.314122651584544
heavier,259,849,1108,0.0038784020086983814,0.026169865376913834,-2.754372246654027,2.754372246654027,19.31149322211037
passage,390,20,410,0.0058362851036482385,0.000631527063245125,3.2081338956962084,-3.2081338956962084,19.30845289583257
extra-dimensional,15,116,131,0.00023165792344826555,0.003588922091124734,-3.953482672095092,3.953482672095092,19.304072792217816
high-mass,800,53,853,0.011964010820666875,0.0016481316040787408,2.8597977682874225,-2.8597977682874225,19.30343816409021
tendency,226,9,235,0.0033851948168407836,0.000292658882967253,3.5319468887749625,-3.5319468887749625,19.297963744549893
ccd,257,11,268,0.003848510663737315,0.00035427127938141153,3.441373828185881,-3.441373828185881,19.25349331801549
measure,4990,514,5504,0.07458637851410124,0.01584978897754228,2.234448546882367,-2.234448546882367,19.24622603693744
gravitinos,35,198,233,0.0005305713730589308,0.006115030344105234,-3.526740915465963,3.526740915465963,19.239504184537417
envelope,331,16,347,0.004954490427296776,0.0005083022704168078,3.284978102926447,-3.284978102926447,19.224356999951002
outwards,116,3,119,0.001741170843982125,0.00010782169372477742,4.013338384768989,-4.013338384768989,19.21382437807177
marginalize,94,2,96,0.0014123660494103933,7.701549551769816e-05,4.196821491506023,-4.196821491506023,19.19924535201155
mounted,94,2,96,0.0014123660494103933,7.701549551769816e-05,4.196821491506023,-4.196821491506023,19.19924535201155
inward,136,4,140,0.00204008429359279,0.0001386278919318567,3.879339301649853,-3.879339301649853,19.197918737172447
unbound,240,10,250,0.0035944342315682495,0.0003234650811743323,3.4740828231635943,-3.4740828231635943,19.195881146036527
experienced,479,27,506,0.007166449954415699,0.0008471704506946798,3.080534453665784,-3.080534453665784,19.187142741599093
benchmark,263,850,1113,0.003938184698620515,0.026200671575120914,-2.7340011118538574,2.7340011118538574,19.180965558059004
delays,344,17,361,0.005148784169543709,0.0005391084686238871,3.2555843179316377,-3.2555843179316377,19.180744502852686
emitting,663,42,705,0.00991645369083382,0.0013092634238008687,2.9210688814048043,-2.9210688814048043,19.161087944230292
inference,924,65,989,0.013817274208253,0.002017805982563692,2.7756136700390583,-2.7756136700390583,19.145364132043827
follow,1769,148,1917,0.026446367454303607,0.004574720433751271,2.5313140877967775,-2.5313140877967775,19.134300026198613
flares,154,5,159,0.0023091063982423887,0.00016943409013893597,3.76853857143939,-3.76853857143939,19.125988279467883
distributed,1094,81,1175,0.016358038529943653,0.00251070515387696,2.703835247122181,-2.703835247122181,19.115774861243498
tail,799,54,853,0.011949065148186343,0.00167893780228582,2.8312770608757187,-2.8312770608757187,19.110925351463035
north,397,21,418,0.0059409048110119714,0.0006623332614522042,3.1650534576419327,-3.1650534576419327,19.11018423189524
destroyed,189,7,196,0.002832204935061053,0.0002310464865530945,3.615670604734886,-3.615670604734886,19.102324420823688
triplet,149,547,696,0.0022343780358397227,0.016866393518375898,-2.916206318118118,2.916206318118118,19.091776978223358
representations,105,422,527,0.001576768446696259,0.013015618742490988,-3.0452011802900487,3.0452011802900487,19.090659402494264
hot,2556,234,2790,0.038208611696483284,0.007224053479560087,2.40301736034388,-2.40301736034388,19.06591276585103
hierarchy,340,1029,1369,0.005089001479621575,0.0317149810541881,-2.6397099644478703,2.6397099644478703,19.06547948876747
gev-scale,13,104,117,0.00020176657848719904,0.0032192477126397833,-3.9959644677451016,3.9959644677451016,19.06348624618268
spheroidal,1396,111,1507,0.0208716316190647,0.003434891100089338,2.603207120531958,-2.603207120531958,19.051674264726703
quadrupole,421,23,444,0.0062996009505447694,0.0007239456578663627,3.1213071314367578,-3.1213071314367578,19.033962744956572
luminosities,1736,146,1882,0.02595316026244601,0.004513108037337113,2.5237170031321567,-2.5237170031321567,19.030394766056453
recycling,114,3,117,0.0017112794990210584,0.00010782169372477742,3.9883560282116526,-3.9883560282116526,19.02718878068428
phenomenologically,89,372,461,0.001337637687007727,0.011475308832137026,-3.1007736759129547,3.1007736759129547,19.02499810112199
overall,2404,218,2622,0.035936869479442225,0.006731154308246819,2.4165389035474187,-2.4165389035474187,19.02317302395166
regulating,204,8,212,0.003056390022269052,0.0002618526847601737,3.5450013538637224,-3.5450013538637224,19.00578798589888
anisotropies,1450,117,1567,0.021678697933013497,0.0036197282893318137,2.5823247958053104,-2.5823247958053104,18.999599814141924
recover,988,72,1060,0.014773797247007128,0.002233449370013247,2.725695227886586,-2.725695227886586,18.989829082562796
line,4730,493,5223,0.0707005036691626,0.015202858815193617,2.2173778526439287,-2.2173778526439287,18.983013197049587
underestimation,92,2,94,0.0013824747044493266,7.701549551769816e-05,4.165960527801262,-4.165960527801262,18.97127137887416
haloscope,13,103,116,0.00020176657848719904,0.0031884415144327037,-3.9820922931635434,3.9820922931635434,18.96341612446245
vhe,133,4,137,0.0019952472761511904,0.0001386278919318567,3.8472780924175547,-3.8472780924175547,18.95651515868898
self-consistent,919,66,985,0.013742545845850334,0.002048612180770771,2.745930491083061,-2.745930491083061,18.929501179151877
delay,614,39,653,0.00918411573928769,0.001216844829179631,2.915995614367872,-2.915995614367872,18.9047126043253
collapse,2256,204,2460,0.03372490995232331,0.0062998675333477095,2.4204211924430514,-2.4204211924430514,18.899430588608084
depths,293,14,307,0.004386554873036512,0.00044668987400264934,3.295742860154793,-3.295742860154793,18.884935447709687
radion,13,102,115,0.00020176657848719904,0.0031576353162256245,-3.9680854351696646,3.9680854351696646,18.86265200209455
panoramic,91,2,93,0.0013675290319687934,7.701549551769816e-05,4.150278905568993,-4.150278905568993,18.85594049663687
monolithic,91,2,93,0.0013675290319687934,7.701549551769816e-05,4.150278905568993,-4.150278905568993,18.85594049663687
vigorous,91,2,93,0.0013675290319687934,7.701549551769816e-05,4.150278905568993,-4.150278905568993,18.85594049663687
interferometric,263,12,275,0.003938184698620515,0.0003850774775884908,3.3543101240348028,-3.3543101240348028,18.852567525009004
power-law,1616,136,1752,0.024159679564782016,0.00420504605526632,2.5224078133785457,-2.5224078133785457,18.840075550105105
gradually,305,15,320,0.004565902942802911,0.0004774960722097286,3.257339421604167,-3.257339421604167,18.79954268983883
andromeda,425,24,449,0.006359383640466903,0.000754751856073442,3.0748126397430675,-3.0748126397430675,18.784791686803654
bin,386,21,407,0.005776502413726106,0.0006623332614522042,3.124567011395062,-3.124567011395062,18.78260710982525
east,111,3,114,0.0016664424815794586,0.00010782169372477742,3.9500521400350133,-3.9500521400350133,18.742729307962147
polytropic,166,6,172,0.002488454468008788,0.00020024028834601522,3.635445811102483,-3.635445811102483,18.73451234060659
accurate,3126,308,3434,0.046727645010387245,0.009503712146883954,2.297713284934029,-2.297713284934029,18.707458157545744
couples,174,595,769,0.0026080198478530543,0.018345091032315703,-2.814367309482149,2.814367309482149,18.70538419103968
mediate,21,135,156,0.00032133195833146513,0.00417423985705924,-3.6993771244794607,3.6993771244794607,18.704960068050756
hierarchies,40,206,246,0.0006052997354615971,0.006361479929761868,-3.3936408063625074,3.3936408063625074,18.696885077278363
counterparts,1119,87,1206,0.016731680341956986,0.0026955423431194356,2.6339348631925814,-2.6339348631925814,18.690120540540693
remnants,954,71,1025,0.014265644382668998,0.0022026431718061676,2.6952372127978608,-2.6952372127978608,18.68721975101896
dominantly,55,256,311,0.000829484822669596,0.007901789840115832,-3.2518919870846354,3.2518919870846354,18.675626048239174
caustic,273,13,286,0.004087641423425847,0.0004158836757955701,3.297016682801401,-3.297016682801401,18.65940728137731
largest,1960,176,2136,0.02930099089808546,0.00543729398354949,2.4299887154177218,-2.4299887154177218,18.631108039747357
one-third,129,4,133,0.0019354645862290573,0.0001386278919318567,3.8033904484165544,-3.8033904484165544,18.628397113007743
lopsided,89,2,91,0.001337637687007727,7.701549551769816e-05,4.118394844549207,-4.118394844549207,18.622510763860262
pitch,89,2,91,0.001337637687007727,7.701549551769816e-05,4.118394844549207,-4.118394844549207,18.622510763860262
auriga,89,2,91,0.001337637687007727,7.701549551769816e-05,4.118394844549207,-4.118394844549207,18.622510763860262
canada,228,10,238,0.0034150861618018505,0.0003234650811743323,3.4002400944516222,-3.4002400944516222,18.621290945080467
coleman-weinberg,14,104,118,0.00021671225096773228,0.0032192477126397833,-3.892870974780998,3.892870974780998,18.60451113122785
outputs,212,9,221,0.003175955402113318,0.000292658882967253,3.4398986797537914,-3.4398986797537914,18.584662793038124
pairwise,227,10,237,0.003400140489321317,0.0003234650811743323,3.3939124744796114,-3.3939124744796114,18.572407703102567
equatorial,180,7,187,0.0026976938827362536,0.0002310464865530945,3.5454715934509653,-3.5454715934509653,18.5656562299682
hardening,109,3,112,0.0016365511366183921,0.00010782169372477742,3.923939299715882,-3.923939299715882,18.549982846843495
recovery,256,12,268,0.0038335649912567818,0.0003850774775884908,3.3154659880046427,-3.3154659880046427,18.54907529177243
underestimated,256,12,268,0.0038335649912567818,0.0003850774775884908,3.3154659880046427,-3.3154659880046427,18.54907529177243
shallow,429,25,454,0.006419166330389036,0.0007855580542805213,3.030596141339281,-3.030596141339281,18.54814974172151
quartic,101,391,492,0.001516985756774126,0.012060626598071531,-2.9910254179335514,2.9910254179335514,18.545880543691855
trace,1254,102,1356,0.018749346126828978,0.0031576353162256245,2.5699238180760395,-2.5699238180760395,18.53694186314618
array,2732,266,2998,0.04083905005305714,0.008209851822186623,2.314521219972404,-2.314521219972404,18.53013599453892
rotational,815,59,874,0.012188195907874875,0.0018329687933212162,2.733230465576254,-2.733230465576254,18.515515106827
sampled,297,15,312,0.004446337562958646,0.0004774960722097286,3.2190567099807437,-3.2190567099807437,18.497353937421035
thousands,427,25,452,0.00638927498542797,0.0007855580542805213,3.0238624299740775,-3.0238624299740775,18.493616424022452
fronts,240,11,251,0.0035944342315682495,0.00035427127938141153,3.342838289885342,-3.342838289885342,18.483987274938954
proton,306,903,1209,0.004580848615283445,0.027833400080096115,-2.603130365001505,2.603130365001505,18.477997167002627
centers,534,34,568,0.00798846194084503,0.0010628138381442347,2.9100288431146346,-2.9100288431146346,18.460875040578212
hemisphere,323,17,340,0.00483492504745251,0.0005391084686238871,3.1648460472198536,-3.1648460472198536,18.457010206081467
zones,108,3,111,0.001621605464137859,0.00010782169372477742,3.910703472559188,-3.910703472559188,18.452649921240333
chemically,178,7,185,0.002667802537775187,0.0002310464865530945,3.5293968305928938,-3.5293968305928938,18.443733747684732
iii,1452,124,1576,0.021708589277974564,0.0038353716767813685,2.500827678396123,-2.500827678396123,18.41429339484634
compile,144,5,149,0.002159649673437056,0.00016943409013893597,3.672001226035694,-3.672001226035694,18.39905894313917
collisional,386,22,408,0.005776502413726106,0.0006931394596592835,3.0589786697674857,-3.0589786697674857,18.39582638839238
rotationally,193,8,201,0.0028919876249831862,0.0002618526847601737,3.465234077066384,-3.465234077066384,18.394390115225363
posteriors,126,4,130,0.0018906275687874576,0.0001386278919318567,3.769575735424311,-3.769575735424311,18.37742553494461
birth,279,14,293,0.004177315458309047,0.00044668987400264934,3.225230639887931,-3.225230639887931,18.330855609867832
random,1339,113,1452,0.020019728287674305,0.0034965034965034965,2.517437540723777,-2.517437540723777,18.330433617959738
explorer,674,47,721,0.010080856088119684,0.0014632944148362651,2.7843261867896323,-2.7843261867896323,18.32650495632696
destruction,306,16,322,0.004580848615283445,0.0005083022704168078,3.1718563065046412,-3.1718563065046412,18.325882958204975
cuspy,371,21,392,0.005552317326518107,0.0006623332614522042,3.0674608080088115,-3.0674608080088115,18.324426858915288
neutrino,2943,5785,8728,0.043992586946449655,0.17822925972705708,-2.0184018568648567,2.0184018568648567,18.315798111559605
epochs,1065,85,1150,0.01592461402800819,0.0026339299467052772,2.5959695250691186,-2.5959695250691186,18.29739631795338
progressively,236,11,247,0.003534651541646116,0.00035427127938141153,3.3186415794546953,-3.3186415794546953,18.297093882383876
parkes,125,4,129,0.0018756818963069244,0.0001386278919318567,3.7581257146807725,-3.7581257146807725,18.292806385351668
reliability,357,20,377,0.005343077911790641,0.000631527063245125,3.080754589219981,-3.080754589219981,18.283952529690072
stabilized,50,231,281,0.0007547564602669297,0.00713163488493885,-3.240149738336129,3.240149738336129,18.280623719616884
inspection,191,8,199,0.0028620962800221194,0.0002618526847601737,3.4502449028469306,-3.4502449028469306,18.280492487597733
matter-antimatter,35,181,216,0.0005305713730589308,0.005591324974584887,-3.397571456318756,3.397571456318756,18.27858568631388
vista,86,2,88,0.0012928006695661271,7.701549551769816e-05,4.069207294921675,-4.069207294921675,18.26519185996477
non-circular,86,2,88,0.0012928006695661271,7.701549551769816e-05,4.069207294921675,-4.069207294921675,18.26519185996477
multi-phase,86,2,88,0.0012928006695661271,7.701549551769816e-05,4.069207294921675,-4.069207294921675,18.26519185996477
map,1780,162,1942,0.026610769851589472,0.005006007208650381,2.4102779746195586,-2.4102779746195586,18.250596983608148
metastable,69,289,358,0.0010387242373970616,0.008918394380949447,-3.1019713030934164,3.1019713030934164,18.249897215937658
location,1041,83,1124,0.015565917888475393,0.0025723175502911184,2.5972499937389077,-2.5972499937389077,18.247079343707355
millisecond,249,12,261,0.003728945283893049,0.0003850774775884908,3.275546977734849,-3.275546977734849,18.239374010281118
chemical,2029,191,2220,0.030332242299242255,0.0058993869566556795,2.362215204945049,-2.362215204945049,18.202551997543466
super-kamiokande,36,183,219,0.000545517045539464,0.005652937370999045,-3.3733045317908825,3.3733045317908825,18.19434824490256
uniform,793,59,852,0.011859391113303143,0.0018329687933212162,2.6937758116995516,-2.6937758116995516,18.1796452280095
normalization,824,62,886,0.012322706960199674,0.001925387387942454,2.678098560947693,-2.678098560947693,18.178517879059303
cusps,219,10,229,0.003280575109477051,0.0003234650811743323,3.3422668689289106,-3.3422668689289106,18.175512304821822
direct-indirect-search,8,72,80,0.00012703821608453273,0.002233449370013247,-4.135939086592282,4.135939086592282,18.175174022852154
segue,105,3,108,0.001576768446696259,0.00010782169372477742,3.870251428821894,-3.870251428821894,18.15669584429791
sub-halo,105,3,108,0.001576768446696259,0.00010782169372477742,3.870251428821894,-3.870251428821894,18.15669584429791
asymmetry,669,1647,2316,0.010006127725717018,0.050753211546163086,-2.342615342398791,2.342615342398791,18.15065049467875
extra,801,1907,2708,0.011978956493147409,0.0587628230800037,-2.294401469395032,2.294401469395032,18.13571747627039
simulation-based,157,6,163,0.002353943415683989,0.00020024028834601522,3.5552754624184995,-3.5552754624184995,18.13142997245526
shaped,274,14,288,0.0041025870959063805,0.00044668987400264934,3.1991885060499397,-3.1991885060499397,18.12796713098392
instrumental,541,36,577,0.008093081648208761,0.001124426234558393,2.847500130900623,-2.847500130900623,18.108887423516776
elemental,203,9,212,0.003041444349788519,0.000292658882967253,3.3774646329949745,-3.3774646329949745,18.107574676836617
probably,998,80,1078,0.014923253971812461,0.002479898955669881,2.5892089015016686,-2.5892089015016686,18.08249114426439
stochasticity,156,6,162,0.0023389977432034556,0.00020024028834601522,3.546086290963839,-3.546086290963839,18.062877756675164
accelerator,98,366,464,0.0014721487393325264,0.01129047164289455,-2.939110406505123,2.939110406505123,18.052126055905525
confirm,2304,226,2530,0.0344423022313889,0.006977603893903454,2.3033779744627263,-2.3033779744627263,18.050121506185388
damped,504,33,537,0.00754009176642903,0.0010320076399371553,2.8691284308208975,-2.8691284308208975,18.040673763940728
cross-section,1419,3045,4464,0.021215382086116966,0.0938202766396599,-2.1447890931869713,2.1447890931869713,18.024860072128735
pixels,216,10,226,0.003235738092035451,0.0003234650811743323,3.3224129541202774,-3.3224129541202774,18.02392421353524
kelvin-helmholtz,84,2,86,0.0012629093246050607,7.701549551769816e-05,4.035458503567135,-4.035458503567135,18.021986893574145
sawicki,84,2,86,0.0012629093246050607,7.701549551769816e-05,4.035458503567135,-4.035458503567135,18.021986893574145
consumption,139,5,144,0.00208492131103439,0.00016943409013893597,3.621196855364203,-3.621196855364203,18.021732578038304
seeing,244,12,256,0.0036542169214903823,0.0003850774775884908,3.246341627349822,-3.246341627349822,18.014196687726727
covering,1210,103,1313,0.018091736537685515,0.0031884415144327037,2.5044075686719243,-2.5044075686719243,17.983728004242675
multi-tev,39,189,228,0.0005903540629810638,0.00583777456024152,-3.3057661278216757,3.3057661278216757,17.962614147348937
flatten,121,4,125,0.0018158992063847914,0.0001386278919318567,3.7113946643357814,-3.7113946643357814,17.949350864683392
latitudes,170,7,177,0.002548237157930921,0.0002310464865530945,3.4632444955879667,-3.4632444955879667,17.945783357877335
footprint,200,9,209,0.0029966073323469187,0.000292658882967253,3.3560380751836476,-3.3560380751836476,17.94509646518904
compression,334,19,353,0.004999327444738376,0.0006007208650380457,3.0569673439515253,-3.0569673439515253,17.94224899540544
anomalous,438,1149,1587,0.006553677382713835,0.035411724839037616,-2.433850556101134,2.433850556101134,17.938039946155783
completeness,588,41,629,0.008795528254793825,0.0012784572255937895,2.7823663358638324,-2.7823663358638324,17.934353835868734
elevated,154,6,160,0.0023091063982423887,0.00020024028834601522,3.527530471935595,-3.527530471935595,17.924808737709235
blazars,282,15,297,0.004222152475750646,0.0004774960722097286,3.1444179090879874,-3.1444179090879874,17.914042788716117
graviton,76,300,376,0.0011433439447607946,0.009257262561227319,-3.0173261758462204,3.0173261758462204,17.899518685624653
harbor,83,2,85,0.0012479636521245273,7.701549551769816e-05,4.018283359759002,-4.018283359759002,17.89882961912297
locus,83,2,85,0.0012479636521245273,7.701549551769816e-05,4.018283359759002,-4.018283359759002,17.89882961912297
pair-instability,83,2,85,0.0012479636521245273,7.701549551769816e-05,4.018283359759002,-4.018283359759002,17.89882961912297
juno,11,84,95,0.0001718752335261325,0.002603123748498198,-3.9208103180528586,3.9208103180528586,17.895943484292996
inelastic,94,350,444,0.0014123660494103933,0.010797572471581283,-2.9345210476172374,2.9345210476172374,17.894927330950207
acoustic,509,34,543,0.007614820128831697,0.0010628138381442347,2.8409210415599575,-2.8409210415599575,17.894817455111294
institut,169,7,176,0.002533291485450388,0.0002310464865530945,3.4547580297001383,-3.4547580297001383,17.88234485153966
electrically,19,117,136,0.0002914406133703986,0.0036197282893318137,-3.634607565530439,3.634607565530439,17.882199895280355
descendants,120,4,124,0.001800953533904258,0.0001386278919318567,3.699471496959962,-3.699471496959962,17.862209049530094
height,416,26,442,0.006224872588142104,0.0008163642524876005,2.9307593929746614,-2.9307593929746614,17.85878684030623
poorly,658,48,706,0.009841725328431153,0.0014941006130433443,2.7196339502416995,-2.7196339502416995,17.843601747549226
confirms,528,36,564,0.007898787905961829,0.001124426234558393,2.8124422646749787,-2.8124422646749787,17.821956510156173
indices,528,36,564,0.007898787905961829,0.001124426234558393,2.8124422646749787,-2.8124422646749787,17.821956510156173
council,212,10,222,0.003175955402113318,0.0003234650811743323,3.295508770418617,-3.295508770418617,17.81938199600679
flavors,60,251,311,0.0009042131850722624,0.007747758849080435,-3.0990441903586197,3.0990441903586197,17.79782066439201
snowmass,14,96,110,0.00021671225096773228,0.002972798126983149,-3.7779688799681956,3.7779688799681956,17.79245853982835
perpendicular,459,30,489,0.006867536504805033,0.0009395890453159176,2.8696908758984607,-2.8696908758984607,17.776028632469313
subsolar,82,2,84,0.001233017979643994,7.701549551769816e-05,4.0009012815307665,-4.0009012815307665,17.774609105486377
removal,365,22,387,0.005462643291634907,0.0006931394596592835,2.9783816617950754,-2.9783816617950754,17.754148989396484
neighbors,101,3,104,0.001516985756774126,0.00010782169372477742,3.814488157299885,-3.814488157299885,17.752476640219097
protected,21,123,144,0.00032133195833146513,0.0038045654785742893,-3.565595314710267,3.565595314710267,17.745018514535293
softening,151,6,157,0.002264269380800789,0.00020024028834601522,3.4992414275041717,-3.4992414275041717,17.71524227024481
budget,523,36,559,0.007824059543559162,0.001124426234558393,2.798728330223104,-2.798728330223104,17.71017594848377
present-day,1184,103,1287,0.017703149053191647,0.0031884415144327037,2.473082687913219,-2.473082687913219,17.70936404258572
extension,906,2039,2945,0.013548252103603402,0.06282924124333816,-2.2133294198760525,2.2133294198760525,17.680526033249773
code,2837,300,3137,0.042408345663513126,0.009257262561227319,2.195690658526767,-2.195690658526767,17.678254075845572
templates,276,15,291,0.004132478440867447,0.0004774960722097286,3.1134465220201446,-3.1134465220201446,17.67426938203681
local,7884,994,8878,0.1178391546727645,0.03063676411694033,1.9434831546001714,-1.9434831546001714,17.669068686789473
hubble,4065,460,4525,0.060761631469607974,0.01418625427436,2.0986668953953393,-2.0986668953953393,17.665725501916455
chirality,11,82,93,0.0001718752335261325,0.002541511352084039,-3.88625309601649,3.88625309601649,17.656393413712365
galactic-scale,81,2,83,0.0012180723071634608,7.701549551769816e-05,3.983307221516028,-3.983307221516028,17.649304552047102
ecliptic,81,2,83,0.0012180723071634608,7.701549551769816e-05,3.983307221516028,-3.983307221516028,17.649304552047102
contaminant,81,2,83,0.0012180723071634608,7.701549551769816e-05,3.983307221516028,-3.983307221516028,17.649304552047102
revolutionize,81,2,83,0.0012180723071634608,7.701549551769816e-05,3.983307221516028,-3.983307221516028,17.649304552047102
anticorrelated,81,2,83,0.0012180723071634608,7.701549551769816e-05,3.983307221516028,-3.983307221516028,17.649304552047102
habitable,81,2,83,0.0012180723071634608,7.701549551769816e-05,3.983307221516028,-3.983307221516028,17.649304552047102
afterglow,134,5,139,0.0020101929486317236,0.00016943409013893597,3.5685379060916396,-3.5685379060916396,17.63443830343182
mcmc,837,67,904,0.012517000702446606,0.0020794183789778504,2.589636945353979,-2.589636945353979,17.63007985177169
quenched,541,38,579,0.008093081648208761,0.0011860386309725517,2.7705381490857386,-2.7705381490857386,17.629012104563536
solver,194,9,203,0.0029069332974637195,0.000292658882967253,3.3122059937149193,-3.3122059937149193,17.61470891890596
stabilization,41,189,230,0.0006202454079421303,0.00583777456024152,-3.2345074446518542,3.2345074446518542,17.60354060158784
gradient,1053,90,1143,0.015745265958241793,0.0027879609377406732,2.4976358739064137,-2.4976358739064137,17.589066577351772
oblique,15,98,113,0.00023165792344826555,0.0030344105233973077,-3.7113483468971884,3.7113483468971884,17.57768228202594
observationally,794,63,857,0.011874336785783677,0.001956193586149533,2.6017258847486664,-2.6017258847486664,17.573628326867286
tomography,234,12,246,0.0035047601966850498,0.0003850774775884908,3.1860950849129646,-3.1860950849129646,17.553435100207214
multipole,382,24,406,0.005716719723803973,0.000754751856073442,2.9211132556371187,-2.9211132556371187,17.552423846643464
spin-independent,162,510,672,0.002428671778086655,0.015726564184713965,-2.694964080789672,2.694964080789672,17.548919766642445
poisson,569,41,610,0.008511560477663693,0.0012784572255937895,2.7350197625335,-2.7350197625335,17.545416961902877
disrupting,80,2,82,0.0012031266346829276,7.701549551769816e-05,3.9654959453995677,-3.9654959453995677,17.522894513584372
two-thirds,80,2,82,0.0012031266346829276,7.701549551769816e-05,3.9654959453995677,-3.9654959453995677,17.522894513584372
invariant,354,936,1290,0.005298240894349041,0.02885000462092973,-2.4449862048312165,2.4449862048312165,17.513857678447884
dawn,297,17,314,0.004446337562958646,0.0005391084686238871,3.0439700034226522,-3.0439700034226522,17.51065855509512
empirically,233,12,245,0.0034898145242045165,0.0003850774775884908,3.17992971210725,-3.17992971210725,17.50656732611236
recipes,163,7,170,0.002443617450567188,0.0002310464865530945,3.402763392061877,-3.402763392061877,17.495864524365928
monitoring,356,22,378,0.0053281322393101075,0.0006931394596592835,2.9424123322865263,-2.9424123322865263,17.47067975323227
area,2252,232,2484,0.03366512726240117,0.007162441083145929,2.2327316468778204,-2.2327316468778204,17.455558394532527
omega,245,13,258,0.0036691625939709155,0.0004158836757955701,3.1411988743235373,-3.1411988743235373,17.45510205222003
accelerations,191,9,200,0.0028620962800221194,0.000292658882967253,3.289780230653684,-3.289780230653684,17.4467076436614
resonance,365,953,1318,0.005462643291634907,0.029373709990450077,-2.426854370188006,2.426854370188006,17.436048657452165
confinement,62,248,310,0.0009341045300333288,0.007655340254459197,-3.0348105947278863,3.0348105947278863,17.419184341425566
billions,115,4,119,0.0017262251715015916,0.0001386278919318567,3.638331202146058,-3.638331202146058,17.41848058778053
pseudo-scalar,18,108,126,0.0002764949408898653,0.0033424725054681,-3.5955907046432167,3.5955907046432167,17.41771405962322
giants,257,14,271,0.003848510663737315,0.00044668987400264934,3.1069547891153215,-3.1069547891153215,17.416973576710916
majority,1246,113,1359,0.018629780746984712,0.0034965034965034965,2.4136258423728987,-2.4136258423728987,17.414889671585048
latitude,231,12,243,0.00345992317924345,0.0003850774775884908,3.1675193556578245,-3.1675193556578245,17.41238675492339
chemistry,282,16,298,0.004222152475750646,0.0005083022704168078,3.0542201001164093,-3.0542201001164093,17.410409341429247
sparse,204,10,214,0.003056390022269052,0.0003234650811743323,3.2401467723353012,-3.2401467723353012,17.401655472219073
wide-angle,79,2,81,0.0011881809622023942,7.701549551769816e-05,3.947462022569306,-3.947462022569306,17.395356872700837
fide,79,2,81,0.0011881809622023942,7.701549551769816e-05,3.947462022569306,-3.947462022569306,17.395356872700837
recovered,753,60,813,0.011261564214081813,0.0018637749915282956,2.595107626495542,-2.595107626495542,17.392308458284045
wells,190,9,199,0.002847150607541586,0.000292658882967253,3.282226836222049,-3.282226836222049,17.3902794473053
homogeneity,230,12,242,0.003444977506762917,0.0003850774775884908,3.161273912826926,-3.161273912826926,17.3650718423879
sizable,163,504,667,0.002443617450567188,0.015541726995471489,-2.669056471435962,2.669056471435962,17.360312441662376
realized,257,717,974,0.003848510663737315,0.02210344721357937,-2.5218992373201563,2.5218992373201563,17.356813809013136
sqrt,19,111,130,0.0002914406133703986,0.003434891100089338,-3.558990518885744,3.558990518885744,17.350781050970053
companion,846,70,916,0.012651511754771406,0.002171836973599088,2.5423220676691614,-2.5423220676691614,17.34145205266062
engine,130,5,135,0.0019504102587095907,0.00016943409013893597,3.5249815401049,-3.5249815401049,17.31701778512573
excellent-agreement,649,50,699,0.009707214276106354,0.001555713009457503,2.641481394868399,-2.641481394868399,17.30455682130539
zwicky,78,2,80,0.001173235289721861,7.701549551769816e-05,3.9291998161765775,-3.9291998161765775,17.266668810736263
bona,78,2,80,0.001173235289721861,7.701549551769816e-05,3.9291998161765775,-3.9291998161765775,17.266668810736263
technicolor,14,91,105,0.00021671225096773228,0.002818767135947753,-3.7012116809841578,3.7012116809841578,17.26037524868576
classically,31,151,182,0.00047078868313679776,0.004667139028372508,-3.3093868978007213,3.3093868978007213,17.240205218487684
millicharged,21,117,138,0.00032133195833146513,0.0036197282893318137,-3.493745029690589,3.493745029690589,17.239793778013127
disturbances,113,4,117,0.0016963338265405252,0.0001386278919318567,3.6131306480209155,-3.6131306480209155,17.237106828699048
dichotomy,129,5,134,0.0019354645862290573,0.00016943409013893597,3.513883831221569,-3.513883831221569,17.236565731653762
decreases,1376,130,1506,0.020572718169454034,0.004020208866023844,2.3553900601979896,-2.3553900601979896,17.236452860004295
identifications,96,3,99,0.0014422573943714597,0.00010782169372477742,3.741609277382789,-3.741609277382789,17.23074749181967
fine-tuning,179,535,714,0.0026827482102557204,0.016496719139890946,-2.6203955687548914,2.6203955687548914,17.221980051480507
sin,39,176,215,0.0005903540629810638,0.00543729398354949,-3.2032364629217644,3.2032364629217644,17.21828779384996
dynamo,144,6,150,0.002159649673437056,0.00020024028834601522,3.4309931265318996,-3.4309931265318996,17.214252633999095
non-gaussianity,864,73,937,0.012920533859421005,0.002264255568220326,2.5125569709782303,-2.5125569709782303,17.195311642007496
muons,108,364,472,0.001621605464137859,0.011228859246480392,-2.791716609710145,2.791716609710145,17.194448896842086
modeled,692,55,747,0.010349878192769283,0.0017097440004928991,2.5977615567587575,-2.5977615567587575,17.19043506176302
hyper-kamiokande,16,98,114,0.0002466035959287988,0.0030344105233973077,-3.6211505379256104,3.6211505379256104,17.182113529043093
phenomenological,776,1724,2500,0.011605314681134078,0.05312528880810819,-2.194613136901239,2.194613136901239,17.17163182887747
peak,2602,283,2885,0.038896112630587815,0.008733557191706971,2.1549846854168635,-2.1549846854168635,17.170113602382273
cancellations,15,94,109,0.00023165792344826555,0.0029111857305689904,-3.651538951661885,3.651538951661885,17.163987147212914
drawn,700,56,756,0.01046944357261355,0.0017405501986999783,2.5885694401879435,-2.5885694401879435,17.1605671257531
pixel,369,24,393,0.005522425981557041,0.000754751856073442,2.8712278722032556,-2.8712278722032556,17.159465304843497
assignments,14,90,104,0.00021671225096773228,0.0027879609377406732,-3.68535772978332,3.68535772978332,17.151508750558115
modified-gravity,962,84,1046,0.014385209762513264,0.002603123748498198,2.4662704563597546,-2.4662704563597546,17.1496659321253
sequences,143,6,149,0.002144704000956523,0.00020024028834601522,3.4209743707069085,-3.4209743707069085,17.141254922062764
mini-halo,95,3,98,0.0014273117218909265,0.00010782169372477742,3.726581068150457,-3.726581068150457,17.12408663939393
agree,1103,100,1203,0.016492549582268454,0.003096022919811466,2.4133263852729985,-2.4133263852729985,17.118700545026634
realize,98,336,434,0.0014721487393325264,0.010366285696682173,-2.815903712981628,2.815903712981628,17.107589446590822
axion-like,342,880,1222,0.0051188928245826425,0.02712485752133329,-2.405711853811006,2.405711853811006,17.102355049301618
core,3064,346,3410,0.04580101331659418,0.010674347678752964,2.1012316094894827,-2.1012316094894827,17.093016491653454
diagnostic,421,29,450,0.0062996009505447694,0.0009087828471088383,2.793252933752554,-2.793252933752554,17.070874075598773
msw,10,73,83,0.00015692956104559924,0.002264255568220326,-3.8508477598852915,3.8508477598852915,17.06240094428789
contributors,111,4,115,0.0016664424815794586,0.0001386278919318567,3.5874820606503053,-3.5874820606503053,17.05341953427734
coronal,111,4,115,0.0016664424815794586,0.0001386278919318567,3.5874820606503053,-3.5874820606503053,17.05341953427734
supply,236,13,249,0.003534651541646116,0.0004158836757955701,3.0873160333482392,-3.0873160333482392,17.0464948192218
earliest,308,19,327,0.0046107399602445115,0.0006007208650380457,2.9402316224594824,-2.9402316224594824,17.032801800709173
torque,170,8,178,0.002548237157930921,0.0002618526847601737,3.282672249946146,-3.282672249946146,17.02848743459797
neighboring,170,8,178,0.002548237157930921,0.0002618526847601737,3.282672249946146,-3.282672249946146,17.02848743459797
small-scale,1420,138,1558,0.021230327758597498,0.004266658451680478,2.3149481123126656,-2.3149481123126656,17.019035228975802
lag,94,3,97,0.0014123660494103933,0.00010782169372477742,3.7113946643357814,-3.7113946643357814,17.016623836491043
pion,61,236,297,0.0009191588575527956,0.007285665875974246,-2.9866747058278427,2.9866747058278427,17.01536501288225
pressure,2184,233,2417,0.03264882153372491,0.0071932472813530084,2.1823158129068685,-2.1823158129068685,17.001759142383413
gradual,183,9,192,0.0027425309001778537,0.000292658882967253,3.2282159015719403,-3.2282159015719403,16.98910015286939
ultracompact,155,7,162,0.0023240520707229224,0.0002310464865530945,3.330387336694397,-3.330387336694397,16.964161165051383
moment,414,1014,1428,0.0061949812431810365,0.03125288808108191,-2.334817696088596,2.334817696088596,16.96182057673951
correlate,490,36,526,0.007330852351701565,0.001124426234558393,2.7047919295115346,-2.7047919295115346,16.95147346432494
accurately,1600,161,1761,0.023920548805093485,0.004975201010443301,2.265423769023969,-2.265423769023969,16.932241223189514
quark-gluon,14,88,102,0.00021671225096773228,0.002726348541326515,-3.6531173927831126,3.6531173927831126,16.931209077737762
algorithm,1873,195,2068,0.028000717392279065,0.006022611749483996,2.2170026271940744,-2.2170026271940744,16.926417500717513
long-lived,303,787,1090,0.004536011597841845,0.02425988108807492,-2.419076244846646,2.419076244846646,16.92107543699468
loading,125,5,130,0.0018756818963069244,0.00016943409013893597,3.4686190974857873,-3.4686190974857873,16.910202539267104
marginalization,93,3,96,0.00139742037692986,0.00010782169372477742,3.696046700002346,-3.696046700002346,16.908345415561932
lac,93,3,96,0.00139742037692986,0.00010782169372477742,3.696046700002346,-3.696046700002346,16.908345415561932
vertically,93,3,96,0.00139742037692986,0.00010782169372477742,3.696046700002346,-3.696046700002346,16.908345415561932
burkert,93,3,96,0.00139742037692986,0.00010782169372477742,3.696046700002346,-3.696046700002346,16.908345415561932
degradation,93,3,96,0.00139742037692986,0.00010782169372477742,3.696046700002346,-3.696046700002346,16.908345415561932
non-perturbative,95,322,417,0.0014273117218909265,0.009934998921783064,-2.799219360102555,2.799219360102555,16.8946364734628
calculable,16,95,111,0.0002466035959287988,0.0029419919287760696,-3.5765275465049826,3.5765275465049826,16.87584119133957
undergone,244,14,258,0.0036542169214903823,0.00044668987400264934,3.0322168219969745,-3.0322168219969745,16.84950752563018
snapshot,139,6,145,0.00208492131103439,0.00020024028834601522,3.3801887558604085,-3.3801887558604085,16.845531066329993
explosions,444,32,476,0.006643351417597035,0.001001201441730076,2.7301789579736284,-2.7301789579736284,16.8384237463787
statistical,4069,494,4563,0.06082141415953011,0.015233665013400696,1.9973162844162244,-1.9973162844162244,16.82929655599788
weighting,153,7,160,0.0022941607257618555,0.0002310464865530945,3.3117114119339734,-3.3117114119339734,16.828144824170153
detected,5055,636,5691,0.0755578472253359,0.01960814515880595,1.9461285278106584,-1.9461285278106584,16.82781715907509
los,180,9,189,0.0026976938827362536,0.000292658882967253,3.2044346756158983,-3.2044346756158983,16.8137458806224
unified,416,1005,1421,0.006224872588142104,0.0309756322972182,-2.3150175187674913,2.3150175187674913,16.806609581082558
indirect-detection,176,509,685,0.0026379111928141207,0.015695757986506884,-2.5729068007223206,2.5729068007223206,16.803339463061185
shells,346,23,369,0.005178675514504775,0.0007239456578663627,2.838629852631889,-2.838629852631889,16.786246165433194
hadronically,11,75,86,0.0001718752335261325,0.0023258679646344844,-3.7583356210957533,3.7583356210957533,16.78438156288024
campaign,230,13,243,0.003444977506762917,0.0004158836757955701,3.050242600438182,-3.050242600438182,16.767696702564486
quantify,1841,194,2035,0.027522455872902002,0.005991805551276917,2.199546499085859,-2.199546499085859,16.75777812424203
dense,1895,201,2096,0.028329522186850798,0.0062074489387264715,2.19023387481499,-2.19023387481499,16.75148477377655
hsc,123,5,128,0.0018457905513458578,0.00016943409013893597,3.445442775119693,-3.445442775119693,16.744205537044987
sommerfeld,53,208,261,0.0007995934777085294,0.006423092326176026,-3.0059294248712036,3.0059294248712036,16.73805059167532
swampland,27,131,158,0.0004110059932146647,0.004051015064230923,-3.30105211359533,3.30105211359533,16.732716930351344
multiply,229,13,242,0.0034300318342823837,0.0004158836757955701,3.0439700034226522,-3.0439700034226522,16.72071426048617
percentage,165,8,173,0.002473508795528255,0.0002618526847601737,3.2397317277291915,-3.2397317277291915,16.71395513797473
encounters,386,27,413,0.005776502413726106,0.0008471704506946798,2.7694720525725005,-2.7694720525725005,16.688467407056784
setup,268,700,968,0.00401291306102318,0.021579741844059024,-2.4269558002730927,2.4269558002730927,16.688390284040903
newtonian,873,78,951,0.013055044911745804,0.0024182865592557224,2.432550306197445,-2.432550306197445,16.683804475456824
rapidly,1316,130,1446,0.01967597782062204,0.004020208866023844,2.2910929716484913,-2.2910929716484913,16.672851119430355
relationships,364,25,389,0.005447697619154374,0.0007855580542805213,2.7938568245277544,-2.7938568245277544,16.668559783234734
eigenstate,12,78,90,0.00018682090600666577,0.0024182865592557224,-3.6942573969445895,3.6942573969445895,16.664276098527694
total,6685,890,7575,0.09991929336860512,0.027432919503404086,1.8648551074045046,-1.8648551074045046,16.658266996049456
active-sterile,27,130,157,0.0004110059932146647,0.004020208866023844,-3.290039120872912,3.290039120872912,16.656135711795613
pythia,11,74,85,0.0001718752335261325,0.002295061766427405,-3.739099402232836,3.739099402232836,16.655247312758938
sciences,190,10,200,0.002847150607541586,0.0003234650811743323,3.1378369268868744,-3.1378369268868744,16.640905975048167
parsecs,150,7,157,0.002249323708320256,0.0002310464865530945,3.2832362433234965,-3.2832362433234965,16.62169549770365
campaigns,136,6,142,0.00204008429359279,0.00020024028834601522,3.348824584951073,-3.348824584951073,16.619696109106794
electrodynamics,34,151,185,0.0005156257005783975,0.004667139028372508,-3.178142364522469,3.178142364522469,16.6081668899903
minihalos,202,11,213,0.0030264986773079856,0.00035427127938141153,3.0947233038872874,-3.0947233038872874,16.606211021788365
reheating,338,835,1173,0.005059110134660509,0.025738578602014724,-2.3469768323138784,2.3469768323138784,16.588835931720375
rapid,1299,129,1428,0.019421901388452973,0.003989402667816765,2.2834397929579597,-2.2834397929579597,16.588573973387618
equal-mass,106,4,110,0.0015917141191767923,0.0001386278919318567,3.521291780955839,-3.521291780955839,16.583629990044418
hires,90,3,93,0.0013525833594882602,0.00010782169372477742,3.648998127197914,-3.648998127197914,16.5784741518113
discrepant,121,5,126,0.0018158992063847914,0.00016943409013893597,3.4218880471407966,-3.4218880471407966,16.576265889266455
dimensional,329,816,1145,0.004924599082335709,0.02515326083608022,-2.3526672583813304,2.3526672583813304,16.572265564379133
tend,1139,110,1249,0.017030593791567652,0.003404084901882259,2.322789812046178,-2.322789812046178,16.56357915374436
pipelines,149,7,156,0.0022343780358397227,0.0002310464865530945,3.2736182407618992,-3.2736182407618992,16.55221849816406
increasing,2371,268,2639,0.03544366228758463,0.008271464218600783,2.0993130372664273,-2.0993130372664273,16.539509552506832
isolated,1724,183,1907,0.02577381219267961,0.005652937370999045,2.1888333227899537,-2.1888333227899537,16.534032906927987
forbidden,56,212,268,0.0008444304951501293,0.006546317119004344,-2.9546329064375634,2.9546329064375634,16.530318344192292
epoch,2901,341,3242,0.04336486870226726,0.010520316687717569,2.043348607435577,-2.043348607435577,16.518949370278403
agrees,781,69,850,0.011680043043536745,0.0021410307753920088,2.44766815244847,-2.44766815244847,16.512978110401143
inferring,200,11,211,0.0029966073323469187,0.00035427127938141153,3.08040363257022,-3.08040363257022,16.50044781867545
tight,929,86,1015,0.013892002570655667,0.0026647361449123564,2.3821899894550698,-2.3821899894550698,16.4933988086559
dividing,120,5,125,0.001800953533904258,0.00016943409013893597,3.4099648797649773,-3.4099648797649773,16.49155145134733
evolves,652,55,707,0.009752051293547953,0.0017097440004928991,2.5119253872794536,-2.5119253872794536,16.48436992155136
fragments,148,7,155,0.0022194323633591894,0.0002310464865530945,3.26393568736456,-3.26393568736456,16.48240523811407
ultrafaint,161,8,169,0.0024137261056061217,0.0002618526847601737,3.2044346756158983,-3.2044346756158983,16.457330598657794
factorization,13,80,93,0.00020176657848719904,0.002479898955669881,-3.6195222137788354,3.6195222137788354,16.444556388171755
deepest,235,14,249,0.003519705869165583,0.00044668987400264934,2.978109416657524,-2.978109416657524,16.44351475319205
bayesian,1586,167,1753,0.02371130939036602,0.005160038199685777,2.200121682744816,-2.200121682744816,16.43414810847327
extensions,539,1203,1742,0.008063190303247694,0.03707525954221989,-2.201034114814167,2.201034114814167,16.427116674432924
non-minimal,93,303,396,0.00139742037692986,0.009349681155848557,-2.7421510841957324,2.7421510841957324,16.408857359844557
drivers,173,9,182,0.002593074175372521,0.000292658882967253,3.1473715013069885,-3.1473715013069885,16.396188253906473
eigenstates,37,156,193,0.0005604627180199973,0.004821170019407905,-3.1046929942644246,3.1046929942644246,16.355082321222604
powering,88,3,91,0.0013226920145271936,0.00010782169372477742,3.616757790197706,-3.616757790197706,16.35421406166912
viii,88,3,91,0.0013226920145271936,0.00010782169372477742,3.616757790197706,-3.616757790197706,16.35421406166912
fading,88,3,91,0.0013226920145271936,0.00010782169372477742,3.616757790197706,-3.616757790197706,16.35421406166912
did,364,26,390,0.005447697619154374,0.0008163642524876005,2.738361711936051,-2.738361711936051,16.344480252007177
scale-free,172,9,181,0.0025781285028919874,0.000292658882967253,3.1390322003942583,-3.1390322003942583,16.335544561801107
xenon100,46,181,227,0.0006949737703447966,0.005591324974584887,-3.0081597647154066,3.0081597647154066,16.332339069754212
sterile,408,950,1358,0.006105307208297837,0.02928129139582884,-2.261843386330556,2.261843386330556,16.318079094800364
decrease,1180,118,1298,0.017643366363269516,0.003650534487538893,2.2729462395026965,-2.2729462395026965,16.295547160070033
prevalence,103,4,107,0.0015468771017351926,0.0001386278919318567,3.4800691182293257,-3.4800691182293257,16.294140291012177
primeval,103,4,107,0.0015468771017351926,0.0001386278919318567,3.4800691182293257,-3.4800691182293257,16.294140291012177
perseus,196,11,207,0.002936824642424786,0.00035427127938141153,3.0513307083739067,-3.0513307083739067,16.286593849707725
displaced,121,364,485,0.0018158992063847914,0.011228859246480392,-2.6284553385488434,2.6284553385488434,16.260173082868146
casimir,18,96,114,0.0002764949408898653,0.002972798126983149,-3.426496509466818,3.426496509466818,16.258493375493636
dimensions,489,1095,1584,0.0073159066792210315,0.03374819013585533,-2.2057015572142142,2.2057015572142142,16.252358320180306
monopoles,51,193,244,0.000769702132747463,0.005960999353069838,-2.9531820667888793,2.9531820667888793,16.24621709215577
burst,824,76,900,0.012322706960199674,0.0023566741628415636,2.3864950029171283,-2.3864950029171283,16.236531299602706
channel,546,1197,1743,0.008167810010611428,0.03689042235297742,-2.175225092779325,2.175225092779325,16.235742192954916
acceleration,2044,231,2275,0.030556427386450254,0.00713163488493885,2.099171126438442,-2.099171126438442,16.226959732503065
zone,264,17,281,0.0039531303711010475,0.0005391084686238871,2.874348057341372,-2.874348057341372,16.216804629051516
homogeneously,102,4,106,0.0015319314292546592,0.0001386278919318567,3.4660622602354465,-3.4660622602354465,16.1963156716684
free-fall,102,4,106,0.0015319314292546592,0.0001386278919318567,3.4660622602354465,-3.4660622602354465,16.1963156716684
reproduce,2519,297,2816,0.037655621814703555,0.00916484396660608,2.03868304494676,-2.03868304494676,16.194131509128848
suggests,3208,395,3603,0.04795319015379097,0.01218385139089985,1.9766565455857215,-1.9766565455857215,16.1884210233946
span,562,47,609,0.00840694077029996,0.0014632944148362651,2.522360839945764,-2.522360839945764,16.177057722158338
estimation,1334,139,1473,0.01994499992527164,0.004297464649887558,2.2144694404850918,-2.2144694404850918,16.15618236447856
absorber,240,15,255,0.0035944342315682495,0.0004774960722097286,2.9122039355554796,-2.9122039355554796,16.148687577166857
dozen,116,5,121,0.001741170843982125,0.00016943409013893597,3.361261688189296,-3.361261688189296,16.147571886917014
non-linear,3166,391,3557,0.04732547190960857,0.012060626598071531,1.9723120289495844,-1.9723120289495844,16.127504474467543
unassociated,86,3,89,0.0012928006695661271,0.00010782169372477742,3.5837804677514336,-3.5837804677514336,16.126330005128622
evading,19,98,117,0.0002914406133703986,0.0030344105233973077,-3.380142438421815,3.380142438421815,16.125593559482834
exclusion,220,570,790,0.0032955207819575843,0.017574936077138722,-2.414941068558848,2.414941068558848,16.11562132509241
conformal,186,499,685,0.0027873679176194533,0.015387696004436093,-2.4648018853648677,2.4648018853648677,16.097319489905995
thomson,129,6,135,0.0019354645862290573,0.00020024028834601522,3.2728757317177744,-3.2728757317177744,16.07850895383028
copiously,15,84,99,0.00023165792344826555,0.002603123748498198,-3.4901759637229963,3.4901759637229963,16.072854291989398
sampling,787,73,860,0.011769717078419943,0.002264255568220326,2.3779709306105894,-2.3779709306105894,16.07055227784832
nonperturbative,66,228,294,0.000993887219955462,0.007039216290317612,-2.824260757384567,2.824260757384567,16.06150132712367
unusually,238,15,253,0.003564542886607183,0.0004774960722097286,2.900156307790949,-2.900156307790949,16.059134902840782
king,142,7,149,0.0021297583284759897,0.0002310464865530945,3.2044346756158983,-3.2044346756158983,16.056253483266907
symmetry-breaking,23,110,133,0.00035122330329253167,0.003404084901882259,-3.2768065455414814,3.2768065455414814,16.049273515492725
mev,639,1342,1981,0.00955775755130102,0.04135732109300391,-2.113398661818825,2.113398661818825,16.044630388961956
tilde,19,97,116,0.0002914406133703986,0.0030036043251902285,-3.3654209327150495,3.3654209327150495,16.02671984539836
search,4039,6500,10539,0.06037304398511411,0.20025569144511876,-1.7298667976815354,1.7298667976815354,16.023639938097276
pilot,179,10,189,0.0026827482102557204,0.0003234650811743323,3.0520297732166037,-3.0520297732166037,16.01407368901803
cusp,373,28,401,0.0055822086714791734,0.0008779766489017591,2.6685815807968085,-2.6685815807968085,16.002021593819272
exoplanet,100,4,104,0.0015020400842935928,0.0001386278919318567,3.437633851908929,-3.437633851908929,15.998611645143434
clearly,1006,100,1106,0.015042819351656727,0.003096022919811466,2.2805869279147237,-2.2805869279147237,15.985566384344013
coincident,301,21,322,0.0045061202528807786,0.0006623332614522042,2.7662565993703,-2.7662565993703,15.982468867981819
triplets,45,172,217,0.0006800280978642634,0.0053140691907211735,-2.9661507492945227,2.9661507492945227,15.971224065064513
revealed,980,97,1077,0.014654231867162863,0.0030036043251902285,2.286550668614851,-2.286550668614851,15.966669493217049
rises,290,20,310,0.004341717855594913,0.000631527063245125,2.781349510958758,-2.781349510958758,15.964370209294257
mediating,15,83,98,0.00023165792344826555,0.0025723175502911184,-3.4730008199148643,3.4730008199148643,15.958855007124498
dark-sector,13,76,89,0.00020176657848719904,0.0023566741628415636,-3.5459931783568703,3.5459931783568703,15.956294394895398
removing,341,25,366,0.005103947152102109,0.0007855580542805213,2.699823588490908,-2.699823588490908,15.94343521595199
posterior,541,46,587,0.008093081648208761,0.0014324882166291857,2.4981658786726086,-2.4981658786726086,15.930121678852474
concrete,139,392,531,0.00208492131103439,0.012091432796278612,-2.535920369777489,2.535920369777489,15.917068078452733
financial,165,9,174,0.002473508795528255,0.000292658882967253,3.079267055535945,-3.079267055535945,15.903755298396808
caustics,177,10,187,0.002652856865294654,0.0003234650811743323,3.035864953785597,-3.035864953785597,15.897130637487704
substructure,1260,133,1393,0.018839020161712176,0.004112627460645082,2.1955916333432985,-2.1955916333432985,15.89593542347269
anti-correlation,84,3,87,0.0012629093246050607,0.00010782169372477742,3.5500316763968933,-3.5500316763968933,15.894687517295594
low-frequency,308,22,330,0.0046107399602445115,0.0006931394596592835,2.7337807449920564,-2.7337807449920564,15.861719494770407
depletion,407,32,439,0.0060903615358173045,0.001001201441730076,2.604795598262298,-2.604795598262298,15.854804016275377
anisotropic,1153,120,1273,0.017239833206295116,0.0037121468839530513,2.2154201146253336,-2.2154201146253336,15.840069576665398
degeneracies,651,59,710,0.009737105621067419,0.0018329687933212162,2.409310767432504,-2.409310767432504,15.82115459132711
planets,405,32,437,0.006060470190856237,0.001001201441730076,2.5976974533611314,-2.5976974533611314,15.79976457426981
rotating,918,91,1009,0.0137276001733698,0.002818767135947753,2.2839432349996196,-2.2839432349996196,15.799646929302263
redistribution,98,4,102,0.0014721487393325264,0.0001386278919318567,3.408633980186377,-3.408633980186377,15.798094718234363
non-detection,112,5,117,0.001681388154059992,0.00016943409013893597,3.3108567347520528,-3.3108567347520528,15.795053318290215
lss,275,19,294,0.004117532768386913,0.0006007208650380457,2.777013451881222,-2.777013451881222,15.792807065072687
trough,83,3,86,0.0012479636521245273,0.00010782169372477742,3.532856532588761,-3.532856532588761,15.77741267093003
sub-mev,14,78,92,0.00021671225096773228,0.0024182865592557224,-3.480132591591742,3.480132591591742,15.774047220754857
iron,375,29,404,0.00561210001644024,0.0009087828471088383,2.626533210324743,-2.626533210324743,15.769408772794543
veritas,138,7,145,0.002069975638553857,0.0002310464865530945,3.1633587326129824,-3.1633587326129824,15.76493552668895
one-point,138,7,145,0.002069975638553857,0.0002310464865530945,3.1633587326129824,-3.1633587326129824,15.76493552668895
conclude,3216,411,3627,0.048072755533635235,0.012676750562213117,1.9230345150973258,-1.9230345150973258,15.762030888819224
roughly,1591,179,1770,0.023786037752768687,0.005529712578170728,2.1048385699851826,-2.1048385699851826,15.742718354081514
imprinted,231,15,246,0.00345992317924345,0.0004774960722097286,2.857179235045674,-2.857179235045674,15.741309953216282
high-luminosity,88,273,361,0.0013226920145271936,0.008425495209636178,-2.671284310537246,2.671284310537246,15.738256746317763
maxima,186,11,197,0.0027873679176194533,0.00035427127938141153,2.9759770263705376,-2.9759770263705376,15.737761192659676
accommodate,183,477,660,0.0027425309001778537,0.014709959643880348,-2.4232135079075854,2.4232135079075854,15.735752021755356
long-baseline,20,97,117,0.00030638628585093186,0.0030036043251902285,-3.293271146959214,3.293271146959214,15.711158024994727
mixes,41,157,198,0.0006202454079421303,0.004851976217614984,-2.9676614248680413,2.9676614248680413,15.708736538402764
driving,636,58,694,0.009512920533859421,0.001802162595114137,2.4001591464902665,-2.4001591464902665,15.706429869958336
bispectra,111,5,116,0.0016664424815794586,0.00016943409013893597,3.29797544345532,-3.29797544345532,15.705532694425997
processing,392,31,423,0.005866176448609305,0.0009703952435229968,2.5957760824513856,-2.5957760824513856,15.703753408297096
anti-de,16,84,100,0.0002466035959287988,0.002603123748498198,-3.3999781547514183,3.3999781547514183,15.691308938805358
supernova,2713,339,3052,0.040555082275927,0.01045870429130341,1.9551785912699782,-1.9551785912699782,15.688118380714743
select,736,70,806,0.011007487781912748,0.002171836973599088,2.341497524809369,-2.341497524809369,15.67240080200205
resonances,162,431,593,0.002428671778086655,0.013292874526354703,-2.4524136790908253,2.4524136790908253,15.663270209507251
superstring,33,134,167,0.0005006800280978643,0.004143433658852161,-3.048866009926539,3.048866009926539,15.622279612890525
emissivity,239,16,255,0.0035794885590877163,0.0005083022704168078,2.8159948885500397,-2.8159948885500397,15.615191339757418
times,4580,627,5207,0.0684586527970826,0.019330889374942237,1.8243248871805908,-1.8243248871805908,15.61248332804422
parametrically,20,96,116,0.00030638628585093186,0.002972798126983149,-3.2783978704776837,3.2783978704776837,15.612300886685295
textures,20,96,116,0.00030638628585093186,0.002972798126983149,-3.2783978704776837,3.2783978704776837,15.612300886685295
dangerous,22,102,124,0.0003362776308119984,0.0031576353162256245,-3.2311198410034585,3.2311198410034585,15.600860315187028
ska,396,32,428,0.005925959138531438,0.001001201441730076,2.5653164048478367,-2.5653164048478367,15.549554871404466
subtracting,135,7,142,0.002025138621112257,0.0002310464865530945,3.1317656079176657,-3.1317656079176657,15.54246613048684
perturber,81,3,84,0.0012180723071634608,0.00010782169372477742,3.4978803943457866,-3.4978803943457866,15.539862728993153
cycle,451,38,489,0.006747971124960768,0.0011860386309725517,2.50830279895827,-2.50830279895827,15.537444380390044
experiment,4394,6767,11161,0.06567875771570342,0.20848094636640893,-1.6664167933647394,1.6664167933647394,15.53145516549976
direct-search,35,138,173,0.0005305713730589308,0.004266658451680478,-3.0074878843721935,3.0074878843721935,15.515796307193858
bound,2795,4540,7335,0.04178062741933073,0.1398755429592434,-1.7432376687470947,1.7432376687470947,15.51577231362357
torsion,24,107,131,0.0003661689757730649,0.003311666307261021,-3.1769758433019395,3.1769758433019395,15.512543755685167
locations,477,41,518,0.007136558609454632,0.0012784572255937895,2.480824653748499,-2.480824653748499,15.509877286223912
indicates,1735,203,1938,0.025938214589965477,0.00626906133514063,2.048757827734712,-2.048757827734712,15.508948539063859
stops,43,159,202,0.0006501367529031969,0.004913588614029143,-2.917961955743828,2.917961955743828,15.503732909874575
time-domain,95,4,99,0.0014273117218909265,0.0001386278919318567,3.364010988765749,-3.364010988765749,15.49184311080035
subsonic,95,4,99,0.0014273117218909265,0.0001386278919318567,3.364010988765749,-3.364010988765749,15.49184311080035
evident,257,18,275,0.003848510663737315,0.0005699146668309663,2.755482418613944,-2.755482418613944,15.486915771046197
spheres,236,16,252,0.003534651541646116,0.0005083022704168078,2.7978094161532545,-2.7978094161532545,15.4813692148053
hotter,214,14,228,0.0032058467470743846,0.00044668987400264934,2.8433600045442864,-2.8433600045442864,15.450027820718372
org,474,41,515,0.007091721592013033,0.0012784572255937895,2.4717320078464975,-2.4717320078464975,15.438702016667335
exerted,108,5,113,0.001621605464137859,0.00016943409013893597,3.258626775979495,-3.258626775979495,15.433503080290842
outburst,80,3,83,0.0012031266346829276,0.00010782169372477742,3.4800691182293257,-3.4800691182293257,15.419548710186334
hierarchical,1786,212,1998,0.02670044388647267,0.006546317119004344,2.028108329732519,-2.028108329732519,15.414439283918744
scaling,2462,310,2772,0.03680371848331316,0.009565324543298111,1.9439657131829324,-1.9439657131829324,15.411147913590144
seed,499,44,543,0.0074653634040263645,0.0013708758202150273,2.4451145989983334,-2.4451145989983334,15.401652761837022
pair,926,1739,2665,0.013847165553214066,0.05358738178121438,-1.9523026354203117,1.9523026354203117,15.400416234869041
absorbing,234,16,250,0.0035047601966850498,0.0005083022704168078,2.785557155329236,-2.785557155329236,15.391464971033496
sink,145,8,153,0.0021745953459175894,0.0002618526847601737,3.0539196638302575,-3.0539196638302575,15.382448598291973
scientific,1186,130,1316,0.017733040398152714,0.004020208866023844,2.1410975507963763,-2.1410975507963763,15.379742871699328
axion-photon,78,241,319,0.001173235289721861,0.007439696867009642,-2.664751467771833,2.664751467771833,15.371141840120536
evaded,26,111,137,0.0003960603207341314,0.003434891100089338,-3.116472283184793,3.116472283184793,15.355649542012559
out-of-equilibrium,37,141,178,0.0005604627180199973,0.004359077046301716,-2.9593323901636888,2.9593323901636888,15.351198835499915
extreme,1415,162,1577,0.02115559939619483,0.005006007208650381,2.079307288162243,-2.079307288162243,15.311839012869461
match,1472,170,1642,0.022007502727585226,0.005252456794307014,2.0669311518659637,-2.0669311518659637,15.30413516618187
scale-independent,79,3,82,0.0011881809622023942,0.00010782169372477742,3.462035195399064,-3.462035195399064,15.298181707050414
evade,59,195,254,0.000889267512591729,0.006022611749483996,-2.759699871827096,2.759699871827096,15.292224295333869
confusion,200,13,213,0.0029966073323469187,0.0004158836757955701,2.8490780864637646,-2.8490780864637646,15.288084676888912
undergoing,441,38,479,0.006598514400155435,0.0011860386309725517,2.475990249125877,-2.475990249125877,15.286234193450035
voronoi,93,4,97,0.00139742037692986,0.0001386278919318567,3.3334766206176374,-3.3334766206176374,15.28388189644055
non-radiative,93,4,97,0.00139742037692986,0.0001386278919318567,3.3334766206176374,-3.3334766206176374,15.28388189644055
suggest,4695,664,5359,0.07017740513234393,0.02047071870860417,1.7774448489011219,-1.7774448489011219,15.262419907097648
tighter,413,35,448,0.006180035570700504,0.001093620036351314,2.4985035618389055,-2.4985035618389055,15.258418437255742
elastic,120,329,449,0.001800953533904258,0.010150642309232618,-2.4947381566057776,2.4947381566057776,15.240973052873876
exoplanets,131,7,138,0.001965355931190124,0.0002310464865530945,3.0885355558560965,-3.0885355558560965,15.24029819191922
overestimated,199,13,212,0.0029816616598663855,0.0004158836757955701,2.84186459623119,-2.84186459623119,15.236066395781258
cells,199,13,212,0.0029816616598663855,0.0004158836757955701,2.84186459623119,-2.84186459623119,15.236066395781258
tower,23,101,124,0.00035122330329253167,0.0031268291180185453,-3.1542399033352257,3.1542399033352257,15.229659856020554
topologies,35,134,169,0.0005305713730589308,0.004143433658852161,-2.9652080808796293,2.9652080808796293,15.228711027310407
varies,684,67,751,0.010230312812925017,0.0020794183789778504,2.2985982963793816,-2.2985982963793816,15.223010431600951
corrections,1051,1906,2957,0.015715374613280726,0.05873201688179662,-1.9019705188220228,1.9019705188220228,15.201059338006644
focal,154,9,163,0.0023091063982423887,0.000292658882967253,2.9800426766331016,-2.9800426766331016,15.19781960004452
wall,148,385,533,0.0022194323633591894,0.011875789408829057,-2.4197607669419554,2.4197607669419554,15.197055451981386
exclusive,36,136,172,0.000545517045539464,0.00420504605526632,-2.9464254198675226,2.9464254198675226,15.183789350017895
microwave,7550,1148,8698,0.1128473000642664,0.03538091864083053,1.673328489448606,-1.673328489448606,15.178701409515092
cleaning,78,3,81,0.001173235289721861,0.00010782169372477742,3.443772989006336,-3.443772989006336,15.175740713862968
inventory,78,3,81,0.001173235289721861,0.00010782169372477742,3.443772989006336,-3.443772989006336,15.175740713862968
lower-mass,153,9,162,0.0022941607257618555,0.000292658882967253,2.9706744940989065,-2.9706744940989065,15.131873800847831
inversion,197,13,210,0.002951770314905319,0.0004158836757955701,2.8273285030733093,-2.8273285030733093,15.131461045181602
channels,553,1104,1657,0.00827242971797516,0.034025445919719045,-2.0402310344014096,2.0402310344014096,15.124982107703122
friction,718,72,790,0.01073846567726315,0.002233449370013247,2.265442418614715,-2.265442418614715,15.117972288236217
inhabit,141,8,149,0.0021148126559954565,0.0002618526847601737,3.013702563753856,-3.013702563753856,15.10056443185344
rising,325,26,351,0.0048648163924135766,0.0008163642524876005,2.575100440774749,-2.575100440774749,15.09943922482322
frequent,196,13,209,0.002936824642424786,0.0004158836757955701,2.8200051622674507,-2.8200051622674507,15.078870839822422
shows,4118,580,4698,0.061553752111076235,0.017882998059209513,1.7832581786887924,-1.7832581786887924,15.07763514132259
very-high-energy,91,4,95,0.0013675290319687934,0.0001386278919318567,3.302281999014043,-3.302281999014043,15.072764869916536
flare,152,9,161,0.0022792150532813223,0.000292658882967253,2.961245081178976,-2.961245081178976,15.06561962273108
large-area,104,5,109,0.0015618227742157259,0.00016943409013893597,3.2044346756158983,-3.2044346756158983,15.06238227619692
poorer,77,3,80,0.0011582896172413278,0.00010782169372477742,3.4252766453889465,-3.4252766453889465,15.052204058848703
ede,77,3,80,0.0011582896172413278,0.00010782169372477742,3.4252766453889465,-3.4252766453889465,15.052204058848703
fastest,77,3,80,0.0011582896172413278,0.00010782169372477742,3.4252766453889465,-3.4252766453889465,15.052204058848703
brown-dwarf,163,10,173,0.002443617450567188,0.0003234650811743323,2.917336564891635,-2.917336564891635,15.0507006646965
imaginary,27,110,137,0.0004110059932146647,0.003404084901882259,-3.050035683694459,3.050035683694459,15.028299562344499
seven,798,83,881,0.01193411947570581,0.0025723175502911184,2.213951467109493,-2.213951467109493,15.015444052614585
outlier,116,6,122,0.001741170843982125,0.00020024028834601522,3.1202535886855007,-3.1202535886855007,15.015235504267007
snr,128,7,135,0.001920518913748524,0.0002310464865530945,3.0552411157576724,-3.0552411157576724,15.009345194428597
unit,773,80,853,0.011560477663692477,0.002479898955669881,2.2208477655067314,-2.2208477655067314,14.99056960904953
quantified,385,33,418,0.005761556741245572,0.0010320076399371553,2.4810050216295747,-2.4810050216295747,14.979988072278003
magnetohydrodynamics,90,4,94,0.0013525833594882602,0.0001386278919318567,3.2864280478132057,-3.2864280478132057,14.965988742844434
accretes,90,4,94,0.0013525833594882602,0.0001386278919318567,3.2864280478132057,-3.2864280478132057,14.965988742844434
assembling,90,4,94,0.0013525833594882602,0.0001386278919318567,3.2864280478132057,-3.2864280478132057,14.965988742844434
injected,321,26,347,0.004805033702491444,0.0008163642524876005,2.557261634937061,-2.557261634937061,14.965612881410797
adopted,984,108,1092,0.014714014557084995,0.0033424725054681,2.1382033256293873,-2.1382033256293873,14.960327626388645
comparison,3336,460,3796,0.049866236231299224,0.01418625427436,1.8135696045939944,-1.8135696045939944,14.947380035716513
comparing,2238,289,2527,0.033455887847673706,0.008918394380949447,1.9074042270866205,-1.9074042270866205,14.944862614796216
equation-of-state,224,16,240,0.003355303471879717,0.0005083022704168078,2.7226846775550064,-2.7226846775550064,14.933372570315692
cooler,150,9,159,0.002249323708320256,0.000292658882967253,2.942199325488429,-2.942199325488429,14.932172975917503
mildly,469,43,512,0.007016993229610366,0.001340069622007948,2.3885450139773594,-2.3885450139773594,14.905179755825994
non-observation,19,86,105,0.0002914406133703986,0.0026647361449123564,-3.1927188466021637,3.1927188466021637,14.889049885752916
short-baseline,15,74,89,0.00023165792344826555,0.002295061766427405,-3.3084650479029736,3.3084650479029736,14.887463016503483
mark,138,8,146,0.002069975638553857,0.0002618526847601737,2.982786486971162,-2.982786486971162,14.885394883984155
expectation,469,944,1413,0.007016993229610366,0.029096454206586367,-2.0519184765622827,2.0519184765622827,14.884981555412917
turnaround,102,5,107,0.0015319314292546592,0.00016943409013893597,3.1765556430404613,-3.1765556430404613,14.873050370977401
database,354,30,384,0.005298240894349041,0.0009395890453159176,2.4954116418489427,-2.4954116418489427,14.855792723141354
massive,10175,1646,11821,0.1520796903256662,0.05072240534795601,1.5841324319813277,-1.5841324319813277,14.855546400219145
selection,2385,314,2699,0.0356529017023121,0.009688549336126428,1.879666926277329,-1.879666926277329,14.851261639914092
self-coupling,46,156,202,0.0006949737703447966,0.004821170019407905,-2.794352873652274,2.794352873652274,14.846972395841862
eros,114,6,120,0.0017112794990210584,0.00020024028834601522,3.0952712321281646,-3.0952712321281646,14.844272511097827
hadronic,300,652,952,0.004491174580400245,0.02010104433011922,-2.1621057485737487,2.1621057485737487,14.831212816192911
properties,12622,2100,14722,0.1886517508855311,0.06470841933397,1.543700148624263,-1.543700148624263,14.81514685205518
viscous,191,13,204,0.0028620962800221194,0.0004158836757955701,2.782820241933801,-2.782820241933801,14.812979917961982
projected,2409,319,2728,0.03601159784184489,0.009842580327161825,1.8713531269653074,-1.8713531269653074,14.805566795509332
viable,836,1521,2357,0.012502055029966073,0.0468716305720711,-1.9065497263039304,1.9065497263039304,14.805443606160352
highest,1194,139,1333,0.01785260577799698,0.004297464649887558,2.0545769887994574,-2.0545769887994574,14.784607038362093
confirmed,1576,194,1770,0.023561852665560688,0.005991805551276917,1.9753902718694556,-1.9753902718694556,14.774535744872953
project,1724,216,1940,0.02577381219267961,0.006669541911832661,1.9502463609064415,-1.9502463609064415,14.76523442539875
drop,342,29,371,0.0051188928245826425,0.0009087828471088383,2.4938242906583605,-2.4938242906583605,14.760681267614858
elastic-scattering,135,344,479,0.002025138621112257,0.010612735282338807,-2.389703969178107,2.389703969178107,14.753521157351098
photodissociation,88,4,92,0.0013226920145271936,0.0001386278919318567,3.2541877108129977,-3.2541877108129977,14.74992956865655
noisy,147,9,156,0.0022044866908786562,0.000292658882967253,2.9131507929779312,-2.9131507929779312,14.729606477341761
future-experiment,257,570,827,0.003848510663737315,0.017574936077138722,-2.1911472920457884,2.1911472920457884,14.722347478451292
characterize,1130,131,1261,0.01689608273924285,0.004051015064230923,2.0603334496315395,-2.0603334496315395,14.711714250224633
rotate,124,7,131,0.001860736223826391,0.0002310464865530945,3.009618498631875,-3.009618498631875,14.695370991371226
processed,168,11,179,0.0025183458129698546,0.00035427127938141153,2.829549987297159,-2.829549987297159,14.693730991471089
training,443,41,484,0.006628405745116502,0.0012784572255937895,2.3742580251264522,-2.3742580251264522,14.68276513288517
divergences,45,151,196,0.0006800280978642634,0.004667139028372508,-2.7788721811019417,2.7788721811019417,14.681347868884044
diffusion,676,70,746,0.010110747433080752,0.002171836973599088,2.2189019337500566,-2.2189019337500566,14.680399833107634
seeds,409,37,446,0.006120252880778371,0.0011552324327654725,2.4054081133174408,-2.4054081133174408,14.679143955478558
support,1891,243,2134,0.028269739496928663,0.007501309263423801,1.9140442611393467,-1.9140442611393467,14.673488081435371
black-hole,5334,806,6140,0.07972768984740468,0.024845198854009428,1.6821137779852222,-1.6821137779852222,14.672645970731901
realization,205,473,678,0.0030713356947495852,0.014586734851052031,-2.2477188696143893,2.2477188696143893,14.656523150019938
helicity,44,148,192,0.0006650824253837302,0.004574720433751271,-2.782078527662055,2.782078527662055,14.641217372290047
repeat,87,4,91,0.0013077463420466603,0.0001386278919318567,3.237793272562329,-3.237793272562329,14.64061663471857
trees,329,28,357,0.004924599082335709,0.0008779766489017591,2.4877518030156227,-2.4877518030156227,14.629306539611187
lyman-alpha,123,7,130,0.0018457905513458578,0.0002310464865530945,2.997983798148472,-2.997983798148472,14.61576258773385
inconsistent,679,71,750,0.01015558445052235,0.0022026431718061676,2.204965566161315,-2.204965566161315,14.599971461725834
european,761,82,843,0.011381129593926079,0.002541511352084039,2.1628851744137894,-2.1628851744137894,14.573850133500887
comment,289,618,907,0.004326772183114379,0.019053633591078523,-2.13870308481482,2.13870308481482,14.56722936394219
streaming,327,28,355,0.004894707737374643,0.0008779766489017591,2.4789682444323837,-2.4789682444323837,14.56376672002212
couple,251,551,802,0.0037588366288541153,0.016989618311204213,-2.1762953236135427,2.1762953236135427,14.555835086630932
irreducible,51,163,214,0.000769702132747463,0.005036813406857459,-2.7101391361425513,2.7101391361425513,14.555176306084238
classified,591,60,651,0.008840365272235425,0.0018637749915282956,2.2458782832375066,-2.2458782832375066,14.553391356042372
relationship,1248,150,1398,0.018659672091945776,0.004636332830165429,2.008867591340823,-2.008867591340823,14.551258462262245
characterization,446,42,488,0.006673242762558101,0.0013092634238008687,2.349632591155834,-2.349632591155834,14.549776721521035
dynamical,5667,872,6539,0.08470459878342226,0.026878407935676658,1.6559926117034467,-1.6559926117034467,14.549041776710055
soft,569,1077,1646,0.008511560477663693,0.03319367856812791,-1.9634129600960357,1.9634129600960357,14.542431839313151
optimally,122,7,129,0.0018308448788653246,0.0002310464865530945,2.986254505566365,-2.986254505566365,14.535696683672482
center,2065,273,2338,0.030870286508541452,0.008425495209636178,1.8733854842358766,-1.8733854842358766,14.532748115586832
sub-ev,22,91,113,0.0003362776308119984,0.002818767135947753,-3.067339579782055,3.067339579782055,14.527528958462792
tachyonic,57,176,233,0.0008593761676306625,0.00543729398354949,-2.6615271601544923,2.6615271601544923,14.519485315888822
recovering,215,16,231,0.003220792419554918,0.0005083022704168078,2.6636571019029573,-2.6636571019029573,14.508240682239213
isotropy,262,21,283,0.003923239026139981,0.0006623332614522042,2.5664160200237,-2.5664160200237,14.497617981518095
onboard,110,6,116,0.0016514968090989254,0.00020024028834601522,3.0439700034226522,-3.0439700034226522,14.495914608605592
m87,175,12,187,0.0026229655203335875,0.0003850774775884908,2.767978192702149,-2.767978192702149,14.494357160463737
spin-dependent,129,324,453,0.0019354645862290573,0.009996611318197221,-2.368759218140272,2.368759218140272,14.492299135338612
transient,680,72,752,0.010170530123002884,0.002233449370013247,2.187049423661373,-2.187049423661373,14.4871580387551
super-massive,98,5,103,0.0014721487393325264,0.00016943409013893597,3.119127362991392,-3.119127362991392,14.486446737940048
scatterings,52,164,216,0.0007846478052279962,0.005067619605064539,-2.691191093896806,2.691191093896806,14.478331843927082
robustness,578,59,637,0.008646071529988492,0.0018329687933212162,2.2378625479718592,-2.2378625479718592,14.452873366430175
reheat,44,145,189,0.0006650824253837302,0.004482301839130033,-2.752634749769573,2.752634749769573,14.443140793906407
grow,817,91,908,0.012218087252835942,0.002818767135947753,2.1158822442737155,-2.1158822442737155,14.41412002663528
optics,296,25,321,0.004431391890478112,0.0007855580542805213,2.4959701147468207,-2.4959701147468207,14.413108083743909
antisymmetric,17,76,93,0.00026154926840933206,0.0023566741628415636,-3.1715976635753726,3.1715976635753726,14.409503116381725
indicative,322,28,350,0.0048199793749719765,0.0008779766489017591,2.4567724983181876,-2.4567724983181876,14.39861841233305
landscape,95,254,349,0.0014273117218909265,0.007840177443701673,-2.4575858558676336,2.4575858558676336,14.396373665076618
economical,21,87,108,0.00032133195833146513,0.0026955423431194356,-3.068439194957918,3.068439194957918,14.395115719014726
scan,105,274,379,0.001576768446696259,0.008456301407843259,-2.4230559881257006,2.4230559881257006,14.393367524396385
evidence,5886,922,6808,0.08797770105665904,0.02841871784603062,1.6302964360555212,-1.6302964360555212,14.388997233924966
farther,97,5,102,0.001457203066851993,0.00016943409013893597,3.104405857284626,-3.104405857284626,14.38807981798693
synthesized,97,5,102,0.001457203066851993,0.00016943409013893597,3.104405857284626,-3.104405857284626,14.38807981798693
nucleation,38,130,168,0.0005754083905005306,0.004020208866023844,-2.8046122937026703,2.8046122937026703,14.387377001322783
cpt,15,70,85,0.00023165792344826555,0.002171836973599088,-3.2288478798396056,3.2288478798396056,14.382409823577417
weyl,51,160,211,0.000769702132747463,0.004944394812236222,-2.683421797766772,2.683421797766772,14.373980371073186
thought,814,91,905,0.012173250235394341,0.002818767135947753,2.110578212413788,-2.110578212413788,14.371010006803413
phase-space,650,69,719,0.009722159948586887,0.0021410307753920088,2.182971336166601,-2.182971336166601,14.36231680925742
well-motivated,161,380,541,0.0024137261056061217,0.01172175841779366,-2.2798551266373077,2.2798551266373077,14.352294466927724
half,1309,162,1471,0.019571358113258306,0.005006007208650381,1.9670115986070922,-1.9670115986070922,14.348124752317387
realizing,49,155,204,0.0007398107877863965,0.004790363821200826,-2.69490698787868,2.69490698787868,14.345016789328044
inflaton,440,855,1295,0.006583568727674902,0.02635470256615631,-2.001118673396687,2.001118673396687,14.342093328430389
candles,141,9,150,0.0021148126559954565,0.000292658882967253,2.8532378915606094,-2.8532378915606094,14.315492942963372
bar,1292,160,1452,0.01931728168108924,0.004944394812236222,1.9660262402523065,-1.9660262402523065,14.315395279976128
disperse,84,4,88,0.0012629093246050607,0.0001386278919318567,3.187461597012185,-3.187461597012185,14.307356051473382
inhomogeneities,452,44,496,0.006762916797441301,0.0013708758202150273,2.302547713176483,-2.302547713176483,14.295574766639113
landau,26,99,125,0.0003960603207341314,0.003065216721604387,-2.952197003808137,2.952197003808137,14.277656955273656
groups,2633,371,3004,0.039359428477484346,0.011444502633929947,1.7820545057876733,-1.7820545057876733,14.270751017437343
synchrotron,644,69,713,0.009632485913703687,0.0021410307753920088,2.1696026378104563,-2.1696026378104563,14.256205007835746
fiducial,806,91,897,0.012053684855550076,0.002818767135947753,2.096338047043913,-2.096338047043913,14.255455240551106
plane,2611,368,2979,0.039030623682912616,0.01135208403930871,1.7816493414495005,-1.7816493414495005,14.252622072972871
smooth,1114,135,1249,0.01665695197955432,0.00417423985705924,1.9965390220781936,-1.9965390220781936,14.237117777178401
multiscale,107,6,113,0.0016066597916573257,0.00020024028834601522,3.004260293620681,-3.004260293620681,14.22877294121946
bosonic,137,331,468,0.0020550299660733237,0.010212254705646776,-2.3130700895282525,2.3130700895282525,14.226775296262753
narrower,129,8,137,0.0019354645862290573,0.0002618526847601737,2.8858526086085274,-2.8858526086085274,14.2193279005869
underestimates,129,8,137,0.0019354645862290573,0.0002618526847601737,2.8858526086085274,-2.8858526086085274,14.2193279005869
occurred,392,37,429,0.005866176448609305,0.0011552324327654725,2.3442373154554215,-2.3442373154554215,14.21495155911213
carbon,290,25,315,0.004341717855594913,0.0007855580542805213,2.466476173605346,-2.466476173605346,14.196401031226612
caused,1607,210,1817,0.02402516851245722,0.006484704722590185,1.8894337613212264,-1.8894337613212264,14.181130499224539
splitting,180,408,588,0.0026976938827362536,0.012584331967591879,-2.2218300790861996,2.2218300790861996,14.17177915206809
union,106,6,112,0.0015917141191767923,0.00020024028834601522,2.990777064257059,-2.990777064257059,14.138563062053075
invariance,303,618,921,0.004536011597841845,0.019053633591078523,-2.0705699165483744,2.0705699165483744,14.134839173853281
spans,253,21,274,0.0037887279738151817,0.0006623332614522042,2.5160843444735552,-2.5160843444735552,14.132269825330408
safe,34,117,151,0.0005156257005783975,0.0036197282893318137,-2.811485327614518,2.811485327614518,14.124566372047688
nontopological,15,68,83,0.00023165792344826555,0.0021102245771849296,-3.1873286104013387,3.1873286104013387,14.122469150400166
ionization,1298,164,1462,0.01940695571597244,0.005067619605064539,1.937193687115479,-1.937193687115479,14.11874104381092
decaying,533,982,1515,0.007973516268364495,0.030267089738455377,-1.9244619741492308,1.9244619741492308,14.09443342976819
resonant,368,722,1090,0.005507480309076507,0.022257478204614767,-2.0148258061206583,2.0148258061206583,14.093404261399192
routinely,94,5,99,0.0014123660494103933,0.00016943409013893597,3.059317967756088,-3.059317967756088,14.088679894568015
coverage,844,98,942,0.01262162040981034,0.0030344105233973077,2.0564089555173224,-2.0564089555173224,14.084481240539178
periods,443,44,487,0.006628405745116502,0.0013708758202150273,2.273564025506979,-2.273564025506979,14.074078413289351
adiabatic,941,112,1053,0.014071350640422066,0.0034656972982964173,2.021543255569504,-2.021543255569504,14.070644008183262
physics,4505,6247,10752,0.06733772736104261,0.1924617232987277,-1.515084615449793,1.515084615449793,14.064439677700598
calibrations,187,14,201,0.0028023135900999865,0.00044668987400264934,2.649272952427984,-2.649272952427984,14.063050034972186
densities,2657,382,3039,0.03971812461701714,0.011783370814207819,1.7530452010107658,-1.7530452010107658,14.058743723187925
tables,260,22,282,0.0038933476811789146,0.0006931394596592835,2.4897936281211464,-2.4897936281211464,14.055997713648427
unlikely,742,84,826,0.011097161816795946,0.002603123748498198,2.0918749415782565,-2.0918749415782565,14.05280730393682
analysing,418,41,459,0.00625476393310317,0.0012784572255937895,2.2905515433757317,-2.2905515433757317,14.043890298271778
tritium,20,81,101,0.00030638628585093186,0.00251070515387696,-3.034668987440681,3.034668987440681,14.035261564230057
attenuation,361,34,395,0.005402860601712774,0.0010628138381442347,2.3458345423452616,-2.3458345423452616,14.031408068835598
prior,1478,193,1671,0.02209717676246843,0.005960999353069838,1.8902359341482267,-1.8902359341482267,14.028907300338586
large-angle,81,4,85,0.0012180723071634608,0.0001386278919318567,3.135310314961078,-3.135310314961078,13.96576102436261
search-experiment,55,162,217,0.000829484822669596,0.005006007208650381,-2.593372879393398,2.593372879393398,13.964003465064875
feeble,18,75,93,0.0002764949408898653,0.0023258679646344844,-3.072444211523816,3.072444211523816,13.95901975503183
preferential,104,6,110,0.0015618227742157259,0.00020024028834601522,2.9634265761121035,-2.9634265761121035,13.956346959571555
perturbed,366,35,401,0.0054775889641154405,0.001093620036351314,2.324429430801443,-2.324429430801443,13.938329715176835
indicate,2722,397,3119,0.040689593328251804,0.012245463787314007,1.7324124456048644,-1.7324124456048644,13.938277269876677
beta,113,277,390,0.0016963338265405252,0.008548720002464497,-2.3332883117742407,2.3332883117742407,13.926715586112401
testable,178,395,573,0.002667802537775187,0.01218385139089985,-2.1912464582713795,2.1912464582713795,13.920176665395903
vanishing,111,273,384,0.0016664424815794586,0.008425495209636178,-2.337989960699939,2.337989960699939,13.918623149168672
aim,1793,245,2038,0.026805063593836404,0.00756292165983796,1.8254899778151443,-1.8254899778151443,13.910625692482597
pions,44,137,181,0.0006650824253837302,0.0042358522534733985,-2.671047215273311,2.671047215273311,13.900147569780161
wilkinson,580,63,643,0.008675962874949558,0.001956193586149533,2.148974732265714,-2.148974732265714,13.898921138305402
datasets,739,85,824,0.011052324799354347,0.0026339299467052772,2.069060984385483,-2.069060984385483,13.894537759855552
unperturbed,92,5,97,0.0013824747044493266,0.00016943409013893597,3.0284570040513272,-3.0284570040513272,13.885376874127449
pulsar,489,51,540,0.0073159066792210315,0.0015865192076645821,2.2051716845927896,-2.2051716845927896,13.878069992982633
ancillary,114,7,121,0.0017112794990210584,0.0002310464865530945,2.888820354660738,-2.888820354660738,13.877953778243976
mhz,496,52,548,0.007420526386584764,0.0016173254058716613,2.1979115520345642,-2.1979115520345642,13.864642435965028
hadronization,15,66,81,0.00023165792344826555,0.002048612180770771,-3.144578962942002,3.144578962942002,13.857276640538785
first-year,80,4,84,0.0012031266346829276,0.0001386278919318567,3.1174990388446173,-3.1174990388446173,13.849961022030394
zoo,80,4,84,0.0012031266346829276,0.0001386278919318567,3.1174990388446173,-3.1174990388446173,13.849961022030394
realizes,23,87,110,0.00035122330329253167,0.0026955423431194356,-2.9401150979823782,2.9401150979823782,13.846560849282382
sugra,18,74,92,0.0002764949408898653,0.002295061766427405,-3.053207992660899,3.053207992660899,13.83896900002626
excursion,192,15,207,0.002877041952502653,0.0004774960722097286,2.5910254873677014,-2.5910254873677014,13.829697204301773
variations,1625,220,1845,0.024294190617106817,0.006792766704660978,1.838540157305148,-1.838540157305148,13.827249453206402
incorrect,219,18,237,0.003280575109477051,0.0005699146668309663,2.5251309260787216,-2.5251309260787216,13.81819991396148
grown,144,10,154,0.002159649673437056,0.0003234650811743323,2.739115421894231,-2.739115421894231,13.814523516922224
ebl,91,5,96,0.0013675290319687934,0.00016943409013893597,3.0127753818190577,-3.0127753818190577,13.782576614972363
cooled,191,15,206,0.0028620962800221194,0.0004774960722097286,2.583511433710395,-2.583511433710395,13.77713997516338
locate,102,6,108,0.0015319314292546592,0.00020024028834601522,2.935547543536667,-2.935547543536667,13.771674751553707
unable,376,37,413,0.005627045688920773,0.0011552324327654725,2.28419452634836,-2.28419452634836,13.764250073920612
heaviest,27,96,123,0.0004110059932146647,0.002972798126983149,-2.854590161571108,2.854590161571108,13.759928333178717
dielectric,16,68,84,0.0002466035959287988,0.0021102245771849296,-3.0971308014297607,3.0971308014297607,13.759472046486788
functionals,123,8,131,0.0018457905513458578,0.0002618526847601737,2.8174115525066514,-2.8174115525066514,13.75686254529653
physically,977,121,1098,0.014609394849721263,0.0037429530821601305,1.9646475507612466,-1.9646475507612466,13.756768545867354
reveal,1639,224,1863,0.02450343003183428,0.006915991497489295,1.8249757138242266,-1.8249757138242266,13.742943104762281
principal,535,58,593,0.008003407613325561,0.001802162595114137,2.150885207339164,-2.150885207339164,13.737444249077543
high-fidelity,79,4,83,0.0011881809622023942,0.0001386278919318567,3.099465116014356,-3.099465116014356,13.733162103465247
smoothness,79,4,83,0.0011881809622023942,0.0001386278919318567,3.099465116014356,-3.099465116014356,13.733162103465247
neighborhood,294,27,321,0.004401500545517046,0.0008471704506946798,2.377271272478114,-2.377271272478114,13.727675500666818
speed,1491,201,1692,0.02229147050471536,0.0062074489387264715,1.844419395979558,-1.844419395979558,13.711888510310569
scattering,1539,2356,3895,0.023008862783780955,0.07259480607498228,-1.6576766517982222,1.6576766517982222,13.705182644416572
lost,350,34,384,0.005238458204426908,0.0010628138381442347,2.301253339404767,-2.301253339404767,13.699921103318934
robust,2502,368,2870,0.037401545382534485,0.01135208403930871,1.720140706800599,-1.720140706800599,13.696475335843619
recurrent,90,5,95,0.0013525833594882602,0.00016943409013893597,2.996921430618221,-2.996921430618221,13.678992911813477
degrade,90,5,95,0.0013525833594882602,0.00016943409013893597,2.996921430618221,-2.996921430618221,13.678992911813477
peaking,122,8,130,0.0018308448788653246,0.0002618526847601737,2.805682259924544,-2.805682259924544,13.678254643337095
spacetime,298,585,883,0.0044612832354391785,0.01803702905024491,-2.0154310770640973,2.0154310770640973,13.673605605046907
exchange,258,520,778,0.003863456336217848,0.016034626166784756,-2.0532267208121695,2.0532267208121695,13.6704061868444
energetics,132,9,141,0.001980301603670657,0.000292658882967253,2.758428198179289,-2.758428198179289,13.670293100987212
matrices,166,365,531,0.002488454468008788,0.011259665444687471,-2.1778420667088625,2.1778420667088625,13.669538228822534
launched,198,16,214,0.0029667159873858523,0.0005083022704168078,2.5451082399568175,-2.5451082399568175,13.668855099213147
encounter,300,28,328,0.004491174580400245,0.0008779766489017591,2.3548383287187566,-2.3548383287187566,13.648778946969724
lack,1268,167,1435,0.018958585541556442,0.005160038199685777,1.8773976808911172,-1.8773976808911172,13.6479616266816
better,3329,513,3842,0.049761616523935494,0.015818982779335203,1.6533765206712752,-1.6533765206712752,13.646984005058917
estimating,603,68,671,0.009019713342001823,0.0021102245771849296,2.0956850399668077,-2.0956850399668077,13.6434510105535
fast,1821,256,2077,0.027223542423291336,0.007901789840115832,1.7846034263080406,-1.7846034263080406,13.632873201062305
ogle,111,7,118,0.0016664424815794586,0.0002310464865530945,2.8505164664840987,-2.8505164664840987,13.62297021247542
relations,2628,392,3020,0.03928470011508168,0.012091432796278612,1.6999823379651993,-1.6999823379651993,13.622541876411201
publicly,946,118,1064,0.014146079002824732,0.003650534487538893,1.9542226089777588,-1.9542226089777588,13.622358319789376
marked,197,16,213,0.002951770314905319,0.0005083022704168078,2.5378218858783246,-2.5378218858783246,13.617891370020612
propagator,32,106,138,0.00048573435561733103,0.0032808601090539417,-2.755834645025071,2.755834645025071,13.598594219894684
compact,3106,476,3582,0.04642873156077658,0.01467915344567327,1.661249097204039,-1.661249097204039,13.595589046930689
truncated,298,28,326,0.0044612832354391785,0.0008779766489017591,2.3452042692723762,-2.3452042692723762,13.578639311705256
best-fit,808,98,906,0.012083576200511143,0.0030344105233973077,1.9935593061895982,-1.9935593061895982,13.57642285790386
ago,801,97,898,0.011978956493147409,0.0030036043251902285,1.99573555857725,-1.99573555857725,13.573562395843192
comparisons,598,68,666,0.008944984979599157,0.0021102245771849296,2.083682516155288,-2.083682516155288,13.549749924903026
initial-condition,1595,221,1816,0.023845820442690818,0.006823572902868057,1.8051371668966065,-1.8051371668966065,13.547449863067822
antineutrino,23,84,107,0.00035122330329253167,0.002603123748498198,-2.889783422432234,2.889783422432234,13.530345201795864
tagged,19,74,93,0.0002914406133703986,0.002295061766427405,-2.9772591394276002,2.9772591394276002,13.526565913627097
leakage,120,8,128,0.001800953533904258,0.0002618526847601737,2.781933657151935,-2.781933657151935,13.519675695138204
maximum-likelihood,120,8,128,0.001800953533904258,0.0002618526847601737,2.781933657151935,-2.781933657151935,13.519675695138204
abundances,1596,222,1818,0.023860766115171354,0.006854379101075136,1.7995424738886465,-1.7995424738886465,13.507441711043027
anomalies,376,698,1074,0.005627045688920773,0.021518129447644866,-1.935103088565222,1.935103088565222,13.507166511000865
respecting,16,66,82,0.0002466035959287988,0.002048612180770771,-3.0543811539704238,3.0543811539704238,13.496823474853143
milgrom,77,4,81,0.0011582896172413278,0.0001386278919318567,3.062706566004238,-3.062706566004238,13.496487973133481
inhomogeneous,693,82,775,0.010364823865249817,0.002541511352084039,2.0279370202501,-2.0279370202501,13.49420223407005
systematic,3541,558,4099,0.052930099089808544,0.01720526169865377,1.6212385186387968,-1.6212385186387968,13.486665366692991
residing,311,30,341,0.004655576977686111,0.0009395890453159176,2.3088581776334283,-2.3088581776334283,13.471750485210325
annihilates,47,137,184,0.0007099194428253299,0.0042358522534733985,-2.576925037908761,2.576925037908761,13.452465632437184
marginally,535,60,595,0.008003407613325561,0.0018637749915282956,2.102386689647974,-2.102386689647974,13.434756922085382
resolutions,341,34,375,0.005103947152102109,0.0010628138381442347,2.263724473684234,-2.263724473684234,13.422956062784037
propagators,21,78,99,0.00032133195833146513,0.0024182865592557224,-2.9118488320172164,2.9118488320172164,13.409559427309933
averaged,667,79,746,0.009976236380755952,0.0024490927574628016,2.0262482334628737,-2.0262482334628737,13.405790393850593
luminosity,6835,1180,8015,0.1021611442406851,0.03636671698345707,1.490155991888066,-1.490155991888066,13.395302528226406
grew,76,4,80,0.0011433439447607946,0.0001386278919318567,3.0439700034226522,-3.0439700034226522,13.376571408388935
crab,76,4,80,0.0011433439447607946,0.0001386278919318567,3.0439700034226522,-3.0439700034226522,13.376571408388935
accuracy,2758,424,3182,0.041227637537551,0.013077231138905148,1.6565546837523681,-1.6565546837523681,13.361073377440892
dark-energy,156,12,168,0.0023389977432034556,0.0003850774775884908,2.6026698193302065,-2.6026698193302065,13.351432561551094
fractions,1527,214,1741,0.022829514714014558,0.006607929515418502,1.788629989378859,-1.788629989378859,13.348168491359292
contributed,251,23,274,0.0037588366288541153,0.0007239456578663627,2.3763329003002025,-2.3763329003002025,13.347317952840356
loops,140,309,449,0.0020998669835149233,0.009534518345091033,-2.182862116821026,2.182862116821026,13.335645110696758
relative,3909,633,4542,0.05843010656264479,0.019515726564184713,1.5820747455724224,-1.5820747455724224,13.323193871724442
intersecting,23,82,105,0.00035122330329253167,0.002541511352084039,-2.8552262003958653,2.8552262003958653,13.315173485459132
surrounded,368,38,406,0.005507480309076507,0.0011860386309725517,2.215241430572481,-2.215241430572481,13.31097191696264
neighbor,97,6,103,0.001457203066851993,0.00020024028834601522,2.8633977577808314,-2.8633977577808314,13.298738486859106
consensus,127,9,136,0.0019055732412679909,0.000292658882967253,2.7029330855875853,-2.7029330855875853,13.298379224880678
mass-dependent,155,12,167,0.0023240520707229224,0.0003850774775884908,2.5934217425281907,-2.5934217425281907,13.288599592115682
fair,155,12,167,0.0023240520707229224,0.0003850774775884908,2.5934217425281907,-2.5934217425281907,13.288599592115682
bolometer,107,7,114,0.0016066597916573257,0.0002310464865530945,2.7978094161532545,-2.7978094161532545,13.275415787742805
isotropic,1153,155,1308,0.017239833206295116,0.004790363821200826,1.8475386807246927,-1.8475386807246927,13.25981978230554
clear,1832,267,2099,0.0273879448205772,0.008240658020393704,1.7327095639049777,-1.7327095639049777,13.254695570038303
oscillations,621,1040,1661,0.009288735446651422,0.03205384923446598,-1.786943506510537,1.786943506510537,13.251574511948888
axionic,46,132,178,0.0006949737703447966,0.004081821262438002,-2.5541825761702173,2.5541825761702173,13.249530441151158
trained,568,66,634,0.00849661480518316,0.002048612180770771,2.0522412655633713,-2.0522412655633713,13.244395535198947
analogs,181,15,196,0.002712639555216787,0.0004774960722097286,2.506136589781188,-2.506136589781188,13.240430175858679
mechanism,2460,3433,5893,0.03677382713835209,0.10577308154400665,-1.5242212849743906,1.5242212849743906,13.232816936451055
monitor,126,9,135,0.0018906275687874576,0.000292658882967253,2.6915732234230374,-2.6915732234230374,13.22277034636552
maximum,2200,331,2531,0.032887952293413444,0.010212254705646776,1.6872577584542714,-1.6872577584542714,13.222642181743502
recast,29,95,124,0.0004408973381757312,0.0029419919287760696,-2.7382786165015944,2.7382786165015944,13.221268260615789
theories,1703,2478,4181,0.02545995307058841,0.07635316225624596,-1.5844581492016674,1.5844581492016674,13.212075387581743
affected,1473,208,1681,0.022022448400065762,0.006423092326176026,1.7776349338516495,-1.7776349338516495,13.203808042458018
heterogeneous,96,6,102,0.0014422573943714597,0.00020024028834601522,2.848524481299301,-2.848524481299301,13.202138987159659
increase,3161,503,3664,0.0472507435472059,0.01551092079726441,1.607052698339524,-1.607052698339524,13.188412341543089
diffusive,162,13,175,0.002428671778086655,0.0004158836757955701,2.545915567924661,-2.545915567924661,13.163615696672926
pulsars,605,72,677,0.00904960468696289,0.002233449370013247,2.018581221851707,-2.018581221851707,13.159428297921965
spacetimes,32,101,133,0.00048573435561733103,0.0031268291180185453,-2.686460941984409,2.686460941984409,13.157855322664854
index,1998,298,2296,0.029868926452345724,0.009195650164813161,1.6996218983279547,-1.6996218983279547,13.15398437991637
concentric,85,5,90,0.001277854997085594,0.00016943409013893597,2.9149280584209136,-2.9149280584209136,13.148830943140682
failed,125,9,134,0.0018756818963069244,0.000292658882967253,2.6801232026794994,-2.6801232026794994,13.146740749211377
regression,238,22,260,0.003564542886607183,0.0006931394596592835,2.3624995218481497,-2.3624995218481497,13.146176801614136
template,392,42,434,0.005866176448609305,0.0013092634238008687,2.1636650698136,-2.1636650698136,13.145013994497276
amplitude,3281,527,3808,0.0490442242448699,0.016250269554234312,1.5936195963409365,-1.5936195963409365,13.139587940001423
cross,428,47,475,0.006404220657908502,0.0014632944148362651,2.129802947953865,-2.129802947953865,13.131125121309472
vary,1084,146,1230,0.016208581805138324,0.004513108037337113,1.844564645422339,-1.844564645422339,13.12515122155896
backgrounds,431,756,1187,0.0064490576753501025,0.023304888943655462,-1.8534723608654693,1.8534723608654693,13.12263343180161
gravitons,58,154,212,0.0008743218401111958,0.004759557622993746,-2.444591146148657,2.444591146148657,13.10616736020942
active,3963,655,4618,0.05923717287659358,0.020193462924740457,1.5526144530073962,-1.5526144530073962,13.100857521809992
likelihood,1513,217,1730,0.02262027529928709,0.00670034811003974,1.7553085312637355,-1.7553085312637355,13.088378293681142
attribute,195,17,212,0.0029218789699442527,0.0005391084686238871,2.4382489425346985,-2.4382489425346985,13.07216495366057
first-order,265,503,768,0.003968076043581581,0.01551092079726441,-1.9667727550303182,1.9667727550303182,13.069383873521705
weinberg,41,119,160,0.0006202454079421303,0.003681340685745972,-2.569320214461511,2.569320214461511,13.05575495280754
reproduces,901,118,1019,0.013473523741200736,0.003650534487538893,1.8839475947063953,-1.8839475947063953,13.051156054722306
matches,551,65,616,0.008242538373014094,0.002017805982563692,2.0303012362262454,-2.0303012362262454,13.04441952182682
university,646,79,725,0.009662377258664754,0.0024490927574628016,1.980130766698212,-1.980130766698212,13.04421046151784
versus,944,125,1069,0.014116187657863665,0.0038661778749884477,1.8683705946099105,-1.8683705946099105,13.032658267291128
obvious,321,33,354,0.004805033702491444,0.0010320076399371553,2.219092899042488,-2.219092899042488,13.030774888965967
topologically,17,65,82,0.00026154926840933206,0.002017805982563692,-2.947632822420171,2.947632822420171,13.025119612584351
complementarity,128,279,407,0.001920518913748524,0.008610332398878654,-2.1645727614769994,2.1645727614769994,13.011825187676056
forecasting,94,6,100,0.0014123660494103933,0.00020024028834601522,2.8183098682522933,-2.8183098682522933,13.006839695787347
precursor,94,6,100,0.0014123660494103933,0.00020024028834601522,2.8183098682522933,-2.8183098682522933,13.006839695787347
subgalactic,94,6,100,0.0014123660494103933,0.00020024028834601522,2.8183098682522933,-2.8183098682522933,13.006839695787347
regulates,94,6,100,0.0014123660494103933,0.00020024028834601522,2.8183098682522933,-2.8183098682522933,13.006839695787347
tiny,223,434,657,0.003340357799399184,0.01338529312097594,-2.0025741834587696,2.0025741834587696,12.995114266645418
recombination,735,93,828,0.010992542109432214,0.0028803795323619113,1.9321942335395064,-1.9321942335395064,12.984770631868384
right,242,463,705,0.003624325576529316,0.014278672868981239,-1.978077429378728,1.978077429378728,12.975426846694166
wake,132,10,142,0.001980301603670657,0.0003234650811743323,2.6140382888441143,-2.6140382888441143,12.973065885083809
subgroup,51,138,189,0.000769702132747463,0.004266658451680478,-2.4707344766936568,2.4707344766936568,12.964003275128459
gravitationally,1220,171,1391,0.018241193262490844,0.005283262992514094,1.7876989757806543,-1.7876989757806543,12.940253388658359
elementary,158,327,485,0.002368889088164522,0.010089029912818459,-2.0905049041130925,2.0905049041130925,12.932299466130688
perturbing,83,5,88,0.0012479636521245273,0.00016943409013893597,2.8807798360090677,-2.8807798360090677,12.93077314510129
computationally,355,38,393,0.005313186566829575,0.0011860386309725517,2.163426371096827,-2.163426371096827,12.92939516010365
measures,750,96,846,0.011216727196640212,0.002972798126983149,1.9157583865249208,-1.9157583865249208,12.915469645220558
tunneling,26,85,111,0.0003960603207341314,0.0026339299467052772,-2.733424898150386,2.733424898150386,12.897662296692504
reflect,383,42,425,0.005731665396284506,0.0013092634238008687,2.1301989935375443,-2.1301989935375443,12.897160601857122
weighted,309,32,341,0.004625685632725044,0.001001201441730076,2.207934948358123,-2.207934948358123,12.882882543415743
steady-state,112,8,120,0.001681388154059992,0.0002618526847601737,2.6828255121390105,-2.6828255121390105,12.866269226602002
randomly,255,25,280,0.0038186193187762485,0.0007855580542805213,2.281261301138439,-2.281261301138439,12.862560309244293
record,157,13,170,0.002353943415683989,0.0004158836757955701,2.500827678396123,-2.500827678396123,12.8584145351025
debated,157,13,170,0.002353943415683989,0.0004158836757955701,2.500827678396123,-2.500827678396123,12.8584145351025
nuisance,207,19,226,0.0031012270397106517,0.0006007208650380457,2.3680724695443516,-2.3680724695443516,12.846674785051858
fidelity,102,7,109,0.0015319314292546592,0.0002310464865530945,2.72909666606924,-2.72909666606924,12.828065295208006
subleading,21,73,94,0.00032133195833146513,0.002264255568220326,-2.816900427961954,2.816900427961954,12.827817764835615
slices,130,10,140,0.0019504102587095907,0.0003234650811743323,2.5920957359634373,-2.5920957359634373,12.827659410156137
rings,307,32,339,0.004595794287763978,0.001001201441730076,2.198581949370461,-2.198581949370461,12.815414618739855
collisions,576,940,1516,0.008616180185027425,0.02897322941375805,-1.7496001736991105,1.7496001736991105,12.814928940125585
transmission,190,17,207,0.002847150607541586,0.0005391084686238871,2.4008713327206683,-2.4008713327206683,12.81474216285982
square,1122,157,1279,0.016776517359398585,0.004851976217614984,1.7897988734135433,-1.7897988734135433,12.80532250551131
explicit,445,755,1200,0.006658297090077568,0.023274082745448385,-1.8054991614705944,1.8054991614705944,12.802631737829012
japan,206,19,225,0.0030862813672301185,0.0006007208650380457,2.3611029147295097,-2.3611029147295097,12.798440986175116
quantized,19,68,87,0.0002914406133703986,0.0021102245771849296,-2.856122701925966,2.856122701925966,12.787823320000093
generically,278,509,787,0.004162369785828513,0.015695757986506884,-1.9148976566534692,1.9148976566534692,12.771406263323643
sphere,597,74,671,0.008930039307118625,0.002295061766427405,1.9601335445782624,-1.9601335445782624,12.760975757129838
experiencing,138,11,149,0.002069975638553857,0.00035427127938141153,2.5466873721644885,-2.5466873721644885,12.760521629996632
semianalytical,129,10,139,0.0019354645862290573,0.0003234650811743323,2.5809980270801063,-2.5809980270801063,12.75436934328997
xenon,164,331,495,0.0024585631230477217,0.010212254705646776,-2.0544141242050333,2.0544141242050333,12.750877246814635
annihilate,108,238,346,0.001621605464137859,0.007347278272388405,-2.1797870613887196,2.1797870613887196,12.750282473188584
past,1762,268,2030,0.026341747746939873,0.008271464218600783,1.6711364263604185,-1.6711364263604185,12.727848893247044
nucleus,1515,225,1740,0.022650166644248158,0.006946797695696374,1.705101675701261,-1.705101675701261,12.723835198241723
collapsing,355,39,394,0.005313186566829575,0.001216844829179631,2.1264321636146253,-2.1264321636146253,12.713694993063376
antineutrinos,31,94,125,0.00047078868313679776,0.0029111857305689904,-2.6284553385488434,2.6284553385488434,12.711950997053792
nodes,146,12,158,0.002189541018398123,0.0003850774775884908,2.5074078268198363,-2.5074078268198363,12.709810070046967
equipartition,146,12,158,0.002189541018398123,0.0003850774775884908,2.5074078268198363,-2.5074078268198363,12.709810070046967
contributor,91,6,97,0.0013675290319687934,0.00020024028834601522,2.7717672823152633,-2.7717672823152633,12.708462847858597
instrumentation,163,14,177,0.002443617450567188,0.00044668987400264934,2.4516729925428233,-2.4516729925428233,12.704038783453772
cogent,52,136,188,0.0007846478052279962,0.00420504605526632,-2.422004461081417,2.422004461081417,12.695534654334654
law,1723,262,1985,0.025758866520199077,0.008086627029358306,1.6714591329860975,-1.6714591329860975,12.692856478146005
apparent,1319,192,1511,0.01972081483806364,0.005930193154862758,1.7335681619163175,-1.7335681619163175,12.691779389349634
ring,606,76,682,0.009064550359443424,0.0023566741628415636,1.9434831546001716,-1.9434831546001716,12.684132818160442
methodology,658,84,742,0.009841725328431153,0.002603123748498198,1.9186673561466427,-1.9186673561466427,12.683726702407691
exquisite,128,10,138,0.001920518913748524,0.0003234650811743323,2.569814288587431,-2.569814288587431,12.68068162002147
two-phase,128,10,138,0.001920518913748524,0.0003234650811743323,2.569814288587431,-2.569814288587431,12.68068162002147
regulated,154,13,167,0.0023091063982423887,0.0004158836757955701,2.4730826879132186,-2.4730826879132186,12.671986610953123
binning,154,13,167,0.0023091063982423887,0.0004158836757955701,2.4730826879132186,-2.4730826879132186,12.671986610953123
generator,46,124,170,0.0006949737703447966,0.0038353716767813685,-2.464335958787737,2.464335958787737,12.670786390277948
isolation,227,22,249,0.003400140489321317,0.0006931394596592835,2.2943768009286964,-2.2943768009286964,12.668311837177605
chern-simons,38,108,146,0.0005754083905005306,0.0033424725054681,-2.538257529577265,2.538257529577265,12.667003089238873
matrix,793,1220,2013,0.011859391113303143,0.037598964911740244,-1.6646630047736592,1.6646630047736592,12.664553173415436
hole,219,21,240,0.003280575109477051,0.0006623332614522042,2.3083195370055734,-2.3083195370055734,12.660663918084737
papers,498,60,558,0.007450417731545831,0.0018637749915282956,1.9990936192959141,-1.9990936192959141,12.646565046496567
monotonic,100,7,107,0.0015020400842935928,0.0002310464865530945,2.700668257742723,-2.700668257742723,12.644883183680365
ladder,162,14,176,0.002428671778086655,0.00044668987400264934,2.4428220749605574,-2.4428220749605574,12.644412830032534
constants,266,485,751,0.003983021716062114,0.014956409229536984,-1.9088286004877035,1.9088286004877035,12.641668508644251
scales,8006,1492,9498,0.11966252671538956,0.0459782508240658,1.3799479444586666,-1.3799479444586666,12.638862922594548
superheavy,68,165,233,0.0010237785649165284,0.005098425803271619,-2.3161481616743784,2.3161481616743784,12.635331972679161
advanced,863,117,980,0.012905588186940471,0.0036197282893318137,1.8340425831362372,-1.8340425831362372,12.633935227862402
simulate,850,115,965,0.012711294444693539,0.003558115892917655,1.8369255464196403,-1.8369255464196403,12.62549023179254
cell,136,11,147,0.00204008429359279,0.00035427127938141153,2.5257023470351525,-2.5257023470351525,12.621470768478895
boxes,127,10,137,0.0019055732412679909,0.0003234650811743323,2.5585431762524102,-2.5585431762524102,12.60659129382351
dipole,415,699,1114,0.00620992691566157,0.021548935645851947,-1.7949684182220962,1.7949684182220962,12.59459278558145
separation,1249,182,1431,0.01867461776442631,0.0056221311727919655,1.7318896944916373,-1.7318896944916373,12.585343394820912
circular,1176,170,1346,0.01758358367334738,0.005252456794307014,1.7431648383724379,-1.7431648383724379,12.560609877658123
scaled,255,26,281,0.0038186193187762485,0.0008163642524876005,2.2257661885467352,-2.2257661885467352,12.5575659974168
reflects,321,35,356,0.004805033702491444,0.001093620036351314,2.135434969995578,-2.135434969995578,12.551522532806539
correlations,2059,326,2385,0.030780612473658254,0.01005822371461138,1.613646391494139,-1.613646391494139,12.549930849230629
reveals,1204,175,1379,0.018002062502802313,0.005406487785342411,1.7353986201062228,-1.7353986201062228,12.54665223919414
supports,520,64,584,0.007779222526117562,0.0019869997843566124,1.969034260048476,-1.969034260048476,12.545922018930282
meter,126,10,136,0.0018906275687874576,0.0003234650811743323,2.547183314087863,-2.547183314087863,12.532093319899955
subset,539,67,606,0.008063190303247694,0.0020794183789778504,1.9551707146094988,-1.9551707146094988,12.529767816011347
trispectrum,108,8,116,0.001621605464137859,0.0002618526847601737,2.630595553366453,-2.630595553366453,12.527353577236603
selecting,313,34,347,0.004685468322647177,0.0010628138381442347,2.1403043381961826,-2.1403043381961826,12.525494355463765
remote,117,9,126,0.0017561165164626583,0.000292658882967253,2.5850965952937273,-2.5850965952937273,12.522691544169945
long-term,320,35,355,0.00479008803001091,0.001093620036351314,2.130940589286372,-2.130940589286372,12.519128353618441
minimize,208,20,228,0.003116172712191185,0.000631527063245125,2.3028587309988926,-2.3028587309988926,12.513094157705677
naturally,1290,1838,3128,0.019287390336128175,0.05663719540371523,-1.5540918729370135,1.5540918729370135,12.508059864123386
athena,89,6,95,0.001337637687007727,0.00020024028834601522,2.7398832212954773,-2.7398832212954773,12.50578102595308
low-and,200,19,219,0.0029966073323469187,0.0006007208650380457,2.3185633697649846,-2.3185633697649846,12.505467259127977
two-dimensional,698,92,790,0.010439552227652483,0.002849573334154832,1.8732420070654638,-1.8732420070654638,12.500702078886961
populate,246,25,271,0.003684108266451449,0.0007855580542805213,2.229525656578729,-2.229525656578729,12.49827953250898
detector,2217,2960,5177,0.03314202872558251,0.09120174979205817,-1.4603995870618849,1.4603995870618849,12.489591612200211
volume,2412,393,2805,0.036056434859286494,0.01212223899448569,1.5726005637076317,-1.5726005637076317,12.485686174483044
resummation,70,166,236,0.0010536699098775948,0.0051292320014786974,-2.283319852500156,2.283319852500156,12.48533027491865
earlier,1900,299,2199,0.028404250549253465,0.00922645636302024,1.6222582792454927,-1.6222582792454927,12.485244673013513
genetic,79,5,84,0.0011881809622023942,0.00016943409013893597,2.8099584988193707,-2.8099584988193707,12.48366565546552
susceptibility,27,83,110,0.0004110059932146647,0.0025723175502911184,-2.6458374167770797,2.6458374167770797,12.460651222073865
dimming,98,7,105,0.0014721487393325264,0.0002310464865530945,2.6716683860201704,-2.6716683860201704,12.459162797869752
branch,788,107,895,0.011784662750900477,0.003311666307261021,1.8312812573733628,-1.8312812573733628,12.448940867021928
reliable,946,133,1079,0.014146079002824732,0.004112627460645082,1.782269926188464,-1.782269926188464,12.448649840304542
one-dimensional,367,42,409,0.005492534636595973,0.0013092634238008687,2.0687166657583376,-2.0687166657583376,12.44572458008933
satisfying,135,275,410,0.002025138621112257,0.008487107606050337,-2.0672523050449736,2.0672523050449736,12.441950695795377
unaffected,237,24,261,0.00354959721412665,0.000754751856073442,2.233581021275415,-2.233581021275415,12.437348603524052
accommodates,31,91,122,0.00047078868313679776,0.002818767135947753,-2.5819127526118133,2.5819127526118133,12.424640155055101
clues,281,30,311,0.004207206803270113,0.0009395890453159176,2.1627609366896565,-2.1627609366896565,12.42074295387852
simplified,395,660,1055,0.005911013466050905,0.020347493915775856,-1.783373704601723,1.783373704601723,12.41628191920756
infrared,2064,331,2395,0.030855340836060917,0.010212254705646776,1.5952188052359022,-1.5952188052359022,12.413284400167715
discreteness,88,6,94,0.0013226920145271936,0.00020024028834601522,2.723672994114218,-2.723672994114218,12.403271508173194
interacts,161,315,476,0.0024137261056061217,0.009719355534333509,-2.0095986781163115,2.0095986781163115,12.394232987349763
resemble,316,35,351,0.004730305340088777,0.001093620036351314,2.112821732095972,-2.112821732095972,12.388807376799113
pronounced,453,55,508,0.006777862469921834,0.0017097440004928991,1.9870500363507293,-1.9870500363507293,12.384186057840747
available,4884,879,5763,0.07300213723116472,0.027094051323126214,1.429962568180579,-1.429962568180579,12.382599212071884
tightest,141,12,153,0.0021148126559954565,0.0003850774775884908,2.4573092152294707,-2.4573092152294707,12.377350046585075
uncorrelated,243,25,268,0.003639271249009849,0.0007855580542805213,2.2118597822831596,-2.2118597822831596,12.37471709402324
seeding,97,7,104,0.001457203066851993,0.0002310464865530945,2.656946880313405,-2.656946880313405,12.365325433453313
visibility,106,8,114,0.0015917141191767923,0.0002618526847601737,2.603753941147812,-2.603753941147812,12.354635729704688
simons,106,8,114,0.0015917141191767923,0.0002618526847601737,2.603753941147812,-2.603753941147812,12.354635729704688
seen,2243,366,2609,0.03353061621007637,0.01129047164289455,1.570373242714846,-1.570373242714846,12.354291975312199
restrictions,88,195,283,0.0013226920145271936,0.006022611749483996,-2.1869120850520423,2.1869120850520423,12.353810029582396
fewer,329,37,366,0.004924599082335709,0.0011552324327654725,2.0918231266844836,-2.0918231266844836,12.352972485200771
compare,5173,940,6113,0.07732143657803883,0.02897322941375805,1.4161479428311274,-1.4161479428311274,12.3464543028552
duration,515,65,580,0.007704494163714897,0.002017805982563692,1.932912778002971,-1.932912778002971,12.302508066723139
regulate,172,16,188,0.0025781285028919874,0.0005083022704168078,2.342565594479391,-2.342565594479391,12.279136212443765
dispersed,96,7,103,0.0014422573943714597,0.0002310464865530945,2.6420736038318746,-2.6420736038318746,12.270822600498407
electron-positron,123,251,374,0.0018457905513458578,0.007747758849080435,-2.0695401960485365,2.0695401960485365,12.266011649751977
chaplygin,218,22,240,0.0032656294369965175,0.0006931394596592835,2.236143535343236,-2.236143535343236,12.264793205495533
smoother,77,5,82,0.0011582896172413278,0.00016943409013893597,2.773199948809253,-2.773199948809253,12.254328547337774
repeating,77,5,82,0.0011582896172413278,0.00016943409013893597,2.773199948809253,-2.773199948809253,12.254328547337774
exotic,502,796,1298,0.007510200421467964,0.024537136871938633,-1.7080436032867061,1.7080436032867061,12.245562435697657
combining,2178,358,2536,0.03255914749884171,0.011044022057237916,1.5597972513855758,-1.5597972513855758,12.226841299795836
gravitational,6442,1212,7654,0.09628749495583554,0.03735251532608361,1.3661430469574425,-1.3661430469574425,12.21757343014521
warped,132,264,396,0.001980301603670657,0.008148239425772466,-2.0407682004911516,2.0407682004911516,12.211826875391713
faster,655,88,743,0.009796888310989554,0.002726348541326515,1.84535358231107,-1.84535358231107,12.20155361001704
kinetically,44,114,158,0.0006650824253837302,0.0035273096947105757,-2.4069631949582333,2.4069631949582333,12.200665853513224
featureless,86,6,92,0.0012928006695661271,0.00020024028834601522,2.6906956716679455,-2.6906956716679455,12.19584583763179
completion,126,254,380,0.0018906275687874576,0.007840177443701673,-2.0520211092090723,2.0520211092090723,12.194749765554475
implying,901,129,1030,0.013473523741200736,0.003989402667816765,1.7558825559181004,-1.7558825559181004,12.182812693482598
closer,541,70,611,0.008093081648208761,0.002171836973599088,1.8977733373818466,-1.8977733373818466,12.177503438869252
influence,1690,269,1959,0.02526565932834148,0.008302270416807861,1.6056000003131847,-1.6056000003131847,12.171571524545918
perturbative,483,765,1248,0.007226232644337832,0.023582144727519176,-1.7063793258506337,1.7063793258506337,12.16665268895669
quantifying,281,31,312,0.004207206803270113,0.0009703952435229968,2.116218350752626,-2.116218350752626,12.16022063897436
discrete,496,782,1278,0.007420526386584764,0.024105850097039524,-1.6997898721192939,1.6997898721192939,12.160014242748383
corona,162,15,177,0.002428671778086655,0.0004774960722097286,2.3466067597012543,-2.3466067597012543,12.159608306424172
convolutional,288,32,320,0.004311826510633846,0.001001201441730076,2.106566857789341,-2.106566857789341,12.157926591668181
semiclassical,25,76,101,0.00038111464825359815,0.0023566741628415636,-2.6284553385488434,2.6284553385488434,12.156534481720305
sensitivities,268,466,734,0.00401291306102318,0.014371091463602477,-1.8404478306940333,1.8404478306940333,12.146717343137812
lorentz,218,393,611,0.0032656294369965175,0.01212223899448569,-1.892223193834575,1.892223193834575,12.141889653596897
deceleration,287,32,319,0.004296880838153313,0.001001201441730076,2.1015574949755957,-2.1015574949755957,12.122458222135494
confirming,468,59,527,0.007002047557129833,0.0018329687933212162,1.9335946365235561,-1.9335946365235561,12.121890950024184
counterpart,569,75,644,0.008511560477663693,0.0023258679646344844,1.871654454555346,-1.871654454555346,12.10820117306439
validate,493,63,556,0.007375689369143164,0.001956193586149533,1.9147287498565448,-1.9147287498565448,12.105997437732414
recovers,229,24,253,0.0034300318342823837,0.000754751856073442,2.1841476614709125,-2.1841476614709125,12.094355690091286
table,265,29,294,0.003968076043581581,0.0009087828471088383,2.1264321636146253,-2.1264321636146253,12.092967311404738
falling,348,41,389,0.005208566859465842,0.0012784572255937895,2.026482576693811,-2.026482576693811,12.090292416832758
hours,214,22,236,0.0032058467470743846,0.0006931394596592835,2.2094879033421835,-2.2094879033421835,12.081612736585626
deflection,243,26,269,0.003639271249009849,0.0008163642524876005,2.156364669691456,-2.156364669691456,12.072239318408926
speeds,354,42,396,0.005298240894349041,0.0013092634238008687,2.016758043274127,-2.016758043274127,12.068151624515757
distorted,176,17,193,0.0026379111928141207,0.0005391084686238871,2.2907485184985266,-2.2907485184985266,12.067338273534695
finding,2216,371,2587,0.033127083053101976,0.011444502633929947,1.5333564087989813,-1.5333564087989813,12.050097013744368
composite,391,633,1024,0.005851230776128772,0.019515726564184713,-1.737825149677456,1.737825149677456,12.047382294803159
reproduced,814,116,930,0.012173250235394341,0.003588922091124734,1.7620919060435503,-1.7620919060435503,12.04611714010505
aligned,658,90,748,0.009841725328431153,0.0027879609377406732,1.819700905345622,-1.819700905345622,12.044125320552645
derived,5252,980,6232,0.07850214470400095,0.03020547734204122,1.377921883540572,-1.377921883540572,12.03974821332831
sized,136,12,148,0.00204008429359279,0.0003850774775884908,2.4054081133174408,-2.4054081133174408,12.036533042926044
inefficient,249,27,276,0.003728945283893049,0.0008471704506946798,2.138043453984914,-2.138043453984914,12.0243938142004
technique,2580,442,3022,0.038567307836016085,0.013631742706632574,1.5004084324860032,-1.5004084324860032,12.024280672152047
tuning,178,329,507,0.002667802537775187,0.010150642309232618,-1.9278472288066393,1.9278472288066393,12.011416392845355
superradiance,19,62,81,0.0002914406133703986,0.001925387387942454,-2.723874903627526,2.723874903627526,12.003351964955483
fabry-perot,102,8,110,0.0015319314292546592,0.0002618526847601737,2.5485244204274196,-2.5485244204274196,12.002352726784943
lindblad,102,8,110,0.0015319314292546592,0.0002618526847601737,2.5485244204274196,-2.5485244204274196,12.002352726784943
cdms,57,135,192,0.0008593761676306625,0.00417423985705924,-2.2801518282371833,2.2801518282371833,11.999732655677363
duality,64,147,211,0.0009639958749943953,0.004543914235544191,-2.2368367266536366,2.2368367266536366,11.981808908675141
marginal,344,41,385,0.005148784169543709,0.0012784572255937895,2.0098279035296795,-2.0098279035296795,11.970208134035223
extent,1258,195,1453,0.01880912881675111,0.006022611749483996,1.6429718660259398,-1.6429718660259398,11.964242146576161
published,1095,166,1261,0.01637298420242419,0.0051292320014786974,1.6745025640912734,-1.6745025640912734,11.956706929446225
robustly,370,45,415,0.005537371654037573,0.0014016820184221065,1.9820422542794505,-1.9820422542794505,11.95307300809809
neutrons,106,216,322,0.0015917141191767923,0.006669541911832661,-2.067006432328574,2.067006432328574,11.94244451585936
topological,244,423,667,0.0036542169214903823,0.013046424940698069,-1.836020342207652,1.836020342207652,11.942005398193935
retain,268,30,298,0.00401291306102318,0.0009395890453159176,2.0945481025948394,-2.0945481025948394,11.939853270594408
germanium,61,141,202,0.0009191588575527956,0.004359077046301716,-2.24563657532033,2.24563657532033,11.931529678746898
kernel,196,20,216,0.002936824642424786,0.000631527063245125,2.2173406598128356,-2.2173406598128356,11.929065147624732
initial,3944,719,4663,0.05895320509946345,0.022165059609993532,1.4112830076618401,-1.4112830076618401,11.921994878905206
artificial,395,49,444,0.005911013466050905,0.0015249068112504235,1.954684426565495,-1.954684426565495,11.91981083138991
radiatively,139,267,406,0.00208492131103439,0.008240658020393704,-1.982766607287009,1.982766607287009,11.914074133521458
intensity,1230,191,1421,0.018390649987296177,0.0058993869566556795,1.6403355227055154,-1.6403355227055154,11.908539995312848
cobe,274,31,305,0.0041025870959063805,0.0009703952435229968,2.079889577677595,-2.079889577677595,11.904425000501513
satisfied,155,291,446,0.0023240520707229224,0.008980006777363606,-1.9500741408975812,1.9500741408975812,11.900441708668207
dominated,2737,478,3215,0.0409137784154598,0.014740765842087429,1.4727752970621852,-1.4727752970621852,11.89397664040601
moving,791,114,905,0.011829499768342076,0.0035273096947105757,1.74574891421255,-1.74574891421255,11.886872975355107
amounts,594,81,675,0.008885202289677024,0.00251070515387696,1.823312007686891,-1.823312007686891,11.881053079955315
gsim,83,6,89,0.0012479636521245273,0.00020024028834601522,2.639771736505273,-2.639771736505273,11.878470387390943
integrations,83,6,89,0.0012479636521245273,0.00020024028834601522,2.639771736505273,-2.639771736505273,11.878470387390943
disrupt,83,6,89,0.0012479636521245273,0.00020024028834601522,2.639771736505273,-2.639771736505273,11.878470387390943
analysed,684,96,780,0.010230312812925017,0.002972798126983149,1.782956856162132,-1.782956856162132,11.87551812938979
knee,109,9,118,0.0016365511366183921,0.000292658882967253,2.4833667083299007,-2.4833667083299007,11.868316177790476
third-order,109,9,118,0.0016365511366183921,0.000292658882967253,2.4833667083299007,-2.4833667083299007,11.868316177790476
series,1498,241,1739,0.02239609021207909,0.007439696867009642,1.589931151850114,-1.589931151850114,11.863494503475517
feed,125,11,136,0.0018756818963069244,0.00035427127938141153,2.404488760066072,-2.404488760066072,11.830038835893193
collaborative,100,8,108,0.0015020400842935928,0.0002618526847601737,2.520096012100902,-2.520096012100902,11.822647089383677
generic,735,1064,1799,0.010992542109432214,0.032793197991435874,-1.5768715410251508,1.5768715410251508,11.819506775871421
non-standard,198,352,550,0.0029667159873858523,0.01085918486799544,-1.8719770879708852,1.8719770879708852,11.815422948082544
imposing,162,299,461,0.002428671778086655,0.00922645636302024,-1.9256091227006562,1.9256091227006562,11.814699727188854
align,208,22,230,0.003116172712191185,0.0006931394596592835,2.1685576392873016,-2.1685576392873016,11.802196502344541
slower,264,30,294,0.0039531303711010475,0.0009395890453159176,2.072893736723452,-2.072893736723452,11.788495597057436
longest,91,7,98,0.0013675290319687934,0.0002310464865530945,2.5653164048478367,-2.5653164048478367,11.787936333792196
continuum,1325,211,1536,0.019810488872946837,0.006515510920797264,1.604314263919622,-1.604314263919622,11.771796679720763
cusped,82,6,88,0.001233017979643994,0.00020024028834601522,2.6223896582770365,-2.6223896582770365,11.770953595751743
tip,200,21,221,0.0029966073323469187,0.0006623332614522042,2.1777008339251354,-2.1777008339251354,11.76541503993173
fragment,116,10,126,0.001741170843982125,0.0003234650811743323,2.4283758840478327,-2.4283758840478327,11.763507098571976
cube,124,11,135,0.001860736223826391,0.00035427127938141153,2.392947138183381,-2.392947138183381,11.755723449704691
spurious,249,28,277,0.003728945283893049,0.0008779766489017591,2.0865131533448316,-2.0865131533448316,11.742105475756604
acquired,310,37,347,0.004640631305205578,0.0011552324327654725,2.0061379298969135,-2.0061379298969135,11.740325368112348
influenced,356,44,400,0.0053281322393101075,0.0013708758202150273,1.958531997649803,-1.958531997649803,11.7393652480586
recoil,405,634,1039,0.006060470190856237,0.019546532762391794,-1.6894110874515202,1.6894110874515202,11.736298265373101
information,4828,915,5743,0.07216517957225485,0.028203074458581067,1.35545044857381,-1.35545044857381,11.732658597851373
volumes,444,58,502,0.006643351417597035,0.001802162595114137,1.8821820514186784,-1.8821820514186784,11.708283167393192
variation,1441,234,1675,0.021544186880688695,0.007224053479560087,1.576418171151843,-1.576418171151843,11.703589054669283
bending,139,13,152,0.00208492131103439,0.0004158836757955701,2.325740971838032,-2.325740971838032,11.699495580070131
component,7400,1471,8871,0.1106054491921864,0.04533132066171714,1.2868423667371724,-1.2868423667371724,11.698240676169588
bottom-up,37,95,132,0.0005604627180199973,0.0029419919287760696,-2.392102975367555,2.392102975367555,11.698218700205386
suspected,90,7,97,0.0013525833594882602,0.0002310464865530945,2.5494624536469996,-2.5494624536469996,11.689202438063175
flow,1250,199,1449,0.018689563436906843,0.006145836542312313,1.604551568130937,-1.604551568130937,11.680042452289594
jets,598,879,1477,0.008944984979599157,0.027094051323126214,-1.5988251683561463,1.5988251683561463,11.668937718156855
telescopes,1948,332,2280,0.02912164282831906,0.010243060903853855,1.5074448479527982,-1.5074448479527982,11.656120146601385
excluded,544,809,1353,0.00813791866565036,0.024937617448630666,-1.6155918694133462,1.6155918694133462,11.649739665245438
parent,497,67,564,0.007435472059065298,0.0020794183789778504,1.8382442805524932,-1.8382442805524932,11.648633657137816
conserved,156,285,441,0.0023389977432034556,0.00879516958812113,-1.9108209262579117,1.9108209262579117,11.639402390995677
stable,1147,1544,2691,0.017150159171411918,0.04758017313083392,-1.4721385551541544,1.4721385551541544,11.627008738912389
accommodated,82,171,253,0.001233017979643994,0.005283262992514094,-2.099235389754684,2.099235389754684,11.624168058226624
einasto,153,15,168,0.0022941607257618555,0.0004774960722097286,2.2644056971556172,-2.2644056971556172,11.616171875903087
promise,293,35,328,0.004386554873036512,0.001093620036351314,2.003976735777683,-2.003976735777683,11.615164891757729
believed,476,64,540,0.007121612936974099,0.0019869997843566124,1.8416123106590008,-1.8416123106590008,11.59003842006237
varying,1363,222,1585,0.020378424427207102,0.006854379101075136,1.5719446212338162,-1.5719446212338162,11.583613387761297
warm,660,95,755,0.009871616673392218,0.0029419919287760696,1.7464930853833918,-1.7464930853833918,11.575828433132575
tagging,53,122,175,0.0007995934777085294,0.0037737592803672097,-2.238663790429111,2.238663790429111,11.57497529868516
primakoff,22,65,87,0.0003362776308119984,0.002017805982563692,-2.5850627430354627,2.5850627430354627,11.574196587128695
tentative,363,46,409,0.00543275194667384,0.0014324882166291857,1.923159904983876,-1.923159904983876,11.57003223161355
expensive,203,22,225,0.003041444349788519,0.0006931394596592835,2.1335390501088853,-2.1335390501088853,11.56492309342936
primordial,3724,695,4419,0.055665157153746134,0.021425710853023628,1.377431504528071,-1.377431504528071,11.562015384363686
abrupt,80,6,86,0.0012031266346829276,0.00020024028834601522,2.5869843221458377,-2.5869843221458377,11.553234287103221
generations,198,343,541,0.0029667159873858523,0.010581929084131728,-1.8346639295028295,1.8346639295028295,11.549697459466827
fed,97,8,105,0.001457203066851993,0.0002618526847601737,2.476374634671584,-2.476374634671584,11.548422282994952
recommend,97,8,105,0.001457203066851993,0.0002618526847601737,2.476374634671584,-2.476374634671584,11.548422282994952
non-linearity,97,8,105,0.001457203066851993,0.0002618526847601737,2.476374634671584,-2.476374634671584,11.548422282994952
enriched,400,52,452,0.0059857418284535715,0.0016173254058716613,1.8879200769149003,-1.8879200769149003,11.546315531945163
regardless,563,79,642,0.008421886442780493,0.0024490927574628016,1.7818960070601786,-1.7818960070601786,11.521997465192253
blazar,209,23,232,0.003131118384671718,0.0007239456578663627,2.112724744194027,-2.112724744194027,11.516543822401397
acquires,60,133,193,0.0009042131850722624,0.004112627460645082,-2.1853255322406464,2.1853255322406464,11.5119849352233
argon,63,138,201,0.0009490502025138621,0.004266658451680478,-2.16855031710471,2.16855031710471,11.511245598476071
removed,392,51,443,0.005866176448609305,0.0015865192076645821,1.8865554787680838,-1.8865554787680838,11.50011122586557
national,713,105,818,0.010663737314860483,0.0032500539108468625,1.7141775929408911,-1.7141775929408911,11.498847428104359
sites,354,45,399,0.005298240894349041,0.0014016820184221065,1.9183543392131326,-1.9183543392131326,11.493752012186244
diagonal,52,119,171,0.0007846478052279962,0.003681340685745972,-2.230114128142313,2.230114128142313,11.479500157276206
size,3810,718,4528,0.056950484987071996,0.02213425341178645,1.3634274157313748,-1.3634274157313748,11.477681627801843
polar,249,29,278,0.003728945283893049,0.0009087828471088383,2.036760118147732,-2.036760118147732,11.469427574057386
involving,728,1024,1752,0.01088792240206848,0.03156095006315271,-1.5354119447744212,1.5354119447744212,11.468120613430202
steadily,120,11,131,0.001800953533904258,0.00035427127938141153,2.3458345423452616,-2.3458345423452616,11.454245413432963
slightly,1712,292,2004,0.02559446412291321,0.009010812975570685,1.5061026204367973,-1.5061026204367973,11.451499669810838
tachyon,43,103,146,0.0006501367529031969,0.0031884415144327037,-2.294036299478284,2.294036299478284,11.448233504169732
convective,79,6,85,0.0011881809622023942,0.00020024028834601522,2.568950399315576,-2.568950399315576,11.442997265400702
strategic,135,13,148,0.002025138621112257,0.0004158836757955701,2.2837687013627157,-2.2837687013627157,11.42785595681782
natural,1047,1401,2448,0.01565559192335859,0.04317488678722159,-1.463514338273467,1.463514338273467,11.420439093635325
represent,1201,195,1396,0.017957225485360714,0.006022611749483996,1.5761032979948268,-1.5761032979948268,11.414269890775055
texture,36,90,126,0.000545517045539464,0.0027879609377406732,-2.3535141660308754,2.3535141660308754,11.400862930884127
inject,87,7,94,0.0013077463420466603,0.0002310464865530945,2.500827678396123,-2.500827678396123,11.388461374523134
cosmologies,901,140,1041,0.013473523741200736,0.004328270848094637,1.6382645233837285,-1.6382645233837285,11.384131795955634
complemented,213,24,237,0.0031909010745938514,0.000754751856073442,2.079889577677595,-2.079889577677595,11.381718740400053
constrain,5330,1051,6381,0.07966790715748255,0.032392717414743845,1.2983291759854299,-1.2983291759854299,11.374969364035445
admits,47,109,156,0.0007099194428253299,0.0033732787036751793,-2.2484242890979127,2.2484242890979127,11.368585880394571
tentatively,134,13,147,0.0020101929486317236,0.0004158836757955701,2.273082022565468,-2.273082022565468,11.359073382436716
violations,80,163,243,0.0012031266346829276,0.005036813406857459,-2.0657227852111526,2.0657227852111526,11.355625657126922
representation,236,389,625,0.003534651541646116,0.011999014201657374,-1.763275982549961,1.763275982549961,11.354351852584983
stages,810,124,934,0.012113467545472208,0.0038353716767813685,1.6591736056217734,-1.6591736056217734,11.34965424942342
longitudinal,79,161,240,0.0011881809622023942,0.004975201010443301,-2.066000237237257,2.066000237237257,11.331591765789872
planet,205,23,228,0.0030713356947495852,0.0007239456578663627,2.0849128941763584,-2.0849128941763584,11.32883706858003
euclidean,45,105,150,0.0006800280978642634,0.0032500539108468625,-2.256797386336176,2.256797386336176,11.322984022241117
restoration,21,61,82,0.00032133195833146513,0.0018945811897353748,-2.559742588464829,2.559742588464829,11.311094495414762
accelerate,218,25,243,0.0032656294369965175,0.0007855580542805213,2.0555712897014153,-2.0555712897014153,11.299821178571587
modular,75,154,229,0.0011283982722802613,0.004759557622993746,-2.0765511264069825,2.0765511264069825,11.292449714434966
pathways,133,13,146,0.0019952472761511904,0.0004158836757955701,2.262315591696398,-2.262315591696398,11.289933450379323
attributed,516,73,589,0.0077194398361954296,0.002264255568220326,1.769459356201008,-1.769459356201008,11.289367516626198
lunar,86,7,93,0.0012928006695661271,0.0002310464865530945,2.484244794200519,-2.484244794200519,11.286656411372638
nontrivial,180,309,489,0.0026976938827362536,0.009534518345091033,-1.821433410154781,1.821433410154781,11.282696935400944
averaging,231,27,258,0.00345992317924345,0.0008471704506946798,2.03001583190789,-2.03001583190789,11.280448940440094
sets,2208,396,2604,0.03300751767325771,0.012214657589106928,1.4341812235084874,-1.4341812235084874,11.2801048832608
closely,914,144,1058,0.013667817483447668,0.004451495640922953,1.6184208394203505,-1.6184208394203505,11.272431179558414
reliably,365,48,413,0.005462643291634907,0.0014941006130433443,1.8703219159376225,-1.8703219159376225,11.27030919334829
departures,244,29,273,0.0036542169214903823,0.0009087828471088383,2.0075547677627053,-2.0075547677627053,11.268662092042216
edu,94,8,102,0.0014123660494103933,0.0002618526847601737,2.4312867451430464,-2.4312867451430464,11.268355156412957
controversial,102,9,111,0.0015319314292546592,0.000292658882967253,2.388059748234173,-2.388059748234173,11.268057226628192
monotonically,183,20,203,0.0027425309001778537,0.000631527063245125,2.118591410397442,-2.118591410397442,11.266923338421254
test,5173,1026,6199,0.07732143657803883,0.031622562459566864,1.2899141642457208,-1.2899141642457208,11.263923352683355
injection,561,81,642,0.008391995097819427,0.00251070515387696,1.7409212203418367,-1.7409212203418367,11.257048564226686
proximity,395,53,448,0.005911013466050905,0.0016481316040787408,1.8425740602439578,-1.8425740602439578,11.252641958270026
follows,1072,174,1246,0.016029233735371923,0.005375681587135332,1.5761858683495686,-1.5761858683495686,11.235834572168068
shorter,577,84,661,0.008631125857507959,0.002603123748498198,1.7293048621935483,-1.7293048621935483,11.23229430712015
codes,571,83,654,0.008541451822624758,0.0025723175502911184,1.7314125579127388,-1.7314125579127388,11.227578880462307
cascade,148,262,410,0.0022194323633591894,0.008086627029358306,-1.8653473295804062,1.8653473295804062,11.226766780491303
convolution,117,11,128,0.0017561165164626583,0.00035427127938141153,2.3094621526803,-2.3094621526803,11.223552816999531
reasonably,436,60,496,0.006523786037752769,0.0018637749915282956,1.8074817685271583,-1.8074817685271583,11.221913280429211
dynamic,582,85,667,0.008705854219910625,0.0026339299467052772,1.7247688868280575,-1.7247688868280575,11.2183938726797
constraining,1722,301,2023,0.025743920847718545,0.009288068759434399,1.4707812378638816,-1.4707812378638816,11.1968090465511
fluctuation,3939,763,4702,0.058878476737060786,0.02352053233110502,1.3238196349742513,-1.3238196349742513,11.194160428994866
individually,281,35,316,0.004207206803270113,0.001093620036351314,1.9437511547478605,-1.9437511547478605,11.193871973053467
understand,1559,269,1828,0.02330777623339162,0.008302270416807861,1.4892335367939593,-1.4892335367939593,11.186414418838131
realised,22,62,84,0.0003362776308119984,0.001925387387942454,-2.5174240261600995,2.5174240261600995,11.184037012939077
cpu,101,9,110,0.001516985756774126,0.000292658882967253,2.3739155659139035,-2.3739155659139035,11.180027053036989
beams,107,201,308,0.0016066597916573257,0.0062074489387264715,-1.949936016766194,1.949936016766194,11.179648652235196
world,196,328,524,0.002936824642424786,0.010119836111025538,-1.7848568958914102,1.7848568958914102,11.179269580700938
stability,771,1050,1821,0.011530586318731412,0.03236191121653677,-1.4888309379299982,1.4888309379299982,11.177681260248349
annihilation,1652,2056,3708,0.024697723774081214,0.06335294661285851,-1.3590336379330152,1.3590336379330152,11.16924184175211
appendices,160,17,177,0.0023987804331255884,0.0005391084686238871,2.1536536323496493,-2.1536536323496493,11.15976696513621
later,1049,171,1220,0.015685483268319658,0.005283262992514094,1.5699288472916548,-1.5699288472916548,11.158152281781963
collaborations,167,287,454,0.0025034001404893214,0.008856781984535288,-1.8228936983142896,1.8228936983142896,11.156651596814898
susceptible,131,13,144,0.001965355931190124,0.0004158836757955701,2.2405386493011465,-2.2405386493011465,11.150564297174434
correlated,1563,271,1834,0.023367558923313755,0.00836388281322202,1.4822622782929917,-1.4822622782929917,11.138904213897565
simulating,317,41,358,0.004745251012569311,0.0012784572255937895,1.8920805124849163,-1.8920805124849163,11.131719639924883
uniformly,234,28,262,0.0035047601966850498,0.0008779766489017591,1.9970612605229476,-1.9970612605229476,11.127932955328951
confirmation,378,51,429,0.00565693703388184,0.0015865192076645821,1.8341561249748262,-1.8341561249748262,11.12192878104613
observing,1103,182,1285,0.016492549582268454,0.0056221311727919655,1.5526254226845475,-1.5526254226845475,11.115698619808377
suppressed,870,1160,2030,0.013010207894304205,0.035750593019315484,-1.4583231575210682,1.4583231575210682,11.107002692099714
quarter,76,6,82,0.0011433439447607946,0.00020024028834601522,2.5134552867238726,-2.5134552867238726,11.10655828685649
inhomogeneity,166,18,184,0.002488454468008788,0.0005699146668309663,2.1264321636146253,-2.1264321636146253,11.100732531959514
acquire,140,247,387,0.0020998669835149233,0.007624534056252118,-1.860351232573733,1.860351232573733,11.089563630946762
differences,2296,421,2717,0.03432273685154463,0.01298481254428391,1.4023394094511745,-1.4023394094511745,11.089211467472786
talk,155,268,423,0.0023240520707229224,0.008271464218600783,-1.8315003456824972,1.8315003456824972,11.080088914544298
overestimates,92,8,100,0.0013824747044493266,0.0002618526847601737,2.400425781438286,-2.400425781438286,11.078254273070547
limiting,708,109,817,0.010589008952457816,0.0033732787036751793,1.650344145489158,-1.650344145489158,11.068630991814079
box,482,69,551,0.0072112869718572985,0.0021410307753920088,1.7519512216042483,-1.7519512216042483,11.061028212332271
holographic,164,280,444,0.0024585631230477217,0.008641138597085733,-1.8134060247012382,1.8134060247012382,11.058284642355938
normalized,441,62,503,0.006598514400155435,0.001925387387942454,1.7769925051586917,-1.7769925051586917,11.057471391141164
display,487,70,557,0.007286015334259965,0.002171836973599088,1.7462142184104925,-1.7462142184104925,11.043685542442073
losses,283,36,319,0.00423709814823118,0.001124426234558393,1.9138875282345245,-1.9138875282345245,11.039917612703054
interferometer,544,80,624,0.00813791866565036,0.002479898955669881,1.7143785227746025,-1.7143785227746025,11.036743163264852
digital,107,10,117,0.0016066597916573257,0.0003234650811743323,2.312382588983013,-2.312382588983013,11.031648063143368
inertia,99,9,108,0.0014870944118130596,0.000292658882967253,2.3452042692723762,-2.3452042692723762,11.002169082045707
antenna,288,37,325,0.004311826510633846,0.0011552324327654725,1.9001159803219145,-1.9001159803219145,10.995776190817923
collapses,171,19,190,0.0025631828304114542,0.0006007208650380457,2.093169709482877,-2.093169709482877,10.993899645508998
electron,1092,1403,2495,0.01632814718498259,0.04323649918363575,-1.4048886219522507,1.4048886219522507,10.989663596309896
bayes,114,11,125,0.0017112794990210584,0.00035427127938141153,2.2721489942122437,-2.2721489942122437,10.988753070606673
admixture,35,84,119,0.0005305713730589308,0.002603123748498198,-2.2946251546051895,2.2946251546051895,10.98549898045232
validated,224,27,251,0.003355303471879717,0.0008471704506946798,1.9857190833888003,-1.9857190833888003,10.979892859316553
best,2652,500,3152,0.03964339625461448,0.015418502202643172,1.3624179391384466,-1.3624179391384466,10.975788319830714
boosted,184,305,489,0.002757476572658387,0.009411293552262716,-1.7710444015860205,1.7710444015860205,10.970566989070193
nonstandard,138,241,379,0.002069975638553857,0.007439696867009642,-1.845630050614272,1.845630050614272,10.963358569815853
inspired,202,329,531,0.0030264986773079856,0.010150642309232618,-1.7458493950637517,1.7458493950637517,10.958074238897945
count,348,47,395,0.005208566859465842,0.0014632944148362651,1.8316663997097882,-1.8316663997097882,10.955955433501456
manifolds,29,73,102,0.0004408973381757312,0.002264255568220326,-2.36052213330221,2.36052213330221,10.940380358573414
entanglement,23,62,85,0.00035122330329253167,0.001925387387942454,-2.4546882708121367,2.4546882708121367,10.934034062237238
create,748,118,866,0.011186835851679146,0.003650534487538893,1.6156224193324706,-1.6156224193324706,10.92974863854464
space-time,196,320,516,0.002936824642424786,0.009873386525368904,-1.7492878821878217,1.7492878821878217,10.92962568776756
probabilistic,156,17,173,0.0023389977432034556,0.0005391084686238871,2.1172429921599645,-2.1172429921599645,10.92297367842769
azimuthal,267,34,301,0.0039979673885426475,0.0010628138381442347,1.911377786682653,-1.911377786682653,10.914783353482802
tilted,183,21,204,0.0027425309001778537,0.0006623332614522042,2.049878660313428,-2.049878660313428,10.911524564871248
messengers,48,105,153,0.0007248651153058632,0.0032500539108468625,-2.1646791843477446,2.1646791843477446,10.903386450990986
adopts,82,7,89,0.001233017979643994,0.0002310464865530945,2.41593878080961,-2.41593878080961,10.871264688812994
reflecting,215,26,241,0.003220792419554918,0.0008163642524876005,1.980130766698212,-1.980130766698212,10.86881446805338
ignoring,155,17,172,0.0023240520707229224,0.0005391084686238871,2.107994915357949,-2.107994915357949,10.863112478558177
equivalent,1303,226,1529,0.019481684078375108,0.006977603893903454,1.481314789661634,-1.481314789661634,10.862515444139833
recipe,134,14,148,0.0020101929486317236,0.00044668987400264934,2.1699885296013646,-2.1699885296013646,10.858506086642768
magnet,25,65,90,0.00038111464825359815,0.002017805982563692,-2.404490497393642,2.404490497393642,10.846318818497538
fail,356,49,405,0.0053281322393101075,0.0015249068112504235,1.8049088085365914,-1.8049088085365914,10.840919724946755
freeze,29,72,101,0.0004408973381757312,0.002233449370013247,-2.3407588784807802,2.3407588784807802,10.825946175427388
accessible,399,576,975,0.005970796155973038,0.017759773266381194,-1.5726179425514821,1.5726179425514821,10.82505677027506
mediates,24,63,87,0.0003661689757730649,0.001956193586149533,-2.417467680484645,2.417467680484645,10.823817043645139
merged,161,18,179,0.0024137261056061217,0.0005699146668309663,2.082444151237288,-2.082444151237288,10.814042621763925
hundreds,516,77,593,0.0077194398361954296,0.002387480361048643,1.6930072957631348,-1.6930072957631348,10.813033284839642
eft,91,170,261,0.0013675290319687934,0.005252456794307014,-1.9414209285678172,1.9414209285678172,10.81050055707737
micron,181,21,202,0.002712639555216787,0.0006623332614522042,2.0340681454659655,-2.0340681454659655,10.807423032268208
motivations,75,146,221,0.0011283982722802613,0.004513108037337113,-1.999844952924856,1.999844952924856,10.804517094418554
interval,626,97,723,0.009363463809054088,0.0030036043251902285,1.6403475477445626,-1.6403475477445626,10.801346412909414
transitions,548,755,1303,0.008197701355572493,0.023274082745448385,-1.5054329725893236,1.5054329725893236,10.79875936784479
recorded,121,213,334,0.0018158992063847914,0.006577123317211423,-1.8567725938423965,1.8567725938423965,10.7955182285151
unprecedented,939,156,1095,0.014041459295460999,0.004821170019407905,1.5422376666597502,-1.5422376666597502,10.79477297425531
interaction,4903,5346,10249,0.07328610500829486,0.16470533871414927,-1.1682757234688934,1.1682757234688934,10.789064841303587
benchmarks,52,110,162,0.0007846478052279962,0.003404084901882259,-2.117149879552996,2.117149879552996,10.784232624111088
decompose,104,10,114,0.0015618227742157259,0.0003234650811743323,2.2715488714744354,-2.2715488714744354,10.778345221406331
underground,245,379,624,0.0036691625939709155,0.01169095221958658,-1.6718696989284605,1.6718696989284605,10.763081912420997
twin,63,127,190,0.0009490502025138621,0.0039277902714026066,-2.049161587914379,2.049161587914379,10.762756957976531
growing,683,108,791,0.010215367140444484,0.0033424725054681,1.6117534573338934,-1.6117534573338934,10.757747399444225
sound,715,114,829,0.010693628659821548,0.0035273096947105757,1.6001113308020365,-1.6001113308020365,10.755029422979128
revised,250,32,282,0.003743890956373582,0.001001201441730076,1.9028061423390668,-1.9028061423390668,10.742191033084582
releases,173,20,193,0.002593074175372521,0.000631527063245125,2.03774701013249,-2.03774701013249,10.734562213433339
plateau,262,34,296,0.003923239026139981,0.0010628138381442347,1.8841563179476286,-1.8841563179476286,10.72788138202657
thickness,262,34,296,0.003923239026139981,0.0010628138381442347,1.8841563179476286,-1.8841563179476286,10.72788138202657
scalings,125,13,138,0.0018756818963069244,0.0004158836757955701,2.1731632139596164,-2.1731632139596164,10.723417231722243
advent,218,27,245,0.0032656294369965175,0.0008471704506946798,1.9466369181482515,-1.9466369181482515,10.716881614491754
stabilizing,36,83,119,0.000545517045539464,0.0025723175502911184,-2.237372571421722,2.237372571421722,10.711402711208528
targeted,304,41,345,0.004550957270322378,0.0012784572255937895,1.8317661487317203,-1.8317661487317203,10.709308638783284
findings,1942,361,2303,0.02903196879343586,0.011136440651859154,1.3823542085162674,-1.3823542085162674,10.702742018881905
asymptotically,129,222,351,0.0019354645862290573,0.006854379101075136,-1.8243460759948933,1.8243460759948933,10.69729252628371
indirect,528,723,1251,0.007898787905961829,0.022288284402821847,-1.4965823829767286,1.4965823829767286,10.674370182439072
modest,586,91,677,0.008765636909832758,0.002818767135947753,1.6367946219167788,-1.6367946219167788,10.670505220384193
continuity,110,11,121,0.0016514968090989254,0.00035427127938141153,2.220847765506732,-2.220847765506732,10.668999402643168
spikes,110,11,121,0.0016514968090989254,0.00035427127938141153,2.220847765506732,-2.220847765506732,10.668999402643168
deeper,591,92,683,0.008840365272235425,0.002849573334154832,1.6333600599957891,-1.6333600599957891,10.662505735977955
routine,80,7,87,0.0012031266346829276,0.0002310464865530945,2.380533444678411,-2.380533444678411,10.65845002995527
blackbody,117,12,129,0.0017561165164626583,0.0003850774775884908,2.189167918962588,-2.189167918962588,10.655850263382552
proportion,131,14,145,0.001965355931190124,0.00044668987400264934,2.137445156337043,-2.137445156337043,10.652185834659697
thousand,191,23,214,0.0028620962800221194,0.0007239456578663627,1.9831188924196326,-1.9831188924196326,10.650613737927289
condensate,218,340,558,0.0032656294369965175,0.01048951048951049,-1.6835143563391601,1.6835143563391601,10.650163458404023
filling,178,21,199,0.002667802537775187,0.0006623332614522042,2.0100226714993146,-2.0100226714993146,10.649738027560097
homogeneous,1089,188,1277,0.016283310167540987,0.0058069683620344415,1.4875369300195551,-1.4875369300195551,10.640428469306258
informative,95,9,104,0.0014273117218909265,0.000292658882967253,2.286008476764476,-2.286008476764476,10.638992810985867
favour,366,52,418,0.0054775889641154405,0.0016173254058716613,1.7599310326400022,-1.7599310326400022,10.626236403045608
white,529,81,610,0.007913733578442363,0.00251070515387696,1.656265881933572,-1.656265881933572,10.62510622277172
harder,151,17,168,0.002264269380800789,0.0005391084686238871,2.070398128700297,-2.070398128700297,10.62093269979879
lectures,90,165,255,0.0013525833594882602,0.005098425803271619,-1.9143343575516996,1.9143343575516996,10.615323700687957
action,484,667,1151,0.007241178316818365,0.02056313730322541,-1.5057640089875224,1.5057640089875224,10.61451423014409
sustained,137,15,152,0.0020550299660733237,0.0004774960722097286,2.10559866019746,-2.10559866019746,10.592083347490407
doubly,76,144,220,0.0011433439447607946,0.004451495640922953,-1.961030677635714,1.961030677635714,10.585962660545194
specifications,130,14,144,0.0019504102587095907,0.00044668987400264934,2.1264321636146253,-2.1264321636146253,10.582686699629292
spacecraft,116,12,128,0.001741170843982125,0.0003850774775884908,2.1768371170518686,-2.1768371170518686,10.579020023723572
gathered,170,20,190,0.002548237157930921,0.000631527063245125,2.0125830865784016,-2.0125830865784016,10.570636667371808
parametrizations,202,25,227,0.0030264986773079856,0.0007855580542805213,1.9458599179728042,-1.9458599179728042,10.564746040203293
quanta,28,68,96,0.00042595166569519796,0.0021102245771849296,-2.3086349066234724,2.3086349066234724,10.561337452686532
discontinuities,79,7,86,0.0011881809622023942,0.0002310464865530945,2.3624995218481493,-2.3624995218481493,10.550705794939223
wealth,293,40,333,0.004386554873036512,0.00124765102738671,1.8138738523977402,-1.8138738523977402,10.540676699757078
undetected,293,40,333,0.004386554873036512,0.00124765102738671,1.8138738523977402,-1.8138738523977402,10.540676699757078
presumably,214,27,241,0.0032058467470743846,0.0008471704506946798,1.9199812861471988,-1.9199812861471988,10.538657715048195
outside,1153,203,1356,0.017239833206295116,0.00626906133514063,1.4594244665890486,-1.4594244665890486,10.526874882644425
misaligned,156,18,174,0.0023389977432034556,0.0005699146668309663,2.0370726434759816,-2.0370726434759816,10.521044216888045
fractal,129,14,143,0.0019354645862290573,0.00044668987400264934,2.1153344547312947,-2.1153344547312947,10.512817306174936
lasting,108,11,119,0.001621605464137859,0.00035427127938141153,2.1944964385597796,-2.1944964385597796,10.506133579169552
combine,1016,176,1192,0.01519227607646206,0.00543729398354949,1.482377288745865,-1.482377288745865,10.501496356451328
wmap7,86,8,94,0.0012928006695661271,0.0002618526847601737,2.303672548558698,-2.303672548558698,10.49064118469598
monitored,86,8,94,0.0012928006695661271,0.0002618526847601737,2.303672548558698,-2.303672548558698,10.49064118469598
return,175,21,196,0.0026229655203335875,0.0006623332614522042,1.9855696277747756,-1.9855696277747756,10.490168861128595
revealing,355,51,406,0.005313186566829575,0.0015865192076645821,1.7437123846085099,-1.7437123846085099,10.477641968255163
characteristics,1217,217,1434,0.018196356245049245,0.00670034811003974,1.4413416284059264,-1.4413416284059264,10.476997174323355
resembling,168,20,188,0.0025183458129698546,0.000631527063245125,1.9955599387360876,-1.9955599387360876,10.46022035224249
mitigation,93,9,102,0.00139742037692986,0.000292658882967253,2.255474108616364,-2.255474108616364,10.45351123340566
annihilations,314,453,767,0.004700413995127711,0.013970610886910446,-1.5715353714769205,1.5715353714769205,10.440950566296777
material,1149,204,1353,0.017180050516372985,0.0062998675333477095,1.4473408799487442,-1.4473408799487442,10.436512325599127
undertaken,148,17,165,0.0022194323633591894,0.0005391084686238871,2.0415432660281123,-2.0415432660281123,10.436344245337244
rejected,121,13,134,0.0018158992063847914,0.0004158836757955701,2.1264321636146253,-2.1264321636146253,10.430734060239082
parameterizations,121,13,134,0.0018158992063847914,0.0004158836757955701,2.1264321636146253,-2.1264321636146253,10.430734060239082
solitons,75,140,215,0.0011283982722802613,0.004328270848094637,-1.9395144187235343,1.9395144187235343,10.42542997635672
liquid,202,312,514,0.0030264986773079856,0.00962693693971227,-1.6694271196051496,1.6694271196051496,10.424181563308876
characterise,167,20,187,0.0025034001404893214,0.000631527063245125,1.9869724428993638,-1.9869724428993638,10.404665878984964
supporting,375,55,430,0.00561210001644024,0.0017097440004928991,1.7147603933364788,-1.7147603933364788,10.401921894607899
physical,5203,1107,6310,0.07776980675245483,0.03411786451434028,1.188682804737471,-1.188682804737471,10.401033288040239
divided,346,50,396,0.005178675514504775,0.001555713009457503,1.735007221557732,-1.735007221557732,10.382172660333591
manifold,70,132,202,0.0010536699098775948,0.004081821262438002,-1.9537900348794552,1.9537900348794552,10.380888895113783
tree,370,518,888,0.005537371654037573,0.0159730137703706,-1.5283632843350792,1.5283632843350792,10.377735311824573
spectrometer,402,60,462,0.006015633173414638,0.0018637749915282956,1.6904888978996975,-1.6904888978996975,10.375759443271395
probable,340,49,389,0.005089001479621575,0.0015249068112504235,1.7386615301047743,-1.7386615301047743,10.373109818274408
condensates,56,111,167,0.0008444304951501293,0.003434891100089338,-2.024213775332804,2.024213775332804,10.37199847141717
automatically,167,265,432,0.0025034001404893214,0.008179045623979544,-1.7080436032867061,1.7080436032867061,10.369084743545924
approximately,2305,451,2756,0.034457247903869434,0.013908998490496288,1.3087889351033821,-1.3087889351033821,10.36809298536101
probability,2041,394,2435,0.030511590369008655,0.01215304519269277,1.3280395243840053,-1.3280395243840053,10.356201786684016
contact,94,166,260,0.0014123660494103933,0.0051292320014786974,-1.8606287806778765,1.8606287806778765,10.353506820533985
nonminimal,94,166,260,0.0014123660494103933,0.0051292320014786974,-1.8606287806778765,1.8606287806778765,10.353506820533985
interpolation,140,16,156,0.0020998669835149233,0.0005083022704168078,2.046539363034786,-2.046539363034786,10.347806069824834
insignificant,99,10,109,0.0014870944118130596,0.0003234650811743323,2.200814359937201,-2.200814359937201,10.34488468763882
excesses,141,230,371,0.0021148126559954565,0.00710082868673177,-1.7474575354251427,1.7474575354251427,10.343015667031176
subtracted,106,11,117,0.0015917141191767923,0.00035427127938141153,2.1676548263411384,-2.1676548263411384,10.34119755117446
uhecrs,77,7,84,0.0011582896172413278,0.0002310464865530945,2.325740971838032,-2.325740971838032,10.332456050807243
absolutely,25,61,86,0.00038111464825359815,0.0018945811897353748,-2.3135820011954316,2.3135820011954316,10.332244642311796
drive,594,96,690,0.008885202289677024,0.002972798126983149,1.5795831246498884,-1.5795831246498884,10.327535332224807
imprint,471,73,544,0.007046884574571433,0.002264255568220326,1.6379487780110449,-1.6379487780110449,10.32036439287801
guarantees,28,66,94,0.00042595166569519796,0.002048612180770771,-2.2658852591641354,2.2658852591641354,10.318562520725859
einstein-hilbert,31,71,102,0.00047078868313679776,0.0022026431718061676,-2.22608425110616,2.22608425110616,10.31729720884318
validation,263,36,299,0.003938184698620515,0.001124426234558393,1.8083417549295104,-1.8083417549295104,10.31438800995598
complexity,438,67,505,0.006553677382713835,0.0020794183789778504,1.656124597566215,-1.656124597566215,10.311920535654986
stabilize,54,107,161,0.0008145391501890628,0.003311666307261021,-2.023501362640221,2.023501362640221,10.294758116906122
workshop,73,135,208,0.0010985069273191947,0.00417423985705924,-1.9259695343451941,1.9259695343451941,10.289173011573048
true,1408,261,1669,0.021050979688831097,0.008055820831151228,1.3857838743003021,-1.3857838743003021,10.283318585091274
accommodating,30,69,99,0.0004558430106562645,0.0021410307753920088,-2.2316965729883083,2.2316965729883083,10.277342522097555
suggestive,171,21,192,0.0025631828304114542,0.0006623332614522042,1.952307173643027,-1.952307173643027,10.274387808459785
characterizing,409,62,471,0.006120252880778371,0.001925387387942454,1.6684425191512344,-1.6684425191512344,10.272565529071576
universality,156,248,404,0.0023389977432034556,0.007655340254459197,-1.7105760324573547,1.7105760324573547,10.270105318573126
france,214,28,242,0.0032058467470743846,0.0008779766489017591,1.8684509855071167,-1.8684509855071167,10.263516067260792
performs,232,31,263,0.0034748688517239833,0.0009703952435229968,1.8403141446677902,-1.8403141446677902,10.261498004467844
driven,1737,332,2069,0.02596810593492654,0.010243060903853855,1.342093894281993,-1.342093894281993,10.247294726736333
light,5312,5534,10846,0.07939888505283295,0.1704969039770802,-1.1025548880547904,1.1025548880547904,10.244547315157092
resummed,26,62,88,0.0003960603207341314,0.001925387387942454,-2.281356667926575,2.281356667926575,10.240180511986152
transformed,189,24,213,0.002832204935061053,0.000754751856073442,1.9078513562281962,-1.9078513562281962,10.23748461774741
doubles,76,7,83,0.0011433439447607946,0.0002310464865530945,2.307004409256446,-2.307004409256446,10.221913891539057
transit,76,7,83,0.0011433439447607946,0.0002310464865530945,2.307004409256446,-2.307004409256446,10.221913891539057
effectiveness,219,29,248,0.003280575109477051,0.0009087828471088383,1.85194124234583,-1.85194124234583,10.217998571663447
contraction,272,38,310,0.004072695750945314,0.0011860386309725517,1.7798330411417003,-1.7798330411417003,10.215873074407542
coalescence,295,42,337,0.004416446217997578,0.0013092634238008687,1.7541305462121435,-1.7541305462121435,10.214382677262009
comparable,2582,519,3101,0.03859719918097715,0.01600381996857768,1.2700798570205227,-1.2700798570205227,10.211191011206099
cancel,67,125,192,0.0010088328924359952,0.0038661778749884477,-1.9382207947276282,1.9382207947276282,10.20025556034452
interference,134,217,351,0.0020101929486317236,0.00670034811003974,-1.7369020660071537,1.7369020660071537,10.18455310320029
ambient,389,59,448,0.005821339431167706,0.0018329687933212162,1.6671689169260386,-1.6671689169260386,10.181438733399784
months,218,29,247,0.0032656294369965175,0.0009087828471088383,1.8453535823110698,-1.8453535823110698,10.17422548755238
disappearance,33,73,106,0.0005006800280978643,0.002264255568220326,-2.1770759922062792,2.1770759922062792,10.173103471196265
influences,265,37,302,0.003968076043581581,0.0011552324327654725,1.7802565224805855,-1.7802565224805855,10.17191009471935
goodness,97,10,107,0.001457203066851993,0.0003234650811743323,2.171520053143163,-2.171520053143163,10.167341851148048
superconducting,90,157,247,0.0013525833594882602,0.004851976217614984,-1.8428549691317604,1.8428549691317604,10.160449561824029
dama,195,295,490,0.0029218789699442527,0.009103231570191923,-1.6394823606978675,1.6394823606978675,10.158960846568998
overproduction,73,133,206,0.0010985069273191947,0.004112627460645082,-1.9045164246788768,1.9045164246788768,10.156250529967615
recognized,175,22,197,0.0026229655203335875,0.0006931394596592835,1.9199812861471988,-1.9199812861471988,10.153373735082722
decomposition,495,79,574,0.007405580714104231,0.0024490927574628016,1.5963654540744456,-1.5963654540744456,10.143896815534516
accelerated,896,158,1054,0.013398795378798069,0.004882782415822063,1.4563279049012807,-1.4563279049012807,10.137929685937923
parity-violating,52,102,154,0.0007846478052279962,0.0031576353162256245,-2.0087274196670104,2.0087274196670104,10.13086632139299
overlapping,292,42,334,0.004371609200555979,0.0013092634238008687,1.7394090405053781,-1.7394090405053781,10.113151209734863
perturb,75,7,82,0.0011283982722802613,0.0002310464865530945,2.2880213058888734,-2.2880213058888734,10.110401457965557
allowed,1485,1716,3201,0.02220179646983216,0.052878839222451554,-1.2520140899495293,1.2520140899495293,10.105670406195854
second-order,429,67,496,0.006419166330389036,0.0020794183789778504,1.6262058862599456,-1.6262058862599456,10.096445645813127
internal,1674,323,1997,0.025026528568652947,0.009965805119990142,1.328399920886521,-1.328399920886521,10.095709161357885
slowly,617,103,720,0.009228952756729289,0.0031884415144327037,1.5333155311450277,-1.5333155311450277,10.090196194059828
unseen,103,11,114,0.0015468771017351926,0.00035427127938141153,2.1264321636146253,-2.1264321636146253,10.089776291920016
sheet,123,14,137,0.0018457905513458578,0.00044668987400264934,2.046893398629418,-2.046893398629418,10.085563041520757
stabilizes,31,69,100,0.00047078868313679776,0.0021410307753920088,-2.185153987051278,2.185153987051278,10.084748998097835
initially,793,138,931,0.011859391113303143,0.004266658451680478,1.4748514089583065,-1.4748514089583065,10.084049935255907
figures,82,8,90,0.001233017979643994,0.0002618526847601737,2.2353665351677896,-2.2353665351677896,10.083424385711256
underwent,82,8,90,0.001233017979643994,0.0002618526847601737,2.2353665351677896,-2.2353665351677896,10.083424385711256
kernels,82,8,90,0.001233017979643994,0.0002618526847601737,2.2353665351677896,-2.2353665351677896,10.083424385711256
two-fluid,89,9,98,0.001337637687007727,0.000292658882967253,2.192395425992984,-2.192395425992984,10.07431974132464
unify,28,64,92,0.00042595166569519796,0.0019869997843566124,-2.2218300790861996,2.2218300790861996,10.070665890338768
repeated,161,20,181,0.0024137261056061217,0.000631527063245125,1.9343455122481539,-1.9343455122481539,10.066346980856382
sustain,116,13,129,0.001741170843982125,0.0004158836757955701,2.0658058046631247,-2.0658058046631247,10.055380922148874
kilometer,179,23,202,0.0026827482102557204,0.0007239456578663627,1.8897583443177268,-1.8897583443177268,10.040675333973054
hawc,109,12,121,0.0016365511366183921,0.0003850774775884908,2.087438031998762,-2.087438031998762,10.028096235298626
broadly,415,65,480,0.00620992691566157,0.002017805982563692,1.621788827405207,-1.621788827405207,10.01595253819502
violate,86,149,235,0.0012928006695661271,0.00460552663195835,-1.8328662843890675,1.8328662843890675,10.014473099004103
dvali-gabadadze-porrati,74,7,81,0.001113452599799728,0.0002310464865530945,2.2687850870259556,-2.2687850870259556,9.997898910903382
remove,467,75,542,0.0069871018846493,0.0023258679646344844,1.586924977622233,-1.586924977622233,9.993040066620914
non-linearities,95,10,105,0.0014273117218909265,0.0003234650811743323,2.141618567429301,-2.141618567429301,9.987307752026082
deliver,184,24,208,0.002757476572658387,0.000754751856073442,1.8692743241175007,-1.8692743241175007,9.986288248051295
fairly,524,86,610,0.007839005216039696,0.0026647361449123564,1.5566778971128559,-1.5566778971128559,9.986239644178315
apparently,338,51,389,0.005059110134660509,0.0015865192076645821,1.6730186585640912,-1.6730186585640912,9.981474814285246
integer,26,60,86,0.0003960603207341314,0.0018637749915282956,-2.2344356205390827,2.2344356205390827,9.978784178376483
equally,397,62,459,0.0059409048110119714,0.001925387387942454,1.6255339276819436,-1.6255339276819436,9.966516676957106
adopt,528,87,615,0.007898787905961829,0.0026955423431194356,1.551055711722667,-1.551055711722667,9.962813890593944
resonantly,48,94,142,0.0007248651153058632,0.0029111857305689904,-2.0058224198616323,2.0058224198616323,9.954585025665235
mapped,259,37,296,0.0038784020086983814,0.0011552324327654725,1.7472792000343127,-1.7472792000343127,9.948539736696837
kick,121,14,135,0.0018158992063847914,0.00044668987400264934,2.0233386706505216,-2.0233386706505216,9.939964605869974
spaces,178,267,445,0.002667802537775187,0.008240658020393704,-1.6271076550870969,1.6271076550870969,9.925875665304742
behaviour,937,170,1107,0.014011567950499933,0.005252456794307014,1.4155541134187462,-1.4155541134187462,9.923475800115
freedom,605,761,1366,0.00904960468696289,0.02345891993469086,-1.3742099146206506,1.3742099146206506,9.922309313693598
understanding,3384,719,4103,0.050583628510364825,0.022165059609993532,1.1903832869664601,-1.1903832869664601,9.903652529591232
tool,1790,355,2145,0.026760226576394805,0.010951603462616678,1.2889482158734222,-1.2889482158734222,9.887986975267669
fit,3739,804,4543,0.05588934224095413,0.024783586457595267,1.1731882196615235,-1.1731882196615235,9.880078456280264
criteria,914,166,1080,0.013667817483447668,0.0051292320014786974,1.4139681548497671,-1.4139681548497671,9.877475071328684
powerful,1869,373,2242,0.027940934702356934,0.011506115030344105,1.279979485241245,-1.279979485241245,9.875770721138208
satisfies,134,210,344,0.0020101929486317236,0.006484704722590185,-1.689706898337459,1.689706898337459,9.873877312199236
cause,928,169,1097,0.013877056898175134,0.0052216505960999355,1.4101237989713897,-1.4101237989713897,9.87262307412442
bare,36,75,111,0.000545517045539464,0.0023258679646344844,-2.0920730182727487,2.0920730182727487,9.871444175386886
restored,38,78,116,0.0005754083905005306,0.0024182865592557224,-2.071327046024413,2.071327046024413,9.864019669019092
actual,523,87,610,0.007824059543559162,0.0026955423431194356,1.5373417772707925,-1.5373417772707925,9.862196560577317
displays,234,33,267,0.0035047601966850498,0.0010320076399371553,1.763862084229917,-1.763862084229917,9.86172994834621
rough,145,18,163,0.0021745953459175894,0.0005699146668309663,1.931929139451647,-1.931929139451647,9.852580559224748
correlating,100,11,111,0.0015020400842935928,0.00035427127938141153,2.0839968972942287,-2.0839968972942287,9.833337007665296
intrinsically,289,43,332,0.004326772183114379,0.001340069622007948,1.6909832043128212,-1.6909832043128212,9.821471398812578
passed,132,16,148,0.001980301603670657,0.0005083022704168078,1.961961592264421,-1.961961592264421,9.81755046201842
microscopic,111,179,290,0.0016664424815794586,0.005529712578170728,-1.7304329717304339,1.7304329717304339,9.817305640798981
dissipation,370,58,428,0.005537371654037573,0.001802162595114137,1.619472174894742,-1.619472174894742,9.816360819527137
featuring,162,244,406,0.002428671778086655,0.00753211546163088,-1.632887584864104,1.632887584864104,9.811716450276942
quantifies,93,10,103,0.00139742037692986,0.0003234650811743323,2.1110841992811893,-2.1110841992811893,9.804700242462706
flavours,30,65,95,0.0004558430106562645,0.002017805982563692,-2.1461785018022512,2.1461785018022512,9.795905963268256
integral,1110,209,1319,0.016597169289632188,0.006453898524383106,1.3626944060199422,-1.3626944060199422,9.791486691219761
locally,509,85,594,0.007614820128831697,0.0026339299467052772,1.5315929834522286,-1.5315929834522286,9.784675823087394
instabilities,649,113,762,0.009707214276106354,0.0034965034965034965,1.473144390329279,-1.473144390329279,9.77763943595465
enlarged,48,92,140,0.0007248651153058632,0.002849573334154832,-1.9749614561568718,1.9749614561568718,9.773610039271988
strange,86,145,231,0.0012928006695661271,0.004482301839130033,-1.7937399530992464,1.7937399530992464,9.77003043759664
prospective,42,83,125,0.0006351910804226637,0.0025723175502911184,-2.0178061941640375,2.0178061941640375,9.758679588570155
coordinates,394,63,457,0.005896067793570371,0.001956193586149533,1.5917039654136056,-1.5917039654136056,9.752161975924972
funded,131,16,147,0.001965355931190124,0.0005083022704168078,1.9510320321061618,-1.9510320321061618,9.749721217347854
moderately,399,64,463,0.005970796155973038,0.0019869997843566124,1.5873315996770356,-1.5873315996770356,9.74603276811762
ordinary,502,636,1138,0.007510200421467964,0.01960814515880595,-1.384529755662754,1.384529755662754,9.744190223948966
oscillating,187,273,460,0.0028023135900999865,0.008425495209636178,-1.5881430752370005,1.5881430752370005,9.740713629657298
key,2705,570,3275,0.04043551689608274,0.017574936077138722,1.2021036118660826,-1.2021036118660826,9.73028156451296
broadening,173,23,196,0.002593074175372521,0.0007239456578663627,1.8407101630729366,-1.8407101630729366,9.72484679707285
matched,546,93,639,0.008167810010611428,0.0028803795323619113,1.5036903879565808,-1.5036903879565808,9.716047588870422
united,92,10,102,0.0013824747044493266,0.0003234650811743323,2.0955711999098647,-2.0955711999098647,9.712404587121412
devoid,92,10,102,0.0013824747044493266,0.0003234650811743323,2.0955711999098647,-2.0955711999098647,9.712404587121412
estimations,219,31,250,0.003280575109477051,0.0009703952435229968,1.7573043682077547,-1.7573043682077547,9.70990258626266
claims,387,62,449,0.0057914480862066384,0.001925387387942454,1.5887753776718256,-1.5887753776718256,9.706222135597143
amplification,371,59,430,0.005552317326518107,0.0018329687933212162,1.5989077994029657,-1.5989077994029657,9.69914753728831
bridges,85,9,94,0.001277854997085594,0.000292658882967253,2.1264321636146253,-2.1264321636146253,9.683510291440783
observer,427,70,497,0.00638927498542797,0.002171836973599088,1.5567364195467797,-1.5567364195467797,9.668267327144312
non-vanishing,82,138,220,0.001233017979643994,0.004266658451680478,-1.7909127896310597,1.7909127896310597,9.667638622657496
converging,78,8,86,0.001173235289721861,0.0002618526847601737,2.1636650698136006,-2.1636650698136006,9.662729401329896
accelerates,78,8,86,0.001173235289721861,0.0002618526847601737,2.1636650698136006,-2.1636650698136006,9.662729401329896
detects,78,8,86,0.001173235289721861,0.0002618526847601737,2.1636650698136006,-2.1636650698136006,9.662729401329896
remained,160,21,181,0.0023987804331255884,0.0006623332614522042,1.856671894592518,-1.856671894592518,9.662132955167007
odds,154,20,174,0.0023091063982423887,0.000631527063245125,1.8704181854586035,-1.8704181854586035,9.660309609628067
efficient,1844,375,2219,0.0275672928903436,0.011567727426758264,1.2528521383528597,-1.2528521383528597,9.653554568206323
preference,446,74,520,0.006673242762558101,0.002295061766427405,1.539855006831374,-1.539855006831374,9.6329480232795
sizeable,106,169,275,0.0015917141191767923,0.0052216505960999355,-1.713924680738193,1.713924680738193,9.632943759394928
requirement,300,403,703,0.004491174580400245,0.012430300976556483,-1.4686965203942821,1.4686965203942821,9.629917556685857
analyse,1332,261,1593,0.01991510858031057,0.008055820831151228,1.3057598435719098,-1.3057598435719098,9.628675514364037
convincing,123,15,138,0.0018457905513458578,0.0004774960722097286,1.9506780833701154,-1.9506780833701154,9.625570154319172
interesting,1396,1559,2955,0.0208716316190647,0.048042266103940114,-1.2027608169218893,1.2027608169218893,9.611974061686885
globally,211,30,241,0.003161009729632785,0.0009395890453159176,1.7502836777293762,-1.7502836777293762,9.607198110165045
oriented,153,20,173,0.0022941607257618555,0.000631527063245125,1.8610500029244084,-1.8610500029244084,9.601259879690383
raw,141,18,159,0.0021148126559954565,0.0005699146668309663,1.8917120393752456,-1.8917120393752456,9.600767408199827
drift,222,32,254,0.0033254121269186507,0.001001201441730076,1.7318008749976186,-1.7318008749976186,9.596365056097767
green,277,42,319,0.00414742411334798,0.0013092634238008687,1.6634601872720793,-1.6634601872720793,9.595372323908576
satisfy,347,455,802,0.005193621186985308,0.014032223283324605,-1.4339309140188683,1.4339309140188683,9.590638588252085
reverse,110,13,123,0.0016514968090989254,0.0004158836757955701,1.9895222194002757,-1.9895222194002757,9.590057278536769
filtered,84,9,93,0.0012629093246050607,0.000292658882967253,2.109459085010912,-2.109459085010912,9.583894454342133
coupled,1516,1674,3190,0.02266511231672869,0.05158497889775423,-1.186477715910232,1.186477715910232,9.572608551545649
displaying,97,11,108,0.001457203066851993,0.00035427127938141153,2.0402755198649105,-2.0402755198649105,9.571642239282212
optimal,766,140,906,0.011455857956328745,0.004328270848094637,1.4042228236101644,-1.4042228236101644,9.56295746048812
origins,597,105,702,0.008930039307118625,0.0032500539108468625,1.4582028763332389,-1.4582028763332389,9.559040275029233
approximated,345,55,400,0.005163729842024242,0.0017097440004928991,1.5946331962104654,-1.5946331962104654,9.558169868788118
observatories,626,111,737,0.009363463809054088,0.003434891100089338,1.4467779615738687,-1.4467779615738687,9.55444038490381
magic,158,21,179,0.002368889088164522,0.0006623332614522042,1.8385814376096221,-1.8385814376096221,9.547674072354459
noticeable,158,21,179,0.002368889088164522,0.0006623332614522042,1.8385814376096221,-1.8385814376096221,9.547674072354459
ranging,1068,205,1273,0.01596945104544979,0.006330673731554789,1.3348837711504407,-1.3348837711504407,9.544307949628056
occurrence,286,44,330,0.004281935165672779,0.0013708758202150273,1.6431650599628198,-1.6431650599628198,9.533838188187831
identified,2849,614,3463,0.04258769373327953,0.018930408798250208,1.1697310391412425,-1.1697310391412425,9.533517666312921
valuable,605,107,712,0.00904960468696289,0.003311666307261021,1.4502974622771816,-1.4502974622771816,9.527702232503948
diagram,904,170,1074,0.013518360758642335,0.005252456794307014,1.3638559257693814,-1.3638559257693814,9.51981793385545
tilt,264,40,304,0.0039531303711010475,0.00124765102738671,1.663781071401714,-1.663781071401714,9.517346456435723
ghost,77,129,206,0.0011582896172413278,0.003989402667816765,-1.7841767202400036,1.7841767202400036,9.514512726530436
off-diagonal,43,82,125,0.0006501367529031969,0.002541511352084039,-1.9668715562247745,1.9668715562247745,9.512345320667373
cavity,118,182,300,0.0017710621889431915,0.0056221311727919655,-1.6665022426968075,1.6665022426968075,9.510912055521972
plausibly,169,23,192,0.002533291485450388,0.0007239456578663627,1.8070597736310194,-1.8070597736310194,9.50999574145265
solves,115,178,293,0.0017262251715015916,0.005498906379963649,-1.6715240604407293,1.6715240604407293,9.500240330540729
reconstruct,818,152,970,0.012233032925316474,0.004697945226579588,1.3806803361962177,-1.3806803361962177,9.49677010070781
contrasts,115,14,129,0.0017262251715015916,0.00044668987400264934,1.9502752084607982,-1.9502752084607982,9.493031765052377
performance,1388,277,1665,0.020752066239220435,0.008548720002464497,1.2794746627536904,-1.2794746627536904,9.49137440640425
https,394,65,459,0.005896067793570371,0.002017805982563692,1.546965650648321,-1.546965650648321,9.484796775575507
matters,31,64,95,0.00047078868313679776,0.0019869997843566124,-2.0774401697510245,2.0774401697510245,9.482160281685724
combination,3142,687,3829,0.046966775770075776,0.021179261267366994,1.1489882881807987,-1.1489882881807987,9.47986584464802
adopting,659,119,778,0.009856671000911687,0.003681340685745972,1.4208692034431092,-1.4208692034431092,9.460162851261792
extremely,2048,429,2477,0.030616210076372385,0.013231262129940543,1.2103450185141504,-1.2103450185141504,9.45909693637717
appears,1935,403,2338,0.028927349086072127,0.012430300976556483,1.2185728911868436,-1.2185728911868436,9.453053328917033
transfer,1312,261,1573,0.019616195130699905,0.008055820831151228,1.2839417333662189,-1.2839417333662189,9.45157712824067
actively,213,31,244,0.0031909010745938514,0.0009703952435229968,1.7173194982928868,-1.7173194982928868,9.447417990112296
simulator,76,8,84,0.0011433439447607946,0.0002618526847601737,2.1264321636146253,-2.1264321636146253,9.446996523523937
quantification,76,8,84,0.0011433439447607946,0.0002618526847601737,2.1264321636146253,-2.1264321636146253,9.446996523523937
reproducing,448,76,524,0.0067031341075191675,0.0023566741628415636,1.5080834943989223,-1.5080834943989223,9.445727538661314
emissions,377,62,439,0.005641991361401306,0.001925387387942454,1.551055711722667,-1.551055711722667,9.44092670614651
supported,832,156,988,0.01244227234004394,0.004821170019407905,1.367794777198319,-1.367794777198319,9.433262486726797
enable,957,183,1140,0.014310481400110597,0.005652937370999045,1.3399995861414193,-1.3399995861414193,9.43314195539134
remainder,108,13,121,0.001621605464137859,0.0004158836757955701,1.9631708924533235,-1.9631708924533235,9.431114281753535
criterion,585,104,689,0.008750691237352224,0.0032192477126397833,1.442673390592645,-1.442673390592645,9.430311030355501
minutes,114,14,128,0.0017112794990210584,0.00044668987400264934,1.9377299551416847,-1.9377299551416847,9.417004072300745
post-newtonian,114,14,128,0.0017112794990210584,0.00044668987400264934,1.9377299551416847,-1.9377299551416847,9.417004072300745
binned,173,24,197,0.002593074175372521,0.000754751856073442,1.7805891706353658,-1.7805891706353658,9.41623100628273
slight,340,55,395,0.005089001479621575,0.0017097440004928991,1.573602283834278,-1.573602283834278,9.412367063388857
pre-existing,126,16,142,0.0018906275687874576,0.0005083022704168078,1.8951066175081697,-1.8951066175081697,9.405119700470435
decreased,184,26,210,0.002757476572658387,0.0008163642524876005,1.7560637136695099,-1.7560637136695099,9.398203868904353
discrepancies,583,104,687,0.008720799892391159,0.0032192477126397833,1.4377368757987783,-1.4377368757987783,9.393869150979215
non-trivial,219,301,520,0.003280575109477051,0.009288068759434399,-1.5014299001924138,1.5014299001924138,9.392570160818446
imprints,370,61,431,0.005537371654037573,0.0018945811897353748,1.5473223891389067,-1.5473223891389067,9.389810779513553
avoided,108,167,275,0.001621605464137859,0.005160038199685777,-1.6699588907283427,1.6699588907283427,9.385838395161628
spherically,640,116,756,0.009572703223781554,0.003588922091124734,1.4153757778596794,-1.4153757778596794,9.383040171548403
viscosity,271,42,313,0.00405775007846478,0.0013092634238008687,1.6319246138389727,-1.6319246138389727,9.382575928336824
virtually,217,32,249,0.0032506837645159842,0.001001201441730076,1.699010939879949,-1.699010939879949,9.38102250356754
temporal,425,72,497,0.006359383640466903,0.002233449370013247,1.5096133938433411,-1.5096133938433411,9.375605060080902
excited,188,264,452,0.0028172592625805197,0.008148239425772466,-1.5321960366730487,1.5321960366730487,9.370745675385013
uncertainty,1840,384,2224,0.027507510200421467,0.011844983210621976,1.2155494085945475,-1.2155494085945475,9.368861889881707
loose,101,12,113,0.001516985756774126,0.0003850774775884908,1.9779868895827644,-1.9779868895827644,9.368138437386543
transport,591,106,697,0.008840365272235425,0.0032808601090539417,1.430031900286263,-1.430031900286263,9.364162207014083
effective,4013,4007,8020,0.059984456500620245,0.12345583931487016,-1.0413344606029324,1.0413344606029324,9.361407675079054
extracted,1001,194,1195,0.014968090989254062,0.005991805551276917,1.3208275229988287,-1.3208275229988287,9.36035851218144
degree,1421,288,1709,0.021245273431078033,0.008887588182742368,1.2572780372043577,-1.2572780372043577,9.359490330500408
inspiral,113,14,127,0.0016963338265405252,0.00044668987400264934,1.9250746543356558,-1.9250746543356558,9.340520483141198
inflation,1896,2012,3908,0.02834446785933133,0.06199747389174702,-1.1291422494227914,1.1291422494227914,9.33917717170029
consider,4175,4149,8324,0.06240565544246664,0.1278303194602754,-1.0344813800450332,1.0344813800450332,9.338282364036417
normalizing,88,10,98,0.0013226920145271936,0.0003234650811743323,2.0317952894765496,-2.0317952894765496,9.336342866083648
vorticity,119,15,134,0.0017860078614237247,0.0004774960722097286,1.9031776597661862,-1.9031776597661862,9.335609373338547
post-inflationary,50,90,140,0.0007547564602669297,0.0027879609377406732,-1.8851272421590979,1.8851272421590979,9.329042084256157
interferometry,232,35,267,0.0034748688517239833,0.001093620036351314,1.6678469486630245,-1.6678469486630245,9.324910575459729
neglecting,221,33,254,0.0033104664544381175,0.0010320076399371553,1.6815808602695588,-1.6815808602695588,9.318082719247851
cone,210,31,241,0.0031460640571522517,0.0009703952435229968,1.6969036617387925,-1.6969036617387925,9.314198526571483
realisation,26,55,81,0.0003960603207341314,0.0017097440004928991,-2.109988249614594,2.109988249614594,9.298125831078043
worse,159,22,181,0.0023838347606450552,0.0006931394596592835,1.7820666796075075,-1.7820666796075075,9.27388691749421
perturbation,4800,1111,5911,0.07174670074279992,0.034241089307168605,1.0671838925480515,-1.0671838925480515,9.268214065493062
explosion,299,48,347,0.004476228907919712,0.0014941006130433443,1.583006512773971,-1.583006512773971,9.264074639554977
elegant,37,71,108,0.0005604627180199973,0.0022026431718061676,-1.974545484110196,1.974545484110196,9.263279775245486
computational,623,114,737,0.009318626791612489,0.0035273096947105757,1.4015491239050393,-1.4015491239050393,9.255751681686887
variant,73,120,193,0.0010985069273191947,0.0037121468839530513,-1.7567098292212844,1.7567098292212844,9.254098206970088
divide,203,30,233,0.003041444349788519,0.0009395890453159176,1.6946548088756737,-1.6946548088756737,9.244886162101933
island,87,10,97,0.0013077463420466603,0.0003234650811743323,2.0154008512258814,-2.0154008512258814,9.240547359355654
ideal,725,136,861,0.010843085384626881,0.00420504605526632,1.3665818253192048,-1.3665818253192048,9.237075405582045
cools,164,23,187,0.0024585631230477217,0.0007239456578663627,1.7638620842299173,-1.7638620842299173,9.236361434506234
insufficient,298,48,346,0.0044612832354391785,0.0014941006130433443,1.5781814412499902,-1.5781814412499902,9.231295811555816
scalar-induced,74,8,82,0.001113452599799728,0.0002618526847601737,2.0882128413841348,-2.0882128413841348,9.227479701230532
ligo,389,66,455,0.005821339431167706,0.002048612180770771,1.5067042447327923,-1.5067042447327923,9.224785904441326
photon,2934,2972,5906,0.043858075894124854,0.09157142417054312,-1.0620549396833914,1.0620549396833914,9.222771846432488
compared,6465,1540,8005,0.0966312454228878,0.04745694833800561,1.0258704228588142,-1.0258704228588142,9.220468517163159
predictive,161,228,389,0.0024137261056061217,0.007039216290317612,-1.5441528381918321,1.5441528381918321,9.212642420286794
scenario,4416,4329,8745,0.06600756251027515,0.13337543513754968,-1.0147897487070494,1.0147897487070494,9.210588693265537
enabled,276,44,320,0.004132478440867447,0.0013708758202150273,1.591909401440622,-1.591909401440622,9.187611383771696
high-order,80,9,89,0.0012031266346829276,0.000292658882967253,2.0394965268433443,-2.0394965268433443,9.17734619409467
prone,80,9,89,0.0012031266346829276,0.000292658882967253,2.0394965268433443,-2.0394965268433443,9.17734619409467
owing,590,108,698,0.00882541959975489,0.0033424725054681,1.4007491791249909,-1.4007491791249909,9.174417900739396
reference,716,135,851,0.010708574332302082,0.00417423985705924,1.359181015080587,-1.359181015080587,9.17119150487996
singularities,92,143,235,0.0013824747044493266,0.004420689442715875,-1.6770183039870628,1.6770183039870628,9.16294594693462
ghosts,28,57,85,0.00042595166569519796,0.0017713563969070578,-2.056092874607321,2.056092874607321,9.158551736853221
break,1401,289,1690,0.020946359981467367,0.008918394380949447,1.23184365321557,-1.23184365321557,9.156386692413825
density,15558,3971,19529,0.23253224528837674,0.1223468161794153,0.926454230096585,-0.926454230096585,9.153096364379975
lengths,406,70,476,0.006075415863336771,0.002171836973599088,1.4840673518485472,-1.4840673518485472,9.153009866114905
placing,201,30,231,0.0030115530048274524,0.0009395890453159176,1.680405853137394,-1.680405853137394,9.152729359850252
continues,254,40,294,0.003803673646295715,0.00124765102738671,1.6081790053633835,-1.6081790053633835,9.145674372084645
revision,86,10,96,0.0012928006695661271,0.0003234650811743323,1.9988179670302773,-1.9988179670302773,9.144014497803221
taylor,86,10,96,0.0012928006695661271,0.0003234650811743323,1.9988179670302773,-1.9988179670302773,9.144014497803221
cost,346,58,404,0.005178675514504775,0.001802162595114137,1.5228539847261222,-1.5228539847261222,9.143043343988824
analogues,162,23,185,0.002428671778086655,0.0007239456578663627,1.7462142184104923,-1.7462142184104923,9.125273143449329
tailored,162,23,185,0.002428671778086655,0.0007239456578663627,1.7462142184104923,-1.7462142184104923,9.125273143449329
bullet,162,23,185,0.002428671778086655,0.0007239456578663627,1.7462142184104923,-1.7462142184104923,9.125273143449329
invariants,40,74,114,0.0006052997354615971,0.002295061766427405,-1.922811355405224,1.922811355405224,9.123609377043936
hampered,92,11,103,0.0013824747044493266,0.00035427127938141153,1.9643266666316122,-1.9643266666316122,9.123100893444569
rotates,92,11,103,0.0013824747044493266,0.00035427127938141153,1.9643266666316122,-1.9643266666316122,9.123100893444569
fall,587,108,695,0.008780582582313292,0.0033424725054681,1.3934009711801958,-1.3934009711801958,9.120296573423945
multi-messenger,184,27,211,0.002757476572658387,0.0008471704506946798,1.7026244547080494,-1.7026244547080494,9.120254785010056
transported,73,8,81,0.0010985069273191947,0.0002618526847601737,2.068716665758338,-2.068716665758338,9.1162535481336
conjecture,131,190,321,0.001965355931190124,0.0058685807584486,-1.5782210360287068,1.5782210360287068,9.113518722810266
lived,54,93,147,0.0008145391501890628,0.0028803795323619113,-1.8222029729383975,1.8222029729383975,9.105935061657219
simplest,470,565,1035,0.0070319389020909,0.017420905086103323,-1.3088251390889707,1.3088251390889707,9.08733317075839
demonstrates,742,142,884,0.011097161816795946,0.004389883244508795,1.3379362688083372,-1.3379362688083372,9.07868381543386
separate,976,194,1170,0.01459444917724073,0.005991805551276917,1.2843570510729128,-1.2843570510729128,9.074770343691728
scheduled,79,9,88,0.0011881809622023942,0.000292658882967253,2.0214626040130823,-2.0214626040130823,9.07361056442656
tens,705,134,839,0.010544171935016215,0.004143433658852161,1.3475470722129528,-1.3475470722129528,9.073576005378591
reach,1590,1678,3268,0.023771092080288152,0.051708203690582544,-1.121185002985724,1.121185002985724,9.072897463389278
cold-dark,3812,879,4691,0.05698037633203306,0.027094051323126214,1.0724890169253252,-1.0724890169253252,9.066408393305798
cherenkov,612,114,726,0.009154224394326622,0.0035273096947105757,1.3758694079653018,-1.3758694079653018,9.065502371770945
terrestrial,198,267,465,0.0029667159873858523,0.008240658020393704,-1.4738927219732387,1.4738927219732387,9.055870488590317
neural,85,10,95,0.001277854997085594,0.0003234650811743323,1.9820422542794505,-1.9820422542794505,9.046730978733242
unity,526,96,622,0.007868896561000762,0.002972798126983149,1.4043398459299492,-1.4043398459299492,9.036290066823064
unconventional,30,59,89,0.0004558430106562645,0.0018329687933212162,-2.0075732635727443,2.0075732635727443,9.033697585321125
impacted,91,11,102,0.0013675290319687934,0.00035427127938141153,1.9486450443993424,-1.9486450443993424,9.031441675047658
fluid,1135,231,1366,0.016970811101645517,0.00713163488493885,1.2507507696189641,-1.2507507696189641,9.030888133219113
onset,511,93,604,0.007644711473792763,0.0028803795323619113,1.4082031320300048,-1.4082031320300048,9.01986277596675
according,1346,280,1626,0.020124347995038035,0.008641138597085733,1.219648716065192,-1.219648716065192,9.018684024172613
augmented,82,128,210,0.001233017979643994,0.003958596469609685,-1.6827951727757495,1.6827951727757495,9.006081032394158
attributable,72,8,80,0.0010835612548386615,0.0002618526847601737,2.048953410936908,-2.048953410936908,9.004021584654906
partly,291,48,339,0.0043566635280754456,0.0014941006130433443,1.5439463931856814,-1.5439463931856814,8.999579562384763
neutral,1878,1941,3819,0.02807544575468173,0.05981023381904439,-1.0910834290943938,1.0910834290943938,8.999262344092516
changes,1636,349,1985,0.024458593014392682,0.010766766273374202,1.18375640384164,-1.18375640384164,8.989301528542459
determinations,575,107,682,0.008601234512546891,0.003311666307261021,1.376986430715083,-1.376986430715083,8.98689486176072
long-range,141,199,340,0.0021148126559954565,0.006145836542312313,-1.5390795312181504,1.5390795312181504,8.975730949256862
lagrangians,41,74,115,0.0006202454079421303,0.002295061766427405,-1.887621926942924,1.887621926942924,8.972981076433179
minima,97,146,243,0.001457203066851993,0.004513108037337113,-1.6309193785003244,1.6309193785003244,8.96543818550692
indistinguishable,300,50,350,0.004491174580400245,0.001555713009457503,1.5295168601317035,-1.5295168601317035,8.964171342418656
mid,84,10,94,0.0012629093246050607,0.0003234650811743323,1.965069175675737,-1.965069175675737,8.948683109506263
virtual,103,153,256,0.0015468771017351926,0.0047287514247866674,-1.6121007256985411,1.6121007256985411,8.945669583416004
cnn,102,13,115,0.0015319314292546592,0.0004158836757955701,1.8810997595142902,-1.8810997595142902,8.941977365319671
proper,1169,241,1410,0.01747896396598365,0.007439696867009642,1.2323039296889675,-1.2323039296889675,8.936734583184629
receive,57,95,152,0.0008593761676306625,0.0029419919287760696,-1.7754316149190608,1.7754316149190608,8.931198522527854
online,164,24,188,0.0024585631230477217,0.000754751856073442,1.7037410917923461,-1.7037410917923461,8.930579782336986
state-of-the-art,826,163,989,0.012352598305160742,0.005036813406857459,1.2942313459665442,-1.2942313459665442,8.92722595262546
nonvanishing,64,104,168,0.0009639958749943953,0.0032192477126397833,-1.7396247144853159,1.7396247144853159,8.92409858728664
polarizations,32,61,93,0.00048573435561733103,0.0018945811897353748,-1.9636395301384726,1.9636395301384726,8.921393231537245
three-body,83,128,211,0.0012479636521245273,0.003958596469609685,-1.6654130945475132,1.6654130945475132,8.920928923912252
attractive,279,353,632,0.004177315458309047,0.01088999106620252,-1.3823547697938958,1.3823547697938958,8.916838555465446
exhibit,1755,380,2135,0.02623712803957614,0.01172175841779366,1.1624207995495224,-1.1624207995495224,8.91192015227558
availability,136,19,155,0.00204008429359279,0.0006007208650380457,1.7638620842299169,-1.7638620842299169,8.907249542008135
candidate,3927,3795,7722,0.05869912866729438,0.11692492529496935,-0.9941715138264324,0.9941715138264324,8.899781804157403
entire,1289,270,1559,0.01927244466364764,0.008333076615014942,1.2096184361347115,-1.2096184361347115,8.89364830544922
cross-sections,135,190,325,0.002025138621112257,0.0058685807584486,-1.5349909839671378,1.5349909839671378,8.882835305540937
grows,376,66,442,0.005627045688920773,0.002048612180770771,1.4577307813430511,-1.4577307813430511,8.882784222056292
signatures,1701,1756,3457,0.025430061725627343,0.054111087150734725,-1.0893892630850501,1.0893892630850501,8.876829219637289
contributions,1513,1578,3091,0.02262027529928709,0.04862758386987462,-1.104158423313159,1.104158423313159,8.873650224902883
representing,390,69,459,0.0058362851036482385,0.0021410307753920088,1.4467448275907848,-1.4467448275907848,8.870320210447339
internally,77,9,86,0.0011582896172413278,0.000292658882967253,1.9847040540029648,-1.9847040540029648,8.863505947898506
spin,1097,1178,2275,0.016402875547385256,0.03630510458704291,-1.1462236566551338,1.1462236566551338,8.860509220390474
designed,1353,286,1639,0.02022896770240177,0.008825975786328209,1.1965950056303718,-1.1965950056303718,8.857736519232061
iterative,157,23,180,0.002353943415683989,0.0007239456578663627,1.7011263288819545,-1.7011263288819545,8.843300170500974
compactness,135,19,154,0.002025138621112257,0.0006007208650380457,1.7532539846639361,-1.7532539846639361,8.842405182592847
probed,904,988,1892,0.013518360758642335,0.030451926927697853,-1.1716133009356542,1.1716133009356542,8.840898073728624
layer,189,29,218,0.002832204935061053,0.0009087828471088383,1.6399181509815632,-1.6399181509815632,8.83763654666769
broadband,296,50,346,0.004431391890478112,0.001555713009457503,1.5101839739665217,-1.5101839739665217,8.833556541200998
isolate,215,34,249,0.003220792419554918,0.0010628138381442347,1.5995267644832418,-1.5995267644832418,8.831724517168869
embed,34,63,97,0.0005156257005783975,0.001956193586149533,-1.9236530678216839,1.9236530678216839,8.819886756207298
degenerate,477,558,1035,0.007136558609454632,0.01720526169865377,-1.2695493853878912,1.2695493853878912,8.81463680456329
automated,320,55,375,0.00479008803001091,0.0017097440004928991,1.4862718424409478,-1.4862718424409478,8.81298138106394
corrected,463,85,548,0.006927319194727167,0.0026339299467052772,1.3950801759119458,-1.3950801759119458,8.800303083450986
disagreement,275,46,321,0.004117532768386913,0.0014324882166291857,1.523256859635439,-1.523256859635439,8.796125253068947
ongoing,1244,262,1506,0.018599889402023645,0.008086627029358306,1.2016840645998637,-1.2016840645998637,8.793775214604086
pressures,106,14,120,0.0015917141191767923,0.00044668987400264934,1.833235787270579,-1.833235787270579,8.79181485644184
converge,123,17,140,0.0018457905513458578,0.0005391084686238871,1.775591376812024,-1.775591376812024,8.786975387268694
decomposed,123,17,140,0.0018457905513458578,0.0005391084686238871,1.775591376812024,-1.775591376812024,8.786975387268694
length,1620,352,1972,0.02421946225470415,0.01085918486799544,1.1572510202039974,-1.1572510202039974,8.78042282369918
subsets,145,21,166,0.0021745953459175894,0.0006623332614522042,1.7151177503784987,-1.7151177503784987,8.777962034003302
vanish,88,132,220,0.0013226920145271936,0.004081821262438002,-1.625735837195251,1.625735837195251,8.77598655886814
wimp,1026,1101,2127,0.015341732801267393,0.03393302732509781,-1.1452287054199681,1.1452287054199681,8.775816394197738
aid,229,37,266,0.0034300318342823837,0.0011552324327654725,1.57003881509024,-1.57003881509024,8.77219726324926
space-borne,94,12,106,0.0014123660494103933,0.0003850774775884908,1.874893396618661,-1.874893396618661,8.761055925261902
intervals,259,43,302,0.0038784020086983814,0.001340069622007948,1.5331543946814656,-1.5331543946814656,8.76003456080235
deterministic,76,9,85,0.0011433439447607946,0.000292658882967253,1.9659674914213792,-1.9659674914213792,8.757101979935111
represented,376,67,443,0.005627045688920773,0.0020794183789778504,1.43619761979341,-1.43619761979341,8.754808727243367
boosting,139,20,159,0.00208492131103439,0.000631527063245125,1.7230764693834166,-1.7230764693834166,8.744912579060266
flexible,361,64,425,0.005402860601712774,0.0019869997843566124,1.4431317437001767,-1.4431317437001767,8.737353610908675
continuously,253,42,295,0.0037887279738151817,0.0013092634238008687,1.5329581630379516,-1.5329581630379516,8.723082976126252
comprises,317,55,372,0.004745251012569311,0.0017097440004928991,1.4727040774817353,-1.4727040774817353,8.720732683737298
bbo,42,73,115,0.0006351910804226637,0.002264255568220326,-1.8337742465263496,1.8337742465263496,8.71701127099112
sudden,133,19,152,0.0019952472761511904,0.0006007208650380457,1.7318008749976184,-1.7318008749976184,8.71171679388862
situated,105,14,119,0.001576768446696259,0.00044668987400264934,1.819625355751926,-1.819625355751926,8.711441365619189
variable,823,166,989,0.01230776128771914,0.0051292320014786974,1.2627536348274055,-1.2627536348274055,8.710101988902647
overlap,468,87,555,0.007002047557129833,0.0026955423431194356,1.3772012879991706,-1.3772012879991706,8.704970235986222
rules,177,234,411,0.002652856865294654,0.007224053479560087,-1.4452617359510191,1.4452617359510191,8.701954658082517
running,534,610,1144,0.00798846194084503,0.01880718400542189,-1.2352941850945995,1.2352941850945995,8.700374488911764
emerge,215,276,491,0.003220792419554918,0.008517913804257416,-1.403084448973296,1.403084448973296,8.696989094402314
depends,2776,642,3418,0.0414966596422006,0.019792982348048428,1.0680061986828029,-1.0680061986828029,8.690476859457622
build,786,158,944,0.01175477140593941,0.004882782415822063,1.2674710874485922,-1.2674710874485922,8.683678810361899
showing,1503,327,1830,0.022470818574481757,0.010089029912818459,1.155265218321503,-1.155265218321503,8.679065747914352
predict,3161,741,3902,0.0472507435472059,0.022842795970549275,1.0485977838916778,-1.0485977838916778,8.671380178356122
matter-dominated,387,70,457,0.0057914480862066384,0.002171836973599088,1.4150083099351192,-1.4150083099351192,8.669570809406975
bridge,201,32,233,0.0030115530048274524,0.001001201441730076,1.5887753776718259,-1.5887753776718259,8.66727986537352
projection,775,156,931,0.011590369008653545,0.004821170019407905,1.2654712862757853,-1.2654712862757853,8.65244835169581
loss,875,179,1054,0.013084936256706871,0.005529712578170728,1.2426304967828194,-1.2426304967828194,8.650318763781629
dependence,3934,943,4877,0.05880374837465812,0.029065648008379286,1.0165930475580078,-1.0165930475580078,8.633406878835428
burning,104,14,118,0.0015618227742157259,0.00044668987400264934,1.8058852991256233,-1.8058852991256233,8.630548858916008
extra-galactic,104,14,118,0.0015618227742157259,0.00044668987400264934,1.8058852991256233,-1.8058852991256233,8.630548858916008
upgrade,75,114,189,0.0011283982722802613,0.0035273096947105757,-1.6442918865995522,1.6442918865995522,8.627639110646031
scans,55,89,144,0.000829484822669596,0.002757154739533594,-1.7328927487418375,1.7328927487418375,8.62414581465944
bremsstrahlung,145,196,341,0.0021745953459175894,0.006053417947691075,-1.4770029971780099,1.4770029971780099,8.6180329466079
mismatch,137,20,157,0.0020550299660733237,0.000631527063245125,1.702242965966251,-1.702242965966251,8.617766784505834
generating,501,572,1073,0.007495254748987431,0.01763654847355288,-1.2345188301998127,1.2345188301998127,8.615886260772498
outperforms,115,16,131,0.0017262251715015916,0.0005083022704168078,1.763862084229917,-1.763862084229917,8.612589176055042
slow,737,148,885,0.01102243345439328,0.004574720433751271,1.2686872805081126,-1.2686872805081126,8.610221471641472
software,550,106,656,0.00822759270053356,0.0032808601090539417,1.3263962955108437,-1.3263962955108437,8.60524004856289
characterisation,92,12,104,0.0013824747044493266,0.0003850774775884908,1.8440324329139004,-1.8440324329139004,8.582053827185804
causes,664,132,796,0.009931399363314353,0.004081821262438002,1.282784001997926,-1.282784001997926,8.570093501625081
quick,86,11,97,0.0012928006695661271,0.00035427127938141153,1.8675734337520247,-1.8675734337520247,8.562763457782165
cones,86,11,97,0.0012928006695661271,0.00035427127938141153,1.8675734337520247,-1.8675734337520247,8.562763457782165
alignment,768,156,924,0.01148574930128981,0.004821170019407905,1.2523897649304658,-1.2523897649304658,8.553563773446754
edge,511,98,609,0.007644711473792763,0.0030344105233973077,1.3330457724612652,-1.3330457724612652,8.54943434970578
accelerating,488,93,581,0.007300961006740499,0.0028803795323619113,1.3418274542530615,-1.3418274542530615,8.542704833456824
antennas,74,9,83,0.001113452599799728,0.000292658882967253,1.9277481691908889,-1.9277481691908889,8.541498971990432
squared,151,201,352,0.002264269380800789,0.0062074489387264715,-1.4549548828827035,1.4549548828827035,8.535446344710506
transverse,350,414,764,0.005238458204426908,0.012769169156834355,-1.2854504953128143,1.2854504953128143,8.535231679407906
finite,755,818,1573,0.011291455559042879,0.025214873232494377,-1.1590434991370115,1.1590434991370115,8.532154335663126
station,162,25,187,0.002428671778086655,0.0007855580542805213,1.628377728116634,-1.628377728116634,8.52690546684764
technically,38,66,104,0.0005754083905005306,0.002048612180770771,-1.8319887326339754,1.8319887326339754,8.526002923613854
surprisingly,423,79,502,0.006329492295505836,0.0024490927574628016,1.369842366220156,-1.369842366220156,8.521227957895269
end-to-end,97,13,110,0.001457203066851993,0.0004158836757955701,1.808949973758455,-1.808949973758455,8.519304534078596
patches,167,26,193,0.0025034001404893214,0.0008163642524876005,1.6166039929542484,-1.6166039929542484,8.516040534258392
introduction,360,423,783,0.005387914929232241,0.013046424940698069,-1.2758555479190632,1.2758555479190632,8.502823222215916
classification,777,159,936,0.01162026035361461,0.004913588614029143,1.2417934134254083,-1.2417934134254083,8.497199030039827
ascribed,91,12,103,0.0013675290319687934,0.0003850774775884908,1.8283508106816309,-1.8283508106816309,8.491575865567517
balloon,91,12,103,0.0013675290319687934,0.0003850774775884908,1.8283508106816309,-1.8283508106816309,8.491575865567517
affects,871,181,1052,0.013025153566784738,0.005591324974584887,1.2200382783022472,-1.2200382783022472,8.490732578763156
lifetime,679,741,1420,0.01015558445052235,0.022842795970549275,-1.1694659795149265,1.1694659795149265,8.489289353157677
comments,33,59,92,0.0005006800280978643,0.0018329687933212162,-1.872221410677858,1.872221410677858,8.486029817109134
laws,458,87,545,0.0068525908323245005,0.0026955423431194356,1.3460739739350385,-1.3460739739350385,8.483791370879326
displacement,197,32,229,0.002951770314905319,0.001001201441730076,1.5598481922083236,-1.5598481922083236,8.482578179109336
mitigate,212,35,247,0.003175955402113318,0.001093620036351314,1.5380790736926948,-1.5380790736926948,8.480089378772112
measuring,1575,351,1926,0.023546906993080152,0.010828378669788362,1.1207203221173172,-1.1207203221173172,8.476814343190437
inverted,146,194,340,0.002189541018398123,0.005991805551276917,-1.4523623283916312,1.4523623283916312,8.470006413613843
balance,356,65,421,0.0053281322393101075,0.002017805982563692,1.4008424270787505,-1.4008424270787505,8.46809991581815
maxwell,71,107,178,0.0010686155823581283,0.003311666307261021,-1.631814350638758,1.631814350638758,8.464850600270742
assign,166,26,192,0.002488454468008788,0.0008163642524876005,1.607965074680376,-1.607965074680376,8.462222022622127
architecture,166,26,192,0.002488454468008788,0.0008163642524876005,1.607965074680376,-1.607965074680376,8.462222022622127
kination,28,52,80,0.00042595166569519796,0.0016173254058716613,-1.924848341329068,1.924848341329068,8.458648166426169
final,1812,1798,3610,0.027089031370966538,0.05540494747543206,-1.0323060021734076,1.0323060021734076,8.456382392208837
violated,87,126,213,0.0013077463420466603,0.003896984073195527,-1.5752753006896685,1.5752753006896685,8.452889480557095
quantities,1458,323,1781,0.021798263312857762,0.009965805119990142,1.129154931077983,-1.129154931077983,8.452279760750786
helium,497,96,593,0.007435472059065298,0.002972798126983149,1.322602840335244,-1.322602840335244,8.447304728667463
ratios,2559,600,3159,0.03825344871392488,0.0184991220233511,1.0481330174580599,-1.0481330174580599,8.44619891551138
twice,383,71,454,0.005731665396284506,0.0022026431718061676,1.3797185928968567,-1.3797185928968567,8.444288142985268
phonon,34,60,94,0.0005156257005783975,0.0018637749915282956,-1.8538316183241126,1.8538316183241126,8.44212096760461
unchanged,216,36,252,0.003235738092035451,0.001124426234558393,1.5249058180190205,-1.5249058180190205,8.437897824725889
non-gaussianities,196,32,228,0.002936824642424786,0.001001201441730076,1.5525248514024648,-1.5525248514024648,8.435988446130349
deep-learning,206,34,240,0.0030862813672301185,0.0010628138381442347,1.5379806768135889,-1.5379806768135889,8.435511699955054
behaviours,73,9,82,0.0010985069273191947,0.000292658882967253,1.9082519935650917,-1.9082519935650917,8.43226139907424
assess,1259,275,1534,0.018824074489231644,0.008487107606050337,1.1492340603353965,-1.1492340603353965,8.43110935684662
degeneracy,1064,228,1292,0.015909668355527658,0.007039216290317612,1.1764170415665371,-1.1764170415665371,8.428699151646269
uncovered,155,24,179,0.0023240520707229224,0.000754751856073442,1.6225680881877074,-1.6225680881877074,8.425926069590187
interpret,870,182,1052,0.013010207894304205,0.0056221311727919655,1.2104549960560345,-1.2104549960560345,8.424038698557503
built,767,158,925,0.011470803628809279,0.004882782415822063,1.2321910722904474,-1.2321910722904474,8.416942247869866
base,293,52,345,0.004386554873036512,0.0016173254058716613,1.4394783376162423,-1.4394783376162423,8.415821968895234
jump,90,12,102,0.0013525833594882602,0.0003850774775884908,1.8124968594807935,-1.8124968594807935,8.40043173571081
non-rotating,90,12,102,0.0013525833594882602,0.0003850774775884908,1.8124968594807935,-1.8124968594807935,8.40043173571081
invaluable,90,12,102,0.0013525833594882602,0.0003850774775884908,1.8124968594807935,-1.8124968594807935,8.40043173571081
sequential,32,57,89,0.00048573435561733103,0.0017713563969070578,-1.866615075743608,1.866615075743608,8.399412568615347
research,1532,343,1875,0.022904243076417224,0.010581929084131728,1.1140122319323567,-1.1140122319323567,8.396195593152582
unidentified,180,29,209,0.0026976938827362536,0.0009087828471088383,1.5697191396976424,-1.5697191396976424,8.393457032988609
external,1360,301,1661,0.020333587409765503,0.009288068759434399,1.1304142115219065,-1.1304142115219065,8.382899682486501
challenge,1001,214,1215,0.014968090989254062,0.006607929515418502,1.1796200304854751,-1.1796200304854751,8.379220987945201
three-year,84,11,95,0.0012629093246050607,0.00035427127938141153,1.8338246423974844,-1.8338246423974844,8.37021418999611
developed,1982,457,2439,0.029629795692657192,0.014093835679738764,1.0719843795922488,-1.0719843795922488,8.361213721876739
exchanges,36,62,98,0.000545517045539464,0.001925387387942454,-1.819452563609757,1.819452563609757,8.360602591421461
compatibility,123,166,289,0.0018457905513458578,0.0051292320014786974,-1.4745039733142715,1.4745039733142715,8.360261949153566
manifestly,33,58,91,0.0005006800280978643,0.001802162595114137,-1.8477683669533191,1.8477683669533191,8.355217894722077
bounded,133,177,310,0.0019952472761511904,0.005468100181756569,-1.4544721205321776,1.4544721205321776,8.348368768392893
sensitively,238,41,279,0.003564542886607183,0.0012784572255937895,1.4793131868308997,-1.4793131868308997,8.335618564985923
speculate,328,60,388,0.004909653409855177,0.0018637749915282956,1.397393485220048,-1.397393485220048,8.333466923365267
quoted,122,18,140,0.0018308448788653246,0.0005699146668309663,1.6836917355459338,-1.6836917355459338,8.332186128630923
calorimeter,65,98,163,0.0009789415474749286,0.0030344105233973077,-1.6321216557466132,1.6321216557466132,8.323602438266997
objectives,148,23,171,0.0022194323633591894,0.0007239456578663627,1.6162374312954415,-1.6162374312954415,8.319573250812448
smallest,423,81,504,0.006329492295505836,0.00251070515387696,1.3339971672734339,-1.3339971672734339,8.303543312181306
arrival,242,42,284,0.003624325576529316,0.0013092634238008687,1.4689571631091012,-1.4689571631091012,8.303264470752326
laboratory,610,662,1272,0.009124333049365557,0.020409106312190013,-1.1614219971782078,1.1614219971782078,8.303158699286376
moon,100,14,114,0.0015020400842935928,0.00044668987400264934,1.7495778582236694,-1.7495778582236694,8.301628190558452
tighten,100,14,114,0.0015020400842935928,0.00044668987400264934,1.7495778582236694,-1.7495778582236694,8.301628190558452
gw170817,100,14,114,0.0015020400842935928,0.00044668987400264934,1.7495778582236694,-1.7495778582236694,8.301628190558452
ultralight,296,349,645,0.004431391890478112,0.010766766273374202,-1.2807531886571197,1.2807531886571197,8.287497097630476
thermalization,84,120,204,0.0012629093246050607,0.0037121468839530513,-1.5555027377754642,1.5555027377754642,8.27995659575591
falls,431,83,514,0.0064490576753501025,0.0025723175502911184,1.3260196188772158,-1.3260196188772158,8.279887813823853
high-sensitivity,83,11,94,0.0012479636521245273,0.00035427127938141153,1.8166494985893522,-1.8166494985893522,8.27279817176376
applying,1244,276,1520,0.018599889402023645,0.008517913804257416,1.1267220069186419,-1.1267220069186419,8.255631060794716
possibilities,424,477,901,0.0063444379679863695,0.014709959643880348,-1.2132290171977596,1.2132290171977596,8.255555786585182
dual,204,252,456,0.003056390022269052,0.0077785650472875145,-1.3476753825250953,1.3476753825250953,8.254085031668446
motion,1798,415,2213,0.02687979195623907,0.012799975355041434,1.0703809395373483,-1.0703809395373483,8.244669249359571
ordered,162,26,188,0.002428671778086655,0.0008163642524876005,1.5728826155249307,-1.5728826155249307,8.244652754967008
impose,214,262,476,0.0032058467470743846,0.008086627029358306,-1.3348326128816264,1.3348326128816264,8.232602152523004
long-wavelength,131,20,151,0.001965355931190124,0.000631527063245125,1.6378741468465314,-1.6378741468465314,8.228484021940004
relevant,1926,1866,3792,0.02879283803374733,0.05749976895351345,-0.9978461604712071,0.9978461604712071,8.223162938503284
resolve,991,215,1206,0.01481863426444873,0.006638735713625581,1.1584320653120626,-1.1584320653120626,8.220110239349877
released,530,106,636,0.007928679250922895,0.0032808601090539417,1.2730064828612393,-1.2730064828612393,8.219509629885096
decelerating,88,12,100,0.0013226920145271936,0.0003850774775884908,1.7802565224805855,-1.7802565224805855,8.216098402140624
prescription,499,99,598,0.0074653634040263645,0.003065216721604387,1.2842234094210825,-1.2842234094210825,8.212944653671542
normalisation,71,9,80,0.0010686155823581283,0.000292658882967253,1.8684509855071167,-1.8684509855071167,8.210812853808635
condition,519,568,1087,0.00776427685363703,0.01751332368072456,-1.173529437815723,1.173529437815723,8.205430989618693
increased,1055,231,1286,0.015775157303202857,0.00713163488493885,1.1453496422592322,-1.1453496422592322,8.200782705471568
superposition,225,39,264,0.0033702491443602504,0.001216844829179631,1.469710037250591,-1.469710037250591,8.200584930398444
promptly,37,62,99,0.0005604627180199973,0.001925387387942454,-1.7804584319938934,1.7804584319938934,8.199314088409384
sps,37,62,99,0.0005604627180199973,0.001925387387942454,-1.7804584319938934,1.7804584319938934,8.199314088409384
peaked,272,49,321,0.004072695750945314,0.0015249068112504235,1.417262961756992,-1.417262961756992,8.184058026256684
pseudo,74,107,181,0.001113452599799728,0.003311666307261021,-1.572517166954986,1.572517166954986,8.183389852376804
contrast,2355,561,2916,0.0352045315278961,0.017297680293275008,1.0251825664396328,-1.0251825664396328,8.179225315942467
fluids,234,41,275,0.0035047601966850498,0.0012784572255937895,1.4549118433407646,-1.4549118433407646,8.177187783854567
chandrasekhar,82,11,93,0.001233017979643994,0.00035427127938141153,1.7992674203611156,-1.7992674203611156,8.174602282835066
obtains,59,89,148,0.000889267512591729,0.002757154739533594,-1.632490851784,1.632490851784,8.168896567274302
truncation,219,38,257,0.003280575109477051,0.0011860386309725517,1.4677977510127698,-1.4677977510127698,8.150621590212754
collision,411,459,870,0.006150144225739437,0.014155448076152922,-1.202665268695096,1.202665268695096,8.141613287060917
receiver,145,23,168,0.0021745953459175894,0.0007239456578663627,1.5867936534029592,-1.5867936534029592,8.14009072343993
partial,257,304,561,0.003848510663737315,0.009380487354055635,-1.2853626336634387,1.2853626336634387,8.13827589282429
consequences,845,874,1719,0.012636566082290872,0.026940020332090815,-1.0921464673393564,1.0921464673393564,8.136578083562371
influencing,76,10,86,0.0011433439447607946,0.0003234650811743323,1.8215775820862043,-1.8215775820862043,8.134998112597966
decompositions,98,14,112,0.0014721487393325264,0.00044668987400264934,1.7205779865011173,-1.7205779865011173,8.133839414529987
upgrades,47,74,121,0.0007099194428253299,0.002295061766427405,-1.6928057499589009,1.6928057499589009,8.132274447448022
multiverse,32,55,87,0.00048573435561733103,0.0017097440004928991,-1.8155408911493387,1.8155408911493387,8.128788070133504
non-baryonic,242,43,285,0.003624325576529316,0.001340069622007948,1.4354046033980747,-1.4354046033980747,8.118636682032628
eternal,29,51,80,0.0004408973381757312,0.0015865192076645821,-1.8473503156490643,1.8473503156490643,8.118087032987894
gauge-invariant,68,99,167,0.0010237785649165284,0.003065216721604387,-1.5820853754108093,1.5820853754108093,8.106548475945669
efficiencies,347,66,413,0.005193621186985308,0.002048612180770771,1.3420938942819929,-1.3420938942819929,8.087277931232569
strip,159,26,185,0.0023838347606450552,0.0008163642524876005,1.545999321373983,-1.545999321373983,8.079000811232959
covers,440,87,527,0.006583568727674902,0.0026955423431194356,1.2882942592603976,-1.2882942592603976,8.07644075304947
thermally,181,223,404,0.002712639555216787,0.006885185299282216,-1.3437981210152543,1.3437981210152543,8.068012159565553
public,667,140,807,0.009976236380755952,0.004328270848094637,1.204704868526303,-1.204704868526303,8.064971504551833
beam,506,548,1054,0.007569983111390097,0.016897199716582975,-1.1584221894297417,1.1584221894297417,8.06411980677186
fits,1556,360,1916,0.02326293921595002,0.011105634453652076,1.0667415744006699,-1.0667415744006699,8.062984050610334
programmes,113,17,130,0.0016963338265405252,0.0005391084686238871,1.6537726325182613,-1.6537726325182613,8.062467911236348
began,113,17,130,0.0016963338265405252,0.0005391084686238871,1.6537726325182613,-1.6537726325182613,8.062467911236348
applied,2416,583,2999,0.03611621754920863,0.01797541665383075,1.0066215958926898,-1.0066215958926898,8.059382498251564
materials,101,136,237,0.001516985756774126,0.00420504605526632,-1.4709140615623635,1.4709140615623635,8.04923988257872
output,359,69,428,0.005372969256751708,0.0021410307753920088,1.3274140498881033,-1.3274140498881033,8.046063076976504
deformations,38,62,100,0.0005754083905005306,0.001925387387942454,-1.7424905817948726,1.7424905817948726,8.04180403444418
setups,81,113,194,0.0012180723071634608,0.0034965034965034965,-1.5213131708875245,1.5213131708875245,8.02188367852713
despite,1511,350,1861,0.022590383954326027,0.010797572471581283,1.0650017917893968,-1.0650017917893968,8.018831368707074
virtue,58,86,144,0.0008743218401111958,0.0026647361449123564,-1.6077563458810071,1.6077563458810071,8.001375256136813
family,341,384,725,0.005103947152102109,0.011844983210621976,-1.214590857499423,1.214590857499423,8.001178021326385
incomplete,285,53,338,0.004266989493192246,0.0016481316040787408,1.3723871111340085,-1.3723871111340085,7.995527456834279
purity,177,30,207,0.002652856865294654,0.0009395890453159176,1.4974450390014709,-1.4974450390014709,7.992669917930176
structured,91,13,104,0.0013675290319687934,0.0004158836757955701,1.7173194982928865,-1.7173194982928865,7.992336853607505
experience,405,80,485,0.006060470190856237,0.002479898955669881,1.2891483882749686,-1.2891483882749686,7.974940877034033
exposures,157,26,183,0.002353943415683989,0.0008163642524876005,1.5277947259963927,-1.5277947259963927,7.967351346885011
substantial,1359,313,1672,0.020318641737284968,0.00965774313791935,1.0730459653950337,-1.0730459653950337,7.964548153498115
causing,356,69,425,0.0053281322393101075,0.0021410307753920088,1.3153243558926937,-1.3153243558926937,7.963551533423142
failure,142,23,165,0.0021297583284759897,0.0007239456578663627,1.5567364195467794,-1.5567364195467794,7.958017566413026
algebraic,33,55,88,0.0005006800280978643,0.0017097440004928991,-1.7718195137200206,1.7718195137200206,7.953053509884798
admit,62,90,152,0.0009341045300333288,0.0027879609377406732,-1.5775544402488053,1.5775544402488053,7.935789679288607
reaches,617,130,747,0.009228952756729289,0.004020208866023844,1.1988964920744682,-1.1988964920744682,7.933581216936741
crossing,524,108,632,0.007839005216039696,0.0033424725054681,1.2297548923051012,-1.2297548923051012,7.932497559301151
timing,337,65,402,0.005044164462179976,0.002017805982563692,1.3218278525730558,-1.3218278525730558,7.929561433399973
neglect,106,16,122,0.0015917141191767923,0.0005083022704168078,1.6468226630396976,-1.6468226630396976,7.924814255152374
scintillator,69,98,167,0.0010387242373970616,0.0030344105233973077,-1.5466035845605561,1.5466035845605561,7.924741057704251
contained,450,91,541,0.006733025452480234,0.002818767135947753,1.2561906197018087,-1.2561906197018087,7.908054099536197
conduct,376,74,450,0.005627045688920773,0.002295061766427405,1.2938446963820796,-1.2938446963820796,7.907289604327839
calculation,948,950,1898,0.014175970347785798,0.02928129139582884,-1.0465316910647635,1.0465316910647635,7.90035429533415
dip,121,19,140,0.0018158992063847914,0.0006007208650380457,1.5959174469158455,-1.5959174469158455,7.8978122496518655
searching,406,443,849,0.006075415863336771,0.013662548904839653,-1.1691715900537232,1.1691715900537232,7.8863387080148035
spallation,35,57,92,0.0005305713730589308,0.0017713563969070578,-1.7392357692673803,1.7392357692673803,7.883259166255342
hypothetical,243,282,525,0.003639271249009849,0.008702750993499892,-1.257821933047895,1.257821933047895,7.880633282533068
miss,49,74,123,0.0007398107877863965,0.002295061766427405,-1.633304738210239,1.633304738210239,7.872988720610176
nonzero,339,377,716,0.005074055807141042,0.011629339823172422,-1.1965579077953965,1.1965579077953965,7.8674589914239395
exponential,988,222,1210,0.014773797247007128,0.006854379101075136,1.1079427920477605,-1.1079427920477605,7.865509401062542
nuclei,2848,709,3557,0.042572748060799,0.021856997627922738,0.9618349789824152,-0.9618349789824152,7.864880251985122
conjectured,40,63,103,0.0006052997354615971,0.001956193586149533,-1.6923275217152283,1.6923275217152283,7.859830540220679
multiplicative,105,16,121,0.001576768446696259,0.0005083022704168078,1.6332122315210447,-1.6332122315210447,7.845985930742863
mitigated,105,16,121,0.001576768446696259,0.0005083022704168078,1.6332122315210447,-1.6332122315210447,7.845985930742863
efficacy,105,16,121,0.001576768446696259,0.0005083022704168078,1.6332122315210447,-1.6332122315210447,7.845985930742863
parametrized,404,81,485,0.006045524518375704,0.00251070515387696,1.2677749003712129,-1.2677749003712129,7.842720021840986
non-relativistic,404,439,843,0.006045524518375704,0.013539324112011336,-1.1632163005411136,1.1632163005411136,7.8379288172457855
leading-order,63,90,153,0.0009490502025138621,0.0027879609377406732,-1.5546540381387264,1.5546540381387264,7.830718703255716
distinctive,308,345,653,0.0046107399602445115,0.010643541480545885,-1.2069080590665275,1.2069080590665275,7.824514510267144
breakdown,96,127,223,0.0014422573943714597,0.0039277902714026066,-1.445389237418465,1.445389237418465,7.821934960069402
introducing,497,527,1024,0.007435472059065298,0.016250269554234312,-1.1279674059912235,1.1279674059912235,7.819575265426369
claimed,403,81,484,0.006030578845895171,0.00251070515387696,1.2642038712190158,-1.2642038712190158,7.81802496811795
propose,2466,2268,4734,0.03686350117323529,0.06988386063275931,-0.922766210183939,0.922766210183939,7.809127754459508
significance,1653,394,2047,0.02471266944656175,0.01215304519269277,1.0239330023499693,-1.0239330023499693,7.807099010272772
years,2674,666,3340,0.03997220104918621,0.020532331105018328,0.9610995854294909,-0.9610995854294909,7.798386488813421
limitations,584,124,708,0.00873574556487169,0.0038353716767813685,1.1875644446358882,-1.1875644446358882,7.795001443036331
numerous,617,132,749,0.009228952756729289,0.004081821262438002,1.1769539391937913,-1.1769539391937913,7.791521238177176
realistically,94,14,108,0.0014123660494103933,0.00044668987400264934,1.6607685912658134,-1.6607685912658134,7.791243213507552
decade,756,166,922,0.011306401231523412,0.0051292320014786974,1.140325067317788,-1.140325067317788,7.785716766455362
difference,2108,515,2623,0.031512950425204383,0.01588059517574936,0.9886798510833381,-0.9886798510833381,7.7833377854255135
github,238,44,282,0.003564542886607183,0.0013708758202150273,1.3786191872114266,-1.3786191872114266,7.78292141347419
decouples,34,55,89,0.0005156257005783975,0.0017097440004928991,-1.7293842473996242,1.7293842473996242,7.781899960165656
planar,168,29,197,0.0025183458129698546,0.0009087828471088383,1.4704688939923303,-1.4704688939923303,7.776232171761498
insight,499,104,603,0.0074653634040263645,0.0032192477126397833,1.2134888978838485,-1.2134888978838485,7.770666195969368
quantity,503,105,608,0.007525146093948497,0.0032500539108468625,1.2112559414719124,-1.2112559414719124,7.766352972401758
surveyed,163,28,191,0.002443617450567188,0.0008779766489017591,1.4767639735056535,-1.4767639735056535,7.764079756283331
rich,1528,363,1891,0.02284446038649509,0.011198053048273312,1.0285964451396887,-1.0285964451396887,7.761161073644168
brane-world,35,56,91,0.0005305713730589308,0.0017405501986999783,-1.7139246807381927,1.7139246807381927,7.750005043284383
instantaneous,304,59,363,0.004550957270322378,0.0018329687933212162,1.3119878167707018,-1.3119878167707018,7.736994027961627
combines,391,79,470,0.005851230776128772,0.0024490927574628016,1.2564927041789982,-1.2564927041789982,7.7335342903886835
stringent,891,884,1775,0.013324067016395403,0.02724808231416161,-1.0321201828931506,1.0321201828931506,7.722445951804912
perturbatively,58,83,141,0.0008743218401111958,0.0025723175502911184,-1.556832410718335,1.556832410718335,7.715392185188524
usual,663,676,1339,0.00991645369083382,0.020840393087089123,-1.071486306434031,1.071486306434031,7.715156673297245
two-step,32,52,84,0.00048573435561733103,0.0016173254058716613,-1.7353705424653552,1.7353705424653552,7.7096461209599925
lists,72,10,82,0.0010835612548386615,0.0003234650811743323,1.744098829408487,-1.744098829408487,7.706894731400734
atic,59,84,143,0.000889267512591729,0.002603123748498198,-1.549554510801928,1.549554510801928,7.700996616201405
zero-point,98,15,113,0.0014721487393325264,0.0004774960722097286,1.624362671241814,-1.624362671241814,7.693303963165418
regular,491,103,594,0.007345798024182098,0.0031884415144327037,1.2040678110135685,-1.2040678110135685,7.692261147101093
longer,984,225,1209,0.014714014557084995,0.006946797695696374,1.0827709348184855,-1.0827709348184855,7.68591482588971
certain,949,933,1882,0.014190916020266332,0.028757586026308492,-1.0189748599043915,1.0189748599043915,7.68370376575546
change,1851,451,2302,0.027671912597707335,0.013908998490496288,0.9924038188630845,-0.9924038188630845,7.683158509297462
accounted,515,109,624,0.007704494163714897,0.0033732787036751793,1.1915487199392478,-1.1915487199392478,7.6708947375301895
conservation,296,328,624,0.004431391890478112,0.010119836111025538,-1.191354103604013,1.191354103604013,7.669641845896965
proposal,283,315,598,0.00423709814823118,0.009719355534333509,-1.1977841078680074,1.1977841078680074,7.66014270788124
foundation,460,96,556,0.006882482177285567,0.002972798126983149,1.2111074709955683,-1.2111074709955683,7.657305997932822
generalizations,56,80,136,0.0008444304951501293,0.002479898955669881,-1.5542307535271165,1.5542307535271165,7.646785661688887
com,230,43,273,0.003444977506762917,0.001340069622007948,1.3621866067529227,-1.3621866067529227,7.646127928510224
rays,396,81,477,0.005925959138531438,0.00251070515387696,1.2389560636452135,-1.2389560636452135,7.643876627350877
asymmetries,246,278,524,0.003684108266451449,0.008579526200671575,-1.2195825187898073,1.2195825187898073,7.638731029275195
algorithms,661,145,806,0.009886562345872752,0.004482301839130033,1.1412291655427056,-1.1412291655427056,7.638616184646955
widespread,132,22,154,0.001980301603670657,0.0006931394596592835,1.5145026152931995,-1.5145026152931995,7.6382805296096095
pdf,216,40,256,0.003235738092035451,0.00124765102738671,1.374880374014413,-1.374880374014413,7.629315803035175
sitter,406,432,838,0.006075415863336771,0.013323680724561781,-1.1329376182767463,1.1329376182767463,7.627174763522168
ensemble,471,99,570,0.007046884574571433,0.003065216721604387,1.2009965023037605,-1.2009965023037605,7.6231922395575
dependency,97,15,112,0.001457203066851993,0.0004774960722097286,1.6096411655350484,-1.6096411655350484,7.609398038448322
singly,46,68,114,0.0006949737703447966,0.0021102245771849296,-1.6023661096801824,1.6023661096801824,7.603118435221929
suffered,71,10,81,0.0010686155823581283,0.0003234650811743323,1.724061076171942,-1.724061076171942,7.597453127826019
reasonable,980,226,1206,0.014654231867162863,0.006977603893903454,1.0705137423182267,-1.0705137423182267,7.596251207207655
suited,377,77,454,0.005641991361401306,0.002387480361048643,1.2407155911105165,-1.2407155911105165,7.593548429925897
quantitatively,461,97,558,0.006897427849766101,0.0030036043251902285,1.1993636860684764,-1.1993636860684764,7.5873539507434495
tends,402,83,485,0.006015633173414638,0.0025723175502911184,1.22564784270024,-1.22564784270024,7.58211325437726
frameworks,122,151,273,0.0018308448788653246,0.004667139028372508,-1.3500288822980675,1.3500288822980675,7.577885063662955
accepted,192,35,227,0.002877041952502653,0.001093620036351314,1.3954746782498946,-1.3954746782498946,7.57651434467267
represents,852,194,1046,0.012741185789654606,0.005991805551276917,1.088436841097656,-1.088436841097656,7.568646076470574
mimicking,150,26,176,0.002249323708320256,0.0008163642524876005,1.4622063843688158,-1.4622063843688158,7.568599185418391
additive,76,11,87,0.0011433439447607946,0.00035427127938141153,1.6903330488079518,-1.6903330488079518,7.5681903881570305
thermalize,32,51,83,0.00048573435561733103,0.0015865192076645821,-1.707625551982451,1.707625551982451,7.5661759818579295
families,194,224,418,0.0029069332974637195,0.006915991497489295,-1.2504381275826422,1.2504381275826422,7.549984007693123
peculiarities,81,12,93,0.0012180723071634608,0.0003850774775884908,1.6613791266286657,-1.6613791266286657,7.548135117384313
sub-percent,81,12,93,0.0012180723071634608,0.0003850774775884908,1.6613791266286657,-1.6613791266286657,7.548135117384313
happened,81,12,93,0.0012180723071634608,0.0003850774775884908,1.6613791266286657,-1.6613791266286657,7.548135117384313
mature,86,13,99,0.0012928006695661271,0.0004158836757955701,1.6362478876455688,-1.6362478876455688,7.535199989071367
month,86,13,99,0.0012928006695661271,0.0004158836757955701,1.6362478876455688,-1.6362478876455688,7.535199989071367
conformally,38,58,96,0.0005754083905005306,0.001802162595114137,-1.6470710167161904,1.6470710167161904,7.534873862546285
retained,111,18,129,0.0016664424815794586,0.0005699146668309663,1.5479536964636678,-1.5479536964636678,7.534717945246967
diverse,471,100,571,0.007046884574571433,0.003096022919811466,1.186569431668481,-1.186569431668481,7.533694244585719
short-lived,154,27,181,0.0023091063982423887,0.0008471704506946798,1.4466104765520276,-1.4466104765520276,7.528170593572101
heats,101,16,117,0.001516985756774126,0.0005083022704168078,1.5774489599990356,-1.5774489599990356,7.525511499346753
exploitation,96,15,111,0.0014422573943714597,0.0004774960722097286,1.594767889053518,-1.594767889053518,7.524910484476685
nonlinearity,96,15,111,0.0014422573943714597,0.0004774960722097286,1.594767889053518,-1.594767889053518,7.524910484476685
commonly,919,212,1131,0.013742545845850334,0.006546317119004344,1.0698938955591863,-1.0698938955591863,7.523217047902341
understood,926,214,1140,0.013847165553214066,0.006607929515418502,1.0673204907000329,-1.0673204907000329,7.513573738976356
similarly,669,149,818,0.010006127725717018,0.00460552663195835,1.1194457332985184,-1.1194457332985184,7.509336106277019
persist,186,34,220,0.0027873679176194533,0.0010628138381442347,1.3910145256493813,-1.3910145256493813,7.5089227296299
generation,1874,1716,3590,0.0280156630647596,0.052878839222451554,-0.9164568694968532,0.9164568694968532,7.502286389387421
deviates,213,40,253,0.0031909010745938514,0.00124765102738671,1.3547494189081786,-1.3547494189081786,7.501700380543707
possibility,2670,2383,5053,0.039912418359264075,0.07342657342657342,-0.8794645790052277,0.8794645790052277,7.500017017799135
generates,325,350,675,0.0048648163924135766,0.010797572471581283,-1.1502497386726749,1.1502497386726749,7.495249382859114
programme,369,76,445,0.005522425981557041,0.0023566741628415636,1.2285498736258122,-1.2285498736258122,7.494546077581397
separated,648,144,792,0.00969226860362582,0.004451495640922953,1.1225442439233335,-1.1225442439233335,7.493906930895923
non-gravitational,144,25,169,0.002159649673437056,0.0007855580542805213,1.459007502701496,-1.459007502701496,7.493168452018949
chance,292,58,350,0.004371609200555979,0.001802162595114137,1.2784352570596753,-1.2784352570596753,7.492635742168387
high-temperature,40,60,100,0.0006052997354615971,0.0018637749915282956,-1.622506072217657,1.622506072217657,7.488061062591235
sensitivity,2668,2379,5047,0.03988252701430301,0.07330334863374512,-0.8781222809998632,0.8781222809998632,7.487526880104251
covariant,146,174,320,0.002189541018398123,0.005375681587135332,-1.2958192096150916,1.2958192096150916,7.478744274514374
master,35,54,89,0.0005305713730589308,0.00167893780228582,-1.6619300430999313,1.6619300430999313,7.478368879353465
interact,351,374,725,0.005253403876907442,0.011536921228551185,-1.1349338672139029,1.1349338672139029,7.476433613790109
interpreting,410,86,496,0.006135198553258904,0.0026647361449123564,1.2031173463133928,-1.2031173463133928,7.469662356545174
missing,760,748,1508,0.011366183921445545,0.02305843935799883,-1.020546906161607,1.020546906161607,7.469589424865956
pamela,243,270,513,0.003639271249009849,0.008333076615014942,-1.1951996595721603,1.1951996595721603,7.460703121845433
ubiquitous,278,55,333,0.004162369785828513,0.0017097440004928991,1.2836248131622388,-1.2836248131622388,7.459324771369144
torus,148,26,174,0.0022194323633591894,0.0008163642524876005,1.4429058284098797,-1.4429058284098797,7.452299784263836
marks,105,17,122,0.001576768446696259,0.0005391084686238871,1.5483233339345315,-1.5483233339345315,7.450817324617815
displacements,80,12,92,0.0012031266346829276,0.0003850774775884908,1.6435678505122053,-1.6435678505122053,7.4496348061946085
conducted,512,111,623,0.007659657146273297,0.003434891100089338,1.1570154566448165,-1.1570154566448165,7.446725457493658
returns,95,15,110,0.0014273117218909265,0.0004774960722097286,1.5797396798211865,-1.5797396798211865,7.439831732329354
heavily,273,54,327,0.004087641423425847,0.00167893780228582,1.283719860187943,-1.283719860187943,7.436606619421744
stack,124,21,145,0.001860736223826391,0.0006623332614522042,1.490244339538296,-1.490244339538296,7.426791558486419
correctly,412,87,499,0.00616508989821997,0.0026955423431194356,1.1935463594731623,-1.1935463594731623,7.417422871424239
remnant,643,144,787,0.009617540241223153,0.004451495640922953,1.111377817892336,-1.111377817892336,7.412332233543353
intensities,119,20,139,0.0017860078614237247,0.000631527063245125,1.4998219655349776,-1.4998219655349776,7.411583851248914
parallel,627,140,767,0.009378409481534622,0.004328270848094637,1.1155524907895213,-1.1155524907895213,7.411496185094735
three-point,233,45,278,0.0034898145242045165,0.0014016820184221065,1.3159912616832785,-1.3159912616832785,7.410625497564841
kinematical,457,98,555,0.006837645159843967,0.0030344105233973077,1.1720832758873414,-1.1720832758873414,7.408466808450066
affect,1646,407,2053,0.024608049739198015,0.0125535257693848,0.9710377096492205,-0.9710377096492205,7.406633235187716
flexibility,161,29,190,0.0024137261056061217,0.0009087828471088383,1.4092544675043965,-1.4092544675043965,7.401789793029344
time-varying,170,31,201,0.002548237157930921,0.0009703952435229968,1.392855167696569,-1.392855167696569,7.393648093842036
examples,782,762,1544,0.011694988716017277,0.023489726132897938,-1.0061394233453174,1.0061394233453174,7.38785961930634
tensions,419,89,508,0.006269709605583703,0.002757154739533594,1.1852183853478797,-1.1852183853478797,7.386811974940605
energy-momentum,103,128,231,0.0015468771017351926,0.003958596469609685,-1.3556304295222399,1.3556304295222399,7.383762922646835
imply,1235,298,1533,0.018465378349698844,0.009195650164813161,1.005799336236292,-1.005799336236292,7.378175789894767
equilateral,104,17,121,0.0015618227742157259,0.0005391084686238871,1.534583277308229,-1.534583277308229,7.372170359084464
took,165,30,195,0.002473508795528255,0.0009395890453159176,1.3964572314166444,-1.3964572314166444,7.370661384128653
dependencies,192,36,228,0.002877041952502653,0.001124426234558393,1.3553972388745597,-1.3553972388745597,7.364851800429357
oscillate,64,86,150,0.0009639958749943953,0.0026647361449123564,-1.4668938100411577,1.4668938100411577,7.359816735868122
ideas,272,295,567,0.004072695750945314,0.009103231570191923,-1.1603947383409308,1.1603947383409308,7.3593643242033435
october,74,11,85,0.001113452599799728,0.00035427127938141153,1.6521137265774615,-1.6521137265774615,7.359088311083622
fresh,74,11,85,0.001113452599799728,0.00035427127938141153,1.6521137265774615,-1.6521137265774615,7.359088311083622
motivating,55,76,131,0.000829484822669596,0.0023566741628415636,-1.5064648141702328,1.5064648141702328,7.355769290939132
different,12592,3611,16203,0.1882033807111151,0.11125658482486676,0.758401817676706,-0.758401817676706,7.351198984602922
inaccurate,89,14,103,0.001337637687007727,0.00044668987400264934,1.5823419443089972,-1.5823419443089972,7.349014525478371
vicinity,535,118,653,0.008003407613325561,0.003650534487538893,1.1325066780243094,-1.1325066780243094,7.342162369873771
spacing,41,60,101,0.0006202454079421303,0.0018637749915282956,-1.587316643755357,1.587316643755357,7.34129632344216
assessed,178,33,211,0.002667802537775187,0.0010320076399371553,1.3701982357436402,-1.3701982357436402,7.339585063164189
mimic,400,85,485,0.0059857418284535715,0.0026339299467052772,1.1843130796951251,-1.1843130796951251,7.326407787008136
generative,113,19,132,0.0016963338265405252,0.0006007208650380457,1.4976534306009794,-1.4976534306009794,7.324048148717819
compton,586,131,717,0.008765636909832758,0.004051015064230923,1.1135754709085188,-1.1135754709085188,7.32339519726842
renormalized,58,79,137,0.0008743218401111958,0.0024490927574628016,-1.486011073528638,1.486011073528638,7.321953538228396
altitude,127,22,149,0.0019055732412679909,0.0006931394596592835,1.459007502701496,-1.459007502701496,7.310554487387353
markedly,108,18,126,0.001621605464137859,0.0005699146668309663,1.5086050289878425,-1.5086050289878425,7.307964999989395
substantially,1103,265,1368,0.016492549582268454,0.008179045623979544,1.0118100256477733,-1.0118100256477733,7.307125891609114
approaching,204,39,243,0.003056390022269052,0.001216844829179631,1.3286834469369588,-1.3286834469369588,7.303996425974897
frequently,239,47,286,0.0035794885590877163,0.0014632944148362651,1.2905333995775452,-1.2905333995775452,7.303750823752923
document,86,109,195,0.0012928006695661271,0.0033732787036751793,-1.383651669792136,1.383651669792136,7.303072161598656
prefer,195,37,232,0.0029218789699442527,0.0011552324327654725,1.3387132689837842,-1.3387132689837842,7.29737750752925
ultra,374,79,453,0.005597154343959706,0.0024490927574628016,1.1924461153467083,-1.1924461153467083,7.295501237117986
promises,103,17,120,0.0015468771017351926,0.0005391084686238871,1.5207111027266715,-1.5207111027266715,7.293011929040566
adiabatically,103,17,120,0.0015468771017351926,0.0005391084686238871,1.5207111027266715,-1.5207111027266715,7.293011929040566
misalignment,182,206,388,0.0027275852276973205,0.006361479929761868,-1.2217381554797526,1.2217381554797526,7.285932427329554
reexamine,62,83,145,0.0009341045300333288,0.0025723175502911184,-1.4614128456396522,1.4614128456396522,7.283106734579394
kinematic,1899,481,2380,0.02838930487677293,0.014833184436708665,0.9365191709938759,-0.9365191709938759,7.281694890000583
atmospheric,581,576,1157,0.008690908547430092,0.017759773266381194,-1.0310342540062405,1.0310342540062405,7.2733792406976745
multi-field,32,49,81,0.00048573435561733103,0.0015249068112504235,-1.6504816448788422,1.6504816448788422,7.273209231743958
gravitating,131,23,154,0.001965355931190124,0.0007239456578663627,1.440837299786978,-1.440837299786978,7.266755027139752
suggestion,131,23,154,0.001965355931190124,0.0007239456578663627,1.440837299786978,-1.440837299786978,7.266755027139752
astrophysics,1330,327,1657,0.019885217235349504,0.010089029912818459,0.9789088607697203,-0.9789088607697203,7.257010973052885
satisfactorily,73,11,84,0.0010985069273191947,0.00035427127938141153,1.6326175509516645,-1.6326175509516645,7.253150414103556
parameterized,229,45,274,0.0034300318342823837,0.0014016820184221065,1.2910628653874245,-1.2910628653874245,7.251604587578674
sharply,176,33,209,0.0026379111928141207,0.0010320076399371553,1.3539423449857209,-1.3539423449857209,7.2396753090304165
crossover,40,58,98,0.0006052997354615971,0.001802162595114137,-1.574007554526467,1.574007554526467,7.232753358066371
flat,2686,703,3389,0.040151549118952606,0.02167216043868026,0.8896126716428975,-0.8896126716428975,7.231292396782073
two-photon,34,51,85,0.0005156257005783975,0.0015865192076645821,-1.6214689082327365,1.6214689082327365,7.222585647345616
arise,1117,1040,2157,0.01670178899699592,0.03205384923446598,-0.9404949714923418,0.9404949714923418,7.220120782104675
favours,153,28,181,0.0022941607257618555,0.0008779766489017591,1.3857119933777504,-1.3857119933777504,7.211254479900329
crystal,74,95,169,0.001113452599799728,0.0029419919287760696,-1.4017531454012744,1.4017531454012744,7.199121613282154
aligns,97,16,113,0.001457203066851993,0.0005083022704168078,1.5194433565634702,-1.5194433565634702,7.196385267779232
creating,291,60,351,0.0043566635280754456,0.0018637749915282956,1.2249959980982148,-1.2249959980982148,7.182924724431599
nitrogen,92,15,107,0.0013824747044493266,0.0004774960722097286,1.5336923123017498,-1.5336923123017498,7.180948668228375
school,36,53,89,0.000545517045539464,0.0016481316040787408,-1.5951352653488169,1.5951352653488169,7.17780509250144
compares,125,22,147,0.0018756818963069244,0.0006931394596592835,1.4361976197934103,-1.4361976197934103,7.176984373182438
del,125,22,147,0.0018756818963069244,0.0006931394596592835,1.4361976197934103,-1.4361976197934103,7.176984373182438
largely,1079,262,1341,0.016133853442735657,0.008086627029358306,0.9964810776413333,-0.9964810776413333,7.176573333176619
white-dwarf,422,92,514,0.006314546623025303,0.002849573334154832,1.1479332328255474,-1.1479332328255474,7.167886696581202
symmetric,908,856,1764,0.013578143448564468,0.02638550876436339,-0.9584595696775705,0.9584595696775705,7.165353618349856
insensitive,502,112,614,0.007510200421467964,0.0034656972982964173,1.1157057570215667,-1.1157057570215667,7.164640933609621
assessing,170,32,202,0.002548237157930921,0.001001201441730076,1.3477672781680308,-1.3477672781680308,7.160965160719257
ice,106,18,124,0.0015917141191767923,0.0005699146668309663,1.4817634167692015,-1.4817634167692015,7.154418660618731
enrich,77,12,89,0.0011582896172413278,0.0003850774775884908,1.5887753776718259,-1.5887753776718259,7.149186808430301
extensive,884,211,1095,0.01321944730903167,0.006515510920797264,1.0207116417428215,-1.0207116417428215,7.144391998061642
transition,1930,1711,3641,0.02885262072366946,0.05272480823141616,-0.869779575895667,0.869779575895667,7.132443245255126
coincides,226,45,271,0.0033851948168407836,0.0014016820184221065,1.2720797620198516,-1.2720797620198516,7.131027358424205
identification,898,215,1113,0.013428686723759136,0.006638735713625581,1.0163377965931568,-1.0163377965931568,7.130333702969234
site,243,49,292,0.003639271249009849,0.0015249068112504235,1.2549285041750455,-1.2549285041750455,7.1282105156898545
adequately,147,27,174,0.0022044866908786562,0.0008471704506946798,1.379718592896857,-1.379718592896857,7.125951236555174
expect,825,196,1021,0.012337652632680208,0.006053417947691075,1.0272460648269646,-1.0272460648269646,7.118318833919415
born,289,60,349,0.004326772183114379,0.0018637749915282956,1.2150634628869548,-1.2150634628869548,7.117760544046974
memory,217,43,260,0.0032506837645159842,0.001340069622007948,1.2784352570596753,-1.2784352570596753,7.113879077349397
seeded,96,16,112,0.0014422573943714597,0.0005083022704168078,1.5045700800819397,-1.5045700800819397,7.112686268978413
formulated,104,125,229,0.0015618227742157259,0.0038661778749884477,-1.3076772596975765,1.3076772596975765,7.111252648710775
extrapolating,124,22,146,0.001860736223826391,0.0006931394596592835,1.424655997910719,-1.424655997910719,7.109649716923431
chain,112,133,245,0.001681388154059992,0.004112627460645082,-1.2904075782982039,1.2904075782982039,7.104121535011211
reject,133,24,157,0.0019952472761511904,0.000754751856073442,1.4024932497446585,-1.4024932497446585,7.1002553600111575
ton,33,49,82,0.0005006800280978643,0.0015249068112504235,-1.6067602674495243,1.6067602674495243,7.10001751680008
moderate,774,183,957,0.011575423336173011,0.005652937370999045,1.0339923381186684,-1.0339923381186684,7.098200004772836
collecting,142,26,168,0.0021297583284759897,0.0008163642524876005,1.3834048166612178,-1.3834048166612178,7.096726591208771
chains,78,98,176,0.001173235289721861,0.0030344105233973077,-1.3709239083924365,1.3709239083924365,7.096107421804579
linked,522,118,640,0.007809113871078629,0.003650534487538893,1.0970511402422989,-1.0970511402422989,7.090273835134386
lifted,41,58,99,0.0006202454079421303,0.001802162595114137,-1.5388181260641671,1.5388181260641671,7.086519355808767
assumes,362,78,440,0.005417806274193308,0.0024182865592557224,1.1637235981829825,-1.1637235981829825,7.085965211952654
well-defined,386,84,470,0.005776502413726106,0.002603123748498198,1.1499523298149756,-1.1499523298149756,7.07779340489474
integration,537,122,659,0.008033298958286628,0.0037737592803672097,1.0899901676465649,-1.0899901676465649,7.07647758617567
firm,137,25,162,0.0020550299660733237,0.0007855580542805213,1.3873696286128394,-1.3873696286128394,7.066914324339854
ultra-high-energy,114,20,134,0.0017112794990210584,0.000631527063245125,1.438158945651173,-1.438158945651173,7.054564803488303
conclusion,748,177,925,0.011186835851679146,0.005468100181756569,1.0326904538386854,-1.0326904538386854,7.054178613491746
reaching,767,182,949,0.011470803628809279,0.0056221311727919655,1.028777448662475,-1.028777448662475,7.053773467362469
doubt,76,12,88,0.0011433439447607946,0.0003850774775884908,1.5700388150902402,-1.5700388150902402,7.047333327305206
january,76,12,88,0.0011433439447607946,0.0003850774775884908,1.5700388150902402,-1.5700388150902402,7.047333327305206
decigo,70,89,159,0.0010536699098775948,0.002757154739533594,-1.38775726269315,1.38775726269315,7.043109321520846
differing,211,42,253,0.003161009729632785,0.0013092634238008687,1.271630079154561,-1.271630079154561,7.041440812274044
puzzles,107,127,234,0.0016066597916573257,0.0039277902714026066,-1.2896534250970848,1.2896534250970848,7.040973157926444
electromagnetic,777,734,1511,0.01162026035361461,0.02262715258309972,-0.9614126533660023,0.9614126533660023,7.038683316127715
catastrophe,71,11,82,0.0010686155823581283,0.00035427127938141153,1.5928165428936896,-1.5928165428936896,7.038402420508827
matter-like,71,11,82,0.0010686155823581283,0.00035427127938141153,1.5928165428936896,-1.5928165428936896,7.038402420508827
disentangle,274,57,331,0.0041025870959063805,0.0017713563969070578,1.2116794502331363,-1.2116794502331363,7.0339627476658855
forms,1043,256,1299,0.015595809233436458,0.007901789840115832,0.9809070317250935,-0.9809070317250935,7.033220678479258
leading,1984,1741,3725,0.029659687037618256,0.05364899417762854,-0.8550477484145771,0.8550477484145771,7.031135060779853
unexplored,206,223,429,0.0030862813672301185,0.006885185299282216,-1.1576258875915597,1.1576258875915597,7.019594734371563
gets,151,170,321,0.002264269380800789,0.005252456794307014,-1.2139467833789086,1.2139467833789086,7.00999827416934
drives,351,76,427,0.005253403876907442,0.0023566741628415636,1.1565001985521965,-1.1565001985521965,7.007377178742567
fine-tuned,80,99,179,0.0012031266346829276,0.003065216721604387,-1.349200580256719,1.349200580256719,7.006340396469176
trajectories,314,67,381,0.004700413995127711,0.0020794183789778504,1.176607772000771,-1.176607772000771,6.995428095900051
generally,1861,483,2344,0.027821369322512668,0.014894796833122824,0.9013849835469846,-0.9013849835469846,6.994784141459292
resulted,158,30,188,0.002368889088164522,0.0009395890453159176,1.3341088547488338,-1.3341088547488338,6.993061107144338
confidence,2267,598,2865,0.03388931234960917,0.01843750962693694,0.8781865606446958,-0.8781865606446958,6.990955698378801
comprise,256,53,309,0.0038335649912567818,0.0016481316040787408,1.2178551913782198,-1.2178551913782198,6.986314353201516
credible,113,20,133,0.0016963338265405252,0.000631527063245125,1.4255036448451441,-1.4255036448451441,6.981888486697636
vital,201,40,241,0.0030115530048274524,0.00124765102738671,1.2712931878156557,-1.2712931878156557,6.978049139607351
quantitative,712,169,881,0.010648791642379949,0.0052216505960999355,1.028111902975435,-1.028111902975435,6.972852381046021
lacking,162,31,193,0.002428671778086655,0.0009703952435229968,1.3235231465882134,-1.3235231465882134,6.972132206463889
revisit,486,476,962,0.007271069661779431,0.01467915344567327,-1.0135292469565176,1.0135292469565176,6.963000061010809
difficulty,276,58,334,0.004132478440867447,0.001802162595114137,1.1972781128236154,-1.1972781128236154,6.961131230853678
robertson-walker,153,29,182,0.0022941607257618555,0.0009087828471088383,1.335958958180651,-1.335958958180651,6.959659693406553
machines,41,57,98,0.0006202454079421303,0.0017713563969070578,-1.5139434574251376,1.5139434574251376,6.9567516331956405
decoupling,370,372,742,0.005537371654037573,0.011475308832137026,-1.0512597208713772,1.0512597208713772,6.949558478735509
nucleated,75,12,87,0.0011283982722802613,0.0003850774775884908,1.551055711722667,-1.551055711722667,6.944598839402595
unveil,135,25,160,0.002025138621112257,0.0007855580542805213,1.3662308615546888,-1.3662308615546888,6.942371463480479
options,73,91,164,0.0010985069273191947,0.002818767135947753,-1.3595203312753654,1.3595203312753654,6.94163668215127
frequencies,893,218,1111,0.01335395836135647,0.006731154308246819,0.9883416117132052,-0.9883416117132052,6.932144524794428
polarization,1472,377,1849,0.022007502727585226,0.011629339823172422,0.9202262466776946,-0.9202262466776946,6.922807685015787
methodologies,103,18,121,0.0015468771017351926,0.0005699146668309663,1.4405407540426884,-1.4405407540426884,6.920388098216989
separately,490,112,602,0.007330852351701565,0.0034656972982964173,1.0808352971745145,-1.0808352971745145,6.9194180758112624
decision,44,60,104,0.0006650824253837302,0.0018637749915282956,-1.4866226441358839,1.4866226441358839,6.918682841454741
anthropic,60,77,137,0.0009042131850722624,0.002387480361048643,-1.40075400582733,1.40075400582733,6.901870337211429
expansion,3110,847,3957,0.04648851425069871,0.026108252980499676,0.8323683950638461,-0.8323683950638461,6.894918711314685
annual,189,204,393,0.002832204935061053,0.0062998675333477095,-1.1533958325983444,1.1533958325983444,6.893098232929563
rest,755,182,937,0.011291455559042879,0.0056221311727919655,1.0060424535697625,-1.0060424535697625,6.88510299031616
characteristic,1956,515,2471,0.029241208208163328,0.01588059517574936,0.8807379397049988,-0.8807379397049988,6.881014242996632
extraordinary,107,19,126,0.0016066597916573257,0.0006007208650380457,1.419297792899525,-1.419297792899525,6.875344040203059
strikingly,116,21,137,0.001741170843982125,0.0006623332614522042,1.3944285521244952,-1.3944285521244952,6.870703222143845
third-generation,68,85,153,0.0010237785649165284,0.0026339299467052772,-1.3633132697530583,1.3633132697530583,6.8669443219877015
participation,79,13,92,0.0011881809622023942,0.0004158836757955701,1.5145026152931995,-1.5145026152931995,6.8646337864572375
amplified,215,44,259,0.003220792419554918,0.0013708758202150273,1.2323177902950133,-1.2323177902950133,6.852526900067126
sophisticated,244,51,295,0.0036542169214903823,0.0015865192076645821,1.203697289941328,-1.203697289941328,6.8494702539618855
populating,102,18,120,0.0015319314292546592,0.0005699146668309663,1.4265338960488092,-1.4265338960488092,6.841357771644164
usefulness,102,18,120,0.0015319314292546592,0.0005699146668309663,1.4265338960488092,-1.4265338960488092,6.841357771644164
fragmentation,400,90,490,0.0059857418284535715,0.0027879609377406732,1.1023197074978177,-1.1023197074978177,6.830462478477026
dependences,155,30,185,0.0023240520707229224,0.0009395890453159176,1.3065405947400293,-1.3065405947400293,6.827650167033976
converges,88,15,103,0.0013226920145271936,0.0004774960722097286,1.469916401868435,-1.469916401868435,6.826866359336392
frontiers,41,56,97,0.0006202454079421303,0.0017405501986999783,-1.48863236889595,1.48863236889595,6.825330999084265
energies,1477,1300,2777,0.022082231089987893,0.04006346076830658,-0.8594011067057834,0.8594011067057834,6.8146094937448956
concise,33,47,80,0.0005006800280978643,0.0014632944148362651,-1.5472592557008626,1.5472592557008626,6.799352128273763
neural-network,659,158,817,0.009856671000911687,0.004882782415822063,1.0133969812844505,-1.0133969812844505,6.7967140458036
frequency,1896,502,2398,0.02834446785933133,0.015480114599057331,0.8726510324002592,-0.8726510324002592,6.791674792889295
axial,185,198,383,0.00277242224513892,0.006115030344105234,-1.1412126583498419,1.1412126583498419,6.790948606328328
goals,499,116,615,0.0074653634040263645,0.003588922091124734,1.056661885310451,-1.056661885310451,6.787200246301959
content,2163,579,2742,0.03233496241163371,0.017852191861002432,0.8569937165877323,-0.8569937165877323,6.784654275168216
imposed,350,348,698,0.005238458204426908,0.010735960075167124,-1.035237049685487,1.035237049685487,6.78044111086049
means,1662,436,2098,0.024847180498886547,0.013446905517390098,0.885807943818787,-0.885807943818787,6.775736580085424
suggestions,141,27,168,0.0021148126559954565,0.0008471704506946798,1.3198056914795357,-1.3198056914795357,6.770469520669029
inconsistency,119,22,141,0.0017860078614237247,0.0006931394596592835,1.3655208738233868,-1.3655208738233868,6.7672852942132575
electromagnetism,47,62,109,0.0007099194428253299,0.001925387387942454,-1.4394215141588262,1.4394215141588262,6.765972565402754
august,101,18,119,0.001516985756774126,0.0005699146668309663,1.4123897137285393,-1.4123897137285393,6.761804092065679
singularity,135,150,285,0.002025138621112257,0.004636332830165429,-1.1949634732335177,1.1949634732335177,6.758703618837624
appealing,94,110,204,0.0014123660494103933,0.003404084901882259,-1.2691529729980462,1.2691529729980462,6.755713940321779
colder,132,25,157,0.001980301603670657,0.0007855580542805213,1.3339303696513787,-1.3339303696513787,6.753149263800895
deformed,49,64,113,0.0007398107877863965,0.0019869997843566124,-1.4253634731713314,1.4253634731713314,6.7508042700322495
plausible,782,192,974,0.011694988716017277,0.005930193154862758,0.9797394684100298,-0.9797394684100298,6.742995629200701
discovered,1755,464,2219,0.02623712803957614,0.014309479067188319,0.8746386566704148,-0.8746386566704148,6.7393204203100385
importance,1660,437,2097,0.02481728915392548,0.013477711715597179,0.88076996295533,-0.88076996295533,6.736780260573949
validating,87,15,102,0.0013077463420466603,0.0004774960722097286,1.4535219636177665,-1.4535219636177665,6.736680379807725
performances,96,17,113,0.0014422573943714597,0.0005391084686238871,1.4196811824954267,-1.4196811824954267,6.723891813749703
definitions,140,27,167,0.0020998669835149233,0.0008471704506946798,1.3095737688685796,-1.3095737688685796,6.71020882005397
depend,1736,460,2196,0.02595316026244601,0.01418625427436,0.8714165114630692,-0.8714165114630692,6.705417663475719
arising,873,791,1664,0.013055044911745804,0.024383105880903238,-0.9012744850481088,0.9012744850481088,6.685275957489112
regularization,64,79,143,0.0009639958749943953,0.0024490927574628016,-1.3451485376887886,1.3451485376887886,6.685137092510951
auxiliary,69,84,153,0.0010387242373970616,0.002603123748498198,-1.3254312013863643,1.3254312013863643,6.676134139143271
analytic,1602,423,2025,0.023950440150054552,0.013046424940698069,0.8763976443462175,-0.8763976443462175,6.6727327598454975
today,1171,301,1472,0.017508855310944715,0.009288068759434399,0.9146342091353633,-0.9146342091353633,6.672308156069155
phys,75,90,165,0.0011283982722802613,0.0027879609377406732,-1.3049339855858133,1.3049339855858133,6.670806598926111
domain,498,473,971,0.007450417731545831,0.014586734851052031,-0.9692637588978763,0.9692637588978763,6.667910265827249
identifies,169,34,203,0.002533291485450388,0.0010628138381442347,1.2531241685304875,-1.2531241685304875,6.664264695431394
days,481,113,594,0.007196341299376766,0.0034965034965034965,1.0413506627248572,-1.0413506627248572,6.652732653523387
inadequate,86,15,101,0.0012928006695661271,0.0004774960722097286,1.4369390794221624,-1.4369390794221624,6.645804176673228
physicists,47,61,108,0.0007099194428253299,0.0018945811897353748,-1.4161517348359791,1.4161517348359791,6.643660442137898
celestial,210,44,254,0.0031460640571522517,0.0013708758202150273,1.1984501542723112,-1.1984501542723112,6.640928150558649
composition,608,147,755,0.00909444170440449,0.004543914235544191,1.0010494706368376,-1.0010494706368376,6.634997310983579
carried,1042,266,1308,0.015580863560955924,0.008209851822186623,0.9243471077451629,-0.9243471077451629,6.634056538501575
restricts,49,63,112,0.0007398107877863965,0.001956193586149533,-1.4028209045202433,1.4028209045202433,6.631678455864026
high-energy,955,855,1810,0.014280590055149532,0.02635470256615631,-0.8840048193396439,0.8840048193396439,6.631481013693274
dataset,611,148,759,0.009139278721846089,0.004574720433751271,0.9983967298989335,-0.9983967298989335,6.622683432165445
procedures,189,39,228,0.002832204935061053,0.001216844829179631,1.2187804521663015,-1.2187804521663015,6.622514160437818
signs,345,78,423,0.005163729842024242,0.0024182865592557224,1.0944283136689443,-1.0944283136689443,6.620999583556108
knowledge,1037,265,1302,0.01550613519855326,0.008179045623979544,0.9228347324898089,-0.9228347324898089,6.618962515934337
golden,35,48,83,0.0005305713730589308,0.0014941006130433443,-1.4936585605101325,1.4936585605101325,6.6181274416444165
units,422,98,520,0.006314546623025303,0.0030344105233973077,1.0572628738854832,-1.0572628738854832,6.613972267453397
high-and,108,20,128,0.001621605464137859,0.000631527063245125,1.3605063899987084,-1.3605063899987084,6.6118058303290415
summer,54,68,122,0.0008145391501890628,0.0021102245771849296,-1.3733405960112874,1.3733405960112874,6.608768130723348
attempted,81,14,95,0.0012180723071634608,0.00044668987400264934,1.4472543212758184,-1.4472543212758184,6.605772643909292
imposes,92,106,198,0.0013824747044493266,0.0032808601090539417,-1.2468209975372133,1.2468209975372133,6.599803601831535
occupied,90,16,106,0.0013525833594882602,0.0005083022704168078,1.411958929897065,-1.411958929897065,6.5978424006989815
libra,85,99,184,0.001277854997085594,0.003065216721604387,-1.2622649434854383,1.2622649434854383,6.58947215051637
poles,62,76,138,0.0009341045300333288,0.0023566741628415636,-1.335096395858252,1.335096395858252,6.587998363579279
analytical,1691,452,2143,0.02528060500082201,0.013939804688703367,0.8588206419957334,-0.8588206419957334,6.587522347810195
mirror,266,267,533,0.003983021716062114,0.008240658020393704,-1.048896196357021,1.048896196357021,6.5874833071018095
moves,159,32,191,0.0023838347606450552,0.001001201441730076,1.2515519629087277,-1.2515519629087277,6.580028652844922
dominates,708,175,883,0.010589008952457816,0.005406487785342411,0.9698039847857708,-0.9698039847857708,6.579593493953952
saturate,39,52,91,0.0005903540629810638,0.0016173254058716613,-1.453957607316707,1.453957607316707,6.57448890027824
objective,192,40,232,0.002877041952502653,0.00124765102738671,1.2053717948699523,-1.2053717948699523,6.570528004679617
nominal,167,34,201,0.0025034001404893214,0.0010628138381442347,1.2359999907392785,-1.2359999907392785,6.5610188248295005
resolving,335,76,411,0.00501427311721891,0.0023566741628415636,1.0892882756798448,-1.0892882756798448,6.55863014204103
involve,239,242,481,0.0035794885590877163,0.007470503065216722,-1.061451929165997,1.061451929165997,6.557590698138726
december,94,17,111,0.0014123660494103933,0.0005391084686238871,1.3894665694484192,-1.3894665694484192,6.556196439644633
detectability,408,95,503,0.006105307208297837,0.0029419919287760696,1.0532706022822476,-1.0532706022822476,6.554056653618751
multiple,2519,696,3215,0.037655621814703555,0.02145651705123071,0.8114493605408127,-0.8114493605408127,6.553178722101631
air,272,60,332,0.004072695750945314,0.0018637749915282956,1.1277563445620071,-1.1277563445620071,6.5501695431956195
captures,236,51,287,0.003534651541646116,0.0015865192076645821,1.1557030083284896,-1.1557030083284896,6.544700462938461
resembles,240,52,292,0.0035944342315682495,0.0016173254058716613,1.152154728276232,-1.152154728276232,6.544437728904156
chamber,99,112,211,0.0014870944118130596,0.0034656972982964173,-1.2206494085010755,1.2206494085010755,6.538513867763371
desired,154,164,318,0.0023091063982423887,0.005067619605064539,-1.133973583658554,1.133973583658554,6.537574415301341
visible,1008,891,1899,0.015072710696617794,0.027463725701611163,-0.8655884568397205,0.8655884568397205,6.534854547009122
literature,2486,688,3174,0.03716241462284595,0.021210067465574075,0.8090950338401103,-0.8090950338401103,6.523784159094889
relativity,1302,343,1645,0.019466738405894572,0.010581929084131728,0.879408530520083,-0.879408530520083,6.512990491373462
possibly,1504,401,1905,0.022485764246962293,0.012368688580142324,0.8623193759883353,-0.8623193759883353,6.512893087447902
emerges,246,247,493,0.003684108266451449,0.007624534056252118,-1.0493337164167476,1.0493337164167476,6.508529645457677
extract,848,215,1063,0.012681403099732473,0.006638735713625581,0.9337339526258781,-0.9337339526258781,6.5079301911821785
negligible,1136,296,1432,0.016985756774126053,0.009134037768399002,0.8950008364441572,-0.8950008364441572,6.504441336785395
decouple,81,94,175,0.0012180723071634608,0.0029111857305689904,-1.257007107817682,1.257007107817682,6.499335132620521
identity,54,67,121,0.0008145391501890628,0.0020794183789778504,-1.3521241101015917,1.3521241101015917,6.495632680019273
self-interaction,438,414,852,0.006553677382713835,0.012769169156834355,-0.9622880968787043,0.9622880968787043,6.494250981247753
lagrangian,735,663,1398,0.010992542109432214,0.02043991251039709,-0.8948639619430502,0.8948639619430502,6.481958718895042
modulus,199,204,403,0.0029816616598663855,0.0062998675333477095,-1.0792049345470904,1.0792049345470904,6.476756550559998
view,1468,392,1860,0.021947720037663095,0.012091432796278612,0.8600858687181747,-0.8600858687181747,6.4754740550647085
mix,208,212,420,0.003116172712191185,0.006546317119004344,-1.0709082954080877,1.0709082954080877,6.471105627695742
spectrum,9951,3006,12957,0.14873185969002675,0.09261883490958381,0.6833362046171253,-0.6833362046171253,6.470830758155249
searched,281,277,558,0.004207206803270113,0.008548720002464497,-1.0228456869849258,1.0228456869849258,6.470674703838654
harmonic,246,54,300,0.003684108266451449,0.00167893780228582,1.1337666737732979,-1.1337666737732979,6.470531421721778
discovering,136,146,282,0.00204008429359279,0.004513108037337113,-1.1454925513300829,1.1454925513300829,6.466817370179854
edges,293,66,359,0.004386554873036512,0.002048612180770771,1.0984414197811754,-1.0984414197811754,6.465540469285809
reconstruction,1282,339,1621,0.01916782495628391,0.01045870429130341,0.8739825084219977,-0.8739825084219977,6.459967627590138
arrays,385,90,475,0.005761556741245572,0.0027879609377406732,1.047248325004142,-1.047248325004142,6.456723520794486
relaxed,761,192,953,0.011381129593926079,0.005930193154862758,0.9404927530773414,-0.9404927530773414,6.4524044642981
tightly,449,107,556,0.006718079779999701,0.003311666307261021,1.0204916180973,-1.0204916180973,6.4521248322191385
linear,3618,1034,4652,0.054080915870809605,0.0318690120452235,0.7629652885821567,-0.7629652885821567,6.443445918550148
paths,177,37,214,0.002652856865294654,0.0011552324327654725,1.1993636860684764,-1.1993636860684764,6.441348221954727
march,97,18,115,0.001457203066851993,0.0005699146668309663,1.354384110292974,-1.354384110292974,6.438187021679001
light-cone,110,21,131,0.0016514968090989254,0.0006623332614522042,1.3181449668616467,-1.3181449668616467,6.436240778439596
scrutinize,39,51,90,0.0005903540629810638,0.0015865192076645821,-1.4262126168338027,1.4262126168338027,6.4334447409590325
opposed,189,40,229,0.002832204935061053,0.00124765102738671,1.1827111974587798,-1.1827111974587798,6.431677291332367
lose,241,53,294,0.0036093799040487827,0.0016481316040787408,1.1309195546069388,-1.1309195546069388,6.431511637052466
particle-photon,40,52,92,0.0006052997354615971,0.0016173254058716613,-1.417888352609185,1.417888352609185,6.426720028384297
hardly,152,31,183,0.0022792150532813223,0.0009703952435229968,1.231892671122645,-1.231892671122645,6.424241140173928
showed,395,93,488,0.005911013466050905,0.0028803795323619113,1.037146586757468,-1.037146586757468,6.422387619923842
prolonged,88,16,104,0.0013226920145271936,0.0005083022704168078,1.3797185928968567,-1.3797185928968567,6.4211556257171
areas,555,136,691,0.008302321062936227,0.00420504605526632,0.9813931226415523,-0.9813931226415523,6.417904681766465
unconstrained,161,168,329,0.0024137261056061217,0.005190844397892856,-1.1047072643156208,1.1047072643156208,6.406299781821899
useful,1702,463,2165,0.02544500739810788,0.014278672868981239,0.8335207164462157,-0.8335207164462157,6.401970411384211
examining,356,83,439,0.0053281322393101075,0.0025723175502911184,1.0505611361421487,-1.0505611361421487,6.3945289725463095
thermalized,71,83,154,0.0010686155823581283,0.0025723175502911184,-1.26732579352335,1.26732579352335,6.391662738375278
defects,157,164,321,0.002353943415683989,0.005067619605064539,-1.1062285931756497,1.1062285931756497,6.387974032447865
considerations,291,283,574,0.0043566635280754456,0.008733557191706971,-1.0033456895694195,1.0033456895694195,6.375629790363078
triggered,549,135,684,0.008212647028053027,0.00417423985705924,0.9763337917676724,-0.9763337917676724,6.374892252399829
atoms,206,208,414,0.0030862813672301185,0.006423092326176026,-1.0573984398529055,1.0573984398529055,6.374292302290722
little,1399,376,1775,0.0209164686365063,0.011598533624965343,0.8506968790732997,-0.8506968790732997,6.365015217121061
scalable,74,13,87,0.001113452599799728,0.0004158836757955701,1.4207881804710056,-1.4207881804710056,6.36134722599834
human,96,18,114,0.0014422573943714597,0.0005699146668309663,1.3395108338114436,-1.3395108338114436,6.3558879916425655
motivation,210,211,421,0.0031460640571522517,0.006515510920797264,-1.0503302678812407,1.0503302678812407,6.349252050834968
unexpectedly,113,22,135,0.0016963338265405252,0.0006931394596592835,1.2912025531335531,-1.2912025531335531,6.343232531126414
damping,354,83,437,0.005298240894349041,0.0025723175502911184,1.0424446869377768,-1.0424446869377768,6.3403767879144
stays,87,16,103,0.0013077463420466603,0.0005083022704168078,1.3633241546461883,-1.3633241546461883,6.331810296418362
smoothly,250,56,306,0.003743890956373582,0.0017405501986999783,1.1049949929523337,-1.1049949929523337,6.328138086484203
triggering,277,63,340,0.00414742411334798,0.001956193586149533,1.0841664366376154,-1.0841664366376154,6.322731244285819
discovery,1699,1421,3120,0.02540017038066628,0.04379101075136317,-0.7857965749635427,0.7857965749635427,6.3224475321456035
dilute,78,89,167,0.001173235289721861,0.002757154739533594,-1.2326878662003165,1.2326878662003165,6.316248224257885
crisis,78,14,92,0.001173235289721861,0.00044668987400264934,1.3931469159363676,-1.3931469159363676,6.314577005061202
locked,78,14,92,0.001173235289721861,0.00044668987400264934,1.3931469159363676,-1.3931469159363676,6.314577005061202
lying,234,52,286,0.0035047601966850498,0.0016173254058716613,1.1157057570215667,-1.1157057570215667,6.314316889884182
investigating,476,116,592,0.007121612936974099,0.003588922091124734,0.9886534214279746,-0.9886534214279746,6.3127442890518415
acquisition,121,24,145,0.0018158992063847914,0.000754751856073442,1.2666098216628858,-1.2666098216628858,6.312285094359972
shell,390,366,756,0.0058362851036482385,0.01129047164289455,-0.9519834878195198,0.9519834878195198,6.311044352029941
century,158,33,191,0.002368889088164522,0.0010320076399371553,1.198757001853948,-1.198757001853948,6.30245938943303
conventional,816,718,1534,0.012203141580355409,0.02213425341178645,-0.8590281087233287,0.8590281087233287,6.302075595582172
life,257,58,315,0.003848510663737315,0.001802162595114137,1.094571064659489,-1.094571064659489,6.300068882631391
occurring,427,103,530,0.00638927498542797,0.0031884415144327037,1.002800814446248,-1.002800814446248,6.292336465357801
truly,182,39,221,0.0027275852276973205,0.001216844829179631,1.1644790677625896,-1.1644790677625896,6.29130472106466
update,231,228,459,0.00345992317924345,0.007039216290317612,-1.0246748096255205,1.0246748096255205,6.2825133358820855
artifacts,82,15,97,0.001233017979643994,0.0004774960722097286,1.3686330660312533,-1.3686330660312533,6.27513809798649
constant,5665,1686,7351,0.0846747074384612,0.05195465327623918,0.7046781283155152,-0.7046781283155152,6.273557467195311
vortex,44,55,99,0.0006650824253837302,0.0017097440004928991,-1.3621752732113952,1.3621752732113952,6.273048956283301
ease,95,18,113,0.0014273117218909265,0.0005699146668309663,1.324482624579112,-1.324482624579112,6.273012551457059
discontinuity,95,18,113,0.0014273117218909265,0.0005699146668309663,1.324482624579112,-1.324482624579112,6.273012551457059
affecting,359,85,444,0.005372969256751708,0.0026339299467052772,1.0285026077257127,-1.0285026077257127,6.271885301313081
opportunities,245,240,485,0.0036691625939709155,0.007408890668802563,-1.0138067072830361,1.0138067072830361,6.271619795562481
horndeski,112,22,134,0.001681388154059992,0.0006931394596592835,1.2784352570596753,-1.2784352570596753,6.271076222321276
similarity,306,71,377,0.004580848615283445,0.0022026431718061676,1.0563790890847047,-1.0563790890847047,6.2694981241827215
does,3779,1100,4879,0.056487169140175465,0.03390222112689073,0.7365434060895025,-0.7365434060895025,6.255389861000147
limitation,153,32,185,0.0022941607257618555,0.001001201441730076,1.1962341945140376,-1.1962341945140376,6.251216862963723
destroy,99,19,118,0.0014870944118130596,0.0006007208650380457,1.3077295638537134,-1.3077295638537134,6.249801081249776
removes,165,35,200,0.002473508795528255,0.001093620036351314,1.1774474494748486,-1.1774474494748486,6.244362837781605
develop,1854,515,2369,0.027716749615148934,0.01588059517574936,0.8034930973072142,-0.8034930973072142,6.243659807245995
doubling,86,16,102,0.0012928006695661271,0.0005083022704168078,1.3467412704505841,-1.3467412704505841,6.24178080580253
magnetic,2169,1773,3942,0.03242463644651691,0.05463479252025508,-0.7527295819461334,0.7527295819461334,6.232372962224305
period,1174,315,1489,0.017553692328386317,0.009719355534333509,0.8528419652019607,-0.8528419652019607,6.231316597081398
residual,844,220,1064,0.01262162040981034,0.006792766704660978,0.8938259294161782,-0.8938259294161782,6.230619290805945
machine,79,89,168,0.0011881809622023942,0.002757154739533594,-1.2144256598075882,1.2144256598075882,6.2298806316165525
inverse,658,585,1243,0.009841725328431153,0.01803702905024491,-0.8739785680723878,0.8739785680723878,6.228047551076836
subtraction,278,64,342,0.004162369785828513,0.0019869997843566124,1.0668134240890905,-1.0668134240890905,6.227769207250233
following,1771,491,2262,0.026476258799264674,0.015141246418779458,0.8062153059500458,-0.8062153059500458,6.227567115704247
model-independent,629,561,1190,0.009408300826495688,0.017297680293275008,-0.8785724825092719,0.8785724825092719,6.222532279070978
weaker,734,189,923,0.01097759643695168,0.00583777456024152,0.9110718045575011,-0.9110718045575011,6.221447029914181
baseline,548,137,685,0.008197701355572493,0.0042358522534733985,0.9525671641634837,-0.9525671641634837,6.221099581341586
quiet,90,17,107,0.0013525833594882602,0.0005391084686238871,1.3270700323105518,-1.3270700323105518,6.213516038861982
preexisting,68,12,80,0.0010237785649165284,0.0003850774775884908,1.410683055358115,-1.410683055358115,6.199174960129201
space-based,434,106,540,0.0064938946927917025,0.0032808601090539417,0.9850099087608749,-0.9850099087608749,6.199080349650504
likelihoods,152,32,184,0.0022792150532813223,0.001001201441730076,1.186804781594107,-1.186804781594107,6.195543254825605
link,611,155,766,0.009139278721846089,0.004790363821200826,0.9319450805690968,-0.9319450805690968,6.190432897279369
thermal,2807,2252,5059,0.041959975489097134,0.06939096146144605,-0.7257339212406246,0.7257339212406246,6.189872981279308
users,94,18,112,0.0014123660494103933,0.0005699146668309663,1.3092962207644359,-1.3092962207644359,6.189551005127898
starobinsky,65,75,140,0.0009789415474749286,0.0023258679646344844,-1.2484745756153157,1.2484745756153157,6.17840090396198
remarkably,874,230,1104,0.013069990584226338,0.00710082868673177,0.8801987956646276,-0.8801987956646276,6.168081620899126
viable-candidate,61,71,132,0.0009191588575527956,0.0022026431718061676,-1.260849669266837,1.260849669266837,6.165995080917763
prevent,310,73,383,0.004640631305205578,0.002264255568220326,1.03528427555643,-1.03528427555643,6.16060666415105
preventing,131,27,158,0.001965355931190124,0.0008471704506946798,1.2140664379399555,-1.2140664379399555,6.153986469048388
powerful-probe,226,51,277,0.0033851948168407836,0.0015865192076645821,1.0933738750353295,-1.0933738750353295,6.153093904306568
instead,1713,477,2190,0.025609409795393744,0.014709959643880348,0.7998807157683763,-0.7998807157683763,6.152773123847097
two-parameter,102,20,122,0.0015319314292546592,0.000631527063245125,1.2784352570596749,-1.2784352570596749,6.1520661433790815
discussions,81,90,171,0.0012180723071634608,0.0027879609377406732,-1.194610570679815,1.194610570679815,6.149251314517314
discrepancy,1062,285,1347,0.01587977701056659,0.00879516958812113,0.8524073527218965,-0.8524073527218965,6.142768989739054
met,79,88,167,0.0011881809622023942,0.002726348541326515,-1.1982154326263292,1.1982154326263292,6.139612716342403
apply,2510,719,3229,0.037521110762378754,0.022165059609993532,0.759415295099879,-0.759415295099879,6.136255881913291
fully,2359,673,3032,0.035264314217818234,0.020747974492467885,0.7652384828468527,-0.7652384828468527,6.135152233700292
differ,805,211,1016,0.012038739183069542,0.006515510920797264,0.8857340877589319,-0.8857340877589319,6.133365243698263
reduces,798,209,1007,0.01193411947570581,0.006453898524383106,0.886849325884194,-0.886849325884194,6.133204678420194
draw,210,47,257,0.0031460640571522517,0.0014632944148362651,1.104327976907761,-1.104327976907761,6.13228862426705
produced,3389,2678,6067,0.05065835687276749,0.08251440189766181,-0.7038456630965982,0.7038456630965982,6.131047780208462
begins,206,46,252,0.0030862813672301185,0.0014324882166291857,1.1073463224837268,-1.1073463224837268,6.127378501212529
programs,357,86,443,0.005343077911790641,0.0026647361449123564,1.0036783662013402,-1.0036783662013402,6.118247237471975
helping,76,14,90,0.0011433439447607946,0.00044668987400264934,1.3559140097373925,-1.3559140097373925,6.1163376008432975
shedding,76,14,90,0.0011433439447607946,0.00044668987400264934,1.3559140097373925,-1.3559140097373925,6.1163376008432975
assessment,225,51,276,0.0033702491443602504,0.0015865192076645821,1.0869902582444753,-1.0869902582444753,6.113252241422025
formulation,339,316,655,0.005074055807141042,0.009750161732540587,-0.9422867630112965,0.9422867630112965,6.111823454184923
propagating,182,181,363,0.0027275852276973205,0.005591324974584887,-1.0355659220560582,1.0355659220560582,6.106891582445691
well-studied,186,41,227,0.0027873679176194533,0.0012784572255937895,1.1244995510806257,-1.1244995510806257,6.105296722420826
reaction,146,149,295,0.002189541018398123,0.00460552663195835,-1.0727376576035441,1.0727376576035441,6.1042628719537735
opens,285,270,555,0.004266989493192246,0.008333076615014942,-0.9656306862916598,0.9656306862916598,6.103527825867753
modern,770,202,972,0.011515640646250878,0.006238255136933551,0.8843802109151111,-0.8843802109151111,6.084875525780632
option,85,93,178,0.001277854997085594,0.0028803795323619113,-1.172534782829426,1.172534782829426,6.0823902893039365
two-body,186,184,370,0.0027873679176194533,0.005683743569206124,-1.0279380236328453,1.0279380236328453,6.081489055649249
kinetic,1211,1015,2226,0.018106682210166047,0.031283694279288995,-0.7888886726724939,0.7888886726724939,6.0810778597071575
ignored,247,57,304,0.0036990539389319824,0.0017713563969070578,1.0623018261949098,-1.0623018261949098,6.076697646694302
utilize,414,102,516,0.0061949812431810365,0.0031576353162256245,0.9722553541626172,-0.9722553541626172,6.07469313777841
adjacent,101,20,121,0.001516985756774126,0.000631527063245125,1.2642910747394054,-1.2642910747394054,6.07368092971653
independently,744,195,939,0.011127053161757014,0.006022611749483996,0.8856104034470605,-0.8856104034470605,6.062782438282707
rise,1190,996,2186,0.01779282308807485,0.030698376513354487,-0.7868669273964111,0.7868669273964111,6.0512317318895015
vast,442,110,552,0.006613460072635968,0.003404084901882259,0.958138247751241,-0.958138247751241,6.0509860495003895
disagree,71,13,84,0.0010686155823581283,0.0004158836757955701,1.3614909967872337,-1.3614909967872337,6.0486296875770575
motivates,116,121,237,0.001741170843982125,0.0037429530821601305,-1.1041191967791877,1.1041191967791877,6.042039100772453
lesser,88,17,105,0.0013226920145271936,0.0005391084686238871,1.2948296953103435,-1.2948296953103435,6.038359421327472
ensuing,56,65,121,0.0008444304951501293,0.002017805982563692,-1.2567368769499498,1.2567368769499498,6.0373904045599085
studying,1406,390,1796,0.021021088343870033,0.012029820399864452,0.8052222613450335,-0.8052222613450335,6.034234077350353
percent,700,183,883,0.01046944357261355,0.005652937370999045,0.8891121497599183,-0.8891121497599183,6.0321432039156155
mainly,1405,390,1795,0.021006142671389498,0.012029820399864452,0.8041961624106766,-0.8041961624106766,6.026096975260666
settle,92,18,110,0.0013824747044493266,0.0005699146668309663,1.2784352570596753,-1.2784352570596753,6.020829453545038
determining,1006,272,1278,0.015042819351656727,0.0083946890114291,0.8415261994293638,-0.8415261994293638,6.020138570391961
implied,415,103,518,0.00620992691566157,0.0031884415144327037,0.9617248714433322,-0.9617248714433322,6.012611458313783
pointing,342,83,425,0.0051188928245826425,0.0025723175502911184,0.9927630475461499,-0.9927630475461499,6.0106236565857
axionlike,42,51,93,0.0006351910804226637,0.0015865192076645821,-1.3206024288732037,1.3206024288732037,5.99988612455272
varied,203,46,249,0.003041444349788519,0.0014324882166291857,1.0862333353305287,-1.0862333353305287,5.997594908706669
ensures,117,121,238,0.0017561165164626583,0.0037429530821601305,-1.0917883948684683,1.0917883948684683,5.979139350918976
hierarchically,112,23,135,0.001681388154059992,0.0007239456578663627,1.215699501711713,-1.215699501711713,5.97231209667093
mixed,472,421,893,0.007061830247051966,0.01298481254428391,-0.8787111396613345,0.8787111396613345,5.971462366505831
fuzzy-dark,187,42,229,0.0028023135900999865,0.0013092634238008687,1.0978630114178545,-1.0978630114178545,5.970266126423544
matter-radiation,132,28,160,0.001980301603670657,0.0008779766489017591,1.1734656974581328,-1.1734656974581328,5.962853717223293
handling,87,17,104,0.0013077463420466603,0.0005391084686238871,1.2784352570596753,-1.2784352570596753,5.94978699659917
singular,376,93,469,0.005627045688920773,0.0028803795323619113,0.9661187569566043,-0.9661187569566043,5.944270462893788
derives,70,13,83,0.0010536699098775948,0.0004158836757955701,1.3411710124076377,-1.3411710124076377,5.942483051897455
probes,1804,514,2318,0.02696946599112227,0.01584978897754228,0.7668633231755771,-0.7668633231755771,5.942340561814219
dictated,59,67,126,0.000889267512591729,0.0020794183789778504,-1.2254906715705747,1.2254906715705747,5.936506085797644
coulomb,89,95,184,0.001337637687007727,0.0029419919287760696,-1.1371058885991792,1.1371058885991792,5.936097349279589
special,751,643,1394,0.011231672869120746,0.019823788546255508,-0.8196598821320246,0.8196598821320246,5.934870074952715
briefly,1015,850,1865,0.015177330403981526,0.026200671575120914,-0.7876857391949192,0.7876857391949192,5.932496404834055
blind,284,68,352,0.004252043820711713,0.0021102245771849296,1.010759921518368,-1.010759921518368,5.929590792815912
uses,916,248,1164,0.013697708828408735,0.007655340254459197,0.8393961911499125,-0.8393961911499125,5.926536969324208
want,95,19,114,0.0014273117218909265,0.0006007208650380457,1.2485337713458131,-1.2485337713458131,5.924208005005284
started,254,60,314,0.003803673646295715,0.0018637749915282956,1.0291657709734134,-1.0291657709734134,5.920350854917546
preparation,99,20,119,0.0014870944118130596,0.000631527063245125,1.235579778097878,-1.235579778097878,5.915327985192063
broglie,74,14,88,0.001113452599799728,0.00044668987400264934,1.3176946875069022,-1.3176946875069022,5.914652298546308
pierre,103,21,124,0.0015468771017351926,0.0006623332614522042,1.2237293649695402,-1.2237293649695402,5.908549303622653
works,1009,276,1285,0.015087656369098328,0.008517913804257416,0.8247966872690792,-0.8247966872690792,5.904960246269367
greatest,135,29,164,0.002025138621112257,0.0009087828471088383,1.1560131541643432,-1.1560131541643432,5.902540132274962
direction,1624,461,2085,0.024279244944626282,0.014217060472567081,0.7721003528560219,-0.7721003528560219,5.901165803896288
minkowski,150,149,299,0.002249323708320256,0.00460552663195835,-1.03387483526609,1.03387483526609,5.8969971663787915
flux,3848,1155,5003,0.05751842054133226,0.03559656202828009,0.6922861496710362,-0.6922861496710362,5.8968884879961605
jet,701,601,1302,0.010484389245094082,0.01852992822155818,-0.8216144713838647,0.8216144713838647,5.8929678274750685
representative,790,212,1002,0.011814554095861544,0.006546317119004344,0.8518097835056196,-0.8518097835056196,5.886645132555147
gain,431,109,540,0.0064490576753501025,0.0033732787036751793,0.9349368517500946,-0.9349368517500946,5.88394960730808
interplay,474,419,893,0.007091721592013033,0.012923200147869752,-0.8657555612464012,0.8657555612464012,5.883420067450755
positron,436,388,824,0.006523786037752769,0.011968208003450295,-0.8754257826059573,0.8754257826059573,5.878819756481081
immediate,185,42,227,0.00277242224513892,0.0013092634238008687,1.0823916026554143,-1.0823916026554143,5.876678116694166
optimistic,204,47,251,0.003056390022269052,0.0014632944148362651,1.0626085867831137,-1.0626085867831137,5.875618828397955
targeting,219,51,270,0.003280575109477051,0.0015865192076645821,1.0480837645244527,-1.0480837645244527,5.871489783100885
ions,219,51,270,0.003280575109477051,0.0015865192076645821,1.0480837645244527,-1.0480837645244527,5.871489783100885
hawking,161,158,319,0.0024137261056061217,0.004882782415822063,-1.0164415132731695,1.0164415132731695,5.863160922010017
arbitrary,640,551,1191,0.009572703223781554,0.016989618311204213,-0.8276551530774231,0.8276551530774231,5.862602453333072
expanding,668,177,845,0.009991182053236486,0.005468100181756569,0.8696156978736214,-0.8696156978736214,5.861661446934621
getting,42,50,92,0.0006351910804226637,0.001555713009457503,-1.2923133844417802,1.2923133844417802,5.857538991315982
practice,196,45,241,0.002936824642424786,0.0014016820184221065,1.067098024232223,-1.067098024232223,5.857234602715511
parameterization,196,45,241,0.002936824642424786,0.0014016820184221065,1.067098024232223,-1.067098024232223,5.857234602715511
inherent,289,70,359,0.004326772183114379,0.002171836973599088,0.994375347762756,-0.994375347762756,5.852996743241009
resides,226,53,279,0.0033851948168407836,0.0016481316040787408,1.0384074158174008,-1.0384074158174008,5.851207310501738
reflected,142,31,173,0.0021297583284759897,0.0009703952435229968,1.1340453477245003,-1.1340453477245003,5.850602660727667
exit,39,47,86,0.0005903540629810638,0.0014632944148362651,-1.3095676979815323,1.3095676979815323,5.848409014343519
advances,390,98,488,0.0058362851036482385,0.0030344105233973077,0.9436340808579159,-0.9436340808579159,5.843324286094657
surprising,207,48,255,0.0031012270397106517,0.0014941006130433443,1.0535618462194725,-1.0535618462194725,5.842187386020464
stemming,76,82,158,0.0011433439447607946,0.002541511352084039,-1.152427209380851,1.152427209380851,5.84154312438353
straight,94,19,113,0.0014123660494103933,0.0006007208650380457,1.2333473675311373,-1.2333473675311373,5.841377888432408
harmonics,106,22,128,0.0015917141191767923,0.0006931394596592835,1.1993636860684764,-1.1993636860684764,5.82868251889652
detailed,3344,1002,4346,0.04998580161114349,0.030883213702596963,0.6946954707570033,-0.6946954707570033,5.819631540606737
verify,428,109,537,0.006404220657908502,0.0033732787036751793,0.9248714966836393,-0.9248714966836393,5.815461157471863
ultimately,378,95,473,0.00565693703388184,0.0029419919287760696,0.9432278241222959,-0.9432278241222959,5.811422176008806
summarizes,104,107,211,0.0015618227742157259,0.003311666307261021,-1.0843265553362647,1.0843265553362647,5.808288743576617
deposited,145,32,177,0.0021745953459175894,0.001001201441730076,1.1190146920521422,-1.1190146920521422,5.798491923810953
monochromatic,178,171,349,0.002667802537775187,0.005283262992514094,-0.9857773399713997,0.9857773399713997,5.774617762756975
annihilating,284,260,544,0.004252043820711713,0.008025014632944149,-0.9163475577996136,0.9163475577996136,5.773709675158162
gun,89,93,182,0.001337637687007727,0.0028803795323619113,-1.1065715204510673,1.1065715204510673,5.764669012918513
careful,401,102,503,0.006000687500934104,0.0031576353162256245,0.9262832401841814,-0.9262832401841814,5.763868107882339
amplify,89,18,107,0.001337637687007727,0.0005699146668309663,1.2308695738076196,-1.2308695738076196,5.763092868041736
separates,89,18,107,0.001337637687007727,0.0005699146668309663,1.2308695738076196,-1.2308695738076196,5.763092868041736
dominating,175,40,215,0.0026229655203335875,0.00124765102738671,1.071984379592249,-1.071984379592249,5.762214488996922
shifts,415,106,521,0.00620992691566157,0.0032808601090539417,0.9205022087168191,-0.9205022087168191,5.760196836061619
alternate,93,19,112,0.00139742037692986,0.0006007208650380457,1.2179994031977015,-1.2179994031977015,5.757955541875715
replace,97,20,117,0.001457203066851993,0.000631527063245125,1.2062854713038396,-1.2062854713038396,5.754807550665546
instability,995,276,1271,0.014878416954370862,0.008517913804257416,0.8046489976581085,-0.8046489976581085,5.751909237742796
short,1387,395,1782,0.0207371205667399,0.01218385139089985,0.7672453338243516,-0.7672453338243516,5.743638939819066
extracting,318,79,397,0.004760196685049844,0.0024490927574628016,0.9587737691442578,-0.9587737691442578,5.739653152907761
forthcoming,643,172,815,0.009617540241223153,0.0053140691907211735,0.8558509487274831,-0.8558509487274831,5.737979386358187
alternatively,368,93,461,0.005507480309076507,0.0028803795323619113,0.935133511379746,-0.935133511379746,5.737572340895555
advance,182,42,224,0.0027275852276973205,0.0013092634238008687,1.058868879801991,-1.058868879801991,5.734940165777307
turns,448,392,840,0.0067031341075191675,0.012091432796278612,-0.8510775066874153,0.8510775066874153,5.7316594785276385
distinctly,68,13,81,0.0010237785649165284,0.0004158836757955701,1.299651742969371,-1.299651742969371,5.7272003504836615
somewhat,652,175,827,0.009752051293547953,0.005406487785342411,0.8510140333249989,-0.8510140333249989,5.717974484477123
discoveries,367,93,460,0.005492534636595973,0.0028803795323619113,0.9312131420084029,-0.9312131420084029,5.711500862807099
unveiling,72,14,86,0.0010835612548386615,0.00044668987400264934,1.2784352570596753,-1.2784352570596753,5.709374393677064
paying,82,86,168,0.001233017979643994,0.0026647361449123564,-1.1117988512185961,1.1117988512185961,5.7034154981192255
coefficients,457,398,855,0.006837645159843967,0.012276269985521086,-0.844300818646754,0.844300818646754,5.700947406300698
non-zero,344,307,651,0.005148784169543709,0.009472905948676873,-0.8795752653499979,0.8795752653499979,5.699686915036446
fails,277,68,345,0.00414742411334798,0.0021102245771849296,0.9748190404492543,-0.9748190404492543,5.699219836747084
plate,80,16,96,0.0012031266346829276,0.0005083022704168078,1.2430299209284765,-1.2430299209284765,5.686502625879694
maximally,99,101,200,0.0014870944118130596,0.0031268291180185453,-1.0722041344692146,1.0722041344692146,5.686225448771819
appendix,207,49,256,0.0031012270397106517,0.0015249068112504235,1.0241180683269904,-1.0241180683269904,5.682909081062391
reconsider,56,62,118,0.0008444304951501293,0.001925387387942454,-1.1890981600745865,1.1890981600745865,5.68284695242815
antiproton,145,141,286,0.0021745953459175894,0.004359077046301716,-1.0032757377512858,1.0032757377512858,5.678021195306515
scanning,98,100,198,0.0014721487393325264,0.003096022919811466,-1.0724927095502395,1.0724927095502395,5.677030833944126
hypothesis,1330,380,1710,0.019885217235349504,0.01172175841779366,0.7625073136909876,-0.7625073136909876,5.676739820552816
rolling,79,83,162,0.0011881809622023942,0.0025723175502911184,-1.114314175017384,1.114314175017384,5.676038052756621
fluctuating,88,18,106,0.0013226920145271936,0.0005699146668309663,1.2146593466263604,-1.2146593466263604,5.675895218964316
orthogonal,236,57,293,0.003534651541646116,0.0017713563969070578,0.9967134845673328,-0.9967134845673328,5.664900594720527
invoke,154,35,189,0.0023091063982423887,0.001093620036351314,1.0782230705720053,-1.0782230705720053,5.657462406450106
correlators,77,81,158,0.0011582896172413278,0.00251070515387696,-1.1160965867845272,1.1160965867845272,5.657386678835747
actions,77,81,158,0.0011582896172413278,0.00251070515387696,-1.1160965867845272,1.1160965867845272,5.657386678835747
dominate,886,246,1132,0.013249338653992736,0.0075937278580450384,0.80304014669309,-0.80304014669309,5.647479618213314
learn,206,49,255,0.0030862813672301185,0.0015249068112504235,1.0171485135121485,-1.0171485135121485,5.640268994813481
exhibits,875,243,1118,0.013084936256706871,0.007501309263423801,0.8026925685235285,-0.8026925685235285,5.635054911179909
localized,296,266,562,0.004431391890478112,0.008209851822186623,-0.8895962660408592,0.8895962660408592,5.63406190898571
remarkable,565,151,716,0.00845177778774156,0.004667139028372508,0.8567163926891828,-0.8567163926891828,5.632975255816302
fractional,392,101,493,0.005866176448609305,0.0031268291180185453,0.907720088766126,-0.907720088766126,5.63016609023687
refine,161,37,198,0.0024137261056061217,0.0011552324327654725,1.0630788263703568,-1.0630788263703568,5.62720028068866
contain,1356,390,1746,0.02027380471984337,0.012029820399864452,0.7530017563121996,-0.7530017563121996,5.6216515605524435
upgraded,83,86,169,0.0012479636521245273,0.0026647361449123564,-1.0944167729903596,1.0944167729903596,5.6207039522054805
stored,62,67,129,0.0009341045300333288,0.0020794183789778504,-1.1545241502164312,1.1545241502164312,5.619686075061434
comprehensively,48,54,102,0.0007248651153058632,0.00167893780228582,-1.211764320417486,1.211764320417486,5.616199222741307
carries,108,108,216,0.001621605464137859,0.0033424725054681,-1.043492837827687,1.043492837827687,5.613884356667598
trivial,61,66,127,0.0009191588575527956,0.002048612180770771,-1.1562607679896368,1.1562607679896368,5.610212239268656
run,1022,831,1853,0.01528195011134526,0.02561535380918641,-0.7451801632858451,0.7451801632858451,5.607555802740459
signal,5830,4310,10140,0.08714074339774919,0.13279011737161517,-0.6077284550505637,0.6077284550505637,5.605895046647553
crossings,71,14,85,0.0010686155823581283,0.00044668987400264934,1.2583975038231303,-1.2583975038231303,5.605339518766723
survival,227,55,282,0.003400140489321317,0.0017097440004928991,0.9918140309082654,-0.9918140309082654,5.599233443830101
properly,546,146,692,0.008167810010611428,0.004513108037337113,0.8558279934219695,-0.8558279934219695,5.597996579119601
dropping,75,15,90,0.0011283982722802613,0.0004774960722097286,1.2407155911105165,-1.2407155911105165,5.596693719044546
atom,98,99,197,0.0014721487393325264,0.003065216721604387,-1.0580656389149596,1.0580656389149596,5.59533363458473
heuristic,79,16,95,0.0011881809622023942,0.0005083022704168078,1.2249959980982148,-1.2249959980982148,5.591308268474924
lecture,80,83,163,0.0012031266346829276,0.0025723175502911184,-1.0962802521871222,1.0962802521871222,5.590882853615751
adds,149,34,183,0.0022343780358397227,0.0010628138381442347,1.0719843795922488,-1.0719843795922488,5.590329672733903
python,234,57,291,0.0035047601966850498,0.0017713563969070578,0.984461223743314,-0.984461223743314,5.588543995070544
condense,87,18,105,0.0013077463420466603,0.0005699146668309663,1.198264908375692,-1.198264908375692,5.588035418821816
matter-induced,43,49,92,0.0006501367529031969,0.0015249068112504235,-1.2299059620585684,1.2299059620585684,5.5746711402528355
point-like,197,47,244,0.002951770314905319,0.0014632944148362651,1.0123603969058304,-1.0123603969058304,5.569255945508519
six-dimensional,68,72,140,0.0010237785649165284,0.002233449370013247,-1.125369844882095,1.125369844882095,5.569185150193613
capturing,141,32,173,0.0021148126559954565,0.001001201441730076,1.0787975919757407,-1.0787975919757407,5.565576433662319
dramatic,312,79,391,0.004670522650166644,0.0024490927574628016,0.9313365864374069,-0.9313365864374069,5.5612546185944
induce,511,435,946,0.007644711473792763,0.01341609931918302,-0.811431316681223,0.811431316681223,5.560981506794211
prepared,39,45,84,0.0005903540629810638,0.0014016820184221065,-1.2475067298492806,1.2475067298492806,5.542237340845032
fulfilled,39,45,84,0.0005903540629810638,0.0014016820184221065,-1.2475067298492806,1.2475067298492806,5.542237340845032
superfluid,65,69,134,0.0009789415474749286,0.0021410307753920088,-1.1290109090137443,1.1290109090137443,5.538108736566965
top-down,65,69,134,0.0009789415474749286,0.0021410307753920088,-1.1290109090137443,1.1290109090137443,5.538108736566965
wimp-nucleon,115,113,228,0.0017262251715015916,0.0034965034965034965,-1.0182922837025445,1.0182922837025445,5.533117188004013
retains,106,23,129,0.0015917141191767923,0.0007239456578663627,1.1366279307205136,-1.1366279307205136,5.532575610132141
selections,106,23,129,0.0015917141191767923,0.0007239456578663627,1.1366279307205136,-1.1366279307205136,5.532575610132141
receives,53,58,111,0.0007995934777085294,0.001802162595114137,-1.1723905710099447,1.1723905710099447,5.531923586027435
defined,1422,414,1836,0.021260219103558565,0.012769169156834355,0.7354918078705067,-0.7354918078705067,5.527874851039082
breaks,332,292,624,0.0049694360997773095,0.009010812975570685,-0.8585751219099022,0.8585751219099022,5.527293407498104
emergent,107,106,213,0.0016066597916573257,0.0032808601090539417,-1.030009608464065,1.030009608464065,5.527006854260221
quintessence,717,198,915,0.010723520004782616,0.006115030344105234,0.8103469865924052,-0.8103469865924052,5.5265797096245715
chambers,37,43,80,0.0005604627180199973,0.001340069622007948,-1.2576176431805346,1.2576176431805346,5.526536788975846
icecube,429,369,798,0.006419166330389036,0.011382890237515788,-0.8264090708353744,0.8264090708353744,5.523190109248136
alternatives,214,52,266,0.0032058467470743846,0.0016173254058716613,0.9870954820057359,-0.9870954820057359,5.515147907549496
accuracies,94,20,114,0.0014123660494103933,0.000631527063245125,1.161197581775302,-1.161197581775302,5.509803713143342
international,363,316,679,0.00543275194667384,0.009750161732540587,-0.8437429733364343,0.8437429733364343,5.502969969904229
barotropic,86,18,104,0.0012928006695661271,0.0005699146668309663,1.1816820241800878,-1.1816820241800878,5.499501287028012
argues,74,15,89,0.001113452599799728,0.0004774960722097286,1.2214793722475992,-1.2214793722475992,5.496424691348689
thermodynamics,158,149,307,0.002368889088164522,0.00460552663195835,-0.959155481886385,0.959155481886385,5.496056618595088
triple,104,103,207,0.0015618227742157259,0.0031884415144327037,-1.0296206632461296,1.0296206632461296,5.495639497723544
deuterium,151,35,186,0.002264269380800789,0.001093620036351314,1.0499340261405816,-1.0499340261405816,5.492318931272825
conversely,292,74,366,0.004371609200555979,0.002295061766427405,0.9296314561809182,-0.9296314561809182,5.489810134082209
avoiding,186,172,358,0.0027873679176194533,0.0053140691907211735,-0.9309135692379807,0.9309135692379807,5.476864643645345
addresses,123,119,242,0.0018457905513458578,0.003681340685745972,-0.9959924142237581,0.9959924142237581,5.4710475284321936
braneworld,101,100,201,0.001516985756774126,0.003096022919811466,-1.0292086118214396,1.0292086118214396,5.463314828018884
relax,122,118,240,0.0018308448788653246,0.003650534487538893,-0.9955981477233758,0.9955981477233758,5.4606536676221475
perfect,385,101,486,0.005761556741245572,0.0031268291180185453,0.881758294902171,-0.881758294902171,5.456553221573582
classic,154,36,190,0.0023091063982423887,0.001124426234558393,1.0381456311966701,-1.0381456311966701,5.452624713176967
parametrization,467,125,592,0.0069871018846493,0.0038661778749884477,0.8537861629965399,-0.8537861629965399,5.451590625907266
deformation,107,105,212,0.0016066597916573257,0.0032500539108468625,-1.016399176945412,1.016399176945412,5.449212944590945
order-of-magnitude,101,22,123,0.001516985756774126,0.0006931394596592835,1.1299899830278144,-1.1299899830278144,5.446869884507322
sharp,558,152,710,0.008347158080377826,0.004697945226579588,0.829255200205379,-0.829255200205379,5.445447260459629
scattered,205,50,255,0.0030713356947495852,0.001555713009457503,0.9812902631022009,-0.9812902631022009,5.44142863344174
meaningful,223,55,278,0.003340357799399184,0.0017097440004928991,0.9662223170055246,-0.9662223170055246,5.441002495380249
manifest,170,158,328,0.002548237157930921,0.004882782415822063,-0.938203938942922,0.938203938942922,5.437884212108725
phantom,391,103,494,0.005851230776128772,0.0031884415144327037,0.8758887019640286,-0.8758887019640286,5.434502044917128
planes,230,57,287,0.003444977506762917,0.0017713563969070578,0.9596400516572756,-0.9596400516572756,5.43440368769077
indication,377,99,476,0.005641991361401306,0.003065216721604387,0.8802153758411053,-0.8802153758411053,5.428742846033496
universes,304,78,382,0.004550957270322378,0.0024182865592557224,0.912184831187018,-0.912184831187018,5.425707292500223
discrimination,174,161,335,0.0026080198478530543,0.004975201010443301,-0.9317999663119598,0.9317999663119598,5.420383982886639
concluded,131,30,161,0.001965355931190124,0.0009395890453159176,1.064688813901729,-1.064688813901729,5.41670690776935
gains,108,24,132,0.001621605464137859,0.000754751856073442,1.103348550501584,-1.103348550501584,5.395759622070157
figure,229,57,286,0.0034300318342823837,0.0017713563969070578,0.9533674546417455,-0.9533674546417455,5.395566154628977
penetrate,73,15,88,0.0010985069273191947,0.0004774960722097286,1.201983196621802,-1.201983196621802,5.395265492163518
implicit,73,15,88,0.0010985069273191947,0.0004774960722097286,1.201983196621802,-1.201983196621802,5.395265492163518
minimally,159,148,307,0.0023838347606450552,0.004574720433751271,-0.9403993448635837,0.9403993448635837,5.388582081911312
daily,39,44,83,0.0005903540629810638,0.0013708758202150273,-1.2154455206169823,1.2154455206169823,5.385416430828582
preheating,128,122,250,0.001920518913748524,0.0037737592803672097,-0.9745062276363797,0.9745062276363797,5.384588299695661
refined,218,54,272,0.0032656294369965175,0.00167893780228582,0.9598123068959847,-0.9598123068959847,5.384040064204437
reactions,134,127,261,0.0020101929486317236,0.0039277902714026066,-0.9663839121299213,0.9663839121299213,5.381158545631793
denoted,51,55,106,0.000769702132747463,0.0017097440004928991,-1.1514081769945745,1.1514081769945745,5.380333329695466
assigned,171,41,212,0.0025631828304114542,0.0012784572255937895,1.0035324969982005,-1.0035324969982005,5.380230914191269
blocks,160,38,198,0.0023987804331255884,0.0011860386309725517,1.0161501085997144,-1.0161501085997144,5.378792272495185
pertinent,38,43,81,0.0005754083905005306,0.001340069622007948,-1.219649792981514,1.219649792981514,5.3746542176535
illustrate,732,596,1328,0.010947705091990613,0.01837589723052278,-0.747186216213305,0.747186216213305,5.373899298767169
achieves,189,46,235,0.002832204935061053,0.0014324882166291857,0.9834023892353732,-0.9834023892353732,5.3731452514424065
qualitatively,537,147,684,0.008033298958286628,0.004543914235544191,0.822056962399932,-0.822056962399932,5.367554216418738
big-bang,113,109,222,0.0016963338265405252,0.0033732787036751793,-0.9917314101379456,0.9917314101379456,5.362462085768237
types,1832,551,2383,0.0273879448205772,0.016989618311204213,0.6888875696021046,-0.6888875696021046,5.357158315492165
embedded,1013,293,1306,0.01514743905902046,0.009041619173777764,0.7444208425291597,-0.7444208425291597,5.3415840981754625
friedmann,356,94,450,0.0053281322393101075,0.0029111857305689904,0.8720230043951281,-0.8720230043951281,5.329340110655826
triangle,66,68,134,0.000993887219955462,0.0021102245771849296,-1.086242485287024,1.086242485287024,5.328317866346716
competing,188,46,234,0.0028172592625805197,0.0014324882166291857,0.9757690643329457,-0.9757690643329457,5.327294648782151
investigations,424,114,538,0.0063444379679863695,0.0035273096947105757,0.8469241176284075,-0.8469241176284075,5.3269118100257575
percent-level,84,18,102,0.0012629093246050607,0.0005699146668309663,1.1479332328255478,-1.1479332328255478,5.320359430728726
chapter,177,43,220,0.002652856865294654,0.001340069622007948,0.985238880715629,-0.985238880715629,5.318479777964207
electronic,474,129,603,0.007091721592013033,0.003989402667816765,0.8299631515068684,-0.8299631515068684,5.314730622226046
coherently,73,74,147,0.0010985069273191947,0.002295061766427405,-1.0629890134534843,1.0629890134534843,5.311981744906159
composed,836,239,1075,0.012502055029966073,0.007378084470595484,0.7608470464744853,-0.7608470464744853,5.311477599249555
drawing,80,17,97,0.0012031266346829276,0.0005391084686238871,1.1581410233419633,-1.1581410233419633,5.310038927737158
atmosphere,345,91,436,0.005163729842024242,0.002818767135947753,0.8733492242765288,-0.8733492242765288,5.309904939589851
smoking,95,93,188,0.0014273117218909265,0.0028803795323619113,-1.012958469679575,1.012958469679575,5.309672034822296
response,689,194,883,0.010305041175327684,0.005991805551276917,0.7822875587001014,-0.7822875587001014,5.307396352636463
fixes,45,49,94,0.0006800280978642634,0.0015249068112504235,-1.1650548177086004,1.1650548177086004,5.305516211811076
infinity,55,58,113,0.000829484822669596,0.001802162595114137,-1.119441691060986,1.119441691060986,5.3018980002711515
similarities,191,47,238,0.0028620962800221194,0.0014632944148362651,0.967852135766322,-0.967852135766322,5.30040694518333
italy,72,15,87,0.0010835612548386615,0.0004774960722097286,1.182219941800372,-1.182219941800372,5.293196868233089
fate,205,51,256,0.0030713356947495852,0.0015865192076645821,0.9530012186707774,-0.9530012186707774,5.288276271402011
passes,151,36,187,0.002264269380800789,0.001124426234558393,1.0098565867652465,-1.0098565867652465,5.28805540737776
inform,114,26,140,0.0017112794990210584,0.0008163642524876005,1.0677904957060576,-1.0677904957060576,5.284238776477159
definite,119,113,232,0.0017860078614237247,0.0034965034965034965,-0.9691745171378537,0.9691745171378537,5.2830075611344105
testing,908,262,1170,0.013578143448564468,0.008086627029358306,0.7476762538529437,-0.7476762538529437,5.282791330868038
pbh,1290,382,1672,0.019287390336128175,0.011783370814207819,0.7109056506862687,-0.7109056506862687,5.276607405536686
differs,415,112,527,0.00620992691566157,0.0034656972982964173,0.8414306377256203,-0.8414306377256203,5.275009683962276
relaxation,472,129,601,0.007061830247051966,0.003989402667816765,0.8238693935941939,-0.8238693935941939,5.272976220313303
einstein,1232,364,1596,0.018420541332257245,0.011228859246480392,0.7141040891106495,-0.7141040891106495,5.267147602838582
completed,309,81,390,0.004625685632725044,0.00251070515387696,0.8815746071554998,-0.8815746071554998,5.2618610224201605
transformations,158,145,303,0.002368889088164522,0.004482301839130033,-0.9200291505965638,0.9200291505965638,5.259832140061792
ahead,91,20,111,0.0013675290319687934,0.000631527063245125,1.1146549958382714,-1.1146549958382714,5.2594983397463215
deviate,302,79,381,0.004521065925361311,0.0024490927574628016,0.8844155390499141,-0.8844155390499141,5.258222372439253
participate,41,45,86,0.0006202454079421303,0.0014016820184221065,-1.1762480466794587,1.1762480466794587,5.25301570121739
low-background,41,45,86,0.0006202454079421303,0.0014016820184221065,-1.1762480466794587,1.1762480466794587,5.25301570121739
ambiguous,87,19,106,0.0013077463420466603,0.0006007208650380457,1.1223160551423934,-1.1223160551423934,5.2443908238489145
cresst,40,44,84,0.0006052997354615971,0.0013708758202150273,-1.17937626590946,1.17937626590946,5.239557449617521
optimized,366,98,464,0.0054775889641154405,0.0030344105233973077,0.8521247308497484,-0.8521247308497484,5.233781971105213
well-established,128,30,158,0.001920518913748524,0.0009395890453159176,1.0313943738033047,-1.0313943738033047,5.228039275517875
arises,765,612,1377,0.011440912283848212,0.01886879640183605,-0.7218003042178324,0.7218003042178324,5.217452983350494
simply,476,131,607,0.007121612936974099,0.004051015064230923,0.8139205767899524,-0.8139205767899524,5.217373237254368
discussion,555,454,1009,0.008302321062936227,0.014001417085117526,-0.7539862206327023,0.7539862206327023,5.215854708209364
lacks,79,17,96,0.0011881809622023942,0.0005391084686238871,1.1401071005117016,-1.1401071005117016,5.215660469380541
correct,1056,827,1883,0.015790102975683392,0.02549212901635809,-0.6910312875873263,0.6910312875873263,5.2111722909651705
bump,164,40,204,0.0024585631230477217,0.00124765102738671,0.9786009330229298,-0.9786009330229298,5.209102532075213
extrapolated,178,44,222,0.002667802537775187,0.0013708758202150273,0.9605539952350147,-0.9605539952350147,5.193880447998009
given,4882,1571,6453,0.07297224588620364,0.048411940482425066,0.5919849341477157,-0.5919849341477157,5.193161416069434
coherent,684,550,1234,0.010230312812925017,0.016958812112997136,-0.7291848601341567,0.7291848601341567,5.190940322741695
egret,142,34,176,0.0021297583284759897,0.0010628138381442347,1.002800814446248,-1.002800814446248,5.190647167520764
beginning,344,92,436,0.005148784169543709,0.002849573334154832,0.8534858743602921,-0.8534858743602921,5.189137099068324
dgp,67,14,81,0.0010088328924359952,0.00044668987400264934,1.175341764095572,-1.175341764095572,5.179401173953479
accelerators,156,142,298,0.0023389977432034556,0.004389883244508795,-0.9082920999471727,0.9082920999471727,5.177667863905392
developments,379,318,697,0.005671882706362373,0.009811774128954745,-0.7906863246685211,0.7906863246685211,5.177587295487381
crosses,90,20,110,0.0013525833594882602,0.000631527063245125,1.0988010446374343,-1.0988010446374343,5.174836704953539
reality,127,30,157,0.0019055732412679909,0.0009395890453159176,1.0201232614682847,-1.0201232614682847,5.164470956584608
unavoidable,70,70,140,0.0010536699098775948,0.002171836973599088,-1.043492837827687,1.043492837827687,5.163995501738548
reviewing,77,76,153,0.0011582896172413278,0.0023566741628415636,-1.0247562752461012,1.0247562752461012,5.161648787440547
included,1380,415,1795,0.02063250085937617,0.012799975355041434,0.6887776679900377,-0.6887776679900377,5.161229580180794
boltzmann,328,278,606,0.004909653409855177,0.008579526200671575,-0.8052767948453892,0.8052767948453892,5.16063952453879
populated,223,57,280,0.003340357799399184,0.0017713563969070578,0.9151481324112554,-0.9151481324112554,5.159929745513058
statement,54,56,110,0.0008145391501890628,0.0017405501986999783,-1.0954874754659483,1.0954874754659483,5.159231350866288
priori,216,55,271,0.003235738092035451,0.0017097440004928991,0.9203145105489318,-0.9203145105489318,5.159100984877392
macroscopic,170,153,323,0.002548237157930921,0.0047287514247866674,-0.8919597541736941,0.8919597541736941,5.156190565287302
construction,613,495,1108,0.009169170066807156,0.015264471211607775,-0.7353145513512701,0.7353145513512701,5.155447667536285
formally,101,23,124,0.001516985756774126,0.0007239456578663627,1.0672542276798518,-1.0672542276798518,5.153038248700587
guaranteed,102,97,199,0.0015319314292546592,0.0030036043251902285,-0.9713430520718519,0.9713430520718519,5.146483761668066
live,369,100,469,0.005522425981557041,0.003096022919811466,0.8348860251395354,-0.8348860251395354,5.136830543227572
analyses,2244,697,2941,0.033545561882556904,0.021487323249437786,0.6426361363713079,-0.6426361363713079,5.132635149079231
contours,166,41,207,0.002488454468008788,0.0012784572255937895,0.9608460978966503,-0.9608460978966503,5.128552636255791
exponent,173,43,216,0.002593074175372521,0.001340069622007948,0.9523555189018457,-0.9523555189018457,5.123574935769691
averages,78,17,95,0.001173235289721861,0.0005391084686238871,1.1218448941189731,-1.1218448941189731,5.120490713579361
euler,78,17,95,0.001173235289721861,0.0005391084686238871,1.1218448941189731,-1.1218448941189731,5.120490713579361
deduced,222,57,279,0.0033254121269186507,0.0017713563969070578,0.9086786370816977,-0.9086786370816977,5.120212936849954
unambiguously,208,53,261,0.003116172712191185,0.0016481316040787408,0.9189437492158293,-0.9189437492158293,5.116995375211578
characterized,1287,387,1674,0.019242553318686573,0.011937401805243214,0.688811378968656,-0.688811378968656,5.113438416958357
operations,162,40,202,0.002428671778086655,0.00124765102738671,0.960953067203505,-0.960953067203505,5.105741582244208
inaccessible,99,94,193,0.0014870944118130596,0.0029111857305689904,-0.9691106415051108,0.9691106415051108,5.105137399887794
emphasized,73,72,145,0.0010985069273191947,0.002233449370013247,-1.0237295830062574,1.0237295830062574,5.101865528708698
explicitly,716,569,1285,0.010708574332302082,0.01754412987893164,-0.7122219752736533,0.7122219752736533,5.099005021995597
modes,1571,1190,2761,0.02348712430315802,0.036674778965527864,-0.64291818629927,0.64291818629927,5.094297476676285
shifting,89,20,109,0.001337637687007727,0.000631527063245125,1.0827709348184855,-1.0827709348184855,5.089543519764992
suggested,1526,465,1991,0.022814569041534023,0.014340285265395398,0.669881678820299,-0.669881678820299,5.089020400044859
min,70,15,85,0.0010536699098775948,0.0004774960722097286,1.141862204184231,-1.141862204184231,5.0862508219021
frw,85,82,167,0.001277854997085594,0.002541511352084039,-0.9919625371876049,0.9919625371876049,5.082780309466753
violates,57,58,115,0.0008593761676306625,0.001802162595114137,-1.0683675064667164,1.0683675064667164,5.078581299236949
domination,188,166,354,0.0028172592625805197,0.0051292320014786974,-0.864450491630285,0.864450491630285,5.076155110022966
remains,2091,651,2742,0.03125887399303531,0.02007023813191214,0.6392080762482133,-0.6392080762482133,5.0604872863096695
perfectly,217,56,273,0.0032506837645159842,0.0017405501986999783,0.9011997904932159,-0.9011997904932159,5.05854987348851
upcoming,1746,538,2284,0.026102616987251342,0.016589137734512184,0.65395555502297,-0.65395555502297,5.057771589533037
picture,1212,365,1577,0.01812162788264658,0.011259665444687471,0.6865485981817279,-0.6865485981817279,5.0556844915216645
critical,1825,564,2389,0.02728332511321347,0.017390098887896246,0.6497533448341967,-0.6497533448341967,5.054462876668305
correspondence,176,156,332,0.0026379111928141207,0.004821170019407905,-0.8699873114891251,0.8699873114891251,5.053010269603839
late,1505,460,1965,0.022500709919442825,0.01418625427436,0.6654768088056547,-0.6654768088056547,5.046813941754346
psr,81,18,99,0.0012180723071634608,0.0005699146668309663,1.0957819507744408,-1.0957819507744408,5.046262370050326
survived,81,18,99,0.0012180723071634608,0.0005699146668309663,1.0957819507744408,-1.0957819507744408,5.046262370050326
evidences,125,30,155,0.0018756818963069244,0.0009395890453159176,0.9973133785601986,-0.9973133785601986,5.036288955832551
proposals,144,130,274,0.002159649673437056,0.004020208866023844,-0.8964731518968928,0.8964731518968928,5.035284489408522
puzzle,184,162,346,0.002757476572658387,0.005006007208650381,-0.8603117396831079,0.8603117396831079,5.032242777407595
surpass,46,48,94,0.0006949737703447966,0.0014941006130433443,-1.1042468689067835,1.1042468689067835,5.028604298936853
escaping,114,27,141,0.0017112794990210584,0.0008471704506946798,1.014351236744597,-1.014351236744597,5.026949304970176
aimed,434,121,555,0.0064938946927917025,0.0037429530821601305,0.7949070253809323,-0.7949070253809323,5.02442312290484
delayed,247,65,312,0.0036990539389319824,0.002017805982563692,0.8743688756018345,-0.8743688756018345,5.024301222692268
unusual,358,98,456,0.005358023584271174,0.0030344105233973077,0.8202846514178412,-0.8202846514178412,5.023983780344295
fiber,103,24,127,0.0015468771017351926,0.000754751856073442,1.03528427555643,-1.03528427555643,5.0232306367598945
survives,68,67,135,0.0010237785649165284,0.0020794183789778504,-1.0222763519179914,1.0222763519179914,5.022090914822348
divergent,61,61,122,0.0009191588575527956,0.0018945811897353748,-1.043492837827687,1.043492837827687,5.021479909137563
proceedings,81,78,159,0.0012180723071634608,0.0024182865592557224,-0.9893854324882367,0.9893854324882367,5.021303040138094
strategies,423,346,769,0.006329492295505836,0.010674347678752964,-0.7539862206327023,0.7539862206327023,5.01128686513908
builds,121,29,150,0.0018158992063847914,0.0009087828471088383,0.9986766164162526,-0.9986766164162526,5.010640051043817
mutual,146,36,182,0.002189541018398123,0.001124426234558393,0.9614394577145436,-0.9614394577145436,5.00860554175928
astroparticle,98,92,190,0.0014721487393325264,0.002849573334154832,-0.9528224788876231,0.9528224788876231,5.004484187506984
observers,174,44,218,0.0026080198478530543,0.0013708758202150273,0.9278569574155673,-0.9278569574155673,5.000287698521786
meet,174,44,218,0.0026080198478530543,0.0013708758202150273,0.9278569574155673,-0.9278569574155673,5.000287698521786
separating,174,44,218,0.0026080198478530543,0.0013708758202150273,0.9278569574155673,-0.9278569574155673,5.000287698521786
reconstructing,270,72,342,0.004042804405984248,0.002233449370013247,0.8560828559841938,-0.8560828559841938,4.997580953675702
fact,1818,565,2383,0.027178705405849737,0.017420905086103323,0.6416571586381093,-0.6416571586381093,4.989869370235072
aspects,773,605,1378,0.011560477663692477,0.018653153014386494,-0.6902185060729804,0.6902185060729804,4.989668180961943
frequentist,66,65,131,0.000993887219955462,0.002017805982563692,-1.0216334038639479,1.0216334038639479,4.988433548565342
momenta,227,195,422,0.003400140489321317,0.006022611749483996,-0.8247949000489809,0.8247949000489809,4.987841731975463
conceptual,91,86,177,0.0013675290319687934,0.0026647361449123564,-0.9624212271803695,0.9624212271803695,4.987058483455161
emphasizes,69,15,84,0.0010387242373970616,0.0004774960722097286,1.121251924508945,-1.121251924508945,4.98133127126185
contemporary,156,39,195,0.0023389977432034556,0.001216844829179631,0.9427452609278284,-0.9427452609278284,4.9759175816232695
away,832,246,1078,0.01244227234004394,0.0075937278580450384,0.7123697877530258,-0.7123697877530258,4.975040975262649
mixture,366,101,467,0.0054775889641154405,0.0031268291180185453,0.8088406331209487,-0.8088406331209487,4.97313098919411
multiplicity,118,108,226,0.0017710621889431915,0.0033424725054681,-0.9163008213739072,0.9163008213739072,4.970886156930602
non-negligible,336,92,428,0.005029218789699442,0.002849573334154832,0.8195883962663176,-0.8195883962663176,4.967899755221588
help,1384,424,1808,0.0206922835492983,0.013077231138905148,0.6620357569862046,-0.6620357569862046,4.965618715661022
exceeds,486,138,624,0.007271069661779431,0.004266658451680478,0.7690609909042361,-0.7690609909042361,4.951023662941657
unknown,955,286,1241,0.014280590055149532,0.008825975786328209,0.6942278963928645,-0.6942278963928645,4.9460115570675
stage,1011,304,1315,0.015117547714059393,0.009380487354055635,0.6884893488242635,-0.6884893488242635,4.9449729285384585
exclude,501,402,903,0.007495254748987431,0.012399494778349405,-0.7262319202174858,0.7262319202174858,4.943336756990371
emphasis,461,372,833,0.006897427849766101,0.011475308832137026,-0.7344026155314369,0.7344026155314369,4.93976340336718
sketch,41,43,84,0.0006202454079421303,0.001340069622007948,-1.1113969023294907,1.1113969023294907,4.937548844593557
belong,258,69,327,0.003863456336217848,0.0021410307753920088,0.8515865597637402,-0.8515865597637402,4.933252529428384
counting,131,118,249,0.001965355931190124,0.003650534487538893,-0.893317097433644,0.893317097433644,4.932415440738005
define,753,222,975,0.011261564214081813,0.006854379101075136,0.7163093379163769,-0.7163093379163769,4.930688527845713
architectures,76,17,93,0.0011433439447607946,0.0005391084686238871,1.0846119879199982,-1.0846119879199982,4.927711985504424
familiar,104,96,200,0.0015618227742157259,0.002972798126983149,-0.9285907430148849,0.9285907430148849,4.9245998450090624
flight,162,41,203,0.002428671778086655,0.0012784572255937895,0.9257636387412048,-0.9257636387412048,4.9233221167635755
stronger,1308,401,1709,0.019556412440777774,0.012368688580142324,0.6609491937030334,-0.6609491937030334,4.920270142609743
viability,269,226,495,0.004027858733503714,0.006977603893903454,-0.7927186151214167,0.7927186151214167,4.920068273279308
entirely,536,154,690,0.008018353285806095,0.004759557622993746,0.7524784950244602,-0.7524784950244602,4.919809614848186
intact,40,42,82,0.0006052997354615971,0.0013092634238008687,-1.113033771080764,1.113033771080764,4.918318825500664
worth,87,20,107,0.0013077463420466603,0.000631527063245125,1.0501662693865579,-1.0501662693865579,4.9170162835673485
optimizing,87,20,107,0.0013077463420466603,0.000631527063245125,1.0501662693865579,-1.0501662693865579,4.9170162835673485
coming,679,532,1211,0.01015558445052235,0.016404300545269708,-0.6918008121734966,0.6918008121734966,4.911804560328012
illustration,103,95,198,0.0015468771017351926,0.0029419919287760696,-0.9274347083641106,0.9274347083641106,4.909194616400699
projections,178,155,333,0.002667802537775187,0.004790363821200826,-0.84448334392919,0.84448334392919,4.907411777792958
moments,553,439,992,0.00827242971797516,0.013539324112011336,-0.7107726861895389,0.7107726861895389,4.904850870753908
possesses,149,132,281,0.0022343780358397227,0.004081821262438002,-0.8693397130801435,0.8693397130801435,4.904733874274172
crystals,80,76,156,0.0012031266346829276,0.0023566741628415636,-0.9699638024057218,0.9699638024057218,4.904375407253625
network,729,215,944,0.010902868074549014,0.006638735713625581,0.7157272710011058,-0.7157272710011058,4.903579891279006
mechanics,134,120,254,0.0020101929486317236,0.0037121468839530513,-0.8849198115010247,0.8849198115010247,4.903573891859094
stem,72,16,88,0.0010835612548386615,0.0005083022704168078,1.092022132828794,-1.092022132828794,4.9016902619677865
continuous,675,198,873,0.010095801760600218,0.006115030344105234,0.7233239243550394,-0.7233239243550394,4.899131077291266
mystery,158,40,198,0.002368889088164522,0.00124765102738671,0.9249961894270956,-0.9249961894270956,4.896286792346215
linking,175,45,220,0.0026229655203335875,0.0014016820184221065,0.9040397422781773,-0.9040397422781773,4.880153617455778
supplemented,142,126,268,0.0021297583284759897,0.003896984073195527,-0.8716683034698932,0.8716683034698932,4.876732576661241
lead,2430,1766,4196,0.03632545696393609,0.054419149132805524,-0.5831334529297582,0.5831334529297582,4.864572309580285
intense,417,118,535,0.006239818260622637,0.003650534487538893,0.7733963006354683,-0.7733963006354683,4.86012611286913
links,178,46,224,0.002667802537775187,0.0014324882166291857,0.8971286150933812,-0.8971286150933812,4.858938653036356
severely,292,242,534,0.004371609200555979,0.007470503065216722,-0.7730409604314102,0.7730409604314102,4.8564495197068
frontier,253,212,465,0.0037887279738151817,0.006546317119004344,-0.7889699318494108,0.7889699318494108,4.847577721026239
core-collapse,292,80,372,0.004371609200555979,0.002479898955669881,0.8178830985284627,-0.8178830985284627,4.843158906037562
ideally,97,23,120,0.001457203066851993,0.0007239456578663627,1.0092486242442862,-1.0092486242442862,4.840145010307266
excellent,808,242,1050,0.012083576200511143,0.007470503065216722,0.6937701885714845,-0.6937701885714845,4.8269042629789105
sense,467,134,601,0.0069871018846493,0.004143433658852161,0.7538673543906875,-0.7538673543906875,4.824945147714261
appearing,162,141,303,0.002428671778086655,0.004359077046301716,-0.8438551727437529,0.8438551727437529,4.824343398550968
realistic,2415,774,3189,0.03610127187672809,0.02385940051138289,0.5974918708148211,-0.5974918708148211,4.82043069253121
enormous,201,53,254,0.0030115530048274524,0.0016481316040787408,0.8696762042991334,-0.8696762042991334,4.819105046974539
successes,111,27,138,0.0016664424815794586,0.0008471704506946798,0.9760473485679579,-0.9760473485679579,4.816280199009914
transforming,97,89,186,0.001457203066851993,0.002757154739533594,-0.919978301342333,0.919978301342333,4.8125064194711245
sign,372,301,673,0.00556726299899864,0.009288068759434399,-0.7384104143782483,0.7384104143782483,4.809436945139641
normal,1109,340,1449,0.016582223617151653,0.01048951048951049,0.660690126357253,-0.660690126357253,4.809374081164817
high-precision,327,91,418,0.004894707737374643,0.002818767135947753,0.7961584203130828,-0.7961584203130828,4.807101773659509
dilution,107,97,204,0.0016066597916573257,0.0030036043251902285,-0.9026303019878376,0.9026303019878376,4.804710104953974
rev,42,43,85,0.0006351910804226637,0.001340069622007948,-1.0770453975387135,1.0770453975387135,4.797534254468853
radiated,74,70,144,0.001113452599799728,0.002171836973599088,-0.963875669764319,0.963875669764319,4.796952569214317
share,274,75,349,0.0041025870959063805,0.0023258679646344844,0.8187647618524326,-0.8187647618524326,4.796269244178119
conversions,62,60,122,0.0009341045300333288,0.0018637749915282956,-0.9965717904401947,0.9965717904401947,4.795687178961784
remain,1436,448,1884,0.02146945851828603,0.01381657989587505,0.6358852647855754,-0.6358852647855754,4.795645154897436
veto,49,49,98,0.0007398107877863965,0.0015249068112504235,-1.043492837827687,1.043492837827687,4.794974652575279
limit,7265,5011,12276,0.10858778340731441,0.15438526231477773,-0.5076732359996886,0.5076732359996886,4.77998865821969
article,679,525,1204,0.01015558445052235,0.016188657157820155,-0.6727100510224744,0.6727100510224744,4.772363085167457
parameters,11121,3825,14946,0.16621829649225067,0.11784911124118172,0.4961383170733098,-0.4961383170733098,4.769013421819515
attempt,572,168,740,0.008556397495105292,0.005190844397892856,0.7210342639747608,-0.7210342639747608,4.764594867205123
constraints,9420,6429,15849,0.14079570760286358,0.19806845137241613,-0.4923957523588012,0.4923957523588012,4.761922282711469
open-source,103,25,128,0.0015468771017351926,0.0007855580542805213,0.9775687777001426,-0.9775687777001426,4.750800871983831
success,409,117,526,0.006120252880778371,0.0036197282893318137,0.7577098572483217,-0.7577098572483217,4.74871963298188
linearly,396,113,509,0.005925959138531438,0.0034965034965034965,0.7611357305853762,-0.7611357305853762,4.745232762488958
interacting,1327,983,2310,0.019840380217907905,0.030297895936662458,-0.6107779344147015,0.6107779344147015,4.730741163185459
reconcile,376,107,483,0.005627045688920773,0.003311666307261021,0.7648203672547806,-0.7648203672547806,4.728184448755251
carrying,141,123,264,0.0021148126559954565,0.0038045654785742893,-0.8472018265804825,0.8472018265804825,4.727157300401125
place,2023,648,2671,0.030242568264359056,0.019977819537290904,0.5981815315900372,-0.5981815315900372,4.720000745718444
computed,1106,342,1448,0.016537386599710054,0.010551122885924647,0.6483347201254355,-0.6483347201254355,4.718987858216374
computations,181,154,335,0.002712639555216787,0.004759557622993746,-0.8111301277363111,0.8111301277363111,4.718434118237274
putative,212,57,269,0.003175955402113318,0.0017713563969070578,0.8423361422530017,-0.8423361422530017,4.7157531556471834
frame,663,198,861,0.00991645369083382,0.006115030344105234,0.6974646203995483,-0.6974646203995483,4.714341411537099
leads,2288,1647,3935,0.03420317147170037,0.050753211546163086,-0.5693690111224394,0.5693690111224394,4.713191271545882
shared,113,28,141,0.0016963338265405252,0.0008779766489017591,0.9501656352984862,-0.9501656352984862,4.70885656461513
successive,113,28,141,0.0016963338265405252,0.0008779766489017591,0.9501656352984862,-0.9501656352984862,4.70885656461513
continue,372,106,478,0.00556726299899864,0.0032808601090539417,0.7628941572959985,-0.7628941572959985,4.7083543263450105
reconstructed,709,213,922,0.01060395462493835,0.006577123317211423,0.6890737766123739,-0.6890737766123739,4.704740261927931
runaway,168,44,212,0.0025183458129698546,0.0013708758202150273,0.8773785123877734,-0.8773785123877734,4.70388254482636
equality,188,50,238,0.0028172592625805197,0.001555713009457503,0.8567163926891823,-0.8567163926891823,4.69177609890455
implies,1852,592,2444,0.027686858270187867,0.018252672437694465,0.6010936455798874,-0.6010936455798874,4.6896126456700955
induced,1813,1317,3130,0.02710397704344707,0.04058716613782693,-0.5825190543819844,0.5825190543819844,4.688758618445787
multimessenger,123,31,154,0.0018457905513458578,0.0009703952435229968,0.9275944702570741,-0.9275944702570741,4.678253249609931
led,494,145,639,0.007390635041623698,0.004482301839130033,0.7214585300231399,-0.7214585300231399,4.661681332303451
ionisation,66,15,81,0.000993887219955462,0.0004774960722097286,1.0575932872866274,-1.0575932872866274,4.660516694863454
division,84,20,104,0.0012629093246050607,0.000631527063245125,0.9998345938364135,-0.9998345938364135,4.65319055643052
accumulation,126,32,158,0.0018906275687874576,0.001001201441730076,0.9171329238381686,-0.9171329238381686,4.64885893163782
demonstrating,449,131,580,0.006718079779999701,0.004051015064230923,0.7297654783944577,-0.7297654783944577,4.6447753809355214
warm-dark,490,144,634,0.007330852351701565,0.004451495640922953,0.719690805890873,-0.719690805890873,4.644614576370565
pathway,91,22,113,0.0013675290319687934,0.0006931394596592835,0.9803539041266806,-0.9803539041266806,4.643150639602271
exposed,98,24,122,0.0014721487393325264,0.000754751856073442,0.963849137513481,-0.963849137513481,4.638219740481571
mass-radius,105,26,131,0.001576768446696259,0.0008163642524876005,0.9496858963162988,-0.9496858963162988,4.637128120386385
posed,73,17,90,0.0010985069273191947,0.0005391084686238871,1.0268964900637108,-1.0268964900637108,4.632185794412675
poses,153,40,193,0.0022941607257618555,0.00124765102738671,0.8787520046578676,-0.8787520046578676,4.629140917530203
necessitates,48,47,95,0.0007248651153058632,0.0014632944148362651,-1.0134356039715076,1.0134356039715076,4.625672966156465
claim,301,85,386,0.0045061202528807786,0.0026339299467052772,0.7746688391864999,-0.7746688391864999,4.615805940329558
obviously,80,19,99,0.0012031266346829276,0.0006007208650380457,1.0020218214246817,-1.0020218214246817,4.614481017734428
ricci,129,112,241,0.0019354645862290573,0.0034656972982964173,-0.8404657413581703,0.8404657413581703,4.613264115283109
dissipative,262,73,335,0.003923239026139981,0.002264255568220326,0.7930084298894333,-0.7930084298894333,4.6130181874547205
two-field,41,41,82,0.0006202454079421303,0.0012784572255937895,-1.043492837827687,1.043492837827687,4.611028525737894
conservative,532,158,690,0.007958570595883962,0.004882782415822063,0.7048058471461063,-0.7048058471461063,4.608119177250267
possessing,53,51,104,0.0007995934777085294,0.0015865192076645821,-0.9885263786097587,0.9885263786097587,4.6005625711346205
dramatically,409,119,528,0.006120252880778371,0.003681340685745972,0.7333599958325729,-0.7333599958325729,4.598892050253715
pairs,1045,775,1820,0.015625700578397524,0.02389020670958997,-0.6124984622741988,0.6124984622741988,4.598112367408628
hold,354,102,456,0.005298240894349041,0.0031576353162256245,0.746668879906383,-0.746668879906383,4.5731104872602035
remaining,1043,326,1369,0.015595809233436458,0.01005822371461138,0.632782865785717,-0.632782865785717,4.57031602371683
background-s4,172,46,218,0.0025781285028919874,0.0014324882166291857,0.8478009027298129,-0.8478009027298129,4.568859877414144
off-axis,83,20,103,0.0012479636521245273,0.000631527063245125,0.9826594500282811,-0.9826594500282811,4.563854606666616
unifying,68,63,131,0.0010237785649165284,0.001956193586149533,-0.9341454416393263,0.9341454416393263,4.561247158411797
outcomes,145,38,183,0.0021745953459175894,0.0011860386309725517,0.8745959643856952,-0.8745959643856952,4.560961768135477
mention,57,54,111,0.0008593761676306625,0.00167893780228582,-0.9661871116602384,0.9661871116602384,4.558952795828702
pressureless,128,33,161,0.001920518913748524,0.0010320076399371553,0.8960425209084186,-0.8960425209084186,4.558702645586057
rigorous,195,53,248,0.0029218789699442527,0.0016481316040787408,0.826064973078518,-0.826064973078518,4.557774578380109
technology,582,175,757,0.008705854219910625,0.005406487785342411,0.6872941814093949,-0.6872941814093949,4.557230109719949
bose,45,44,89,0.0006800280978642634,0.0013708758202150273,-1.0114316285953888,1.0114316285953888,4.551249823231419
late-time,594,179,773,0.008885202289677024,0.005529712578170728,0.6842001280949171,-0.6842001280949171,4.551006327942639
hardware,121,31,152,0.0018158992063847914,0.0009703952435229968,0.9040397422781775,-0.9040397422781775,4.5477158020019885
discover,427,333,760,0.00638927498542797,0.010273867102060935,-0.6852551792390119,0.6852551792390119,4.546416870826637
missed,148,39,187,0.0022194323633591894,0.001216844829179631,0.8670455347959758,-0.8670455347959758,4.540233622089983
motivated,1615,1165,2780,0.024144733892301484,0.03590462401035088,-0.5724610916911896,0.5724610916911896,4.539940386643647
eigenvalues,67,62,129,0.0010088328924359952,0.001925387387942454,-0.9324615254389432,0.9324615254389432,4.53878859879842
non-flat,72,17,89,0.0010835612548386615,0.0005391084686238871,1.007133235242281,-1.007133235242281,4.531907871254222
theorem,291,233,524,0.0043566635280754456,0.0071932472813530084,-0.7234195043368528,0.7234195043368528,4.5310644665883375
appear,2101,686,2787,0.031408330717840646,0.021148455069159914,0.5705949931771865,-0.5705949931771865,4.526575598310182
faced,79,19,98,0.0011881809622023942,0.0006007208650380457,0.9839878985944198,-0.9839878985944198,4.52154232512344
explosive,93,23,116,0.00139742037692986,0.0007239456578663627,0.9488127703823124,-0.9488127703823124,4.518411444117897
development,857,266,1123,0.012815914152057272,0.008209851822186623,0.6425083004733119,-0.6425083004733119,4.5133953099782635
bbn,223,182,405,0.003340357799399184,0.0056221311727919655,-0.751114470411749,0.751114470411749,4.51145877258019
adequate,184,50,234,0.002757476572658387,0.001555713009457503,0.8257726854809141,-0.8257726854809141,4.50837659162752
cosmic-ray,2337,769,3106,0.0349355094232465,0.023705369520347495,0.5594802955064638,-0.5594802955064638,4.499012070836716
hunt,43,42,85,0.0006501367529031969,0.0013092634238008687,-1.0099402781166607,1.0099402781166607,4.498624747206462
vision,103,26,129,0.0015468771017351926,0.0008163642524876005,0.9220736651084391,-0.9220736651084391,4.4882253307731705
persistent,147,39,186,0.0022044866908786562,0.001216844829179631,0.8572975582444137,-0.8572975582444137,4.48461664414075
commissioning,120,31,151,0.001800953533904258,0.0009703952435229968,0.8921165749023581,-0.8921165749023581,4.481887082976055
technologies,121,104,225,0.0018158992063847914,0.0032192477126397833,-0.826039466302789,0.826039466302789,4.477575837874468
neutron,991,729,1720,0.01481863426444873,0.022473121592064323,-0.6007880435167301,0.6007880435167301,4.476267922662733
versions,224,182,406,0.003355303471879717,0.0056221311727919655,-0.7446738568539198,0.7446738568539198,4.4746060899182245
induces,360,282,642,0.005387914929232241,0.008702750993499892,-0.6917444458894145,0.6917444458894145,4.4729196993085125
working,274,219,493,0.0041025870959063805,0.006761960506453899,-0.7209076283578467,0.7209076283578467,4.471455169501255
fulfill,42,41,83,0.0006351910804226637,0.0012784572255937895,-1.0091413330369101,1.0091413330369101,4.471320370827076
soliton,98,86,184,0.0014721487393325264,0.0026647361449123564,-0.8560692460080356,0.8560692460080356,4.468986075068457
govern,113,29,142,0.0016963338265405252,0.0009087828471088383,0.9004126001013867,-0.9004126001013867,4.468607837431528
creates,160,43,203,0.0023987804331255884,0.001340069622007948,0.8399931534458878,-0.8399931534458878,4.467184384032828
situation,337,265,602,0.005044164462179976,0.008179045623979544,-0.6973171966936474,0.6973171966936474,4.4641669530866555
evaporate,53,50,103,0.0007995934777085294,0.001555713009457503,-0.9602373341783351,0.9602373341783351,4.459717535873632
efficiently,900,282,1182,0.013458578068720202,0.008702750993499892,0.6289825707760388,-0.6289825707760388,4.450560449585009
inflationary,1180,858,2038,0.017643366363269516,0.026447121160777548,-0.5839848356011788,0.5839848356011788,4.450089870039597
auger,143,38,181,0.002144704000956523,0.0011860386309725517,0.8546275481530992,-0.8546275481530992,4.447487475548773
china,106,92,198,0.0015917141191767923,0.002849573334154832,-0.8401646781181611,0.8401646781181611,4.447247744245963
projects,305,88,393,0.004565902942802911,0.002726348541326515,0.7439301819080449,-0.7439301819080449,4.4459878191003215
non-minimally,78,70,148,0.001173235289721861,0.002171836973599088,-0.8884234413348537,0.8884234413348537,4.4456231973828935
detection,4997,1709,6706,0.07469099822146498,0.052663195835002,0.5041393063709084,-0.5041393063709084,4.441924561677878
root,146,39,185,0.002189541018398123,0.001216844829179631,0.847483268417458,-0.847483268417458,4.428732870960124
media,179,49,228,0.0026827482102557204,0.0015249068112504235,0.8149905759157545,-0.8149905759157545,4.428432225042777
excite,46,44,90,0.0006949737703447966,0.0013708758202150273,-0.9800674576860539,0.9800674576860539,4.420946608530937
compressed,172,142,314,0.0025781285028919874,0.004389883244508795,-0.7678583952142599,0.7678583952142599,4.4171611948021114
infinite,184,151,335,0.002757476572658387,0.004667139028372508,-0.7591898152402418,0.7591898152402418,4.4162915467644135
proven,195,54,249,0.0029218789699442527,0.00167893780228582,0.7993476347027388,-0.7993476347027388,4.4135667247968
collective,143,120,263,0.002144704000956523,0.0037121468839530513,-0.7914752473819611,0.7914752473819611,4.4132256958019545
systematically,1031,327,1358,0.01541646116367006,0.010089029912818459,0.6116841716339849,-0.6116841716339849,4.4129981563197695
chameleon,139,37,176,0.00208492131103439,0.0011552324327654725,0.8518097835056194,-0.8518097835056194,4.409094983096383
machine-learning,619,190,809,0.009258844101690356,0.0058685807584486,0.6578204468195925,-0.6578204468195925,4.40544606116608
definitive,162,44,206,0.002428671778086655,0.0013708758202150273,0.8250696391217317,-0.8250696391217317,4.399864370297134
equivalently,162,44,206,0.002428671778086655,0.0013708758202150273,0.8250696391217317,-0.8250696391217317,4.399864370297134
compensated,112,29,141,0.001681388154059992,0.0009087828471088383,0.8876453040275087,-0.8876453040275087,4.399016615252226
write,66,60,126,0.000993887219955462,0.0018637749915282956,-0.907073639601092,0.907073639601092,4.394034411422604
accordance,175,48,223,0.0026229655203335875,0.0014941006130433443,0.811921540289746,-0.811921540289746,4.393831997925066
existing,2097,1476,3573,0.03134854802791852,0.04548535165275253,-0.5370033836344557,0.5370033836344557,4.393461336605939
continued,142,38,180,0.0021297583284759897,0.0011860386309725517,0.8445387305295156,-0.8445387305295156,4.390332083446696
qualitative,403,120,523,0.006030578845895171,0.0037121468839530513,0.7000426892201316,-0.7000426892201316,4.383311477221594
clue,67,16,83,0.0010088328924359952,0.0005083022704168078,0.9889286398646905,-0.9889286398646905,4.3817616303697395
distort,67,16,83,0.0010088328924359952,0.0005083022704168078,0.9889286398646905,-0.9889286398646905,4.3817616303697395
contrasting,74,18,92,0.001113452599799728,0.0005699146668309663,0.9662223170055246,-0.9662223170055246,4.379498784332606
guarantee,70,63,133,0.0010536699098775948,0.001956193586149533,-0.8926261722010594,0.8926261722010594,4.371939992684185
contrary,635,196,831,0.009497974861378888,0.006053417947691075,0.6498699749186653,-0.6498699749186653,4.369616819673786
unambiguous,158,43,201,0.002368889088164522,0.001340069622007948,0.8219026964629919,-0.8219026964629919,4.362879534041447
treatment,1014,323,1337,0.015162384731500994,0.009965805119990142,0.6054384099364644,-0.6054384099364644,4.358509483604187
extended,4298,1471,5769,0.06424397315757223,0.04533132066171714,0.5030529261974803,-0.5030529261974803,4.356653325318272
totally,118,31,149,0.0017710621889431915,0.0009703952435229968,0.8679704875706556,-0.8679704875706556,4.349083559255463
lat,161,44,205,0.0024137261056061217,0.0013708758202150273,0.8161640858998398,-0.8161640858998398,4.348421183087689
mimics,128,34,162,0.001920518913748524,0.0010628138381442347,0.8536072545880218,-0.8536072545880218,4.3480621244678455
attraction,84,21,105,0.0012629093246050607,0.0006623332614522042,0.9311218437523995,-0.9311218437523995,4.342230007536648
balanced,84,21,105,0.0012629093246050607,0.0006623332614522042,0.9311218437523995,-0.9311218437523995,4.342230007536648
assigning,84,21,105,0.0012629093246050607,0.0006623332614522042,0.9311218437523995,-0.9311218437523995,4.342230007536648
pev,171,140,311,0.0025631828304114542,0.004328270848094637,-0.7558543918758011,0.7558543918758011,4.340874182062524
networks,235,67,302,0.003519705869165583,0.0020794183789778504,0.7592748147342651,-0.7592748147342651,4.338293417344219
implementations,190,53,243,0.002847150607541586,0.0016481316040787408,0.7886873632644877,-0.7886873632644877,4.335547113027819
pursue,43,41,84,0.0006501367529031969,0.0012784572255937895,-0.9755887733258838,0.9755887733258838,4.334200689634084
vanishes,109,93,202,0.0016365511366183921,0.0028803795323619113,-0.8156002381141504,0.8156002381141504,4.3334520616560095
ridge,77,19,96,0.0011582896172413278,0.0006007208650380457,0.9472293485843021,-0.9472293485843021,4.333300500129215
compatible,1303,933,2236,0.019481684078375108,0.028757586026308492,-0.5618241825183327,0.5618241825183327,4.333288659292229
prompt,182,148,330,0.0027275852276973205,0.004574720433751271,-0.7460593048610733,0.7460593048610733,4.328724401855472
conversion,532,400,932,0.007958570595883962,0.012337882381935245,-0.6325135551231967,0.6325135551231967,4.3253839849609115
satisfactory,154,42,196,0.0023091063982423887,0.0013092634238008687,0.8185792539389856,-0.8185792539389856,4.324720966678009
explaining,479,362,841,0.007166449954415699,0.011167246850066233,-0.6399430177118531,0.6399430177118531,4.310515388957423
non,137,114,251,0.0020550299660733237,0.0035273096947105757,-0.779408817512609,0.779408817512609,4.309685786617103
glast,134,36,170,0.0020101929486317236,0.001124426234558393,0.8381449658489197,-0.8381449658489197,4.309459425971557
merely,104,27,131,0.0015618227742157259,0.0008471704506946798,0.8825065807285359,-0.8825065807285359,4.30910482907642
catastrophic,104,27,131,0.0015618227742157259,0.0008471704506946798,0.8825065807285359,-0.8825065807285359,4.30910482907642
illustrates,124,33,157,0.001860736223826391,0.0010320076399371553,0.8504199037826214,-0.8504199037826214,4.30533158087717
contour,87,22,109,0.0013077463420466603,0.0006931394596592835,0.9158651776749669,-0.9158651776749669,4.305006285374165
denotes,42,40,82,0.0006351910804226637,0.00124765102738671,-0.9739519045746098,0.9739519045746098,4.303738225975123
warp,147,40,187,0.0022044866908786562,0.00124765102738671,0.8212283035368919,-0.8212283035368919,4.300314349704232
favoured,300,88,388,0.004491174580400245,0.002726348541326515,0.7201227928005008,-0.7201227928005008,4.294509412013893
adjusted,97,25,122,0.001457203066851993,0.0007855580542805213,0.8914121339504278,-0.8914121339504278,4.2896395251853905
improve,1826,605,2431,0.027298270785694002,0.018653153014386494,0.5493900508400025,-0.5493900508400025,4.283302633831565
governing,224,64,288,0.003355303471879717,0.0019869997843566124,0.7558515414902057,-0.7558515414902057,4.282977346951023
words,117,31,148,0.0017561165164626583,0.0009703952435229968,0.8557441852373963,-0.8557441852373963,4.282097954552976
handful,117,31,148,0.0017561165164626583,0.0009703952435229968,0.8557441852373963,-0.8557441852373963,4.282097954552976
depleted,117,31,148,0.0017561165164626583,0.0009703952435229968,0.8557441852373963,-0.8557441852373963,4.282097954552976
distinguish,1217,395,1612,0.018196356245049245,0.01218385139089985,0.5786793346692254,-0.5786793346692254,4.274039387855477
additionally,1342,438,1780,0.020064565305115904,0.013508517913804257,0.5707805026003548,-0.5707805026003548,4.27225226902469
transform,429,130,559,0.006419166330389036,0.004020208866023844,0.6751154867408921,-0.6751154867408921,4.2720881218129305
intuitive,90,23,113,0.0013525833594882602,0.0007239456578663627,0.901764197577881,-0.901764197577881,4.270934193386068
students,46,43,89,0.0006949737703447966,0.001340069622007948,-0.9472775225683839,0.9472775225683839,4.26256855653971
planck,3115,1060,4175,0.04656324261310138,0.03266997319860756,0.5112262582075618,-0.5112262582075618,4.262149104574327
spike,120,32,152,0.001800953533904258,0.001001201441730076,0.8470286853738199,-0.8470286853738199,4.260925219411646
realisations,51,47,98,0.000769702132747463,0.0014632944148362651,-0.9268479189754165,0.9268479189754165,4.258977270539872
dealing,110,29,139,0.0016514968090989254,0.0009087828471088383,0.8617666722019033,-0.8617666722019033,4.258542745743771
triggers,134,111,245,0.0020101929486317236,0.003434891100089338,-0.7729303751913678,0.7729303751913678,4.25523796962107
reason,376,113,489,0.005627045688920773,0.0034965034965034965,0.6864647295533258,-0.6864647295533258,4.252240821548332
localization,105,89,194,0.001576768446696259,0.002757154739533594,-0.8062094263847585,0.8062094263847585,4.251141949436763
set-up,79,69,148,0.0011881809622023942,0.0021410307753920088,-0.8495509552668393,0.8495509552668393,4.251107364319937
pay,113,95,208,0.0016963338265405252,0.0029419919287760696,-0.7943731785725209,0.7943731785725209,4.243807040730138
paradigm,950,305,1255,0.014205861692746865,0.009411293552262716,0.5940214090021353,-0.5940214090021353,4.238751052080366
hinting,76,19,95,0.0011433439447607946,0.0006007208650380457,0.9284927860027163,-0.9284927860027163,4.237964368582431
excludes,145,119,264,0.0021745953459175894,0.003681340685745972,-0.7594843029001521,0.7594843029001521,4.237717217260333
cut-off,270,79,349,0.004042804405984248,0.0024490927574628016,0.7231089907147729,-0.7231089907147729,4.23592413101314
salient,50,46,96,0.0007547564602669297,0.0014324882166291857,-0.9244401661839239,0.9244401661839239,4.229046577211088
lowest,626,196,822,0.009363463809054088,0.006053417947691075,0.6292923592355671,-0.6292923592355671,4.224412044969102
waves,593,185,778,0.00887025661719649,0.0057145497674132035,0.6343360051934162,-0.6343360051934162,4.223416129371289
vectors,148,121,269,0.0022194323633591894,0.0037429530821601305,-0.7539862206327023,0.7539862206327023,4.221133014372314
universal,1191,848,2039,0.01780776876055538,0.026139059178706757,-0.5537004511800796,0.5537004511800796,4.219587844892673
generalize,227,179,406,0.003400140489321317,0.005529712578170728,-0.7016101365646801,0.7016101365646801,4.215844239630029
enhancement,902,651,1553,0.01348846941368127,0.02007023813191214,-0.5733310846212882,0.5733310846212882,4.213173659541191
topology,241,189,430,0.0036093799040487827,0.00583777456024152,-0.6936674971630056,0.6936674971630056,4.207862016382526
bounce,77,67,144,0.0011582896172413278,0.0020794183789778504,-0.8441840296042805,0.8441840296042805,4.201279144944192
spinning,171,48,219,0.0025631828304114542,0.0014941006130433443,0.7786590861579974,-0.7786590861579974,4.199797096319332
rigid,79,20,99,0.0011881809622023942,0.000631527063245125,0.9118381128385843,-0.9118381128385843,4.1991696916918935
expectations,914,294,1208,0.013667817483447668,0.009072425371984843,0.5912226980905688,-0.5912226980905688,4.196231981290094
mild,471,145,616,0.007046884574571433,0.004482301839130033,0.6527457799391254,-0.6527457799391254,4.19380614201585
favoring,89,23,112,0.001337637687007727,0.0007239456578663627,0.8857340877589321,-0.8857340877589321,4.187208537089863
striking,243,190,433,0.003639271249009849,0.0058685807584486,-0.6893620632386671,0.6893620632386671,4.186526510167766
polarized,268,208,476,0.00401291306102318,0.006423092326176026,-0.6786181332869382,0.6786181332869382,4.185388528063054
perspectives,142,116,258,0.0021297583284759897,0.003588922091124734,-0.7528608734298632,0.7528608734298632,4.183518428030688
tensor,849,613,1462,0.012696348772213005,0.018899602600043128,-0.5739422343063716,0.5739422343063716,4.183031275692393
observe,1442,477,1919,0.02155913255316923,0.014709959643880348,0.5515058427820468,-0.5515058427820468,4.169428548361951
connections,168,135,303,0.0025183458129698546,0.00417423985705924,-0.7290370979997002,0.7290370979997002,4.167925284617088
compositions,82,21,103,0.001233017979643994,0.0006623332614522042,0.8965646217160308,-0.8965646217160308,4.1639965695900605
classifying,92,24,116,0.0013824747044493266,0.000754751856073442,0.8731787785734166,-0.8731787785734166,4.158229219740866
reduced,1668,557,2225,0.02493685453376975,0.01717445550044669,0.5380151385469653,-0.5380151385469653,4.14699999146515
hyperbolic,66,58,124,0.000993887219955462,0.001802162595114137,-0.8585751219099018,0.8585751219099018,4.145470055623577
spanned,75,19,94,0.0011283982722802613,0.0006007208650380457,0.9095096826351436,-0.9095096826351436,4.141795126439122
collaboration,907,650,1557,0.013563197776083936,0.02003943193370506,-0.5631442516623695,0.5631442516623695,4.139762498274984
script,104,87,191,0.0015618227742157259,0.0026955423431194356,-0.7873448175791331,0.7873448175791331,4.13946173461235
continuing,95,25,120,0.0014273117218909265,0.0007855580542805213,0.861510648236566,-0.861510648236566,4.1316246217438435
dubbed,143,116,259,0.002144704000956523,0.003588922091124734,-0.7427720558062797,0.7427720558062797,4.13031892675362
non-equilibrium,160,45,205,0.0023987804331255884,0.0014016820184221065,0.7751420090959197,-0.7751420090959197,4.129860637689827
shower,173,138,311,0.002593074175372521,0.004266658451680478,-0.7184431512986144,0.7184431512986144,4.126021308167832
weak,2069,1425,3494,0.030930069198463583,0.04391423554419149,-0.5056786285353493,0.5056786285353493,4.1258767609907965
pedagogical,103,86,189,0.0015468771017351926,0.0026647361449123564,-0.7846341079650866,0.7846341079650866,4.11699405233098
reminiscent,108,29,137,0.001621605464137859,0.0009087828471088383,0.8354153452549509,-0.8354153452549509,4.116303338544335
condensation,216,169,385,0.003235738092035451,0.0052216505960999355,-0.6904110862373063,0.6904110862373063,4.111976147704955
favor,503,157,660,0.007525146093948497,0.004851976217614984,0.6331471117918188,-0.6331471117918188,4.111501488389128
decoupled,223,174,397,0.003340357799399184,0.005375681587135332,-0.6864450428540216,0.6864450428540216,4.109370303311019
serving,51,46,97,0.000769702132747463,0.0014324882166291857,-0.8961511217524999,0.8961511217524999,4.108823749209365
polynomials,78,20,98,0.001173235289721861,0.000631527063245125,0.893575906445856,-0.893575906445856,4.106088385311362
early-universe,88,23,111,0.0013226920145271936,0.0007239456578663627,0.8695238605776728,-0.8695238605776728,4.102847354699902
changed,188,54,242,0.0028172592625805197,0.00167893780228582,0.7467435506640507,-0.7467435506640507,4.101908206215916
differentiate,169,48,217,0.002533291485450388,0.0014941006130433443,0.761735783121529,-0.761735783121529,4.101562563367653
nonlocal,90,76,166,0.0013525833594882602,0.0023566741628415636,-0.8010347934371334,0.8010347934371334,4.099691116341782
regarding,621,197,818,0.009288735446651422,0.006084224145898155,0.6104089001603324,-0.6104089001603324,4.094674227807784
hints,350,264,614,0.005238458204426908,0.008148239425772466,-0.6373461159310898,0.6373461159310898,4.092796010363081
check,475,148,623,0.007106667264493566,0.004574720433751271,0.6354895722321103,-0.6354895722321103,4.0901064444166275
horizons,55,49,104,0.000829484822669596,0.0015249068112504235,-0.8784335915571909,0.8784335915571909,4.088195105353635
gave,71,18,89,0.0010686155823581283,0.0005699146668309663,0.9069251333217527,-0.9069251333217527,4.0809904851867875
max,71,18,89,0.0010686155823581283,0.0005699146668309663,0.9069251333217527,-0.9069251333217527,4.0809904851867875
advancing,91,24,115,0.0013675290319687934,0.000754751856073442,0.8574971563411472,-0.8574971563411472,4.076190071284878
hera,59,52,111,0.000889267512591729,0.0016173254058716613,-0.8629205921858664,0.8629205921858664,4.071689840246305
dedicated,609,443,1052,0.009109387376885023,0.013662548904839653,-0.5848007215085388,0.5848007215085388,4.0698612711614
exception,231,68,299,0.00345992317924345,0.0021102245771849296,0.7133434624720226,-0.7133434624720226,4.068755939658496
holds,441,137,578,0.006598514400155435,0.0042358522534733985,0.6394889814087569,-0.6394889814087569,4.067982841816156
overabundance,104,28,132,0.0015618227742157259,0.0008779766489017591,0.8309762800884538,-0.8309762800884538,4.063764126903526
delineate,76,65,141,0.0011433439447607946,0.002017805982563692,-0.8195279966724859,0.8195279966724859,4.061439020371262
direct,2832,1915,4747,0.04233361730111047,0.059009272665660334,-0.47913790754368907,0.47913790754368907,4.056131777375813
importantly,347,106,453,0.005193621186985308,0.0032808601090539417,0.6626667095573443,-0.6626667095573443,4.054259338978068
unstable,552,403,955,0.008257484045494628,0.012430300976556483,-0.5900870468266733,0.5900870468266733,4.049624549998885
acceptance,67,58,125,0.0010088328924359952,0.001802162595114137,-0.8370419603602607,0.8370419603602607,4.048170888249525
highlights,452,141,593,0.006762916797441301,0.004359077046301716,0.6336229013109982,-0.6336229013109982,4.0468730046577726
causality,49,44,93,0.0007398107877863965,0.0013708758202150273,-0.8898696487144752,0.8898696487144752,4.042940131904916
benefits,136,38,174,0.00204008429359279,0.0011860386309725517,0.7824777623972637,-0.7824777623972637,4.041330172136444
exponentially,239,184,423,0.0035794885590877163,0.005683743569206124,-0.6670879981519028,0.6670879981519028,4.035704580003281
emphasize,314,237,551,0.004700413995127711,0.007316472074181325,-0.6383603341667081,0.6383603341667081,4.030318640599013
split,350,262,612,0.005238458204426908,0.008086627029358306,-0.6263958163705488,0.6263958163705488,4.020436943809868
paramount,67,17,84,0.0010088328924359952,0.0005391084686238871,0.9040397422781773,-0.9040397422781773,4.016333296949327
caveats,77,20,97,0.0011582896172413278,0.000631527063245125,0.8750795628284667,-0.8750795628284667,4.012211336817781
design,886,290,1176,0.013249338653992736,0.008949200579156526,0.5660896296664726,-0.5660896296664726,4.0026635913527695
electrons,1105,774,1879,0.01652244092722952,0.02385940051138289,-0.5301309568010295,0.5301309568010295,3.996671626452823
treatments,151,43,194,0.002264269380800789,0.001340069622007948,0.7567376497965356,-0.7567376497965356,3.990277293325699
purpose,711,230,941,0.010633845969899415,0.00710082868673177,0.5826041682694573,-0.5826041682694573,3.9896764172994184
relevance,270,205,475,0.004042804405984248,0.006330673731554789,-0.6470026376825548,0.6470026376825548,3.989041614102846
advancements,80,21,101,0.0012031266346829276,0.0006623332614522042,0.861159285584832,-0.861159285584832,3.982838283737153
avoid,553,401,954,0.00827242971797516,0.012368688580142324,-0.5803095085634494,0.5803095085634494,3.9819163358986205
determination,1418,477,1895,0.02120043641363643,0.014709959643880348,0.5273006745235608,-0.5273006745235608,3.979802728316042
cascades,97,80,177,0.001457203066851993,0.002479898955669881,-0.7670794021926935,0.7670794021926935,3.974839428049986
step,768,250,1018,0.01148574930128981,0.007716952650873356,0.5737418186678757,-0.5737418186678757,3.974066904184345
round,106,29,135,0.0015917141191767923,0.0009087828471088383,0.8085737330363097,-0.8085737330363097,3.9722437000786655
mentioned,131,105,236,0.001965355931190124,0.0032500539108468625,-0.7256730372425699,0.7256730372425699,3.9680238104425665
maintaining,131,105,236,0.001965355931190124,0.0032500539108468625,-0.7256730372425699,0.7256730372425699,3.9680238104425665
theorists,42,38,80,0.0006351910804226637,0.0011860386309725517,-0.9008884423848867,0.9008884423848867,3.9589084540924357
cyclic,42,38,80,0.0006351910804226637,0.0011860386309725517,-0.9008884423848867,0.9008884423848867,3.9589084540924357
existence,2375,1604,3979,0.035503444977506765,0.04942854502325868,-0.47738542069865053,0.47738542069865053,3.9570654623483947
expand,286,87,373,0.004281935165672779,0.0026955423431194356,0.6676873790968887,-0.6676873790968887,3.9555508264752572
brought,166,48,214,0.002488454468008788,0.0014941006130433443,0.7359726870564474,-0.7359726870564474,3.9526429007686557
descriptions,166,48,214,0.002488454468008788,0.0014941006130433443,0.7359726870564474,-0.7359726870564474,3.9526429007686557
generalization,240,183,423,0.0035944342315682495,0.005652937370999045,-0.653236006900858,0.653236006900858,3.9519037251102547
pulsar-timing,385,120,505,0.005761556741245572,0.0037121468839530513,0.6342048758573855,-0.6342048758573855,3.948899915366916
single-field,197,58,255,0.002951770314905319,0.001802162595114137,0.7118512856533736,-0.7118512856533736,3.947341693028865
secondly,169,49,218,0.002533291485450388,0.0015249068112504235,0.7322920052290471,-0.7322920052290471,3.946374143350495
keeping,184,143,327,0.002757476572658387,0.004420689442715875,-0.6809227584429789,0.6809227584429789,3.944594805918646
includes,1905,653,2558,0.02847897891165613,0.0201318505283263,0.500417629189048,-0.500417629189048,3.9269632096159874
arbitrarily,140,111,251,0.0020998669835149233,0.003434891100089338,-0.7099664175270659,0.7099664175270659,3.9257089602304385
conjunction,251,76,327,0.0037588366288541153,0.0023566741628415636,0.6735339092851883,-0.6735339092851883,3.9017911021972673
passing,254,77,331,0.003803673646295715,0.002387480361048643,0.6719046029737706,-0.6719046029737706,3.900496906498985
bouncing,45,40,85,0.0006800280978642634,0.00124765102738671,-0.8755482005136156,0.8755482005136156,3.8999957596974473
barely,92,25,117,0.0013824747044493266,0.0007855580542805213,0.8154632807171294,-0.8154632807171294,3.8903181351335374
quest,78,65,143,0.001173235289721861,0.002017805982563692,-0.7822950904735105,0.7822950904735105,3.8878605448282633
plus,786,554,1340,0.01175477140593941,0.01708203690582545,-0.5392335325737104,0.5392335325737104,3.883112814058926
associate,111,31,142,0.0016664424815794586,0.0009703952435229968,0.780127138592701,-0.780127138592701,3.8716497806848125
exploit,429,136,565,0.006419166330389036,0.00420504605526632,0.610264342390924,-0.610264342390924,3.8682179468176705
ultra-light,89,73,162,0.001337637687007727,0.002264255568220326,-0.7593494053997951,0.7593494053997951,3.867936186237702
target,981,683,1664,0.014669177539643396,0.021056036474538676,-0.5214459079675761,0.5214459079675761,3.86786694785955
illustrated,137,108,245,0.0020550299660733237,0.0033424725054681,-0.7017562618601443,0.7017562618601443,3.863400878956661
configuration,863,286,1149,0.012905588186940471,0.008825975786328209,0.5481682009443323,-0.5481682009443323,3.8632248363556285
leverage,133,38,171,0.0019952472761511904,0.0011860386309725517,0.7504165531649654,-0.7504165531649654,3.862765062726048
spectator,61,52,113,0.0009191588575527956,0.0016173254058716613,-0.8152238501545698,0.8152238501545698,3.86106193419626
considerable,499,160,659,0.0074653634040263645,0.004944394812236222,0.594418542842428,-0.594418542842428,3.8591077425164335
presentation,73,61,134,0.0010985069273191947,0.0018945811897353748,-0.7863349983305626,0.7863349983305626,3.8571892347143337
making,1590,544,2134,0.023771092080288152,0.01677397492375466,0.5029835799949193,-0.5029835799949193,3.8559837492053815
parts,848,281,1129,0.012681403099732473,0.008671944795292813,0.5482868996347467,-0.5482868996347467,3.8544420522757474
restrictive,111,89,200,0.0016664424815794586,0.002757154739533594,-0.7264087151716389,0.7264087151716389,3.8523669044266393
incoming,96,78,174,0.0014422573943714597,0.0024182865592557224,-0.7456565494512339,0.7456565494512339,3.8511564879699387
existed,72,19,91,0.0010835612548386615,0.0006007208650380457,0.8510140333249991,-0.8510140333249991,3.8481055347974125
fascinating,48,42,90,0.0007248651153058632,0.0013092634238008687,-0.8529709317782612,0.8529709317782612,3.847632036394505
treat,216,65,281,0.003235738092035451,0.002017805982563692,0.6813073753615873,-0.6813073753615873,3.8438728985348267
fundamentally,142,41,183,0.0021297583284759897,0.0012784572255937895,0.7362858398774921,-0.7362858398774921,3.8396833541982978
absorbed,173,51,224,0.002593074175372521,0.0015865192076645821,0.7087984875673555,-0.7087984875673555,3.838923773595439
transmitted,120,34,154,0.001800953533904258,0.0010628138381442347,0.7608720416241052,-0.7608720416241052,3.8374011654886386
correction,903,301,1204,0.013503415086161801,0.009288068759434399,0.5398737611368275,-0.5398737611368275,3.8299912486573398
desirable,72,60,132,0.0010835612548386615,0.0018637749915282956,-0.7824469850873472,0.7824469850873472,3.826438931401648
versatile,75,20,95,0.0011283982722802613,0.000631527063245125,0.8373598968793081,-0.8373598968793081,3.8220021309287637
library,191,57,248,0.0028620962800221194,0.0017713563969070578,0.6922176931528945,-0.6922176931528945,3.819278516070556
optimization,191,57,248,0.0028620962800221194,0.0017713563969070578,0.6922176931528945,-0.6922176931528945,3.819278516070556
employ,842,280,1122,0.012591729064849273,0.008641138597085733,0.5431830776327409,-0.5431830776327409,3.8151870055853507
departure,200,60,260,0.0029966073323469187,0.0018637749915282956,0.6851023513526385,-0.6851023513526385,3.8122660152065193
refers,65,17,82,0.0009789415474749286,0.0005391084686238871,0.8606471467647966,-0.8606471467647966,3.803062561108562
operational,110,31,141,0.0016514968090989254,0.0009703952435229968,0.7671297980638279,-0.7671297980638279,3.8017626099369095
computation,432,312,744,0.006464003347830635,0.00962693693971227,-0.5746488948530498,0.5746488948530498,3.8003739323304147
underway,78,21,99,0.001173235289721861,0.0006623332614522042,0.824863156361842,-0.824863156361842,3.7986352151975886
non-interacting,78,21,99,0.001173235289721861,0.0006623332614522042,0.824863156361842,-0.824863156361842,3.7986352151975886
nai,105,84,189,0.001576768446696259,0.002603123748498198,-0.7232730854026864,0.7232730854026864,3.7950312898536827
modulation,443,319,762,0.006628405745116502,0.009842580327161825,-0.5703746644736177,0.5703746644736177,3.7857238226186967
firmly,97,27,124,0.001457203066851993,0.0008471704506946798,0.782477762397264,-0.782477762397264,3.778048129316276
proceed,147,114,261,0.0022044866908786562,0.0035273096947105757,-0.6781254816754273,0.6781254816754273,3.776036298747712
additional,3351,2202,5553,0.050090421318507224,0.06785065155109209,-0.4378279231287072,0.4378279231287072,3.7750721726494376
losing,68,18,86,0.0010237785649165284,0.0005699146668309663,0.8450858795038899,-0.8450858795038899,3.7740758902367713
shares,68,18,86,0.0010237785649165284,0.0005699146668309663,0.8450858795038899,-0.8450858795038899,3.7740758902367713
bodies,199,60,259,0.0029816616598663855,0.0018637749915282956,0.677888861120064,-0.677888861120064,3.7695241379003757
achievable,229,70,299,0.0034300318342823837,0.002171836973599088,0.6593061531873274,-0.6593061531873274,3.7605388819828747
originated,250,77,327,0.003743890956373582,0.002387480361048643,0.6490495500932838,-0.6490495500932838,3.7599528762059995
time-dependent,459,148,607,0.006867536504805033,0.004574720433751271,0.5861090926605815,-0.5861090926605815,3.757061783864841
anticipate,106,30,136,0.0015917141191767923,0.0009395890453159176,0.7604794448352648,-0.7604794448352648,3.7415443630738645
intriguing,310,227,537,0.004640631305205578,0.007008410092110532,-0.5947661146932641,0.5947661146932641,3.7398052055682065
saturation,109,31,140,0.0016365511366183921,0.0009703952435229968,0.7540142982735698,-0.7540142982735698,3.731435716067883
self-annihilation,109,31,140,0.0016365511366183921,0.0009703952435229968,0.7540142982735698,-0.7540142982735698,3.731435716067883
plasmas,90,25,115,0.0013525833594882602,0.0007855580542805213,0.7839277072840227,-0.7839277072840227,3.7264710598818316
minimizing,90,25,115,0.0013525833594882602,0.0007855580542805213,0.7839277072840227,-0.7839277072840227,3.7264710598818316
emerged,231,71,302,0.00345992317924345,0.0022026431718061676,0.6515042086541596,-0.6515042086541596,3.7225209699146924
fixed,1912,668,2580,0.02858359861901986,0.02059394350143249,0.4729674445463364,-0.4729674445463364,3.715600177030192
constituents,151,116,267,0.002264269380800789,0.003588922091124734,-0.6645049990090164,0.6645049990090164,3.7152387979437904
transformation,500,163,663,0.007480309076506897,0.005036813406857459,0.570586595510224,-0.570586595510224,3.7078326883346184
zero,1029,704,1733,0.015386569818708992,0.021702966636887342,-0.4962206195050697,0.4962206195050697,3.7009057553796314
circle,121,35,156,0.0018158992063847914,0.001093620036351314,0.7315725462734117,-0.7315725462734117,3.699010618402919
difficult,1269,436,1705,0.018973531214036974,0.013446905517390098,0.4967139981903784,-0.4967139981903784,3.6964992450503997
gravity,3031,1986,5017,0.04530780612473658,0.061196512738362956,-0.43368980881489455,0.43368980881489455,3.695378366553187
magnetized,266,83,349,0.003983021716062114,0.0025723175502911184,0.6307945924574364,-0.6307945924574364,3.6951525568252985
inertial,64,17,81,0.0009639958749943953,0.0005391084686238871,0.8384514006506003,-0.8384514006506003,3.694819925142672
eye,64,17,81,0.0009639958749943953,0.0005391084686238871,0.8384514006506003,-0.8384514006506003,3.694819925142672
text,64,53,117,0.0009639958749943953,0.0016481316040787408,-0.7737325688055802,0.7737325688055802,3.6912340694491035
favorable,122,95,217,0.0018308448788653246,0.0029419919287760696,-0.6842837268608651,0.6842837268608651,3.684522348829246
employed,707,236,943,0.010574063279977283,0.007285665875974246,0.5373971265521624,-0.5373971265521624,3.6812381182063727
introduced,953,653,1606,0.014250698710188464,0.0201318505283263,-0.4984471353103643,0.4984471353103643,3.6795987426067027
encodes,102,29,131,0.0015319314292546592,0.0009087828471088383,0.7533442123159176,-0.7533442123159176,3.6784305682654774
ultraviolet,1153,395,1548,0.017239833206295116,0.01218385139089985,0.5007755663825035,-0.5007755663825035,3.678379238245885
superhorizon,83,23,106,0.0012479636521245273,0.0007239456578663627,0.7856226029687277,-0.7856226029687277,3.6710799521572883
long,2251,795,3046,0.03365018158992064,0.024506330673731556,0.45745980418310966,-0.45745980418310966,3.669702649048787
basically,105,30,135,0.001576768446696259,0.0009395890453159176,0.7468690133166117,-0.7468690133166117,3.669109707274717
assignment,82,66,148,0.001233017979643994,0.002048612180770771,-0.732453059083061,0.732453059083061,3.6651557792771343
cycles,145,43,188,0.0021745953459175894,0.001340069622007948,0.6984390092318683,-0.6984390092318683,3.66104059184236
defect,63,52,115,0.0009490502025138621,0.0016173254058716613,-0.7690536687216438,0.7690536687216438,3.6557659760695698
basis,1161,399,1560,0.01735939858613938,0.012307076183728166,0.4962289080531434,-0.4962289080531434,3.6488118122426836
nested,114,33,147,0.0017112794990210584,0.0010320076399371553,0.7296217598114844,-0.7296217598114844,3.6460748133353227
dynamically,907,308,1215,0.013563197776083936,0.009503712146883954,0.513134315906008,-0.513134315906008,3.6449583072143907
weakens,89,25,114,0.001337637687007727,0.0007855580542805213,0.7678975974650737,-0.7678975974650737,3.6436219815049786
version,811,558,1369,0.012128413217952742,0.01720526169865377,-0.5044590237630306,0.5044590237630306,3.643488602919071
announced,47,40,87,0.0007099194428253299,0.00124765102738671,-0.8134872323813639,0.8134872323813639,3.6422563336490685
free-streaming,184,56,240,0.002757476572658387,0.0017405501986999783,0.6638052058175214,-0.6638052058175214,3.6408367573030747
contradiction,120,35,155,0.001800953533904258,0.001093620036351314,0.7196493788975923,-0.7196493788975923,3.634125739139405
replacing,92,26,118,0.0013824747044493266,0.0008163642524876005,0.7599681681254258,-0.7599681681254258,3.6319817263051553
summarized,157,119,276,0.002353943415683989,0.003681340685745972,-0.6451516274211567,0.6451516274211567,3.628344046761837
isotopes,88,70,158,0.0013226920145271936,0.002171836973599088,-0.7154386401434832,0.7154386401434832,3.62648992945403
association,841,285,1126,0.01257678339236874,0.00879516958812113,0.515979688139419,-0.515979688139419,3.6259515514118563
identical,570,189,759,0.008526506150144227,0.00583777456024152,0.5465362002899031,-0.5465362002899031,3.6253486518380305
vastly,95,27,122,0.0014273117218909265,0.0008471704506946798,0.752576276683402,-0.752576276683402,3.6215357848802907
calculations,1423,953,2376,0.021275164776039097,0.029373709990450077,-0.4653551883981779,0.4653551883981779,3.6174825178894365
advocated,76,21,97,0.0011433439447607946,0.0006623332614522042,0.7876302501628668,-0.7876302501628668,3.6112590822139117
conducting,101,29,130,0.001516985756774126,0.0009087828471088383,0.7392000299956479,-0.7392000299956479,3.6037460075449936
multivariate,80,64,144,0.0012031266346829276,0.0019869997843566124,-0.723803215136324,0.723803215136324,3.6021758836414417
pursued,50,42,92,0.0007547564602669297,0.0013092634238008687,-0.7946722912135941,0.7946722912135941,3.6019312243776733
showers,182,136,318,0.0027275852276973205,0.00420504605526632,-0.62449732498016,0.62449732498016,3.600346421688554
believe,153,46,199,0.0022941607257618555,0.0014324882166291857,0.6794431964344608,-0.6794431964344608,3.5999056872516126
irrespective,201,62,263,0.0030115530048274524,0.001925387387942454,0.6453589060381933,-0.6453589060381933,3.5984884133311517
emit,177,54,231,0.002652856865294654,0.00167893780228582,0.659998051787431,-0.659998051787431,3.594836053897557
schwarzschild,263,83,346,0.003938184698620515,0.0025723175502911184,0.6144620213354753,-0.6144620213354753,3.5941879277338318
recoiling,83,66,149,0.0012479636521245273,0.002048612180770771,-0.7150709808548247,0.7150709808548247,3.5829598944552123
propagation,949,325,1274,0.014190916020266332,0.0100274175164043,0.501017619156175,-0.501017619156175,3.582627419579598
portions,61,50,111,0.0009191588575527956,0.001555713009457503,-0.759189815240242,0.759189815240242,3.5822362863098127
bubble,341,244,585,0.005103947152102109,0.00753211546163088,-0.5614417244898303,0.5614417244898303,3.5782476533852803
lifetimes,310,223,533,0.004640631305205578,0.006885185299282216,-0.5691744007905234,0.5691744007905234,3.5746405383674653
baselines,85,24,109,0.001277854997085594,0.000754751856073442,0.7596498329430026,-0.7596498329430026,3.570719124626073
developing,271,86,357,0.00405775007846478,0.0026647361449123564,0.6066873223399497,-0.6066873223399497,3.567644811451189
capable,839,286,1125,0.012546892047407674,0.008825975786328209,0.5075023483524382,-0.5075023483524382,3.5659281059415937
prevented,66,18,84,0.000993887219955462,0.0005699146668309663,0.8023362320445528,-0.8023362320445528,3.564500069420439
achieved,1055,712,1767,0.015775157303202857,0.021949416222543976,-0.47652817841999767,0.47652817841999767,3.5632891289565922
reconciled,131,39,170,0.001965355931190124,0.001216844829179631,0.6916454032875125,-0.6916454032875125,3.556207964105988
underlying,2005,712,2717,0.029973546159709458,0.021949416222543976,0.4495072090473554,-0.4495072090473554,3.554546398457451
input,977,336,1313,0.014609394849721263,0.010366285696682173,0.4949973597567103,-0.4949973597567103,3.554492484385667
intensive,91,26,117,0.0013675290319687934,0.0008163642524876005,0.7442865458931561,-0.7442865458931561,3.5507563806891387
demonstration,140,42,182,0.0020998669835149233,0.0013092634238008687,0.6815425462555373,-0.6815425462555373,3.5504864572905057
collection,235,74,309,0.003519705869165583,0.002295061766427405,0.6169218913229344,-0.6169218913229344,3.5390170314716145
steps,305,98,403,0.004565902942802911,0.0030344105233973077,0.5894839125346661,-0.5894839125346661,3.537737523004295
approximation,1723,609,2332,0.025758866520199077,0.018776377807214813,0.4561503349193703,-0.4561503349193703,3.5374049178522404
pointed,264,191,455,0.0039531303711010475,0.0058993869566556795,-0.5775695076386186,0.5775695076386186,3.536165157512207
uhecr,100,29,129,0.0015020400842935928,0.0009087828471088383,0.7249158039894001,-0.7249158039894001,3.528552649598111
opportunity,587,197,784,0.008780582582313292,0.006084224145898155,0.5292433605602097,-0.5292433605602097,3.527768851230634
render,81,64,145,0.0012180723071634608,0.0019869997843566124,-0.7059919390198637,0.7059919390198637,3.5183861021721006
certainly,106,31,137,0.0015917141191767923,0.0009703952435229968,0.7139368588982345,-0.7139368588982345,3.517748018975886
plan,106,31,137,0.0015917141191767923,0.0009703952435229968,0.7139368588982345,-0.7139368588982345,3.517748018975886
invoked,205,64,269,0.0030713356947495852,0.0019869997843566124,0.6282744904307418,-0.6282744904307418,3.5173457035059794
resource,75,21,96,0.0011283982722802613,0.0006623332614522042,0.7686471467952939,-0.7686471467952939,3.5163385410397323
crucial,1665,589,2254,0.024892017516328146,0.018160253843073227,0.45489879786690113,-0.45489879786690113,3.512230517550284
generality,44,37,81,0.0006650824253837302,0.0011552324327654725,-0.7965780973571704,0.7965780973571704,3.510296033572981
filled,187,58,245,0.0028023135900999865,0.001802162595114137,0.6368892279721516,-0.6368892279721516,3.506286351650702
places,272,87,359,0.004072695750945314,0.0026955423431194356,0.5954084700042729,-0.5954084700042729,3.50463619565172
alleviates,78,22,100,0.001173235289721861,0.0006931394596592835,0.7592748147342651,-0.7592748147342651,3.504144775400953
eev,78,22,100,0.001173235289721861,0.0006931394596592835,0.7592748147342651,-0.7592748147342651,3.504144775400953
particularly,1907,679,2586,0.028508870256617195,0.02093281168171036,0.44564476312681434,-0.44564476312681434,3.5019898236105913
learning,130,39,169,0.0019504102587095907,0.001216844829179631,0.6806324105650945,-0.6806324105650945,3.4955908703859646
earth,874,591,1465,0.013069990584226338,0.018221866239487385,-0.4794126222458229,0.4794126222458229,3.4950584277137815
deriving,384,126,510,0.005746611068765039,0.003896984073195527,0.5603533754398293,-0.5603533754398293,3.494570750360951
signature,1287,856,2143,0.019242553318686573,0.02638550876436339,-0.4554455569537432,0.4554455569537432,3.4934625903630177
distinction,154,47,201,0.0023091063982423887,0.0014632944148362651,0.6581145817457393,-0.6581145817457393,3.493448375469613
downstream,55,45,100,0.000829484822669596,0.0014016820184221065,-0.7568716116762776,0.7568716116762776,3.4930537036618996
shortly,151,46,197,0.002264269380800789,0.0014324882166291857,0.6605223345372323,-0.6605223345372323,3.493018484770632
examination,145,44,189,0.0021745953459175894,0.0013708758202150273,0.6656490741141988,-0.6656490741141988,3.4926767154885408
answer,257,82,339,0.003848510663737315,0.002541511352084039,0.5986135699970778,-0.5986135699970778,3.489285945476468
geometrical,358,117,475,0.005358023584271174,0.0036197282893318137,0.5658195243092178,-0.5658195243092178,3.4885137974487805
multi-component,80,63,143,0.0012031266346829276,0.001956193586149533,-0.7012606464852357,0.7012606464852357,3.4851344873715884
percolation,84,24,108,0.0012629093246050607,0.000754751856073442,0.7426767543392891,-0.7426767543392891,3.484155018650438
toroidal,51,42,93,0.000769702132747463,0.0013092634238008687,-0.7663832467821704,0.7663832467821704,3.4819050063245793
tantalizing,51,42,93,0.000769702132747463,0.0013092634238008687,-0.7663832467821704,0.7663832467821704,3.4819050063245793
severe,312,222,534,0.004670522650166644,0.006854379101075136,-0.5534419841319979,0.5534419841319979,3.476870173248597
nucleosynthesis,989,664,1653,0.014788742919487662,0.02047071870860417,-0.4690623300563496,0.4690623300563496,3.4761983546967348
scientists,87,25,112,0.0013077463420466603,0.0007855580542805213,0.7352929320331459,-0.7352929320331459,3.476014850078775
renders,69,55,124,0.0010387242373970616,0.0017097440004928991,-0.7189676314542858,0.7189676314542858,3.4714012916264263
respects,83,65,148,0.0012479636521245273,0.002017805982563692,-0.6932115468910854,0.6932115468910854,3.4687933593043843
restrict,172,127,299,0.0025781285028919874,0.0039277902714026066,-0.6073937230210139,0.6073937230210139,3.4644416725834417
hybrid,445,310,755,0.006658297090077568,0.009565324543298111,-0.5226606745262464,0.5226606745262464,3.4642165764618658
antares,93,27,120,0.00139742037692986,0.0008471704506946798,0.7220419085352899,-0.7220419085352899,3.4627617584781705
restriction,54,44,98,0.0008145391501890628,0.0013708758202150273,-0.7510419440171586,0.7510419440171586,3.451127745236917
explanations,419,139,558,0.006269709605583703,0.004297464649887558,0.5449128507829483,-0.5449128507829483,3.447200143895991
expense,68,19,87,0.0010237785649165284,0.0006007208650380457,0.7691370262705912,-0.7691370262705912,3.4436855230996097
strengthens,68,19,87,0.0010237785649165284,0.0006007208650380457,0.7691370262705912,-0.7691370262705912,3.4436855230996097
parametrize,108,32,140,0.001621605464137859,0.001001201441730076,0.6956905815883377,-0.6956905815883377,3.4428056462782264
integrate,108,32,140,0.001621605464137859,0.001001201441730076,0.6956905815883377,-0.6956905815883377,3.4428056462782264
route,126,38,164,0.0018906275687874576,0.0011860386309725517,0.6727141961717217,-0.6727141961717217,3.4348420051716695
events,2814,1808,4622,0.042064595196460865,0.05571300945750285,-0.40540778761564433,0.40540778761564433,3.421154882988904
early-time,74,21,95,0.001113452599799728,0.0006623332614522042,0.7494109279323764,-0.7494109279323764,3.420572413574375
exhibiting,278,90,368,0.004162369785828513,0.0027879609377406732,0.5781947924291393,-0.5781947924291393,3.4175918386918656
optimize,185,58,243,0.00277242224513892,0.001802162595114137,0.6214178192097116,-0.6214178192097116,3.4160382903906226
track,457,153,610,0.006837645159843967,0.0047287514247866674,0.532040249973538,-0.532040249973538,3.4130897897621395
persists,164,51,215,0.0024585631230477217,0.0015865192076645821,0.631950408724336,-0.631950408724336,3.3969093867431064
disentangling,83,24,107,0.0012479636521245273,0.000754751856073442,0.7255016105311568,-0.7255016105311568,3.396893745996843
pushing,83,24,107,0.0012479636521245273,0.000754751856073442,0.7255016105311568,-0.7255016105311568,3.396893745996843
detectable,1457,518,1975,0.02178331764037723,0.0159730137703706,0.44758715144694605,-0.44758715144694605,3.396662748047268
stochastic,968,338,1306,0.014474883797396464,0.01042789809309633,0.47310337720056994,-0.47310337720056994,3.3947484165835697
giving,582,397,979,0.008705854219910625,0.012245463787314007,-0.49218964845776225,0.49218964845776225,3.3899820789819644
capabilities,615,210,825,0.009199061411768222,0.006484704722590185,0.5044457855903741,-0.5044457855903741,3.3881579270209907
equivalence,224,161,385,0.003355303471879717,0.004975201010443301,-0.5683115577804649,0.5683115577804649,3.3847712133276646
nonthermal,230,165,395,0.003444977506762917,0.005098425803271619,-0.565557304205567,0.565557304205567,3.3828324966539522
permitted,92,27,119,0.0013824747044493266,0.0008471704506946798,0.7065289091639653,-0.7065289091639653,3.3825013186592896
km3net,45,37,82,0.0006800280978642634,0.0011552324327654725,-0.764516888124872,0.764516888124872,3.378278270592473
divergence,190,60,250,0.002847150607541586,0.0018637749915282956,0.6112911123910403,-0.6112911123910403,3.377660273626211
advantages,331,109,440,0.004954490427296776,0.0033732787036751793,0.5545851626837272,-0.5545851626837272,3.3768939428382043
rendering,87,67,154,0.0013077463420466603,0.0020794183789778504,-0.6690973230461892,0.6690973230461892,3.374542244714582
bandwidth,107,32,139,0.0016066597916573257,0.001001201441730076,0.6823321987333187,-0.6823321987333187,3.3718417395728504
pta,122,37,159,0.0018308448788653246,0.0011552324327654725,0.6643264106790026,-0.6643264106790026,3.3715720042463473
relativistic,1749,628,2377,0.02614745400469294,0.019361695573149318,0.43346517699165443,-0.43346517699165443,3.3697648213962763
complicated,376,125,501,0.005627045688920773,0.0038661778749884477,0.541469662893469,-0.541469662893469,3.3671833104787665
programming,52,42,94,0.0007846478052279962,0.0013092634238008687,-0.7386382562992663,0.7386382562992663,3.363667686613346
surviving,175,55,230,0.0026229655203335875,0.0017097440004928991,0.6174185161267677,-0.6174185161267677,3.3602494669724057
ansatz,164,120,284,0.0024585631230477217,0.0037121468839530513,-0.5944384003224071,0.5944384003224071,3.3600566261586113
avoids,129,96,225,0.0019354645862290573,0.002972798126983149,-0.6191415874092137,0.6191415874092137,3.356078644056644
contradict,64,18,82,0.0009639958749943953,0.0005699146668309663,0.7582810519666173,-0.7582810519666173,3.350723104552811
weakly,968,643,1611,0.014474883797396464,0.019823788546255508,-0.4536809374451354,0.4536809374451354,3.3505384884256455
undergoes,151,111,262,0.002264269380800789,0.003434891100089338,-0.6012187542750411,0.6012187542750411,3.3500835058545633
relaxes,76,59,135,0.0011433439447607946,0.0018329687933212162,-0.6809227584429789,0.6809227584429789,3.34513851607377
reached,518,176,694,0.007749331181156496,0.00543729398354949,0.5111829677143581,-0.5111829677143581,3.3451362776769527
forced,67,19,86,0.0010088328924359952,0.0006007208650380457,0.7479205403608954,-0.7479205403608954,3.340144413306246
adapt,67,19,86,0.0010088328924359952,0.0006007208650380457,0.7479205403608954,-0.7479205403608954,3.340144413306246
maintain,244,79,323,0.0036542169214903823,0.0024490927574628016,0.577314861840191,-0.577314861840191,3.3373091441532283
topics,305,214,519,0.004565902942802911,0.006607929515418502,-0.5332981055085033,0.5332981055085033,3.3351550573876945
prove,343,239,582,0.005133838497063175,0.007378084470595484,-0.5232083947457672,0.5232083947457672,3.331888995211005
principles,230,164,394,0.003444977506762917,0.005067619605064539,-0.5568136711335906,0.5568136711335906,3.3291253320429597
viewpoint,72,56,128,0.0010835612548386615,0.0017405501986999783,-0.6837627102279403,0.6837627102279403,3.3229585008057
modulated,139,43,182,0.00208492131103439,0.001340069622007948,0.6376849781527723,-0.6376849781527723,3.322011063561851
manner,597,205,802,0.008930039307118625,0.006330673731554789,0.4963074813587409,-0.4963074813587409,3.3194804825127795
interactive,76,22,98,0.0011433439447607946,0.0006931394596592835,0.7220419085352899,-0.7220419085352899,3.3178691065395745
obeys,58,46,104,0.0008743218401111958,0.0014324882166291857,-0.7122869293523139,0.7122869293523139,3.3149551271411215
element,558,191,749,0.008347158080377826,0.0058993869566556795,0.5007200507306704,-0.5007200507306704,3.314803391814632
slow-roll,241,171,412,0.0036093799040487827,0.005283262992514094,-0.5496782251647263,0.5496782251647263,3.3109579822715633
interested,75,58,133,0.0011283982722802613,0.001802162595114137,-0.6754528180860125,0.6754528180860125,3.308259695410675
technological,85,25,110,0.001277854997085594,0.0007855580542805213,0.7019343350867151,-0.7019343350867151,3.305780950428977
essence,118,36,154,0.0017710621889431915,0.001124426234558393,0.6554258521905548,-0.6554258521905548,3.305591205216046
probing,779,520,1299,0.011650151698575677,0.016034626166784756,-0.4608419784293194,0.4608419784293194,3.304292075978055
unrelated,109,33,142,0.0016365511366183921,0.0010320076399371553,0.665205031315714,-0.665205031315714,3.301309217687064
degrees,949,628,1577,0.014190916020266332,0.019361695573149318,-0.4482375820986974,0.4482375820986974,3.300782782654097
undetectable,94,28,122,0.0014123660494103933,0.0008779766489017591,0.6858595722286439,-0.6858595722286439,3.3004827034610984
generalised,61,48,109,0.0009191588575527956,0.0014941006130433443,-0.7008911746755749,0.7008911746755749,3.294525205119723
confront,161,117,278,0.0024137261056061217,0.0036197282893318137,-0.584619429698762,0.584619429698762,3.292115820401356
practical,311,103,414,0.004655576977686111,0.0031884415144327037,0.5461085576969895,-0.5461085576969895,3.2920944880789285
pass,257,84,341,0.003848510663737315,0.002603123748498198,0.5640563479607092,-0.5640563479607092,3.291162035389467
meaning,214,69,283,0.0032058467470743846,0.0021410307753920088,0.5823999269483511,-0.5823999269483511,3.289962183638204
stationary,188,60,248,0.0028172592625805197,0.0018637749915282956,0.5960646381663826,-0.5960646381663826,3.288758564331295
established,798,279,1077,0.01193411947570581,0.008610332398878654,0.4709512867403554,-0.4709512867403554,3.288588197935597
molecules,156,49,205,0.0023389977432034556,0.0015249068112504235,0.6171693890253218,-0.6171693890253218,3.2882020798944382
extrapolation,234,76,310,0.0035047601966850498,0.0023566741628415636,0.5725634319950377,-0.5725634319950377,3.286395528738134
scatters,91,69,160,0.0013675290319687934,0.0021410307753920088,-0.6467340722671521,0.6467340722671521,3.2863173378024837
conditions,1895,1220,3115,0.028329522186850798,0.037598964911740244,-0.408386676438197,0.408386676438197,3.2851871494147242
outlook,81,62,143,0.0012180723071634608,0.001925387387942454,-0.6605489682586965,0.6605489682586965,3.2828050474732753
generalized,797,530,1327,0.011919173803225276,0.01634268814885555,-0.4553610700902202,0.4553610700902202,3.2746969552035607
initiate,57,45,102,0.0008593761676306625,0.0014016820184221065,-0.7057974270820082,0.7057974270820082,3.271179795114876
controlling,141,44,185,0.0021148126559954565,0.0013708758202150273,0.6254319740377974,-0.6254319740377974,3.2683490579619012
definition,386,130,516,0.005776502413726106,0.004020208866023844,0.5229257695272759,-0.5229257695272759,3.267262628191733
originate,533,183,716,0.007973516268364495,0.005652937370999045,0.4962153701535252,-0.4962153701535252,3.262653692030641
stimulated,67,52,119,0.0010088328924359952,0.0016173254058716613,-0.6809227584429789,0.6809227584429789,3.259912083518135
contexts,77,59,136,0.0011582896172413278,0.0018329687933212162,-0.6621861958613929,0.6621861958613929,3.25794345298474
tension,1748,634,2382,0.02613250833221241,0.019546532762391794,0.4189328890289232,-0.4189328890289232,3.2576705222434996
fine-structure,123,38,161,0.0018457905513458578,0.0011860386309725517,0.638087853062089,-0.638087853062089,3.246333422794984
devised,63,18,81,0.0009490502025138621,0.0005699146668309663,0.735738483315529,-0.735738483315529,3.2421929353795518
expressions,473,321,794,0.007076775919532499,0.009904192723575983,-0.4849471496872494,0.4849471496872494,3.238642973137936
preceding,66,19,85,0.000993887219955462,0.0006007208650380457,0.7263873788112543,-0.7263873788112543,3.2355816568405826
antimatter,137,100,237,0.0020550299660733237,0.003096022919811466,-0.5912567205945938,0.5912567205945938,3.235516812720965
condensed,140,102,242,0.0020998669835149233,0.0031576353162256245,-0.588546617112207,0.588546617112207,3.232922730067577
illustrative,99,74,173,0.0014870944118130596,0.002295061766427405,-0.6260367377461997,0.6260367377461997,3.229758149372508
favored,517,349,866,0.007734385508675963,0.010766766273374202,-0.47722643081643595,0.47722643081643595,3.228455405223052
obtainable,56,44,100,0.0008444304951501293,0.0013708758202150273,-0.6990473063788971,0.6990473063788971,3.226187565911866
equations,1886,1208,3094,0.028195011134525997,0.03722929053325529,-0.40099821078316034,0.40099821078316034,3.223040436324981
nonlinearities,78,23,101,0.001173235289721861,0.0007239456578663627,0.6965390593863025,-0.6965390593863025,3.221474213052247
classifier,93,28,121,0.00139742037692986,0.0008779766489017591,0.6705116078952079,-0.6705116078952079,3.2211518750665125
tackle,93,28,121,0.00139742037692986,0.0008779766489017591,0.6705116078952079,-0.6705116078952079,3.2211518750665125
relaxing,105,78,183,0.001576768446696259,0.0024182865592557224,-0.6170143980121291,0.6170143980121291,3.2176904471530348
especially,1808,659,2467,0.027029248681044404,0.020316687717568775,0.41185619557654224,-0.41185619557654224,3.2170760347832967
deviations,1255,451,1706,0.01876429179930951,0.013908998490496288,0.4319712979629544,-0.4319712979629544,3.2149432415453574
coefficient,467,160,627,0.0069871018846493,0.004944394812236222,0.49890022982500876,-0.49890022982500876,3.2141847697078343
brief,490,331,821,0.007330852351701565,0.010212254705646776,-0.47824857172103613,0.47824857172103613,3.209880257698001
concentrating,59,46,105,0.000889267512591729,0.0014324882166291857,-0.6878338856277748,0.6878338856277748,3.207671432491573
enhance,540,363,903,0.008078135975728228,0.011198053048273312,-0.4711535840126313,0.4711535840126313,3.2070620489111805
actually,439,150,589,0.006568623055194368,0.004636332830165429,0.5026068405560147,-0.5026068405560147,3.2066932306314158
successfully,889,315,1204,0.013294175671434337,0.009719355534333509,0.4518617624569238,-0.4518617624569238,3.205613460762883
excluding,294,98,392,0.004401500545517046,0.0030344105233973077,0.5365791665463973,-0.5365791665463973,3.205421782643665
lessons,45,36,81,0.0006800280978642634,0.001124426234558393,-0.725522756509008,0.725522756509008,3.197175095436462
changing,393,268,661,0.005881122121089839,0.008271464218600783,-0.49205129030561334,0.49205129030561334,3.1960037976764117
numerical,2699,1000,3699,0.04034584286119954,0.030821601306182805,0.3884782117158284,-0.3884782117158284,3.191771211856383
rates,3004,1117,4121,0.044904272967762185,0.034425926496411074,0.38335725263549686,-0.38335725263549686,3.191101715069906
deduce,154,49,203,0.0023091063982423887,0.0015249068112504235,0.5986135699970776,-0.5986135699970776,3.1834987951879223
investigate,8112,3106,11218,0.12124676799832608,0.09569945473029173,0.34136368100450803,-0.34136368100450803,3.1833405983184107
travel,122,38,160,0.0018308448788653246,0.0011860386309725517,0.6263585604799821,-0.6263585604799821,3.1827811232683656
coincidence,413,141,554,0.006180035570700504,0.004359077046301716,0.5035924385117051,-0.5035924385117051,3.1821845612792763
contributes,413,141,554,0.006180035570700504,0.004359077046301716,0.5035924385117051,-0.5035924385117051,3.1821845612792763
prevents,177,57,234,0.002652856865294654,0.0017713563969070578,0.5826923256199821,-0.5826923256199821,3.1812585801578255
nonetheless,177,57,234,0.002652856865294654,0.0017713563969070578,0.5826923256199821,-0.5826923256199821,3.1812585801578255
constructed,1163,418,1581,0.01738928993110045,0.012892393949662672,0.4316788450273176,-0.4316788450273176,3.1799385335871455
june,119,37,156,0.0017860078614237247,0.0011552324327654725,0.6285552796571805,-0.6285552796571805,3.1781299961961516
discriminate,468,161,629,0.007002047557129833,0.004975201010443301,0.4930220451375748,-0.4930220451375748,3.177881967737277
logarithmic,509,176,685,0.007614820128831697,0.00543729398354949,0.4859211250669463,-0.4859211250669463,3.1734914045391114
scope,113,83,196,0.0016963338265405252,0.0025723175502911184,-0.6006486430108242,0.6006486430108242,3.1733491504161995
subgroups,48,38,86,0.0007248651153058632,0.0011860386309725517,-0.710366536335461,0.710366536335461,3.1724316818410716
storage,58,45,103,0.0008743218401111958,0.0014016820184221065,-0.6809227584429789,0.6809227584429789,3.16247146233081
next-generation,544,189,733,0.00813791866565036,0.00583777456024152,0.4792413627181281,-0.4792413627181281,3.162278458781092
modules,101,31,132,0.001516985756774126,0.0009703952435229968,0.6445631558575726,-0.6445631558575726,3.1521388673319426
curvature,1370,497,1867,0.020483044134570836,0.015326083608021934,0.4184410595670769,-0.4184410595670769,3.1519590083659694
approach,4680,1770,6450,0.06995322004513593,0.05454237392563384,0.3590129741046567,-0.3590129741046567,3.149258375437046
enhanced,1578,1010,2588,0.023591744010521755,0.031129663288253596,-0.40000789889443733,0.40000789889443733,3.1436728695251084
taking,1805,1150,2955,0.026984411663602804,0.03544253103724469,-0.3933554011031367,0.3933554011031367,3.143535987565626
lisa,378,129,507,0.00565693703388184,0.003989402667816765,0.5038483644714907,-0.5038483644714907,3.139217887232384
static,380,258,638,0.005686828378842906,0.00796340223652999,-0.48576066463907613,0.48576066463907613,3.1379674812633596
activities,176,57,233,0.0026379111928141207,0.0017713563969070578,0.5745414844991179,-0.5745414844991179,3.1343082920369976
folding,83,25,108,0.0012479636521245273,0.0007855580542805213,0.6677861126748694,-0.6677861126748694,3.132816965479281
eventual,83,25,108,0.0012479636521245273,0.0007855580542805213,0.6677861126748694,-0.6677861126748694,3.132816965479281
subclass,62,18,80,0.0009341045300333288,0.0005699146668309663,0.7128380812054502,-0.7128380812054502,3.1325307033716143
mechanical,258,86,344,0.003863456336217848,0.0026647361449123564,0.5358994048505229,-0.5358994048505229,3.131551975304702
entered,80,24,104,0.0012031266346829276,0.000754751856073442,0.6727141961717217,-0.6727141961717217,3.1307851959712827
loses,65,19,84,0.0009789415474749286,0.0006007208650380457,0.7045279448475147,-0.7045279448475147,3.129971959409352
outperform,71,21,92,0.0010686155823581283,0.0006623332614522042,0.6901137442486045,-0.6901137442486045,3.128009207399321
guidance,71,21,92,0.0010686155823581283,0.0006623332614522042,0.6901137442486045,-0.6901137442486045,3.128009207399321
proposed,3273,2044,5317,0.04892465886502563,0.06298327223437356,-0.364406921765534,0.364406921765534,3.1261932579710536
choosing,99,73,172,0.0014870944118130596,0.002264255568220326,-0.6065405621204026,0.6065405621204026,3.125680380497029
necessarily,407,275,682,0.0060903615358173045,0.008487107606050337,-0.4787450972804048,0.4787450972804048,3.12452741644528
application,1255,455,1710,0.01876429179930951,0.014032223283324605,0.419246231641762,-0.419246231641762,3.121218295280504
clock,47,37,84,0.0007099194428253299,0.0011552324327654725,-0.7024559199926201,0.7024559199926201,3.1207666755842753
complementary,1102,713,1815,0.016477603909787922,0.021980222420751056,-0.4156995168585675,0.4156995168585675,3.1195719454608386
gravitation,187,61,248,0.0028023135900999865,0.0018945811897353748,0.5647394422163162,-0.5647394422163162,3.1159232712042773
precession,167,54,221,0.0025034001404893214,0.00167893780228582,0.5763401227405213,-0.5763401227405213,3.1137797453957075
basic,953,342,1295,0.014250698710188464,0.010551122885924647,0.43363611263718005,-0.43363611263718005,3.1078864440676433
ref,60,46,106,0.0009042131850722624,0.0014324882166291857,-0.6637884116611239,0.6637884116611239,3.1017696299917694
cosmogenic,50,39,89,0.0007547564602669297,0.001216844829179631,-0.6890621032529952,0.6890621032529952,3.1006483156759392
situations,144,103,247,0.002159649673437056,0.0031884415144327037,-0.5620541128263337,0.5620541128263337,3.098845302556964
hot-dark,200,140,340,0.0029966073323469187,0.004328270848094637,-0.530460731593693,0.530460731593693,3.093584645468253
phenomena,821,536,1357,0.012277869942758075,0.016527525338098027,-0.4288104336341346,0.4288104336341346,3.0933391163405326
ensuring,98,72,170,0.0014721487393325264,0.002233449370013247,-0.6013501083862454,0.6013501083862454,3.0919399369884824
researchers,106,33,139,0.0015917141191767923,0.0010320076399371553,0.6251275919403787,-0.6251275919403787,3.0891570278761735
alleviate,329,112,441,0.004924599082335709,0.0034656972982964173,0.5068606259633274,-0.5068606259633274,3.087445139766504
adapted,129,41,170,0.0019354645862290573,0.0012784572255937895,0.5982760185119418,-0.5982760185119418,3.076134001112362
horizon,878,315,1193,0.01312977327414847,0.009719355534333509,0.43390944319813995,-0.43390944319813995,3.0742763028119726
discussing,199,139,338,0.0029816616598663855,0.004297464649887558,-0.5273692134345292,0.5273692134345292,3.072453094098711
synergy,126,40,166,0.0018906275687874576,0.00124765102738671,0.5996507339819983,-0.5996507339819983,3.069008746131033
typically,2037,756,2793,0.03045180767908652,0.023304888943655462,0.3858952339613779,-0.3858952339613779,3.0621672598048826
cuts,304,207,511,0.004550957270322378,0.006392286127968948,-0.490161946155642,0.490161946155642,3.057789338960031
highlighting,303,103,406,0.004536011597841845,0.0031884415144327037,0.5085729109286697,-0.5085729109286697,3.055919612947113
alters,140,45,185,0.0020998669835149233,0.0014016820184221065,0.5831388421945427,-0.5831388421945427,3.047335864911099
unfortunately,171,56,227,0.0025631828304114542,0.0017405501986999783,0.5583929659299374,-0.5583929659299374,3.0317084088106117
galactic-center,1015,368,1383,0.015177330403981526,0.01135208403930871,0.41896087737339605,-0.41896087737339605,3.030232220540608
requiring,517,342,859,0.007734385508675963,0.010551122885924647,-0.4480379632888885,0.4480379632888885,3.027362225759197
manifested,67,20,87,0.0010088328924359952,0.000631527063245125,0.6757707546050601,-0.6757707546050601,3.025653277740954
trapping,68,51,119,0.0010237785649165284,0.0015865192076645821,-0.6319612820503788,0.6319612820503788,3.0255094195741443
interior,252,85,337,0.0037737823013346485,0.0026339299467052772,0.518794224925572,-0.518794224925572,3.0209625820531465
eventually,528,186,714,0.007898787905961829,0.005745355965620283,0.459235003299758,-0.459235003299758,3.0182221951810244
alleviating,105,33,138,0.001576768446696259,0.0010320076399371553,0.6115171604217255,-0.6115171604217255,3.017515487763104
checks,105,33,138,0.001576768446696259,0.0010320076399371553,0.6115171604217255,-0.6115171604217255,3.017515487763104
art,128,41,169,0.001920518913748524,0.0012784572255937895,0.5870922800192662,-0.5870922800192662,3.015187614127222
fine,332,224,556,0.0049694360997773095,0.006915991497489295,-0.4768539421802821,0.4768539421802821,3.0149401593513465
analogy,123,88,211,0.0018457905513458578,0.002726348541326515,-0.5627311563260068,0.5627311563260068,3.0143179883061983
pose,125,40,165,0.0018756818963069244,0.00124765102738671,0.5882007132384603,-0.5882007132384603,3.0068748631776185
implication,161,113,274,0.0024137261056061217,0.0034965034965034965,-0.5346509704246774,0.5346509704246774,3.0030121180207128
approximations,465,163,628,0.0069572105396882335,0.005036813406857459,0.46599769423302406,-0.46599769423302406,3.002950306957365
defining,257,87,344,0.003848510663737315,0.0026955423431194356,0.5137246724105649,-0.5137246724105649,3.0019729413560206
postulate,61,46,107,0.0009191588575527956,0.0014324882166291857,-0.6401371435964786,0.6401371435964786,2.997206109675173
heat,489,172,661,0.0073159066792210315,0.0053140691907211735,0.4612196601104762,-0.4612196601104762,2.99574417203655
nuclear,1556,983,2539,0.02326293921595002,0.030297895936662458,-0.3811842186370378,0.3811842186370378,2.9884535354237816
act,521,184,705,0.007794168198598096,0.005683743569206124,0.45555359863168265,-0.45555359863168265,2.988256327079266
unexplained,93,29,122,0.00139742037692986,0.0009087828471088383,0.6207585726981085,-0.6207585726981085,2.987204692001149
considerably,655,234,889,0.009796888310989554,0.007224053479560087,0.43951501987869107,-0.43951501987869107,2.984843836190693
involves,374,250,624,0.005597154343959706,0.007716952650873356,-0.46333772256414457,0.46333772256414457,2.9828531878224287
communities,51,39,90,0.000769702132747463,0.001216844829179631,-0.6607730588215716,0.6607730588215716,2.9806544340355035
galileon,90,28,118,0.0013525833594882602,0.0008779766489017591,0.6234630350907765,-0.6234630350907765,2.979606838088948
evaluations,54,41,95,0.0008145391501890628,0.0012784572255937895,-0.6503479443976856,0.6503479443976856,2.9684144638364014
large-volume,130,42,172,0.0019504102587095907,0.0013092634238008687,0.5750222226044956,-0.5750222226044956,2.963257186397178
hitherto,130,42,172,0.0019504102587095907,0.0013092634238008687,0.5750222226044956,-0.5750222226044956,2.963257186397178
raises,147,48,195,0.0022044866908786562,0.0014941006130433443,0.5611654642343888,-0.5611654642343888,2.961895663029426
improving,498,176,674,0.007450417731545831,0.00543729398354949,0.4544324832993285,-0.4544324832993285,2.9604970660948546
associated,4726,1815,6541,0.07064072097924046,0.0559286528449524,0.3369124871108015,-0.3369124871108015,2.9601125080414534
drastically,165,115,280,0.002473508795528255,0.003558115892917655,-0.5245544724365268,0.5245544724365268,2.95762415898239
incompatible,175,58,233,0.0026229655203335875,0.001802162595114137,0.5414696628934692,-0.5414696628934692,2.953890885308359
preserves,91,66,157,0.0013675290319687934,0.002048612180770771,-0.5830754350448345,0.5830754350448345,2.951874801338017
serves,247,168,415,0.0036990539389319824,0.005190844397892856,-0.4888129040425735,0.4888129040425735,2.947876775435051
compelling,330,221,551,0.004939544754816243,0.006823572902868057,-0.46614926487501374,0.46614926487501374,2.943055780525147
starts,258,88,346,0.003863456336217848,0.002726348541326515,0.50292208240425,-0.50292208240425,2.9417545989896556
focussing,66,49,115,0.000993887219955462,0.0015249068112504235,-0.6175670224061068,0.6175670224061068,2.935660540060434
collide,69,21,90,0.0010387242373970616,0.0006623332614522042,0.6491834801937223,-0.6491834801937223,2.9283754731055454
hope,123,87,210,0.0018457905513458578,0.0026955423431194356,-0.5463367180753382,0.5463367180753382,2.9239166082481196
avenues,123,87,210,0.0018457905513458578,0.0026955423431194356,-0.5463367180753382,0.5463367180753382,2.9239166082481196
definitely,66,20,86,0.000993887219955462,0.000631527063245125,0.6542375930554187,-0.6542375930554187,2.9217649783552284
facilitated,66,20,86,0.000993887219955462,0.000631527063245125,0.6542375930554187,-0.6542375930554187,2.9217649783552284
pressing,66,20,86,0.000993887219955462,0.000631527063245125,0.6542375930554187,-0.6542375930554187,2.9217649783552284
intersection,53,40,93,0.0007995934777085294,0.00124765102738671,-0.6418758543111649,0.6418758543111649,2.916231219757017
leave,458,162,620,0.0068525908323245005,0.005006007208650381,0.4529891778515503,-0.4529891778515503,2.913323379296168
asymmetric,610,396,1006,0.009124333049365557,0.012214657589106928,-0.4208224085442622,0.4208224085442622,2.909873708709242
effort,347,121,468,0.005193621186985308,0.0037429530821601305,0.4725638261774018,-0.4725638261774018,2.9065523775542936
normally,112,36,148,0.001681388154059992,0.001124426234558393,0.5804637945093328,-0.5804637945093328,2.90460966027006
future,6954,4187,11141,0.10393967926586857,0.12900095499214442,-0.3116352336402724,0.3116352336402724,2.903965766596547
originates,306,106,412,0.004580848615283445,0.0032808601090539417,0.4815408056372563,-0.4815408056372563,2.9005358066282483
summarise,89,28,117,0.001337637687007727,0.0008779766489017591,0.6074329252718276,-0.6074329252718276,2.8978709169885093
outline,411,271,682,0.006150144225739437,0.00836388281322202,-0.443552605210423,0.443552605210423,2.894843797855058
experiences,109,35,144,0.0016365511366183921,0.001093620036351314,0.5815471022688042,-0.5815471022688042,2.8942050866680664
interface,240,82,322,0.0035944342315682495,0.002541511352084039,0.5000780316965392,-0.5000780316965392,2.889277001624123
uhe,86,27,113,0.0012928006695661271,0.0008471704506946798,0.609775676284378,-0.609775676284378,2.8880186118867752
sasso,68,50,118,0.0010237785649165284,0.001555713009457503,-0.6036722376189553,0.6036722376189553,2.8850241729439547
know,226,77,303,0.0033851948168407836,0.002387480361048643,0.5037499969443104,-0.5037499969443104,2.8799526871139225
clarify,221,150,371,0.0033104664544381175,0.004636332830165429,-0.4859496260323709,0.4859496260323709,2.8762842550093337
deficit,256,88,344,0.0038335649912567818,0.002726348541326515,0.4917166276963696,-0.4917166276963696,2.8733679545366084
lab,49,37,86,0.0007398107877863965,0.0011552324327654725,-0.6429549082439584,0.6429549082439584,2.8713775446555068
ones,1540,576,2116,0.02302380845626149,0.017759773266381194,0.37451333155989236,-0.37451333155989236,2.8679314388630455
rule,824,301,1125,0.012322706960199674,0.009288068759434399,0.40786865370969505,-0.40786865370969505,2.8658592428540297
simpler,162,54,216,0.002428671778086655,0.00167893780228582,0.5326187453112032,-0.5326187453112032,2.8654341783457826
derivatives,184,126,310,0.002757476572658387,0.003896984073195527,-0.4990094064616012,0.4990094064616012,2.864210654319065
inducing,124,87,211,0.001860736223826391,0.0026955423431194356,-0.5347020175919351,0.5347020175919351,2.8641774884723925
narrow,905,332,1237,0.013533306431122868,0.010243060903853855,0.40186746273392887,-0.40186746273392887,2.8617996548731504
extrapolations,74,23,97,0.001113452599799728,0.0007239456578663627,0.6210868309568371,-0.6210868309568371,2.8476629213676654
supervised,74,23,97,0.001113452599799728,0.0007239456578663627,0.6210868309568371,-0.6210868309568371,2.8476629213676654
prime,225,77,302,0.0033702491443602504,0.002387480361048643,0.49736638015345636,-0.49736638015345636,2.8418186026402474
community,569,205,774,0.008511560477663693,0.006330673731554789,0.42706461019874187,-0.42706461019874187,2.8412023563364084
accompanied,318,211,529,0.004760196685049844,0.006515510920797264,-0.4528571286913366,0.4528571286913366,2.840717069818404
containing,832,530,1362,0.01244227234004394,0.01634268814885555,-0.3933953167838276,0.3933953167838276,2.8393084451816133
likewise,91,29,120,0.0013675290319687934,0.0009087828471088383,0.589563951094514,-0.589563951094514,2.8274252226837295
strength,1835,693,2528,0.0274327818380188,0.02136409845660947,0.3607124889482573,-0.3607124889482573,2.826391292417634
modifies,171,117,288,0.0025631828304114542,0.0036197282893318137,-0.49794501821987475,0.49794501821987475,2.8215689404537296
questions,836,307,1143,0.012502055029966073,0.009472905948676873,0.40028629198406335,-0.40028629198406335,2.818930618856404
undertake,65,20,85,0.0009789415474749286,0.000631527063245125,0.6323781590916794,-0.6323781590916794,2.8168319431597926
updates,65,20,85,0.0009789415474749286,0.000631527063245125,0.6323781590916794,-0.6323781590916794,2.8168319431597926
biggest,65,20,85,0.0009789415474749286,0.000631527063245125,0.6323781590916794,-0.6323781590916794,2.8168319431597926
van,88,28,116,0.0013226920145271936,0.0008779766489017591,0.5912226980905685,-0.5912226980905685,2.8155053225077085
scalar-tensor,227,78,305,0.003400140489321317,0.0024182865592557224,0.4916091483667442,-0.4916091483667442,2.8137667975753944
capability,437,156,593,0.006538731710233302,0.004821170019407905,0.43962752195938576,-0.43962752195938576,2.807847928225048
gained,133,44,177,0.0019952472761511904,0.0013708758202150273,0.541469662893469,-0.541469662893469,2.8057785921635783
encouraging,85,27,112,0.001277854997085594,0.0008471704506946798,0.5929999635335512,-0.5929999635335512,2.8033408041053725
matching,785,288,1073,0.011739825733458878,0.008887588182742368,0.4015471188210266,-0.4015471188210266,2.802455677037262
ion,142,98,240,0.0021297583284759897,0.0030344105233973077,-0.5107265482319595,0.5107265482319595,2.8012314055949186
translates,155,52,207,0.0023240520707229224,0.0016173254058716613,0.523032414636793,-0.523032414636793,2.791705430042011
utilizes,155,52,207,0.0023240520707229224,0.0016173254058716613,0.523032414636793,-0.523032414636793,2.791705430042011
perspective,336,221,557,0.005029218789699442,0.006823572902868057,-0.4401930317723884,0.4401930317723884,2.7839387456675055
guide,218,75,293,0.0032656294369965175,0.0023258679646344844,0.4895918923478322,-0.4895918923478322,2.7826345736011966
impacts,334,118,452,0.004999327444738376,0.003650534487538893,0.4536263139155146,-0.4536263139155146,2.774329601187791
frames,96,31,127,0.0014422573943714597,0.0009703952435229968,0.5716842759404769,-0.5716842759404769,2.773829408270167
anomalously,110,36,146,0.0016514968090989254,0.001124426234558393,0.5545851626837272,-0.5545851626837272,2.7676198680008586
hypothesized,76,24,100,0.0011433439447607946,0.000754751856073442,0.5991851607497565,-0.5991851607497565,2.7653117287630296
paired,76,24,100,0.0011433439447607946,0.000754751856073442,0.5991851607497565,-0.5991851607497565,2.7653117287630296
predominantly,533,193,726,0.007973516268364495,0.005960999353069838,0.4196618668523275,-0.4196618668523275,2.7651211861144467
aiming,242,84,326,0.003624325576529316,0.002603123748498198,0.4774686629646185,-0.4774686629646185,2.7645245414167054
disfavoured,93,30,123,0.00139742037692986,0.0009395890453159176,0.5726642844970634,-0.5726642844970634,2.7604030938415933
richer,135,45,180,0.002025138621112257,0.0014016820184221065,0.530861563327488,-0.530861563327488,2.759682260971082
resources,121,40,161,0.0018158992063847914,0.00124765102738671,0.5414696628934692,-0.5414696628934692,2.754779072576328
predicting,400,143,543,0.0059857418284535715,0.004420689442715875,0.4372586679053352,-0.4372586679053352,2.7542701568835435
cosmologically,350,229,579,0.005238458204426908,0.007070022488524691,-0.43257254723087196,0.43257254723087196,2.7524712748501234
speculative,73,23,96,0.0010985069273191947,0.0007239456578663627,0.6015906553310401,-0.6015906553310401,2.7521033755079536
encompass,73,23,96,0.0010985069273191947,0.0007239456578663627,0.6015906553310401,-0.6015906553310401,2.7521033755079536
expanded,168,57,225,0.0025183458129698546,0.0017713563969070578,0.507621892409796,-0.507621892409796,2.7515822342041303
super,157,107,264,0.002353943415683989,0.003311666307261021,-0.49247766902986856,0.49247766902986856,2.747892338518129
soon,349,124,473,0.005223512531946375,0.0038353716767813685,0.4456538754796682,-0.4456538754796682,2.745765920547118
shall,74,53,127,0.001113452599799728,0.0016481316040787408,-0.5657913037666727,0.5657913037666727,2.7452365289384333
shifted,187,64,251,0.0028023135900999865,0.0019869997843566124,0.4960266921323021,-0.4960266921323021,2.742744419658425
translated,68,49,117,0.0010237785649165284,0.0015249068112504235,-0.5748173749467701,0.5748173749467701,2.7422724125342715
real-time,65,47,112,0.0009789415474749286,0.0014632944148362651,-0.5799254446211849,0.5799254446211849,2.7415324826635277
procedure,866,321,1187,0.012950425204382072,0.009904192723575983,0.38688817400453546,-0.38688817400453546,2.739178524458773
discriminant,70,22,92,0.0010536699098775948,0.0006931394596592835,0.6042054182414315,-0.6042054182414315,2.7386211724815634
solar,2602,1001,3603,0.038896112630587815,0.030852407504389882,0.3342429045463848,-0.3342429045463848,2.7373824122165975
disfavored,198,133,331,0.0029667159873858523,0.004112627460645082,-0.4711935723722834,0.4711935723722834,2.7353422841070243
flrw,87,28,115,0.0013077463420466603,0.0008779766489017591,0.5748282598398998,-0.5748282598398998,2.7324979775456884
complement,335,119,454,0.00501427311721891,0.003681340685745972,0.445809310391748,-0.445809310391748,2.728485571734918
inevitable,115,38,153,0.0017262251715015916,0.0011860386309725517,0.541469662893469,-0.541469662893469,2.727357027639289
tools,787,291,1078,0.011769717078419943,0.008980006777363606,0.3902912022464575,-0.3902912022464575,2.7257117817773433
exceed,470,170,640,0.0070319389020909,0.005252456794307014,0.42093014587667726,-0.42093014587667726,2.72048393210688
wave,788,497,1285,0.011784662750900477,0.015326083608021934,-0.37907860846818797,0.37907860846818797,2.7139344128882237
incident,85,60,145,0.001277854997085594,0.0018637749915282956,-0.5445035602163838,0.5445035602163838,2.713591548238134
escaped,64,20,84,0.0009639958749943953,0.000631527063245125,0.6101824129774831,-0.6101824129774831,2.7108276637027084
unless,519,189,708,0.00776427685363703,0.00583777456024152,0.411433062905433,-0.411433062905433,2.700587183749867
care,145,49,194,0.0021745953459175894,0.0015249068112504235,0.5120258850009871,-0.5120258850009871,2.699912265583417
difficulties,267,94,361,0.0039979673885426475,0.0029111857305689904,0.4576598192397496,-0.4576598192397496,2.6963688250090994
performing,644,237,881,0.009632485913703687,0.007316472074181325,0.39676000731565364,-0.39676000731565364,2.6909025697574225
unobservable,49,36,85,0.0007398107877863965,0.001124426234558393,-0.6039607766280946,0.6039607766280946,2.6902510524165213
utility,164,56,220,0.0024585631230477217,0.0017405501986999783,0.4982719734923669,-0.4982719734923669,2.689753182518137
synergies,78,25,103,0.001173235289721861,0.0007855580542805213,0.5787025690924441,-0.5787025690924441,2.687720945202679
motivate,193,129,322,0.0028919876249831862,0.003989402667816765,-0.46411136936983066,0.46411136936983066,2.6814741314736508
starting,794,295,1089,0.011874336785783677,0.009103231570191923,0.3833962513432996,-0.3833962513432996,2.681447684846861
saturated,92,30,122,0.0013824747044493266,0.0009395890453159176,0.5571512851257385,-0.5571512851257385,2.6811146978577156
hess,172,59,231,0.0025781285028919874,0.0018329687933212162,0.4921419505299006,-0.4921419505299006,2.680567954115962
contents,172,59,231,0.0025781285028919874,0.0018329687933212162,0.4921419505299006,-0.4921419505299006,2.680567954115962
oscillatory,172,59,231,0.0025781285028919874,0.0018329687933212162,0.4921419505299006,-0.4921419505299006,2.680567954115962
conclusive,117,39,156,0.0017561165164626583,0.001216844829179631,0.5292433605602097,-0.5292433605602097,2.675984521841002
energetic,562,206,768,0.00840694077029996,0.006361479929761868,0.4022184768572668,-0.4022184768572668,2.672778368332539
metric,676,427,1103,0.010110747433080752,0.013169649733526386,-0.3813273236244102,0.3813273236244102,2.6718443383016983
path,496,181,677,0.007420526386584764,0.005591324974584887,0.40833133170493596,-0.40833133170493596,2.661972093665323
rank,78,55,133,0.001173235289721861,0.0017097440004928991,-0.5432879552861661,0.5432879552861661,2.6609373702345356
point,3503,2104,5607,0.05236216353554828,0.06483164412679832,-0.30817345127514484,0.30817345127514484,2.6601376466794395
format,72,51,123,0.0010835612548386615,0.0015865192076645821,-0.5500842749959711,0.5500842749959711,2.6515610902922915
include,3349,1307,4656,0.05006052997354616,0.04027910415575614,0.3136419675816387,-0.3136419675816387,2.6490598101128904
sole,86,28,114,0.0012928006695661271,0.0008779766489017591,0.5582453756442957,-0.5582453756442957,2.64883641840483
cta,133,45,178,0.0019952472761511904,0.0014016820184221065,0.5094084536611704,-0.5094084536611704,2.6424981818972433
incorporated,252,89,341,0.0037737823013346485,0.002757154739533594,0.45283096254721367,-0.45283096254721367,2.6421829623448767
diluted,60,43,103,0.0009042131850722624,0.001340069622007948,-0.5675730964018206,0.5675730964018206,2.6360313235261046
characterizes,97,32,129,0.001457203066851993,0.001001201441730076,0.541469662893469,-0.541469662893469,2.635622238010531
course,225,79,304,0.0033702491443602504,0.0024490927574628016,0.4606078301433383,-0.4606078301433383,2.6348203951665243
consistency,1083,409,1492,0.01619363613265779,0.01261513816579896,0.3602709586249775,-0.3602709586249775,2.633055719821119
unexpected,233,82,315,0.0034898145242045165,0.002541511352084039,0.45746368763615897,-0.45746368763615897,2.6330430581105775
pieces,83,27,110,0.0012479636521245273,0.0008471704506946798,0.5588517411217053,-0.5588517411217053,2.6319291528686533
pertaining,51,37,88,0.000769702132747463,0.0011552324327654725,-0.5858110011403498,0.5858110011403498,2.62949256550777
dominance,150,101,251,0.002249323708320256,0.0031268291180185453,-0.4752090782531613,0.4752090782531613,2.6276348999425223
mysterious,119,40,159,0.0017860078614237247,0.00124765102738671,0.5175239672684366,-0.5175239672684366,2.6265240874366977
contribute,1375,524,1899,0.020557772496973502,0.016157850959613074,0.34744862391125586,-0.34744862391125586,2.6231013155007474
governs,66,21,87,0.000993887219955462,0.0006623332614522042,0.5855248429714046,-0.5855248429714046,2.621591935227441
softer,66,21,87,0.000993887219955462,0.0006623332614522042,0.5855248429714046,-0.5855248429714046,2.621591935227441
collected,910,566,1476,0.013608034793525535,0.017451711284310403,-0.3589097766713644,0.3589097766713644,2.6192403844827044
serve,581,367,948,0.008690908547430092,0.01132127784110163,-0.3814578960781955,0.3814578960781955,2.615049817073693
adjusting,80,26,106,0.0012031266346829276,0.0008163642524876005,0.5595035857237307,-0.5595035857237307,2.6144644883546775
targets,840,315,1155,0.012561837719888206,0.009719355534333509,0.37011497642593094,-0.37011497642593094,2.6103176848752883
behaves,152,102,254,0.0022792150532813223,0.0031576353162256245,-0.4703075048828845,0.4703075048828845,2.606097831821946
proof-of-concept,63,20,83,0.0009490502025138621,0.000631527063245125,0.5876398443263949,-0.5876398443263949,2.60372449391106
periodic,280,100,380,0.00419226113078958,0.003096022919811466,0.4373124316021771,-0.4373124316021771,2.5988600452605564
differently,240,85,325,0.0035944342315682495,0.0026339299467052772,0.448547731056457,-0.448547731056457,2.595699690268589
disappears,124,42,166,0.001860736223826391,0.0013092634238008687,0.507118158102692,-0.507118158102692,2.5954275953337596
era,1086,412,1498,0.016238473150099388,0.012707556760420197,0.3537293122204175,-0.3537293122204175,2.58666451945884
shift,815,306,1121,0.012188195907874875,0.009442099750469795,0.36830496519341577,-0.36830496519341577,2.5865571860026177
stands,82,57,139,0.001233017979643994,0.0017713563969070578,-0.5226606745262466,0.5226606745262466,2.582802161868494
originating,391,250,641,0.005851230776128772,0.007716952650873356,-0.399291133731855,0.399291133731855,2.5812527928900537
arrive,79,55,134,0.0011881809622023942,0.0017097440004928991,-0.5250257488934377,0.5250257488934377,2.575395564077728
puzzling,159,55,214,0.0023838347606450552,0.0017097440004928991,0.4795039095870763,-0.4795039095870763,2.5752419314642405
verified,194,68,262,0.0029069332974637195,0.0021102245771849296,0.4621014241979781,-0.4621014241979781,2.5749003141198514
implementation,773,290,1063,0.011560477663692477,0.008949200579156526,0.3693702902168198,-0.3693702902168198,2.574433602492033
aspect,210,74,284,0.0031460640571522517,0.002295061766427405,0.45501506477654735,-0.45501506477654735,2.571967730508673
event,1632,992,2624,0.02439881032447055,0.03057515172052617,-0.3255488534242141,0.3255488534242141,2.5629927899763
conference,126,85,211,0.0018906275687874576,0.0026339299467052772,-0.4783517780192748,0.4783517780192748,2.5623325686030007
attention,795,494,1289,0.011889282458264209,0.015233665013400696,-0.3576014282557502,0.3576014282557502,2.5612835747898157
essential,951,360,1311,0.014220807365227399,0.011105634453652076,0.3567115592055121,-0.3567115592055121,2.5609421398183434
accomplished,73,51,124,0.0010985069273191947,0.0015865192076645821,-0.5303210201745412,0.5303210201745412,2.5605562668889084
complements,107,36,143,0.0016066597916573257,0.001124426234558393,0.5148754528817561,-0.5148754528817561,2.5588348733569677
operates,107,36,143,0.0016066597916573257,0.001124426234558393,0.5148754528817561,-0.5148754528817561,2.5588348733569677
shed,389,142,531,0.005821339431167706,0.004389883244508795,0.4071685711818781,-0.4071685711818781,2.5556519613732753
exhibited,82,27,109,0.001233017979643994,0.0008471704506946798,0.541469662893469,-0.541469662893469,2.5451675191029897
set,5616,2239,7855,0.08394236948691507,0.06899048088475401,0.28300187097500135,-0.28300187097500135,2.538253077395956
paid,81,56,137,0.0012180723071634608,0.0017405501986999783,-0.5149436460117971,0.5149436460117971,2.5372579774599147
bringing,123,42,165,0.0018457905513458578,0.0013092634238008687,0.4954834576192888,-0.4954834576192888,2.5329053846824814
analogous,323,207,530,0.00483492504745251,0.006392286127968948,-0.40283846206946666,0.40283846206946666,2.527715482489001
easier,112,38,150,0.001681388154059992,0.0011860386309725517,0.5035018126944485,-0.5035018126944485,2.526209492631621
stems,79,26,105,0.0011881809622023942,0.0008163642524876005,0.541469662893469,-0.541469662893469,2.5251107942130853
rescaling,79,26,105,0.0011881809622023942,0.0008163642524876005,0.541469662893469,-0.541469662893469,2.5251107942130853
negligibly,55,39,94,0.000829484822669596,0.001216844829179631,-0.5528577196546841,0.5528577196546841,2.517645993878436
proceeding,55,39,94,0.000829484822669596,0.001216844829179631,-0.5528577196546841,0.5528577196546841,2.517645993878436
geodesics,65,21,86,0.0009789415474749286,0.0006623332614522042,0.5636654090076652,-0.5636654090076652,2.5172779262920884
reconciling,65,21,86,0.0009789415474749286,0.0006623332614522042,0.5636654090076652,-0.5636654090076652,2.5172779262920884
sensors,86,59,145,0.0012928006695661271,0.0018329687933212162,-0.503682373498906,0.503682373498906,2.5101548118069195
transforms,128,44,172,0.001920518913748524,0.0013708758202150273,0.486398280399793,-0.486398280399793,2.5065521699624274
independence,49,35,84,0.0007398107877863965,0.001093620036351314,-0.5638833372527595,0.5638833372527595,2.505137016759925
genuine,171,60,231,0.0025631828304114542,0.0018637749915282956,0.4597086910705306,-0.4597086910705306,2.5039125077336615
notable,195,69,264,0.0029218789699442527,0.0021410307753920088,0.44859088675615766,-0.44859088675615766,2.5030159504989404
accord,83,57,140,0.0012479636521245273,0.0017713563969070578,-0.5052785962980103,0.5052785962980103,2.5005024508261764
strengthen,136,47,183,0.00204008429359279,0.0014632944148362651,0.47940869476121717,-0.47940869476121717,2.500085544818923
squeezed,144,50,194,0.002159649673437056,0.001555713009457503,0.4732213619211967,-0.4732213619211967,2.495296032513405
excess,2219,1330,3549,0.03317192007054357,0.04098764671451896,-0.30522663952481405,0.30522663952481405,2.4951370899299645
describes,751,284,1035,0.011231672869120746,0.008764363389914051,0.3578516137820954,-0.3578516137820954,2.4846075636925846
monte-carlo,63,44,107,0.0009490502025138621,0.0013708758202150273,-0.5305415820219191,0.5305415820219191,2.4840653084727133
left,305,195,500,0.004565902942802911,0.006022611749483996,-0.39948906531630984,0.39948906531630984,2.483466160762062
atomic,944,360,1304,0.014116187657863665,0.011105634453652076,0.34605869931985983,-0.34605869931985983,2.482610685109923
proved,133,46,179,0.0019952472761511904,0.0014324882166291857,0.4780442827518354,-0.4780442827518354,2.4824633331450405
overview,603,375,978,0.009019713342001823,0.011567727426758264,-0.35895197458693756,0.35895197458693756,2.471934131141753
oscillates,57,40,97,0.0008593761676306625,0.00124765102738671,-0.5378527897679365,0.5378527897679365,2.466037549398229
piece,70,23,93,0.0010536699098775948,0.0007239456578663627,0.541469662893469,-0.541469662893469,2.4600562941813955
lives,81,27,108,0.0012180723071634608,0.0008471704506946798,0.5238756028787308,-0.5238756028787308,2.4576827001166497
astrophysical,3398,1348,4746,0.05079286792509229,0.04154215828224639,0.2900497634135057,-0.2900497634135057,2.455349015017702
subject,690,261,951,0.010319986847808217,0.008055820831151228,0.3573376301834224,-0.3573376301834224,2.4508233759912286
routines,48,34,82,0.0007248651153058632,0.0010628138381442347,-0.5521044524187286,0.5521044524187286,2.439661574093183
circumvent,48,34,82,0.0007248651153058632,0.0010628138381442347,-0.5521044524187286,0.5521044524187286,2.439661574093183
parametric,523,196,719,0.007824059543559162,0.006053417947691075,0.370167386844515,-0.370167386844515,2.435424228543387
explored,864,529,1393,0.012920533859421005,0.01631188195064847,-0.3362575581777417,0.3362575581777417,2.4344820545288712
efforts,479,179,658,0.007166449954415699,0.005529712578170728,0.3740541333673922,-0.3740541333673922,2.427881966625672
letter,494,308,802,0.007390635041623698,0.009503712146883954,-0.36279280621799437,0.36279280621799437,2.4264869756540968
sigma,240,154,394,0.0035944342315682495,0.004759557622993746,-0.40506278196201967,0.40506278196201967,2.4218241009639665
makes,1365,530,1895,0.02040831577216817,0.01634268814885555,0.3205118200228343,-0.3205118200228343,2.4190635009844295
challenged,86,29,115,0.0012928006695661271,0.0009087828471088383,0.5084923404471963,-0.5084923404471963,2.4171642018025103
abundance,3702,2178,5880,0.055336352359174404,0.06711130279412218,-0.27832821556664483,0.27832821556664483,2.415744763393685
idea,694,427,1121,0.01037976953773035,0.013169649733526386,-0.3434425636195548,0.3434425636195548,2.4119518194461786
nanohertz,64,21,85,0.0009639958749943953,0.0006623332614522042,0.541469662893469,-0.541469662893469,2.411893928912822
variants,135,89,224,0.002025138621112257,0.002757154739533594,-0.44515957373807213,0.44515957373807213,2.411028946367921
diagrams,560,347,907,0.008377049425338894,0.010705153876960045,-0.3537914426331302,0.3537914426331302,2.4097599748321503
formal,121,42,163,0.0018158992063847914,0.0013092634238008687,0.471928729640392,-0.471928729640392,2.406773484618758
noted,153,54,207,0.0022941607257618555,0.00167893780228582,0.4504176827655657,-0.4504176827655657,2.404121533532035
unsolved,102,35,137,0.0015319314292546592,0.001093620036351314,0.4862401421730768,-0.4862401421730768,2.395828532393656
coexist,53,37,90,0.0007995934777085294,0.0011552324327654725,-0.5308445419224213,0.5308445419224213,2.3945651484133363
enters,78,53,131,0.001173235289721861,0.0016481316040787408,-0.4903390753372072,0.4903390753372072,2.3942285797757386
survive,390,145,535,0.0058362851036482385,0.004482301839130033,0.3808105574060084,-0.3808105574060084,2.393064632691511
acts,236,151,387,0.003534651541646116,0.004667139028372508,-0.4009704479612427,0.4009704479612427,2.3901869813281036
integrals,179,116,295,0.0026827482102557204,0.003588922091124734,-0.4198389486589161,0.4198389486589161,2.3890345307947367
lowers,72,24,96,0.0010835612548386615,0.000754751856073442,0.521706408072039,-0.521706408072039,2.386656032562723
supplement,61,20,81,0.0009191588575527956,0.000631527063245125,0.541469662893469,-0.541469662893469,2.3861047852823365
exhaustive,64,44,108,0.0009639958749943953,0.0013708758202150273,-0.5079990133708309,0.5079990133708309,2.3832000955517416
encode,91,31,122,0.0013675290319687934,0.0009703952435229968,0.49492707695643895,-0.49492707695643895,2.3816803367799757
spots,91,31,122,0.0013675290319687934,0.0009703952435229968,0.49492707695643895,-0.49492707695643895,2.3816803367799757
tracking,260,95,355,0.0038933476811789146,0.0029419919287760696,0.40421789641507255,-0.40421789641507255,2.3747521416092727
boosts,99,34,133,0.0014870944118130596,0.0010628138381442347,0.4846073259377926,-0.4846073259377926,2.373529048325904
unique,1930,760,2690,0.02885262072366946,0.02342811373648378,0.300461563389674,-0.300461563389674,2.3729457197002417
horizontal,231,84,315,0.00345992317924345,0.002603123748498198,0.4104961091503649,-0.4104961091503649,2.362709783949936
linearized,99,66,165,0.0014870944118130596,0.002048612180770771,-0.46215065278522793,0.46215065278522793,2.36250849341909
crucially,154,100,254,0.0023091063982423887,0.003096022919811466,-0.42308150110224135,0.42308150110224135,2.3444060986887543
ambitious,112,39,151,0.001681388154059992,0.001216844829179631,0.4665076052122471,-0.4665076052122471,2.343678470652453
traditionally,165,59,224,0.002473508795528255,0.0018329687933212162,0.43237680567158715,-0.43237680567158715,2.3417961911017455
pushed,85,57,142,0.001277854997085594,0.0017713563969070578,-0.47113037388616447,0.47113037388616447,2.3381468461932937
pivotal,85,29,114,0.001277854997085594,0.0009087828471088383,0.4917166276963696,-0.4917166276963696,2.333162024806935
regard,170,61,231,0.002548237157930921,0.0018945811897353748,0.42762058585724544,-0.42762058585724544,2.329137025882501
delta,93,32,125,0.00139742037692986,0.001001201441730076,0.48103380903149506,-0.48103380903149506,2.326415107250972
thermodynamical,101,35,136,0.001516985756774126,0.001093620036351314,0.47209595985280695,-0.47209595985280695,2.3227031176363306
subsequently,481,297,778,0.007196341299376766,0.00916484396660608,-0.3488467081795335,0.3488467081795335,2.3226252363749835
relies,433,163,596,0.006478949020311169,0.005036813406857459,0.3632485198960654,-0.3632485198960654,2.3218544307381936
chaotic,261,96,357,0.003908293353659448,0.002972798126983149,0.39471726115117395,-0.39471726115117395,2.321147874501218
relating,235,86,321,0.003519705869165583,0.0026647361449123564,0.4014621841483712,-0.4014621841483712,2.318264075951611
bring,235,86,321,0.003519705869165583,0.0026647361449123564,0.4014621841483712,-0.4014621841483712,2.318264075951611
thresholds,243,154,397,0.003639271249009849,0.004759557622993746,-0.3871779036497196,0.3871779036497196,2.3178219377056886
comes,580,221,801,0.008675962874949558,0.006823572902868057,0.34649653048286083,-0.34649653048286083,2.317059931587821
effectively,846,327,1173,0.012651511754771406,0.010089029912818459,0.32652232364314204,-0.32652232364314204,2.307915945476099
avenue,145,94,239,0.0021745953459175894,0.0029111857305689904,-0.42085991914047616,0.42085991914047616,2.306581254115857
forces,583,357,940,0.008720799892391159,0.011013215859030838,-0.3367034237860907,0.3367034237860907,2.305389197567082
excessive,95,63,158,0.0014273117218909265,0.001956193586149533,-0.45474869656410416,0.45474869656410416,2.3050775789679605
outlined,137,89,226,0.0020550299660733237,0.002757154739533594,-0.4240208066799213,0.4240208066799213,2.300291682610718
patch,114,40,154,0.0017112794990210584,0.00124765102738671,0.4558609473846321,-0.4558609473846321,2.299100551862257
isotope,57,39,96,0.0008593761676306625,0.001216844829179631,-0.5017835350604148,0.5017835350604148,2.2955146466731167
silicon,155,100,255,0.0023240520707229224,0.003096022919811466,-0.4137737588760132,0.4137737588760132,2.2944489148367935
optimised,71,24,95,0.0010686155823581283,0.000754751856073442,0.5016686548354943,-0.5016686548354943,2.2897904174144905
smearing,71,24,95,0.0010686155823581283,0.000754751856073442,0.5016686548354943,-0.5016686548354943,2.2897904174144905
boundaries,177,64,241,0.002652856865294654,0.0019869997843566124,0.41695512114110334,-0.41695512114110334,2.2886406945456335
widths,487,185,672,0.007286015334259965,0.0057145497674132035,0.3504901941884826,-0.3504901941884826,2.282302885093125
curved,188,120,308,0.0028172592625805197,0.0037121468839530513,-0.3979614607889845,0.3979614607889845,2.2816488697560087
directed,79,27,106,0.0011881809622023942,0.0008471704506946798,0.4880304039320085,-0.4880304039320085,2.2804825435875804
appropriate,678,412,1090,0.010140638778041817,0.012707556760420197,-0.3255381415420113,0.3255381415420113,2.2770904647532615
instances,60,20,80,0.0009042131850722624,0.000631527063245125,0.5178183948288237,-0.5178183948288237,2.275526607429364
birefringence,89,59,148,0.001337637687007727,0.0018329687933212162,-0.4544948238713741,0.4544948238713741,2.2742676949824943
superior,140,50,190,0.0020998669835149233,0.001555713009457503,0.4327219996414442,-0.4327219996414442,2.2727742604479606
ingredients,256,161,417,0.0038335649912567818,0.004975201010443301,-0.37606817691455796,0.37606817691455796,2.2697524991312497
manifestations,62,42,104,0.0009341045300333288,0.0013092634238008687,-0.4870994893033018,0.4870994893033018,2.266941709799545
named,166,60,226,0.002488454468008788,0.0018637749915282956,0.4170222919689805,-0.4170222919689805,2.2623250901072556
alleviated,124,44,168,0.001860736223826391,0.0013708758202150273,0.4407756632739959,-0.4407756632739959,2.261134508598637
transferred,115,75,190,0.0017262251715015916,0.0023258679646344844,-0.4301485357367085,0.4301485357367085,2.2592577243630805
introduces,425,161,586,0.006359383640466903,0.004975201010443301,0.35413212916435083,-0.35413212916435083,2.257601112921306
carlo,978,382,1360,0.014624340522201797,0.011783370814207819,0.3116192652191027,-0.3116192652191027,2.2486368281656626
self-interacting,174,111,285,0.0026080198478530543,0.003434891100089338,-0.39730951153833965,0.39730951153833965,2.247179343621685
question,905,353,1258,0.013533306431122868,0.01088999106620252,0.3135115883130818,-0.3135115883130818,2.237868614398022
exposure,440,270,710,0.006583568727674902,0.008333076615014942,-0.33997941273408894,0.33997941273408894,2.2325334363016385
waveform,65,22,87,0.0009789415474749286,0.0006931394596592835,0.49807706738008833,-0.49807706738008833,2.230058790228212
tube,65,22,87,0.0009789415474749286,0.0006931394596592835,0.49807706738008833,-0.49807706738008833,2.230058790228212
distinguished,289,180,469,0.004326772183114379,0.005560518776377807,-0.3619283267256214,0.3619283267256214,2.2268482489842802
challenges,812,316,1128,0.012143358890433276,0.009750161732540587,0.31666947554715064,-0.31666947554715064,2.225897472514272
cavities,140,90,230,0.0020998669835149233,0.0027879609377406732,-0.40891240468996637,0.40891240468996637,2.225472113336728
low-temperature,73,25,98,0.0010985069273191947,0.0007855580542805213,0.48375416503718155,-0.48375416503718155,2.2229083663476374
lithium,89,31,120,0.001337637687007727,0.0009703952435229968,0.46304301593665304,-0.46304301593665304,2.220657318033602
specified,191,70,261,0.0028620962800221194,0.002171836973599088,0.3981563916984765,-0.3981563916984765,2.217071955351562
hypotheses,178,65,243,0.002667802537775187,0.002017805982563692,0.4028644246639622,-0.4028644246639622,2.21461351436376
variables,480,293,773,0.007181395626896232,0.009041619173777764,-0.3323169101639888,0.3323169101639888,2.210429812765032
postulated,85,56,141,0.001277854997085594,0.0017405501986999783,-0.4458192853569768,0.4458192853569768,2.209403277172563
monte,984,386,1370,0.014714014557084995,0.011906595607036136,0.30542995414901913,-0.30542995414901913,2.2062108682135255
behaviors,98,64,162,0.0014721487393325264,0.0019869997843566124,-0.43266827379456474,0.43266827379456474,2.203904106523779
overlaps,62,21,83,0.0009341045300333288,0.0006623332614522042,0.4960266921323019,-0.4960266921323019,2.1978034001744837
stat,62,21,83,0.0009341045300333288,0.0006623332614522042,0.4960266921323019,-0.4960266921323019,2.1978034001744837
convenient,149,54,203,0.0022343780358397227,0.00167893780228582,0.41232451159349154,-0.41232451159349154,2.1927912290573985
raising,86,30,116,0.0012928006695661271,0.0009395890453159176,0.46039805224615116,-0.46039805224615116,2.192495604038277
value,5353,2191,7544,0.08001165762453481,0.0675117833708142,0.24507088541783723,-0.24507088541783723,2.1881498013479086
plethora,74,49,123,0.001113452599799728,0.0015249068112504235,-0.45368093744513516,0.45368093744513516,2.186869859433197
demands,95,62,157,0.0014273117218909265,0.001925387387942454,-0.4318482944540255,0.4318482944540255,2.1862730305241165
conflict,242,151,393,0.003624325576529316,0.004667139028372508,-0.3648258842261479,0.3648258842261479,2.180327504930362
cut,221,82,303,0.0033104664544381175,0.002541511352084039,0.3813478364815154,-0.3813478364815154,2.1801761450361536
inclusion,853,334,1187,0.01275613146213514,0.010304673300268014,0.30789210455859023,-0.30789210455859023,2.179884259391756
requirements,533,323,856,0.007973516268364495,0.009965805119990142,-0.3217702789957697,0.3217702789957697,2.173055603247818
multidimensional,91,32,123,0.0013675290319687934,0.001001201441730076,0.4498391874279009,-0.4498391874279009,2.16835154264546
evaporation,291,180,471,0.0043566635280754456,0.005560518776377807,-0.35199579151436167,0.35199579151436167,2.167230691368479
prediction,6455,2656,9111,0.09648178869808247,0.08183666553710607,0.23750929076278637,-0.23750929076278637,2.1654547395805777
altering,112,40,152,0.001681388154059992,0.00124765102738671,0.4304383505047253,-0.4304383505047253,2.1652934012005787
broader,302,114,416,0.004521065925361311,0.0035273096947105757,0.3580947062373256,-0.3580947062373256,2.1604162382994985
temporarily,75,26,101,0.0011283982722802613,0.0008163642524876005,0.4669914469341928,-0.4669914469341928,2.1598227461069257
html,67,23,90,0.0010088328924359952,0.0007239456578663627,0.4787339075455065,-0.4787339075455065,2.1595013979436066
achieve,999,394,1393,0.014938199644292995,0.01215304519269277,0.297688428903482,-0.297688428903482,2.155244158477306
going,370,141,511,0.005537371654037573,0.004359077046301716,0.34517865164626427,-0.34517865164626427,2.1533364826028243
facilitates,76,50,126,0.0011433439447607946,0.001555713009457503,-0.4443164778868301,0.4443164778868301,2.1523521444801466
metrics,192,71,263,0.002877041952502653,0.0022026431718061676,0.38535046097618714,-0.38535046097618714,2.14869455727719
feasible,299,113,412,0.004476228907919712,0.0034965034965034965,0.3563708676701837,-0.3563708676701837,2.146581245069403
clocks,60,40,100,0.0009042131850722624,0.00124765102738671,-0.46447960343771716,0.46447960343771716,2.1436293474797004
entering,179,66,245,0.0026827482102557204,0.002048612180770771,0.3890647604941745,-0.3890647604941745,2.1419304954685505
strongest,612,238,850,0.009154224394326622,0.007347278272388405,0.31722774005673415,-0.31722774005673415,2.140149073038673
leveraging,153,56,209,0.0022941607257618555,0.0017405501986999783,0.3984230451273045,-0.3984230451273045,2.1304108650115956
seek,140,51,191,0.0020998669835149233,0.0015865192076645821,0.4044329552100205,-0.4044329552100205,2.126304390312202
evaporating,65,43,108,0.0009789415474749286,0.001340069622007948,-0.4530133321389651,0.4530133321389651,2.1252431363517017
utilizing,529,205,734,0.007913733578442363,0.006330673731554789,0.3219994524829665,-0.3219994524829665,2.125154687205016
formulae,265,100,365,0.003968076043581581,0.003096022919811466,0.35802352179753805,-0.35802352179753805,2.1132815739038984
revisited,70,46,116,0.0010536699098775948,0.0014324882166291857,-0.44310029653692495,0.44310029653692495,2.1101206826693004
nongravitational,85,30,115,0.001277854997085594,0.0009395890453159176,0.4436223394953245,-0.4436223394953245,2.108798801580632
chosen,548,213,761,0.008197701355572493,0.006577123317211423,0.31776271295501535,-0.31776271295501535,2.1086563805594785
near,3037,1237,4274,0.04539748015961978,0.03812267028126059,0.251963045698484,-0.251963045698484,2.1065469662123215
altogether,98,35,133,0.0014721487393325264,0.001093620036351314,0.4288118621240071,-0.4288118621240071,2.1002518050020247
antiprotons,149,94,243,0.0022343780358397227,0.0029111857305689904,-0.3817335878506548,0.3817335878506548,2.098453749659791
minimum,1143,455,1598,0.017090376481489783,0.014032223283324605,0.28444056878193463,-0.28444056878193463,2.098356109258875
ruling,111,40,151,0.0016664424815794586,0.00124765102738671,0.41755705920799285,-0.41755705920799285,2.0977567760968907
combinations,490,190,680,0.007330852351701565,0.0058685807584486,0.3209693008982295,-0.3209693008982295,2.093863232770851
velocity-dependent,93,60,153,0.00139742037692986,0.0018637749915282956,-0.41546161521464503,0.41546161521464503,2.092660463958376
gases,90,32,122,0.0013525833594882602,0.001001201441730076,0.4339852362270638,-0.4339852362270638,2.088416964234479
backreaction,146,92,238,0.002189541018398123,0.002849573334154832,-0.3801174439217513,0.3801174439217513,2.081699327090841
latent,59,39,98,0.000889267512591729,0.001216844829179631,-0.4524558226968465,0.4524558226968465,2.079088732183256
replaced,118,75,193,0.0017710621889431915,0.0023258679646344844,-0.39315432825450697,0.39315432825450697,2.0710812358665667
lowering,95,34,129,0.0014273117218909265,0.0010628138381442347,0.42541153342989246,-0.42541153342989246,2.070705294591138
comparatively,95,34,129,0.0014273117218909265,0.0010628138381442347,0.42541153342989246,-0.42541153342989246,2.070705294591138
reports,128,81,209,0.001920518913748524,0.00251070515387696,-0.3865964428648867,0.3865964428648867,2.0671727509914213
easy,213,80,293,0.0031909010745938514,0.002479898955669881,0.36368254367818625,-0.36368254367818625,2.0670187469836057
mechanisms,1784,721,2505,0.026670552541511607,0.02222667200640769,0.2629557637301374,-0.2629557637301374,2.058008331974327
sec,82,53,135,0.001233017979643994,0.0016481316040787408,-0.41863760998301836,0.41863760998301836,2.056622100035939
interpretations,239,147,386,0.0035794885590877163,0.004543914235544191,-0.3441821363407104,0.3441821363407104,2.0507833400722317
ams,285,174,459,0.004266989493192246,0.005375681587135332,-0.3332291286744967,0.3332291286744967,2.0431032607964603
planning,105,38,143,0.001576768446696259,0.0011860386309725517,0.4108198101845967,-0.4108198101845967,2.0416977563846967
self,102,65,167,0.0015319314292546592,0.002017805982563692,-0.39743573985969155,0.39743573985969155,2.0364464151685433
explanation,1192,697,1889,0.017822714433035916,0.021487323249437786,-0.269768693651363,0.269768693651363,2.0352246172616772
simultaneous,425,165,590,0.006359383640466903,0.005098425803271619,0.31883507705105785,-0.31883507705105785,2.0347468016353485
highlight,841,334,1175,0.01257678339236874,0.010304673300268014,0.28746422286080103,-0.28746422286080103,2.0323358720610263
positrons,457,178,635,0.006837645159843967,0.005498906379963649,0.314354831314618,-0.314354831314618,2.0292228554811484
gaps,174,65,239,0.0026080198478530543,0.002017805982563692,0.3701673868445148,-0.3701673868445148,2.02875378849184
alongside,151,56,207,0.002264269380800789,0.0017405501986999783,0.379502183230076,-0.379502183230076,2.0256073543203175
just,1164,467,1631,0.017404235603580984,0.014401897661809555,0.27317953160818026,-0.27317953160818026,2.020862395317151
publications,63,22,85,0.0009490502025138621,0.0006931394596592835,0.4533387526148041,-0.4533387526148041,2.0193282469966904
plays,682,404,1086,0.010200421467963952,0.012461107174763562,-0.28880349445044984,0.28880349445044984,2.0190763153218234
upper,2651,1521,4172,0.03962845058213394,0.0468716305720711,-0.24217842320153726,0.24217842320153726,2.0188939017819676
operate,189,71,260,0.002832204935061053,0.0022026431718061676,0.362689863565015,-0.362689863565015,2.0181951473366095
variety,1592,644,2236,0.02380098342524922,0.019854594744462585,0.2615482709543247,-0.2615482709543247,2.0172932950369824
indirectly,191,118,309,0.0028620962800221194,0.003650534487538893,-0.3510355048009894,0.3510355048009894,2.0137405522729797
equipped,138,51,189,0.002069975638553857,0.0015865192076645821,0.3837488010382829,-0.3837488010382829,2.0135391967105956
begin,332,128,460,0.0049694360997773095,0.003958596469609685,0.32809314336698664,-0.32809314336698664,2.0123258434476945
issues,780,460,1240,0.011665097371056211,0.01418625427436,-0.2822953619411138,0.2822953619411138,2.010979787249397
subtle,171,64,235,0.0025631828304114542,0.0019869997843566124,0.36734467292187123,-0.36734467292187123,2.0071095073172502
turn,812,478,1290,0.012143358890433276,0.014740765842087429,-0.2796439495105334,0.2796439495105334,2.0031378184011652
contributing,364,141,505,0.005447697619154374,0.004359077046301716,0.32162392366736753,-0.32162392366736753,2.002603154434977
polynomial,153,57,210,0.0022941607257618555,0.0017713563969070578,0.37311195659811686,-0.37311195659811686,1.996842259616801
stress,294,113,407,0.004401500545517046,0.0034965034965034965,0.3320824987118586,-0.3320824987118586,1.9962366237007076
null,467,279,746,0.0069871018846493,0.008610332398878654,-0.30137475589587814,0.30137475589587814,1.9939150301606208
nowadays,68,24,92,0.0010237785649165284,0.000754751856073442,0.43982940101763146,-0.43982940101763146,1.9935705201264167
radiation-dominated,121,76,197,0.0018158992063847914,0.0023566741628415636,-0.37606817691455796,0.37606817691455796,1.9887489412706565
strict,121,76,197,0.0018158992063847914,0.0023566741628415636,-0.37606817691455796,0.37606817691455796,1.9887489412706565
amplitudes,636,376,1012,0.009512920533859421,0.011598533624965343,-0.2859821885982573,0.2859821885982573,1.979188783354632
equals,60,21,81,0.0009042131850722624,0.0006623332614522042,0.4491056447448096,-0.4491056447448096,1.9790824887519745
equal,812,324,1136,0.012143358890433276,0.009996611318197221,0.28065649697635375,-0.28065649697635375,1.9747407884614734
surfaces,122,45,167,0.0018308448788653246,0.0014016820184221065,0.38535046097618714,-0.38535046097618714,1.974521881488424
reanalysis,73,26,99,0.0010985069273191947,0.0008163642524876005,0.4282590524454782,-0.4282590524454782,1.9722058202014268
capacity,88,56,144,0.0013226920145271936,0.0017405501986999783,-0.39606625015987745,0.39606625015987745,1.9711162714046502
observation,2130,871,3001,0.03184175521977611,0.026847601737469577,0.24612664422484715,-0.24612664422484715,1.9707444116153774
validity,594,235,829,0.008885202289677024,0.007254859677767167,0.29245691230518556,-0.29245691230518556,1.9657274067419495
integrated,1628,939,2567,0.024339027634548416,0.028942423215550968,-0.24991418485183925,0.24991418485183925,1.9620469415433897
nicely,91,33,124,0.0013675290319687934,0.0010320076399371553,0.406117809998583,-0.406117809998583,1.9608642009792843
specifically,1271,514,1785,0.01900342255899804,0.01584978897754228,0.26179564196845084,-0.26179564196845084,1.960256066964097
tell,78,28,106,0.001173235289721861,0.0008779766489017591,0.41823789689919816,-0.41823789689919816,1.9543541042952788
saturates,65,23,88,0.0009789415474749286,0.0007239456578663627,0.43534131203212567,-0.43534131203212567,1.9540888464343071
hint,276,167,443,0.004132478440867447,0.005160038199685777,-0.3203744529381149,0.3203744529381149,1.9529464593959476
neglected,362,141,503,0.005417806274193308,0.004359077046301716,0.3136861042427274,-0.3136861042427274,1.9519357078845572
directional,203,124,327,0.003041444349788519,0.0038353716767813685,-0.33460978562952104,0.33460978562952104,1.9383990416503165
consistently,646,257,903,0.009662377258664754,0.007932596038322911,0.28458509991198644,-0.28458509991198644,1.9371222136110502
categories,129,48,177,0.0019354645862290573,0.0014941006130433443,0.3734026076717391,-0.3734026076717391,1.9348914900695868
hard,658,262,920,0.009841725328431153,0.008086627029358306,0.28337317987534233,-0.28337317987534233,1.9341523145857356
maxwellian,70,25,95,0.0010536699098775948,0.0007855580542805213,0.4236331725996107,-0.4236331725996107,1.9336093052008148
astrophysically,70,25,95,0.0010536699098775948,0.0007855580542805213,0.4236331725996107,-0.4236331725996107,1.9336093052008148
deployed,106,39,145,0.0015917141191767923,0.001216844829179631,0.38743603422104816,-0.38743603422104816,1.9308287856324333
ultra-high,187,71,258,0.0028023135900999865,0.0022026431718061676,0.3473826107771665,-0.3473826107771665,1.9303454397130069
inconsistencies,88,32,120,0.0013226920145271936,0.001001201441730076,0.40174489922685575,-0.40174489922685575,1.9266843894538703
evaluation,270,163,433,0.004042804405984248,0.005036813406857459,-0.3171548794989542,0.3171548794989542,1.9260957074043965
formula,564,224,788,0.008436832115261026,0.006915991497489295,0.2867652982041667,-0.2867652982041667,1.9129442932476788
laboratories,169,64,233,0.002533291485450388,0.0019869997843566124,0.35042136988540284,-0.35042136988540284,1.9116610984084097
connect,244,94,338,0.0036542169214903823,0.0029111857305689904,0.3279553929034739,-0.3279553929034739,1.9106681542716366
straightforward,301,117,418,0.0045061202528807786,0.0036197282893318137,0.316004407507398,-0.316004407507398,1.9079938226561433
interpolating,80,29,109,0.0012031266346829276,0.0009087828471088383,0.4047809909250887,-0.4047809909250887,1.9026651002893777
higher-order,307,184,491,0.004595794287763978,0.005683743569206124,-0.306527243661481,0.306527243661481,1.9000025958607416
happens,216,131,347,0.003235738092035451,0.004051015064230923,-0.3241886123932647,0.3241886123932647,1.8972174013625096
strategy,645,378,1023,0.00964743158618422,0.011660146021379502,-0.2733690425062281,0.2733690425062281,1.8948498106556386
definitively,67,24,91,0.0010088328924359952,0.000754751856073442,0.4186129151079357,-0.4186129151079357,1.8928790977402632
wmap,837,337,1174,0.012517000702446606,0.010397091894889252,0.26770885046661674,-0.26770885046661674,1.89244013545085
ends,221,85,306,0.0033104664544381175,0.0026339299467052772,0.3298175358414333,-0.3298175358414333,1.888814812248272
controls,113,42,155,0.0016963338265405252,0.0013092634238008687,0.3736647133255261,-0.3736647133255261,1.8869529972840842
attempts,305,119,424,0.004565902942802911,0.003681340685745972,0.3106689240102937,-0.3106689240102937,1.8801960301241014
facilitating,72,26,98,0.0010835612548386615,0.0008163642524876005,0.40849579762404836,-0.40849579762404836,1.8770871483588267
stand,72,26,98,0.0010835612548386615,0.0008163642524876005,0.40849579762404836,-0.40849579762404836,1.8770871483588267
explain,3460,1952,5412,0.051719499618885355,0.06014910199932226,-0.21783488145288982,0.21783488145288982,1.8726303555113228
model-dependent,123,76,199,0.0018457905513458578,0.0023566741628415636,-0.3525134489356613,0.3525134489356613,1.8677281284375586
water,203,78,281,0.003041444349788519,0.0024182865592557224,0.3307713975469329,-0.3307713975469329,1.8661814866841226
portion,265,159,424,0.003968076043581581,0.004913588614029143,-0.3083374007884029,0.3083374007884029,1.8660854436858
sort,77,28,105,0.0011582896172413278,0.0008779766489017591,0.3997415532818087,-0.3997415532818087,1.8641703871154685
mysteries,71,45,116,0.0010686155823581283,0.0014016820184221065,-0.3914161412479939,0.3914161412479939,1.8639917455103134
require,1642,674,2316,0.02454826704927588,0.020778780690674965,0.240510184433737,-0.240510184433737,1.863479769409086
inputs,152,93,245,0.0022792150532813223,0.0028803795323619113,-0.33772186526507525,0.33772186526507525,1.8592708352177192
yield,1467,601,2068,0.02193277436518256,0.01852992822155818,0.2432310229936508,-0.2432310229936508,1.8570252438211265
interpretation,1424,583,2007,0.021290110448519632,0.01797541665383075,0.24415822278881597,-0.24415822278881597,1.8567975209314405
values,5291,2222,7513,0.07908502593074175,0.06846677551523367,0.20800048923879777,-0.20800048923879777,1.856305197258868
trapped,200,121,321,0.0029966073323469187,0.0037429530821601305,-0.3208469149785478,0.3208469149785478,1.8527470487725286
deviation,918,372,1290,0.0137276001733698,0.011475308832137026,0.2585464579341385,-0.2585464579341385,1.8520128492250136
producing,918,372,1290,0.0137276001733698,0.011475308832137026,0.2585464579341385,-0.2585464579341385,1.8520128492250136
room,103,64,167,0.0015468771017351926,0.0019869997843566124,-0.3612331357516158,0.3612331357516158,1.850945575758167
describing,824,333,1157,0.012322706960199674,0.010273867102060935,0.2623398944251949,-0.2623398944251949,1.8506635785424477
concluding,64,23,87,0.0009639958749943953,0.0007239456578663627,0.41314556591792967,-0.41314556591792967,1.8497918520227792
opened,120,45,165,0.001800953533904258,0.0014016820184221065,0.36160185820357815,-0.36160185820357815,1.848504283383726
shielding,98,61,159,0.0014721487393325264,0.0018945811897353748,-0.36395552371055073,0.36395552371055073,1.847137543845501
original,799,323,1122,0.011949065148186343,0.009965805119990142,0.26183948366013743,-0.26183948366013743,1.8390974180619806
simplifying,92,34,126,0.0013824747044493266,0.0010628138381442347,0.3793641659104558,-0.3793641659104558,1.8377109935685645
devices,83,52,135,0.0012479636521245273,0.0016173254058716613,-0.37403406301975767,0.37403406301975767,1.837500267125719
living,83,52,135,0.0012479636521245273,0.0016173254058716613,-0.37403406301975767,0.37403406301975767,1.837500267125719
meeting,107,40,147,0.0016066597916573257,0.00124765102738671,0.3648500088771486,-0.3648500088771486,1.8232329424438332
isocurvature,355,210,565,0.005313186566829575,0.006484704722590185,-0.28746351127466785,0.28746351127466785,1.8221145102651035
closed,315,187,502,0.004715359667608244,0.005776162163827362,-0.2927434282283813,0.2927434282283813,1.8210368919987672
extraction,271,106,377,0.00405775007846478,0.0032808601090539417,0.30660592975083617,-0.30660592975083617,1.8196737528207847
kinematically,464,185,649,0.0069422648672077,0.0057145497674132035,0.2807665719341623,-0.2807665719341623,1.8185173268408474
invoking,214,83,297,0.0032058467470743846,0.0025723175502911184,0.31763670719780634,-0.31763670719780634,1.809606015651647
task,305,120,425,0.004565902942802911,0.0037121468839530513,0.2986463957610809,-0.2986463957610809,1.8081364891174223
nss,61,22,83,0.0009191588575527956,0.0006931394596592835,0.4071685711818781,-0.4071685711818781,1.804089345153695
evaluated,410,241,651,0.006135198553258904,0.007439696867009642,-0.27813380488565553,0.27813380488565553,1.802319449837261
fermi,1007,411,1418,0.01505776502413726,0.012676750562213117,0.24832266516601678,-0.24832266516601678,1.8022533133882428
ambiguity,65,41,106,0.0009789415474749286,0.0012784572255937895,-0.38510926763716186,0.38510926763716186,1.7995496902334371
ultrahigh-energy,55,35,90,0.000829484822669596,0.001093620036351314,-0.39882409098226324,0.39882409098226324,1.7990394422352831
one-and,60,38,98,0.0009042131850722624,0.0011860386309725517,-0.3914161412479939,0.3914161412479939,1.7986040803117411
doing,164,63,227,0.0024585631230477217,0.001956193586149533,0.32976624913538877,-0.32976624913538877,1.7904149433199241
numerically,760,439,1199,0.011366183921445545,0.013539324112011336,-0.25240775524659453,0.25240775524659453,1.7895903786441212
precise,1465,604,2069,0.021902883020221496,0.018622346816179414,0.23408588561273097,-0.23408588561273097,1.7873168721373616
explains,488,285,773,0.007300961006740499,0.00879516958812113,-0.2686250212221447,0.2686250212221447,1.7867786357036615
acting,309,122,431,0.004625685632725044,0.0037737592803672097,0.29366482238400704,-0.29366482238400704,1.7820831225222702
uncover,196,76,272,0.002936824642424786,0.0023566741628415636,0.31750482173826755,-0.31750482173826755,1.7810343423760404
cast,99,61,160,0.0014870944118130596,0.0018945811897353748,-0.34938272262327813,0.34938272262327813,1.7753548917880815
angle,1281,730,2011,0.019152879283803374,0.022503927790271404,-0.2326155373396081,0.2326155373396081,1.7694795327100072
pulses,81,30,111,0.0012180723071634608,0.0009395890453159176,0.3744979788405041,-0.3744979788405041,1.7670682904612127
two-and,81,30,111,0.0012180723071634608,0.0009395890453159176,0.3744979788405041,-0.3744979788405041,1.7670682904612127
yielding,476,191,667,0.007121612936974099,0.0058993869566556795,0.2716389841572976,-0.2716389841572976,1.7668182321258188
ranges,920,376,1296,0.013757491518330868,0.011598533624965343,0.24627501885029116,-0.24627501885029116,1.7652523419828223
justified,62,39,101,0.0009341045300333288,0.001216844829179631,-0.3814893013427031,0.3814893013427031,1.7643776472688124
variational,62,39,101,0.0009341045300333288,0.001216844829179631,-0.3814893013427031,0.3814893013427031,1.7643776472688124
comprised,156,60,216,0.0023389977432034556,0.0018637749915282956,0.32766277183033665,-0.32766277183033665,1.7627920790237597
scrutiny,52,33,85,0.0007846478052279962,0.0010320076399371553,-0.3953365106193368,0.3953365106193368,1.7609661171875388
spins,244,145,389,0.0036542169214903823,0.004482301839130033,-0.2946775257837374,0.2946775257837374,1.7580893595476828
conclusively,106,40,146,0.0015917141191767923,0.00124765102738671,0.3513667795135264,-0.3513667795135264,1.7534722263958014
radiative,1866,1054,2920,0.027896097684915334,0.03248513600936508,-0.21971642431830865,0.21971642431830865,1.7532670429602988
transparent,111,42,153,0.0016664424815794586,0.0013092634238008687,0.34801612595491577,-0.34801612595491577,1.7529407313105225
newton,286,113,399,0.004281935165672779,0.0034965034965034965,0.2923500036383027,-0.2923500036383027,1.7516046821457802
computing,576,233,809,0.008616180185027425,0.0071932472813530084,0.26040522011442263,-0.26040522011442263,1.7439426773774176
relying,249,98,347,0.003728945283893049,0.0030344105233973077,0.2973513480531972,-0.2973513480531972,1.7401602964412035
approximate,739,425,1164,0.011052324799354347,0.013108037337112226,-0.24610182241458206,0.24610182241458206,1.7375961007876366
excitation,257,152,409,0.003848510663737315,0.004697945226579588,-0.2877296482073551,0.2877296482073551,1.731026783120168
takes,812,332,1144,0.012143358890433276,0.010243060903853855,0.24552063458694023,-0.24552063458694023,1.729241092070758
originally,312,124,436,0.004670522650166644,0.0038353716767813685,0.2842176096536813,-0.2842176096536813,1.7280240795641377
state,4237,2355,6592,0.0633322871362597,0.07256399987677521,-0.19631280158453981,0.19631280158453981,1.7263284000241264
helps,251,99,350,0.0037588366288541153,0.003065216721604387,0.29429713143419106,-0.29429713143419106,1.7248125735150301
coordinate,202,79,281,0.0030264986773079856,0.0024490927574628016,0.30540230465994467,-0.30540230465994467,1.723051422141738
opposite,469,189,658,0.007016993229610366,0.00583777456024152,0.2654344716549957,-0.2654344716549957,1.7228617720393191
mathematical,153,92,245,0.0022941607257618555,0.002849573334154832,-0.3127794529738201,0.3127794529738201,1.721954586248445
historical,118,45,163,0.0017710621889431915,0.0014016820184221065,0.3374557708718756,-0.3374557708718756,1.7209793567450136
hinted,49,31,80,0.0007398107877863965,0.0009703952435229968,-0.3914161412479939,0.3914161412479939,1.720058331032395
exploiting,331,194,525,0.004954490427296776,0.005991805551276917,-0.2742541227012913,0.2742541227012913,1.718284687558717
implements,71,44,115,0.0010686155823581283,0.0013708758202150273,-0.3593549320156954,0.3593549320156954,1.7082260799555042
placed,386,225,611,0.005776502413726106,0.006946797695696374,-0.2661518571582207,0.2661518571582207,1.707825213877764
fifth,256,151,407,0.0038335649912567818,0.004667139028372508,-0.28385180569358387,0.28385180569358387,1.706309041961189
bose-einstein,162,97,259,0.002428671778086655,0.0030036043251902285,-0.30652724366148115,0.30652724366148115,1.704500413234219
geometric,388,226,614,0.005806393758687172,0.006977603893903454,-0.26508928946621224,0.26508928946621224,1.7023032841932362
radiating,60,22,82,0.0009042131850722624,0.0006931394596592835,0.38351730311723276,-0.38351730311723276,1.694701832807065
conflicting,78,48,126,0.001173235289721861,0.0014941006130433443,-0.34878493112318787,0.34878493112318787,1.6895794592982958
answers,65,24,89,0.0009789415474749286,0.000754751856073442,0.37522031959455493,-0.37522031959455493,1.688420022615991
stopped,56,35,91,0.0008444304951501293,0.001093620036351314,-0.37306099491718153,0.37306099491718153,1.6869029453590616
permit,152,59,211,0.0022792150532813223,0.0018329687933212162,0.314354831314618,-0.314354831314618,1.6838687747967185
eliminates,85,32,117,0.001277854997085594,0.001001201441730076,0.35199186402975624,-0.35199186402975624,1.679242173663767
subdominant,250,147,397,0.003743890956373582,0.004543914235544191,-0.27939718888168225,0.27939718888168225,1.6725978616515815
formulations,68,42,110,0.0010237785649165284,0.0013092634238008687,-0.3548516910048621,0.3548516910048621,1.6711847557741502
examine,2646,1115,3761,0.039553722219731274,0.03436431409999692,0.20290230256304753,-0.20290230256304753,1.6704350057254316
gws,225,89,314,0.0033702491443602504,0.002757154739533594,0.2896750081634374,-0.2896750081634374,1.6663765261125818
protons,425,246,671,0.006359383640466903,0.0075937278580450384,-0.255921352519636,0.255921352519636,1.6661141197589253
mind,80,49,129,0.0012031266346829276,0.0015249068112504235,-0.3419325797926797,0.3419325797926797,1.6643686118740209
relate,300,120,420,0.004491174580400245,0.0037121468839530513,0.2748390066535365,-0.2748390066535365,1.66075120558131
negative,1239,515,1754,0.01852516103962098,0.01588059517574936,0.22222110089092692,-0.22222110089092692,1.6600414313816636
sufficiently,1029,583,1612,0.015386569818708992,0.01797541665383075,-0.22435356890278116,0.22435356890278116,1.6570420487618447
puts,118,71,189,0.0017710621889431915,0.0022026431718061676,-0.3146209257078175,0.3146209257078175,1.6508235707943344
principle,1140,644,1784,0.017045539464048184,0.019854594744462585,-0.2200786548772008,0.2200786548772008,1.6477671154545221
supposed,139,54,193,0.00208492131103439,0.00167893780228582,0.312444149224574,-0.312444149224574,1.645911460744272
valley,139,54,193,0.00208492131103439,0.00167893780228582,0.312444149224574,-0.312444149224574,1.645911460744272
exists,692,395,1087,0.010349878192769283,0.01218385139089985,-0.23535646136392843,0.23535646136392843,1.6456350726719693
demanding,106,64,170,0.0015917141191767923,0.0019869997843566124,-0.320010473025103,0.320010473025103,1.6453861868523496
emergence,235,138,373,0.003519705869165583,0.004266658451680478,-0.2776517542640923,0.2776517542640923,1.6448800148613638
suitable,737,420,1157,0.01102243345439328,0.012954006346076831,-0.2329555889462655,0.2329555889462655,1.6433734748021405
naively,70,43,113,0.0010536699098775948,0.001340069622007948,-0.34688498127762185,0.34688498127762185,1.6429161100984262
concept,570,233,803,0.008526506150144227,0.0071932472813530084,0.24531149875133285,-0.24531149875133285,1.641035622768113
overwhelming,62,23,85,0.0009341045300333288,0.0007239456578663627,0.3677025951567627,-0.3677025951567627,1.637875060561924
stay,62,23,85,0.0009341045300333288,0.0007239456578663627,0.3677025951567627,-0.3677025951567627,1.637875060561924
ending,72,27,99,0.0010835612548386615,0.0008471704506946798,0.3550565386625877,-0.3550565386625877,1.6350957861890771
solid,212,84,296,0.003175955402113318,0.002603123748498198,0.2869467569151926,-0.2869467569151926,1.633797971973238
start,450,183,633,0.006733025452480234,0.005652937370999045,0.25225420514263863,-0.25225420514263863,1.627556480542955
exploits,119,46,165,0.0017860078614237247,0.0014324882166291857,0.31821515904503006,-0.31821515904503006,1.626712007108129
instance,315,183,498,0.004715359667608244,0.005652937370999045,-0.2616328956883508,0.2616328956883508,1.6254221226025694
purposes,114,44,158,0.0017112794990210584,0.0013708758202150273,0.3199775193028589,-0.3199775193028589,1.6219353922102666
devoted,169,100,269,0.002533291485450388,0.003096022919811466,-0.2894030658702719,0.2894030658702719,1.6202004789695834
occur,984,556,1540,0.014714014557084995,0.017143649302239612,-0.2204833192680931,0.2204833192680931,1.6183887574993387
proceeds,197,78,275,0.002951770314905319,0.0024182865592557224,0.2875952563451509,-0.2875952563451509,1.6164006277384315
dimensionality,72,44,116,0.0010835612548386615,0.0013708758202150273,-0.3393171787791504,0.3393171787791504,1.6158874244111805
utilized,136,81,217,0.00204008429359279,0.00251070515387696,-0.2994638511389124,0.2994638511389124,1.6124616279412805
pattern,1062,442,1504,0.01587977701056659,0.013631742706632574,0.22022064311437958,-0.22022064311437958,1.6112549449565765
deals,55,34,89,0.000829484822669596,0.0010628138381442347,-0.3576014282557504,0.3576014282557504,1.6091383649891402
deeply,99,38,137,0.0014870944118130596,0.0011860386309725517,0.32634524202106036,-0.32634524202106036,1.6079857963817896
cos,99,38,137,0.0014870944118130596,0.0011860386309725517,0.32634524202106036,-0.32634524202106036,1.6079857963817896
distinguishing,327,132,459,0.004894707737374643,0.004081821262438002,0.26200970914656396,-0.26200970914656396,1.6064408692211862
dampe,67,41,108,0.0010088328924359952,0.0012784572255937895,-0.341716672123781,0.341716672123781,1.6031117860902906
reported,1821,767,2588,0.027223542423291336,0.023643757123933334,0.20339550165755324,-0.20339550165755324,1.5984907350868096
bang,1019,574,1593,0.015237113093903661,0.017698160869967037,-0.2160098604572037,0.2160098604572037,1.5928571126493887
monopole,240,140,380,0.0035944342315682495,0.004328270848094637,-0.2680260742785713,0.2680260742785713,1.5928251867403562
photomultiplier,64,24,88,0.0009639958749943953,0.000754751856073442,0.3530245734803588,-0.3530245734803588,1.5845989399331148
yang,59,22,81,0.000889267512591729,0.0006931394596592835,0.35947182915058173,-0.35947182915058173,1.5840914283671559
negatively,59,22,81,0.000889267512591729,0.0006931394596592835,0.35947182915058173,-0.35947182915058173,1.5840914283671559
entropy,819,463,1282,0.012247978597797008,0.014278672868981239,-0.2213182273537591,0.2213182273537591,1.5839648958649368
encountered,100,60,160,0.0015020400842935928,0.0018637749915282956,-0.3113043839233532,0.3113043839233532,1.581863455306926
analytically,595,245,840,0.008900147962157557,0.00756292165983796,0.23488564572173362,-0.23488564572173362,1.5818589107249479
disfavor,69,42,111,0.0010387242373970616,0.0013092634238008687,-0.3339427012418815,0.3339427012418815,1.5757082588870528
intriguingly,88,53,141,0.0013226920145271936,0.0016481316040787408,-0.3173542741458368,0.3173542741458368,1.5727528986573462
calculate,2506,1386,3892,0.03746132807245662,0.0427127938141154,-0.18926622008482166,0.18926622008482166,1.5646516049278323
exclusively,179,105,284,0.0026827482102557204,0.0032500539108468625,-0.27675199271182105,0.27675199271182105,1.564337644421357
lot,91,35,126,0.0013675290319687934,0.001093620036351314,0.3224598809516731,-0.3224598809516731,1.5620559912070695
open,1340,563,1903,0.020034673960154837,0.017359292689689165,0.20679086598265298,-0.20679086598265298,1.5616251086642763
followed,822,342,1164,0.012292815615238607,0.010551122885924647,0.2204188529470276,-0.2204188529470276,1.5562621018532738
counter,86,33,119,0.0012928006695661271,0.0010320076399371553,0.3250461993512651,-0.3250461993512651,1.5561559954168684
microphysics,81,31,112,0.0012180723071634608,0.0009703952435229968,0.32795539290347414,-0.32795539290347414,1.5503723294929033
infrastructure,81,31,112,0.0012180723071634608,0.0009703952435229968,0.32795539290347414,-0.32795539290347414,1.5503723294929033
building,634,359,993,0.009483029188898354,0.011074828255444995,-0.22386444442587913,0.22386444442587913,1.5450535653415929
cosine,59,36,95,0.000889267512591729,0.001124426234558393,-0.3384996333997607,0.3384996333997607,1.5450301895207232
connects,118,70,188,0.0017710621889431915,0.002171836973599088,-0.2943009413282214,0.2943009413282214,1.5426510807364473
confined,339,138,477,0.005074055807141042,0.004266658451680478,0.2500327603678563,-0.2500327603678563,1.542604801839991
sensor,78,47,125,0.001173235289721861,0.0014632944148362651,-0.3187276972670081,0.3187276972670081,1.5414569955367394
causal,120,71,191,0.001800953533904258,0.0022026431718061676,-0.2904748383761152,0.2904748383761152,1.5271701184529436
connecting,269,109,378,0.004027858733503714,0.0033732787036751793,0.25586156532364496,-0.25586156532364496,1.5191873075982043
providing,1659,703,2362,0.024802343481444947,0.02167216043868026,0.19463346301408008,-0.19463346301408008,1.5118518743692984
precisely,434,247,681,0.0064938946927917025,0.007624534056252118,-0.23156518598025888,0.23156518598025888,1.5109697062452263
cryogenic,152,89,241,0.0022792150532813223,0.002757154739533594,-0.274643182641695,0.274643182641695,1.507499326433741
installed,151,60,211,0.002264269380800789,0.0018637749915282956,0.2808179083706691,-0.2808179083706691,1.5042253536604289
high-frequency,100,39,139,0.0015020400842935928,0.001216844829179631,0.3037781051741385,-0.3037781051741385,1.5011627715883937
sun,835,468,1303,0.012487109357485541,0.014432703860016636,-0.20890205742568604,0.20890205742568604,1.4984945133143923
modify,404,230,634,0.006045524518375704,0.00710082868673177,-0.23211988582704757,0.23211988582704757,1.4980146979135516
formalism,1446,612,2058,0.021618915243091362,0.01886879640183605,0.19629173621197946,-0.19629173621197946,1.4977011787877101
traveling,56,34,90,0.0008444304951501293,0.0010628138381442347,-0.33183833219066844,0.33183833219066844,1.496876095388973
usage,82,49,131,0.001233017979643994,0.0015249068112504235,-0.306527243661481,0.306527243661481,1.4967118146753802
deposition,129,51,180,0.0019354645862290573,0.0015865192076645821,0.2868149226756482,-0.2868149226756482,1.4910065240520944
possible,7854,4251,12105,0.1173907844983485,0.1309725516773975,-0.15794533604272848,0.15794533604272848,1.4849162024642393
repulsive,126,74,200,0.0018906275687874576,0.002295061766427405,-0.27966778359553846,0.27966778359553846,1.4831635293682226
brans-dicke,63,24,87,0.0009490502025138621,0.000754751856073442,0.3304820048292706,-0.3304820048292706,1.4796792467446578
standing,51,31,82,0.000769702132747463,0.0009703952435229968,-0.3342722341443851,0.3342722341443851,1.4770957222961016
offers,811,340,1151,0.012128413217952742,0.01048951048951049,0.20944345870821307,-0.20944345870821307,1.476420315268238
fluxes,1044,440,1484,0.015610754905916992,0.013570130310218417,0.20210573031900747,-0.20210573031900747,1.4760125168491167
looks,80,31,111,0.0012031266346829276,0.0009703952435229968,0.3101441167870134,-0.3101441167870134,1.4634146649983366
elusive,241,98,339,0.0036093799040487827,0.0030344105233973077,0.25033472155170955,-0.25033472155170955,1.4591874781245089
keeps,72,43,115,0.0010835612548386615,0.001340069622007948,-0.30652724366148076,0.30652724366148076,1.4571048987760855
long-standing,187,108,295,0.0028023135900999865,0.0033424725054681,-0.2542972848889232,0.2542972848889232,1.4470429592766232
ultrahigh,102,60,162,0.0015319314292546592,0.0018637749915282956,-0.28287597559683575,0.28287597559683575,1.440899557499791
performed,2088,894,2982,0.031214036975593717,0.0275561442962324,0.1798209182831974,-0.1798209182831974,1.4386904848458473
say,67,40,107,0.0010088328924359952,0.00124765102738671,-0.30652724366148076,0.30652724366148076,1.4352007795117336
thanks,537,224,761,0.008033298958286628,0.006915991497489295,0.21605647190798852,-0.21605647190798852,1.4337392005916252
well-known,574,240,814,0.00858628884006636,0.007408890668802563,0.21277716104838434,-0.21277716104838434,1.4262853367086668
facts,82,32,114,0.001233017979643994,0.001001201441730076,0.3004615633896742,-0.3004615633896742,1.4256697254659165
cubic,209,120,329,0.003131118384671718,0.0037121468839530513,-0.24557574035829732,0.24557574035829732,1.4241164720255073
partially,501,209,710,0.007495254748987431,0.006453898524383106,0.21580661908514207,-0.21580661908514207,1.4171313757154522
appearance,395,223,618,0.005911013466050905,0.006885185299282216,-0.22008997453821305,0.22008997453821305,1.4147615257941057
explained,1631,697,2328,0.024383864651990016,0.021487323249437786,0.18244102754762725,-0.18244102754762725,1.4145007293740748
generalizing,76,45,121,0.0011433439447607946,0.0014016820184221065,-0.2938996353337316,0.2938996353337316,1.4119000331826763
timely,62,37,99,0.0009341045300333288,0.0011552324327654725,-0.30652724366148115,0.30652724366148115,1.4116101237029604
universally,62,37,99,0.0009341045300333288,0.0011552324327654725,-0.30652724366148115,0.30652724366148115,1.4116101237029604
impossible,185,75,260,0.00277242224513892,0.0023258679646344844,0.25337779946803735,-0.25337779946803735,1.409925935902411
elements,1146,487,1633,0.017135213498931386,0.015018021625951141,0.19026939311613342,-0.19026939311613342,1.4077625744201308
obtain,3764,1630,5394,0.056262984052967466,0.05022950617664274,0.16365098029311745,-0.16365098029311745,1.4062901660664793
improved,1687,722,2409,0.02522082231089988,0.022257478204614767,0.18032517160982744,-0.18032517160982744,1.4042610003171394
safely,89,35,124,0.001337637687007727,0.001093620036351314,0.29057581993188736,-0.29057581993188736,1.4029912231050117
trying,72,28,100,0.0010835612548386615,0.0008779766489017591,0.3035262380225056,-0.3035262380225056,1.4008101684973093
appreciable,149,60,209,0.0022343780358397227,0.0018637749915282956,0.2616455990958233,-0.2616455990958233,1.3990471533043605
offering,253,144,397,0.0037887279738151817,0.004451495640922953,-0.23257658332502532,0.23257658332502532,1.3923085536283009
incorporation,50,30,80,0.0007547564602669297,0.0009395890453159176,-0.31601869263877874,0.31601869263877874,1.3887280767271706
spectacular,101,59,160,0.001516985756774126,0.0018329687933212162,-0.2729746839504543,0.2729746839504543,1.3870947505560929
simplify,57,34,91,0.0008593761676306625,0.0010628138381442347,-0.30652724366148115,0.30652724366148115,1.3860513889428134
foundations,64,38,102,0.0009639958749943953,0.0011860386309725517,-0.29905212309933454,0.29905212309933454,1.3860255439201032
trajectory,158,64,222,0.002368889088164522,0.0019869997843566124,0.2536189368884662,-0.2536189368884662,1.37136115625104
expands,127,51,178,0.0019055732412679909,0.0015865192076645821,0.26436007184795246,-0.26436007184795246,1.3713376843351108
modifying,178,102,280,0.002667802537775187,0.0031576353162256245,-0.24319267330403335,0.24319267330403335,1.3712065450715525
configurations,728,404,1132,0.01088792240206848,0.012461107174763562,-0.19470356819315213,0.19470356819315213,1.3692770373838825
played,283,117,400,0.00423709814823118,0.0036197282893318137,0.22719514054954187,-0.22719514054954187,1.3617989089254487
alter,372,155,527,0.00556726299899864,0.004790363821200826,0.216833007391234,-0.216833007391234,1.3593470008212374
incorporate,456,191,647,0.006822699487363434,0.0058993869566556795,0.20977763023157786,-0.20977763023157786,1.3580774486590395
ensure,274,155,429,0.0041025870959063805,0.004790363821200826,-0.22360126895309104,0.22360126895309104,1.3558700673215331
tensor-to-scalar,265,150,415,0.003968076043581581,0.004636332830165429,-0.22454446378323553,0.22454446378323553,1.3541569880108275
emphasizing,130,75,205,0.0019504102587095907,0.0023258679646344844,-0.25399158058288146,0.25399158058288146,1.3532356892607327
tuned,182,104,286,0.0027275852276973205,0.0032192477126397833,-0.2390993161411903,0.2390993161411903,1.3531783275013538
facility,374,156,530,0.005597154343959706,0.004821170019407905,0.2153102236984456,-0.2153102236984456,1.3510204144481126
encompasses,75,44,119,0.0011283982722802613,0.0013708758202150273,-0.2808215294690059,0.2808215294690059,1.3444307535282907
folds,91,53,144,0.0013675290319687934,0.0016481316040787408,-0.2692599859447917,0.2692599859447917,1.3400352575351344
rigorously,81,32,113,0.0012180723071634608,0.001001201441730076,0.28286750337493605,-0.28286750337493605,1.339716630585597
benefit,155,63,218,0.0023240520707229224,0.001956193586149533,0.24859324553074974,-0.24859324553074974,1.3396868317130957
phi,68,40,108,0.0010237785649165284,0.00124765102738671,-0.285310757751785,0.285310757751785,1.3384920191560288
regarded,168,96,264,0.0025183458129698546,0.002972798126983149,-0.23934509391390907,0.23934509391390907,1.3354809592149117
consequently,670,284,954,0.010021073398197551,0.008764363389914051,0.19331584177020456,-0.19331584177020456,1.3264775037691912
pulse,102,59,161,0.0015319314292546592,0.0018329687933212162,-0.25883050163018456,0.25883050163018456,1.3168251115400864
paves,70,41,111,0.0010536699098775948,0.0012784572255937895,-0.27898091677581854,0.27898091677581854,1.3163711409195704
revise,59,23,82,0.000889267512591729,0.0007239456578663627,0.29673607380261907,-0.29673607380261907,1.3112294127171416
putting,71,28,99,0.0010686155823581283,0.0008779766489017591,0.2834884847859606,-0.2834884847859606,1.3055127182072446
maintains,83,33,116,0.0012479636521245273,0.0010320076399371553,0.27412226418859276,-0.27412226418859276,1.305417901466661
consequent,79,46,125,0.0011881809622023942,0.0014324882166291857,-0.2697686936513632,0.2697686936513632,1.3046774521680238
summary,483,204,687,0.007226232644337832,0.0062998675333477095,0.19792220870740534,-0.19792220870740534,1.2931819180315587
scintillation,142,81,223,0.0021297583284759897,0.00251070515387696,-0.2374028830066608,0.2374028830066608,1.2847403745219996
profound,161,66,227,0.0024137261056061217,0.002048612180770771,0.2366150813650479,-0.2366150813650479,1.2846650577540224
needed,1470,635,2105,0.021977611382624163,0.01957733896059887,0.16684991605441815,-0.16684991605441815,1.2768266064285798
outstanding,196,81,277,0.002936824642424786,0.00251070515387696,0.22616451019984182,-0.22616451019984182,1.2727681727681313
kind,495,274,769,0.007405580714104231,0.008456301407843259,-0.19141392964639772,0.19141392964639772,1.2722117264115484
multifield,51,30,81,0.000769702132747463,0.0009395890453159176,-0.2877296482073551,0.2877296482073551,1.2679437787639243
pdfs,73,29,102,0.0010985069273191947,0.0009087828471088383,0.2735364576468359,-0.2735364576468359,1.2677673495934383
category,73,29,102,0.0010985069273191947,0.0009087828471088383,0.2735364576468359,-0.2735364576468359,1.2677673495934383
vainshtein,61,24,85,0.0009191588575527956,0.000754751856073442,0.2843118233963445,-0.2843118233963445,1.2664236018384116
roll,101,58,159,0.001516985756774126,0.001802162595114137,-0.24852164022591547,0.24852164022591547,1.261290520993528
try,184,76,260,0.002757476572658387,0.0023566741628415636,0.2265963255400572,-0.2265963255400572,1.2608998776919849
products,649,357,1006,0.009707214276106354,0.011013215859030838,-0.18210655404555798,0.18210655404555798,1.2592178150253424
integrating,210,118,328,0.0031460640571522517,0.003650534487538893,-0.21455966365955007,0.21455966365955007,1.2436002015555465
ways,676,371,1047,0.010110747433080752,0.011444502633929947,-0.17876511438974627,0.17876511438974627,1.2432468122198248
black,139,57,196,0.00208492131103439,0.0017713563969070578,0.23513842305712532,-0.23513842305712532,1.242284193464975
dimensionless,307,129,436,0.004595794287763978,0.003989402667816765,0.20414147471236116,-0.20414147471236116,1.2411665285994515
non-local,96,55,151,0.0014422573943714597,0.0017097440004928991,-0.24545166690971273,0.24545166690971273,1.2331198481969543
depending,1721,930,2651,0.02572897517523801,0.028665167431687257,-0.15590471231692316,0.15590471231692316,1.2290076593896775
analyzing,528,225,753,0.007898787905961829,0.006946797695696374,0.18528320029961495,-0.18528320029961495,1.2275739011851583
possess,269,150,419,0.004027858733503714,0.004636332830165429,-0.20297105183488373,0.20297105183488373,1.2259968520985887
product,420,232,652,0.006284655278064237,0.007162441083145929,-0.1886177535679365,0.1886177535679365,1.2225405177014352
sea,116,66,182,0.001741170843982125,0.002048612180770771,-0.2345891286745965,0.2345891286745965,1.222088817437445
exciting,328,182,510,0.004909653409855177,0.0056221311727919655,-0.19549593127273707,0.19549593127273707,1.219184880797851
advocate,108,44,152,0.001621605464137859,0.0013708758202150273,0.24232496365039444,-0.24232496365039444,1.2190006864469876
dynamics,3316,1456,4772,0.049567322781688565,0.04486922768861095,0.14366298656934642,-0.14366298656934642,1.2169304157645737
calculates,55,32,87,0.000829484822669596,0.001001201441730076,-0.27144478450603565,0.27144478450603565,1.215349726766977
cover,639,274,913,0.00955775755130102,0.008456301407843259,0.17664537204875105,-0.17664537204875105,1.2043382178598672
one-to-one,58,23,81,0.0008743218401111958,0.0007239456578663627,0.27228303007808025,-0.27228303007808025,1.1998748693485077
critically,243,102,345,0.003639271249009849,0.0031576353162256245,0.2048050247492089,-0.2048050247492089,1.1973800380204318
program,1235,536,1771,0.018465378349698844,0.016527525338098027,0.1599520967445752,-0.1599520967445752,1.1964199511443863
fermi-lat,501,275,776,0.007495254748987431,0.008487107606050337,-0.17929545578666414,0.17929545578666414,1.1932902110801231
tracks,305,169,474,0.004565902942802911,0.0052216505960999355,-0.19360573114530144,0.19360573114530144,1.193253068913787
competitive,505,277,782,0.007555037438909564,0.008548720002464497,-0.17826951716214096,0.17826951716214096,1.187833448501555
overlooked,84,48,132,0.0012629093246050607,0.0014941006130433443,-0.24252624373263046,0.24252624373263046,1.186038004608766
accumulated,173,72,245,0.002593074175372521,0.002233449370013247,0.21538992473563937,-0.21538992473563937,1.1857929451692135
encoded,159,66,225,0.0023838347606450552,0.002048612180770771,0.21863734043599248,-0.21863734043599248,1.185131355981107
cylindrical,105,43,148,0.001576768446696259,0.001340069622007948,0.23466285503076964,-0.23466285503076964,1.1742403265738346
demonstrated,637,274,911,0.009527866206339955,0.008456301407843259,0.17212635491333442,-0.17212635491333442,1.1731512678930494
exceptional,135,76,211,0.002025138621112257,0.0023566741628415636,-0.21873163916646746,0.21873163916646746,1.1716548961956108
concerns,112,46,158,0.001681388154059992,0.0014324882166291857,0.23112954228131868,-0.23112954228131868,1.1715735081270149
progress,744,321,1065,0.011127053161757014,0.009904192723575983,0.1679602734264656,-0.1679602734264656,1.1709633650884497
flatness,161,67,228,0.0024137261056061217,0.0020794183789778504,0.21508191981540684,-0.21508191981540684,1.1686953602676649
immediately,126,52,178,0.0018906275687874576,0.0016173254058716613,0.22525521920050054,-0.22525521920050054,1.1684857267722244
mutually,79,32,111,0.0011881809622023942,0.001001201441730076,0.24702230442821366,-0.24702230442821366,1.1655744646292392
viewed,198,83,281,0.0029667159873858523,0.0025723175502911184,0.2057980668412185,-0.2057980668412185,1.1610935684968653
attractors,60,24,84,0.0009042131850722624,0.000754751856073442,0.26066055533169913,-0.26066055533169913,1.158023943661837
strengths,460,197,657,0.006882482177285567,0.006084224145898155,0.17785566519918308,-0.17785566519918308,1.1541418596746835
employs,156,65,221,0.0023389977432034556,0.002017805982563692,0.2131030075674809,-0.2131030075674809,1.1513267989937863
permits,142,59,201,0.0021297583284759897,0.0018329687933212162,0.21650750791647347,-0.21650750791647347,1.1492798105178519
files,70,40,110,0.0010536699098775948,0.00124765102738671,-0.24379148831351827,0.24379148831351827,1.1481433770353973
strengthened,61,35,96,0.0009191588575527956,0.001093620036351314,-0.25072545199312934,0.25072545199312934,1.1469964778231916
deal,179,75,254,0.0026827482102557204,0.0023258679646344844,0.20594245667028538,-0.20594245667028538,1.141181427547421
plasma,927,501,1428,0.0138621112256946,0.01544930840085025,-0.1563952569317022,0.1563952569317022,1.1361693427168322
plot,116,48,164,0.001741170843982125,0.0014941006130433443,0.22078046463946535,-0.22078046463946535,1.1272930141515451
rotations,63,36,99,0.0009490502025138621,0.001124426234558393,-0.24463270993553837,0.24463270993553837,1.1265752623126142
interpreted,849,459,1308,0.012696348772213005,0.014155448076152922,-0.15694375193250115,0.15694375193250115,1.126388252811869
geometry,1019,444,1463,0.015237113093903661,0.013693355103046733,0.1541136133591395,-0.1541136133591395,1.123322984516173
sensitive,2852,1260,4112,0.042632530750721126,0.038831212840023416,0.13473793048981683,-0.13473793048981683,1.1212766573660835
window,827,447,1274,0.012367543977641273,0.013785773697667971,-0.15662120828472598,0.15662120828472598,1.1199515023714928
happen,158,88,246,0.002368889088164522,0.002726348541326515,-0.20275935777127727,0.20275935777127727,1.1170800408472543
brings,139,58,197,0.00208492131103439,0.001802162595114137,0.21026375441809592,-0.21026375441809592,1.1119308802392691
geometries,171,95,266,0.0025631828304114542,0.0029419919287760696,-0.19885689969062356,0.19885689969062356,1.1110629460100696
gamma,232,128,360,0.0034748688517239833,0.003958596469609685,-0.18803048102617143,0.18803048102617143,1.1072885552097498
quintessential,65,37,102,0.0009789415474749286,0.0011552324327654725,-0.238888526786118,0.238888526786118,1.107183580051093
translate,118,49,167,0.0017710621889431915,0.0015249068112504235,0.21589379099096254,-0.21589379099096254,1.1062320084145079
hand,1470,645,2115,0.021977611382624163,0.019885400942669666,0.1443249457521864,-0.1443249457521864,1.1051369237057278
proves,90,37,127,0.0013525833594882602,0.0011552324327654725,0.22753435875963737,-0.22753435875963737,1.104003594783304
referred,215,91,306,0.003220792419554918,0.002818767135947753,0.1923513829773683,-0.1923513829773683,1.101567084349224
consequence,1082,473,1555,0.016178690460177256,0.014586734851052031,0.14943785631801532,-0.14943785631801532,1.0983493706442464
constitute,583,316,899,0.008720799892391159,0.009750161732540587,-0.16096568154868035,0.16096568154868035,1.0949521092416719
huge,279,119,398,0.004177315458309047,0.003681340685745972,0.18234482703475444,-0.18234482703475444,1.0920561336806
argue,2004,884,2888,0.029958600487228922,0.02724808231416161,0.13681553163262514,-0.13681553163262514,1.090237234211953
rip,57,23,80,0.0008593761676306625,0.0007239456578663627,0.24740836143905084,-0.24740836143905084,1.0872234647847303
momentum,2093,924,3017,0.031288765337996384,0.02848033024244478,0.13567885550841915,-0.13567885550841915,1.0871064289972903
constitutes,283,155,438,0.00423709814823118,0.004790363821200826,-0.17705868301606079,0.17705868301606079,1.0773134528910846
applicable,438,238,676,0.006553677382713835,0.007347278272388405,-0.16490526138846562,0.16490526138846562,1.0747982849036921
ultimate,166,70,236,0.002488454468008788,0.002171836973599088,0.19633417684478166,-0.19633417684478166,1.0735670867475267
collimated,69,39,108,0.0010387242373970616,0.001216844829179631,-0.22833251328128273,0.22833251328128273,1.0711872526262036
nuggets,80,45,125,0.0012031266346829276,0.0014016820184221065,-0.2203705999117663,0.2203705999117663,1.0657743451773183
bicep2,91,51,142,0.0013675290319687934,0.0015865192076645821,-0.21429352672686314,0.21429352672686314,1.0635054784158706
comparative,115,48,163,0.0017262251715015916,0.0014941006130433443,0.20834336140124274,-0.20834336140124274,1.062523314270242
probe,4263,1901,6164,0.06372087462075356,0.05857798589076122,0.12140747982419929,-0.12140747982419929,1.0594797844122497
sidm,303,130,433,0.004536011597841845,0.004020208866023844,0.17415387185811051,-0.17415387185811051,1.0576442195803204
encompassing,101,42,143,0.001516985756774126,0.0013092634238008687,0.21245214321978723,-0.21245214321978723,1.055847486897124
toy,308,168,476,0.0046107399602445115,0.005190844397892856,-0.17097093986012762,0.17097093986012762,1.054466091050016
ruled,670,292,962,0.010021073398197551,0.009010812975570685,0.15330786960601972,-0.15330786960601972,1.053233252642338
usually,913,400,1313,0.013652871810967134,0.012337882381935245,0.14610964839109125,-0.14610964839109125,1.0491887216481781
well-suited,59,24,83,0.000889267512591729,0.000754751856073442,0.2366150813650482,-0.2366150813650482,1.048398077371933
september,59,24,83,0.000889267512591729,0.000754751856073442,0.2366150813650482,-0.2366150813650482,1.048398077371933
strain,59,24,83,0.000889267512591729,0.000754751856073442,0.2366150813650482,-0.2366150813650482,1.048398077371933
intimately,59,24,83,0.000889267512591729,0.000754751856073442,0.2366150813650482,-0.2366150813650482,1.048398077371933
tremendous,80,33,113,0.0012031266346829276,0.0010320076399371553,0.2213348498291576,-0.2213348498291576,1.048285772336485
constituting,80,33,113,0.0012031266346829276,0.0010320076399371553,0.2213348498291576,-0.2213348498291576,1.048285772336485
modified,1411,622,2033,0.0210958167062727,0.019176858383906842,0.13759054866656253,-0.13759054866656253,1.0481317197555253
gtrsim,73,30,103,0.0010985069273191947,0.0009395890453159176,0.22544216944579104,-0.22544216944579104,1.0470415600567191
evolutions,124,52,176,0.001860736223826391,0.0016173254058716613,0.2022635765742711,-0.2022635765742711,1.0469465577943395
width,1081,475,1556,0.01616374478769672,0.01464834724746619,0.142023581273728,-0.142023581273728,1.043946630934318
shadow,62,35,97,0.0009341045300333288,0.001093620036351314,-0.2274556726702822,0.2274556726702822,1.0428768620323827
pole,518,225,743,0.007749331181156496,0.006946797695696374,0.15772371773015756,-0.15772371773015756,1.0428756937982335
weights,117,49,166,0.0017561165164626583,0.0015249068112504235,0.20366748865770315,-0.20366748865770315,1.0423689467405843
required,2968,1321,4289,0.04436622875846299,0.040710390930655246,0.12406485029941144,-0.12406485029941144,1.037683620107099
applies,227,97,324,0.003400140489321317,0.0030036043251902285,0.17889958350876073,-0.17889958350876073,1.034723916206272
uncovering,53,30,83,0.0007995934777085294,0.0009395890453159176,-0.23276318898942663,0.23276318898942663,1.0313310479266924
high-dimensional,82,34,116,0.001233017979643994,0.0010628138381442347,0.21430491963995954,-0.21430491963995954,1.0205573024083432
achievements,68,28,96,0.0010237785649165284,0.0008779766489017591,0.22164923096809777,-0.22164923096809777,1.0139811702865889
challenging,838,368,1206,0.01253194637492714,0.01135208403930871,0.14265332664158945,-0.14265332664158945,1.0122527734830664
threshold,1263,672,1935,0.018883857179153776,0.020717168294260804,-0.13367334632689853,0.13367334632689853,1.0116905830028302
readout,121,51,172,0.0018158992063847914,0.0015865192076645821,0.19481913859487557,-0.19481913859487557,1.00395982936827
fashion,201,86,287,0.0030115530048274524,0.0026647361449123564,0.17651496306355577,-0.17651496306355577,0.9995972599815726
uniquely,276,119,395,0.004132478440867447,0.003681340685745972,0.1667760244262713,-0.1667760244262713,0.9975564825998234
devise,84,35,119,0.0012629093246050607,0.001093620036351314,0.20763947894981527,-0.20763947894981527,0.994072290947807
characterised,146,62,208,0.002189541018398123,0.001925387387942454,0.18547973193247386,-0.18547973193247386,0.9908947249481064
attained,70,39,109,0.0010536699098775948,0.001216844829179631,-0.2077222336059966,0.2077222336059966,0.9763942806035326
accordingly,148,63,211,0.0022194323633591894,0.001956193586149533,0.18214159620091308,-0.18214159620091308,0.975657174256663
expression,395,172,567,0.005911013466050905,0.0053140691907211735,0.15358849497957303,-0.15358849497957303,0.9740768836790962
carry,687,302,989,0.010275149830366617,0.009318874957641478,0.14093173330974001,-0.14093173330974001,0.9721055134942803
construct,1600,846,2446,0.023920548805093485,0.026077446782292596,-0.12455213417774763,0.12455213417774763,0.971832731975629
leaving,343,149,492,0.005133838497063175,0.00460552663195835,0.15667177679230812,-0.15667177679230812,0.9714447893142751
seemingly,125,53,178,0.0018756818963069244,0.0016481316040787408,0.18658372972193796,-0.18658372972193796,0.9678817911604087
automatic,135,74,209,0.002025138621112257,0.002295061766427405,-0.18051231693597727,0.18051231693597727,0.9652187692756226
fundamental,2578,1153,3731,0.038537416491055014,0.03553494963186593,0.11702120368854735,-0.11702120368854735,0.962464242718074
patterns,576,308,884,0.008616180185027425,0.009503712146883954,-0.14144271932533328,0.14144271932533328,0.9597719687303058
geometrically,72,30,102,0.0010835612548386615,0.0009395890453159176,0.20567891462436094,-0.20567891462436094,0.953266027877134
perform,2917,1308,4225,0.04360399946195579,0.04030991035396322,0.11332589371898864,-0.11332589371898864,0.9461591557031397
constituent,141,77,218,0.0021148126559954565,0.002387480361048643,-0.1749590002700423,0.1749590002700423,0.9428666022322425
phenomenon,700,309,1009,0.01046944357261355,0.009534518345091033,0.13495280338886634,-0.13495280338886634,0.9335637650661616
operating,386,207,593,0.005776502413726106,0.006392286127968948,-0.14613576013712684,0.14613576013712684,0.9333514642391555
schemes,373,200,573,0.0055822086714791734,0.006176642740519393,-0.14598683149337033,0.14598683149337033,0.9274002372203355
rare,975,516,1491,0.014579503504760196,0.01591140137395644,-0.1261193140837204,0.1261193140837204,0.921663902521009
scheme,964,510,1474,0.014415101107474331,0.015726564184713965,-0.12562256065638513,0.12562256065638513,0.9165941184306051
focused,397,174,571,0.0059409048110119714,0.005375681587135332,0.14423498613437838,-0.14423498613437838,0.9157679743869063
engineering,54,30,84,0.0008145391501890628,0.0009395890453159176,-0.206045850613647,0.206045850613647,0.9153898571233349
manifestation,106,58,164,0.0015917141191767923,0.001802162595114137,-0.17914793718525343,0.17914793718525343,0.9147195990296703
exploration,491,216,707,0.007345798024182098,0.006669541911832661,0.13933155378616857,-0.13933155378616857,0.9143555322092107
learned,115,49,164,0.0017262251715015916,0.0015249068112504235,0.17889958350876073,-0.17889958350876073,0.9134515186992558
incorporates,316,138,454,0.004730305340088777,0.004266658451680478,0.14882668555146572,-0.14882668555146572,0.9108635794516603
non-thermal,425,227,652,0.006359383640466903,0.007008410092110532,-0.140200251227783,0.140200251227783,0.9087187418768082
sum,583,310,893,0.008720799892391159,0.009565324543298111,-0.13335345034082033,0.13335345034082033,0.906230812620427
looking,300,161,461,0.004491174580400245,0.004975201010443301,-0.14766201181042657,0.14766201181042657,0.9059898554105503
big,1262,665,1927,0.018868911506673244,0.02050152490681125,-0.11972002121305941,0.11972002121305941,0.9055907907080514
indications,291,127,418,0.0043566635280754456,0.0039277902714026066,0.14950579851395124,-0.14950579851395124,0.9026967132071245
offer,838,372,1210,0.01253194637492714,0.011475308832137026,0.1270775203871351,-0.1270775203871351,0.9021489542987531
implement,497,219,716,0.007435472059065298,0.006761960506453899,0.13698274806796593,-0.13698274806796593,0.900671957400627
readily,284,124,408,0.004252043820711713,0.0038353716767813685,0.1487900724108138,-0.1487900724108138,0.894781113525617
nonminimally,58,32,90,0.0008743218401111958,0.001001201441730076,-0.19549593127273707,0.19549593127273707,0.8818546800669907
suppressing,207,90,297,0.0031012270397106517,0.0027879609377406732,0.15362880132339465,-0.15362880132339465,0.8752376433591446
eliminating,78,33,111,0.001173235289721861,0.0010320076399371553,0.1850387206061675,-0.1850387206061675,0.8731049943260896
nanograv,101,55,156,0.001516985756774126,0.0017097440004928991,-0.17257278699261697,0.17257278699261697,0.8725704303486865
list,328,144,472,0.004909653409855177,0.004451495640922953,0.14133103999396376,-0.14133103999396376,0.8704713566775911
apart,288,154,442,0.004311826510633846,0.004759557622993746,-0.14252835708657904,0.14252835708657904,0.8685064881169764
enter,216,116,332,0.003235738092035451,0.003588922091124734,-0.14945576775524247,0.14945576775524247,0.8680603950718729
inherently,87,37,124,0.0013077463420466603,0.0011552324327654725,0.17889958350876073,-0.17889958350876073,0.8637833166530097
simeq,75,41,116,0.0011283982722802613,0.0012784572255937895,-0.18012752984953295,0.18012752984953295,0.8577986275889506
compute,2163,1129,3292,0.03233496241163371,0.03479560087489603,-0.10580998779888023,0.10580998779888023,0.8570137397946112
added,450,199,649,0.006733025452480234,0.006145836542312313,0.1316455217635057,-0.1316455217635057,0.8526644061604186
confronted,105,45,150,0.001576768446696259,0.0014016820184221065,0.16981171068080167,-0.16981171068080167,0.8519928720538358
express,77,42,119,0.0011582896172413278,0.0013092634238008687,-0.17675936869115122,0.17675936869115122,0.8462340180682537
access,269,118,387,0.004027858733503714,0.003650534487538893,0.14190537602655928,-0.14190537602655928,0.8458987042155683
factors,1103,494,1597,0.016492549582268454,0.015233665013400696,0.11455136569281624,-0.11455136569281624,0.8449890799148255
relates,150,65,215,0.002249323708320256,0.002017805982563692,0.15670383739456445,-0.15670383739456445,0.8423267535482527
dominant,1823,821,2644,0.027253433768252403,0.025307291827115615,0.10688488155835096,-0.10688488155835096,0.8422984364390018
planned,687,306,993,0.010275149830366617,0.009442099750469795,0.12197980178091553,-0.12197980178091553,0.8418725364119386
turning,109,59,168,0.0016365511366183921,0.0018329687933212162,-0.16352354153445717,0.16352354153445717,0.8388592055772817
analogue,107,46,153,0.0016066597916573257,0.0014324882166291857,0.165541200653742,-0.165541200653742,0.8338231814395426
necessary,1485,668,2153,0.02220179646983216,0.02059394350143249,0.10845630191437432,-0.10845630191437432,0.8324109951780196
probabilities,255,112,367,0.0038186193187762485,0.0034656972982964173,0.1399054518928972,-0.1399054518928972,0.8265730132852401
responses,57,24,81,0.0008593761676306625,0.000754751856073442,0.18728736900147971,-0.18728736900147971,0.8253228537483032
behavior,1283,577,1860,0.01918277062876444,0.017790579464588275,0.10869760644431145,-0.10869760644431145,0.8183700674291751
complementing,100,43,143,0.0015020400842935928,0.001340069622007948,0.16461535750251313,-0.16461535750251313,0.8181075930304478
sub-dominant,53,29,82,0.0007995934777085294,0.0009087828471088383,-0.18466890078838155,0.18466890078838155,0.8160224378008616
lastly,151,81,232,0.002264269380800789,0.00251070515387696,-0.14904700858581377,0.14904700858581377,0.8124609751902079
constructing,313,166,479,0.004685468322647177,0.0051292320014786974,-0.13054957209691037,0.13054957209691037,0.8059851340822493
unsupervised,59,25,84,0.000889267512591729,0.0007855580542805213,0.17889958350876073,-0.17889958350876073,0.7947884594607902
easily,1009,527,1536,0.015087656369098328,0.016250269554234312,-0.10709492609076136,0.10709492609076136,0.7858184170787424
concerning,379,200,579,0.005671882706362373,0.006176642740519393,-0.12299518886714113,0.12299518886714113,0.7826218433618863
thoroughly,129,69,198,0.0019354645862290573,0.0021410307753920088,-0.14562562286464073,0.14562562286464073,0.7708408121129121
enhancing,211,93,304,0.003161009729632785,0.0028803795323619113,0.13412655540462606,-0.13412655540462606,0.767245714436869
near-future,112,60,172,0.001681388154059992,0.0018637749915282956,-0.14857488388524467,0.14857488388524467,0.7656497002793149
collect,106,46,152,0.0015917141191767923,0.0014324882166291857,0.15205797129011972,-0.15205797129011972,0.7649181850278205
sub,70,30,100,0.0010536699098775948,0.0009395890453159176,0.16532117700822,-0.16532117700822,0.7629771558789816
platform,88,38,126,0.0013226920145271936,0.0011860386309725517,0.15732617156040876,-0.15732617156040876,0.762117408634901
compensate,79,34,113,0.0011881809622023942,0.0010628138381442347,0.16086566067849897,-0.16086566067849897,0.7618916925054623
summarize,455,239,694,0.0068077538148829005,0.007378084470595484,-0.11606743976181665,0.11606743976181665,0.7595350939417299
description,1421,738,2159,0.021245273431078033,0.022750377375928037,-0.09874856491494895,0.09874856491494895,0.7581780023048394
proportional,623,326,949,0.009318626791612489,0.01005822371461138,-0.11018626954444777,0.11018626954444777,0.7554879683557985
applications,964,435,1399,0.014415101107474331,0.01341609931918302,0.10361568162255173,-0.10361568162255173,0.7506155718580856
accompanying,146,64,210,0.002189541018398123,0.0019869997843566124,0.14003676117130687,-0.14003676117130687,0.7494568792603041
purely,649,292,941,0.009707214276106354,0.009010812975570685,0.10740006314942706,-0.10740006314942706,0.735476198937111
fourth,285,150,435,0.004266989493192246,0.004636332830165429,-0.11976557922454634,0.11976557922454634,0.7278923435942682
gap,418,219,637,0.00625476393310317,0.006761960506453899,-0.11248615481270165,0.11248615481270165,0.7264736399731199
achieving,264,139,403,0.0039531303711010475,0.004297464649887558,-0.12049023754284922,0.12049023754284922,0.7231119042387285
notion,149,79,228,0.0022343780358397227,0.0024490927574628016,-0.13237411891393744,0.13237411891393744,0.7192841626437674
promising,1432,741,2173,0.021409675828363898,0.022842795970549275,-0.0934762966380505,0.0934762966380505,0.7183021560134745
behave,195,103,298,0.0029218789699442527,0.0031884415144327037,-0.12595499801965998,0.12595499801965998,0.7179993589976075
resolves,112,49,161,0.001681388154059992,0.0015249068112504235,0.14093173330974032,-0.14093173330974032,0.7170037699045825
belongs,69,37,106,0.0010387242373970616,0.0011552324327654725,-0.15337045560006074,0.15337045560006074,0.7166738872825233
pointlike,65,28,93,0.0009789415474749286,0.0008779766489017591,0.15704014954502118,-0.15704014954502118,0.7134796920347959
aforementioned,130,69,199,0.0019504102587095907,0.0021410307753920088,-0.13452791398130995,0.13452791398130995,0.7127715829326549
magnetically,52,28,80,0.0007846478052279962,0.0008779766489017591,-0.16213733432630628,0.16213733432630628,0.7125042717710793
asymptotic,502,262,764,0.007510200421467964,0.008086627029358306,-0.10668666431488119,0.10668666431488119,0.7083862041759434
facilities,483,252,735,0.007226232644337832,0.0077785650472875145,-0.10626033599000302,0.10626033599000302,0.701448930363458
initiated,134,59,193,0.0020101929486317236,0.0018329687933212162,0.1331517614209936,-0.1331517614209936,0.7014245927952348
powers,187,83,270,0.0028023135900999865,0.0025723175502911184,0.12354965508150385,-0.12354965508150385,0.6921398480452882
notably,394,177,571,0.005896067793570371,0.005468100181756569,0.10871343779372711,-0.10871343779372711,0.6902367267830949
respective,242,127,369,0.003624325576529316,0.0039277902714026066,-0.11600533761205516,0.11600533761205516,0.6859979126389704
seriously,87,38,125,0.0013077463420466603,0.0011860386309725517,0.14093173330974032,-0.14093173330974032,0.681585591921208
collectively,87,38,125,0.0013077463420466603,0.0011860386309725517,0.14093173330974032,-0.14093173330974032,0.681585591921208
relics,387,174,561,0.0057914480862066384,0.005375681587135332,0.10747643612426035,-0.10747643612426035,0.6804872541407355
reflection,107,47,154,0.0016066597916573257,0.0014632944148362651,0.13484440343082535,-0.13484440343082535,0.6800776511390164
classes,759,344,1103,0.011351238248965011,0.010612735282338807,0.09705314397010481,-0.09705314397010481,0.6800218006048615
raised,100,53,153,0.0015020400842935928,0.0016481316040787408,-0.1339081330499056,0.1339081330499056,0.6744889192500725
floor,123,65,188,0.0018457905513458578,0.002017805982563692,-0.12854860778045987,0.12854860778045987,0.6738192811232983
unphysical,109,48,157,0.0016365511366183921,0.0014941006130433443,0.13138137958635868,-0.13138137958635868,0.66513071972613
completely,943,429,1372,0.014101241985383131,0.013231262129940543,0.09187154863429457,-0.09187154863429457,0.6637492838887975
domains,129,68,197,0.0019354645862290573,0.0021102245771849296,-0.12471663310166003,0.12471663310166003,0.6595348590107355
potentials,901,410,1311,0.013473523741200736,0.012645944364006038,0.09145243182684962,-0.09145243182684962,0.6565651726450258
really,80,35,115,0.0012031266346829276,0.001093620036351314,0.13767692078224775,-0.13767692078224775,0.6544596601722209
shortcomings,108,57,165,0.001621605464137859,0.0017713563969070578,-0.12743165632758302,0.12743165632758302,0.6514290709966523
helpful,85,45,130,0.001277854997085594,0.0014016820184221065,-0.1334349631404855,0.1334349631404855,0.6505217751239392
versa,85,45,130,0.001277854997085594,0.0014016820184221065,-0.1334349631404855,0.1334349631404855,0.6505217751239392
interestingly,585,303,888,0.008750691237352224,0.009349681155848557,-0.0955201835821541,0.0955201835821541,0.6485913344769652
absence,1081,557,1638,0.01616374478769672,0.01717445550044669,-0.08750288267337566,0.08750288267337566,0.647682475231735
arguably,64,34,98,0.0009639958749943953,0.0010628138381442347,-0.14079003918260233,0.14079003918260233,0.6469471037492026
expressed,300,135,435,0.004491174580400245,0.00417423985705924,0.10557930152962686,-0.10557930152962686,0.6416732229997455
character,139,73,212,0.00208492131103439,0.002264255568220326,-0.11904387083486401,0.11904387083486401,0.6382289720826811
pure,816,421,1237,0.012203141580355409,0.01298481254428391,-0.08957258320807436,0.08957258320807436,0.6378689779139504
extensively,226,118,344,0.0033851948168407836,0.003650534487538893,-0.10886884667971133,0.10886884667971133,0.6361799412038703
establishes,91,48,139,0.0013675290319687934,0.0014941006130433443,-0.12770584173077232,0.12770584173077232,0.6310766051118141
playing,118,62,180,0.0017710621889431915,0.001925387387942454,-0.12053387359151503,0.12053387359151503,0.6265949840324613
accumulate,93,49,142,0.00139742037692986,0.0015249068112504235,-0.12595499801965998,0.12595499801965998,0.6250950855762667
differential,788,406,1194,0.011784662750900477,0.012522719571177721,-0.08763743511220466,0.08763743511220466,0.6209902297948172
responsible,1402,643,2045,0.0209613056539479,0.019823788546255508,0.0804958794477661,-0.0804958794477661,0.6136717630793284
refer,161,72,233,0.0024137261056061217,0.002233449370013247,0.11198842685130314,-0.11198842685130314,0.6109328296776054
controlled,408,185,593,0.006105307208297837,0.0057145497674132035,0.09542405369719299,-0.09542405369719299,0.6094619151283525
numbers,994,455,1449,0.014863471281890328,0.014032223283324605,0.08302747920400594,-0.08302747920400594,0.6043834932267161
handle,152,68,220,0.0022792150532813223,0.0021102245771849296,0.11114051166203484,-0.11114051166203484,0.5999545646815952
retaining,76,40,116,0.0011433439447607946,0.00124765102738671,-0.12595499801965998,0.12595499801965998,0.5998196085267278
installation,53,28,81,0.0007995934777085294,0.0008779766489017591,-0.13491586559128205,0.13491586559128205,0.5945363416624196
computer,176,79,255,0.0026379111928141207,0.0024490927574628016,0.10714858015913772,-0.10714858015913772,0.5941578899064609
occurs,1179,541,1720,0.01762842069078898,0.016681556329133422,0.0796493378034482,-0.0796493378034482,0.5934401986163612
attractor,200,104,304,0.0029966073323469187,0.0032192477126397833,-0.10339354345364973,0.10339354345364973,0.5914433042430828
choose,154,69,223,0.0023091063982423887,0.0021410307753920088,0.1090291173531798,-0.1090291173531798,0.5900269924615752
treated,370,168,538,0.005537371654037573,0.005190844397892856,0.09323211329628818,-0.09323211329628818,0.5864034747084156
one-parameter,77,34,111,0.0011582896172413278,0.0010628138381442347,0.12410711066838119,-0.12410711066838119,0.585599261608452
aside,55,29,84,0.000829484822669596,0.0009087828471088383,-0.1317200208394224,0.1317200208394224,0.5851861160871907
communication,55,29,84,0.000829484822669596,0.0009087828471088383,-0.1317200208394224,0.1317200208394224,0.5851861160871907
requires,1802,920,2722,0.026939574646161205,0.028357105449616463,-0.07398320504940871,0.07398320504940871,0.5851693829726264
proof,208,108,316,0.003116172712191185,0.0033424725054681,-0.1011404968275029,0.1011404968275029,0.5824581865907359
argued,323,167,490,0.00483492504745251,0.005160038199685777,-0.0938882211803144,0.0938882211803144,0.5817731168018323
calls,82,43,125,0.001233017979643994,0.001340069622007948,-0.12011411943059967,0.12011411943059967,0.5809057425716182
two-component,252,114,366,0.0037737823013346485,0.0035273096947105757,0.097442951714526,-0.097442951714526,0.5754358894167855
restricting,101,45,146,0.001516985756774126,0.0014016820184221065,0.11404843915879269,-0.11404843915879269,0.5691510472492911
derivation,291,132,423,0.0043566635280754456,0.004081821262438002,0.09401068592224797,-0.09401068592224797,0.5687395917731276
calculated,1316,606,1922,0.01967597782062204,0.018683959212593575,0.07463513309786544,-0.07463513309786544,0.5643641381203942
enhances,295,134,429,0.004416446217997578,0.004143433658852161,0.09205911979322083,-0.09205911979322083,0.558226728926933
species,787,403,1190,0.011769717078419943,0.012430300976556483,-0.0787815878308264,0.0787815878308264,0.5579744221827584
branches,103,46,149,0.0015468771017351926,0.0014324882166291857,0.11083530856360677,-0.11083530856360677,0.555355308920857
play,1345,686,2031,0.020109402322557503,0.021148455069159914,-0.07268207233437028,0.07268207233437028,0.5536030502824968
eff,63,33,96,0.0009490502025138621,0.0010320076399371553,-0.12089734151329352,0.12089734151329352,0.5530703954927366
considering,1934,984,2918,0.028912403413591595,0.030328702134869535,-0.06899522028602442,0.06899522028602442,0.550512612268469
suitably,94,49,143,0.0014123660494103933,0.0015249068112504235,-0.11060703368622403,0.11060703368622403,0.5496963070404469
hyperfine,59,26,85,0.000889267512591729,0.0008163642524876005,0.12340447091705717,-0.12340447091705717,0.5496863713749882
minimization,65,34,99,0.0009789415474749286,0.0010628138381442347,-0.11859429306840616,0.11859429306840616,0.5461469026669583
attain,65,34,99,0.0009789415474749286,0.0010628138381442347,-0.11859429306840616,0.11859429306840616,0.5461469026669583
regimes,576,264,840,0.008616180185027425,0.008148239425772466,0.08056004771005887,-0.08056004771005887,0.5425390254351853
binding,201,91,292,0.0030115530048274524,0.002818767135947753,0.09544335241623762,-0.09544335241623762,0.5421347161074759
prototype,214,97,311,0.0032058467470743846,0.0030036043251902285,0.09401068592224768,-0.09401068592224768,0.5399036689396245
upward,67,35,102,0.0010088328924359952,0.001093620036351314,-0.11642436028153831,0.11642436028153831,0.5395953575329366
boost,368,189,557,0.005507480309076507,0.00583777456024152,-0.0840260669037091,0.0840260669037091,0.5314110092961243
coincide,144,65,209,0.002159649673437056,0.002017805982563692,0.09800984313554104,-0.09800984313554104,0.5240691703144893
issue,719,331,1050,0.010753411349743681,0.010212254705646776,0.0744929788000231,-0.0744929788000231,0.5182847041499532
double,693,319,1012,0.010364823865249817,0.009842580327161825,0.07458711354892099,-0.07458711354892099,0.5161929113221784
lesssim,112,58,170,0.001681388154059992,0.001802162595114137,-0.10007636619405452,0.10007636619405452,0.514559004927185
intricate,74,33,107,0.001113452599799728,0.0010320076399371553,0.10958649217670208,-0.10958649217670208,0.5130983370915408
geodesic,79,41,120,0.0011881809622023942,0.0012784572255937895,-0.10564931389025665,0.10564931389025665,0.5066719807036754
akin,87,39,126,0.0013077463420466603,0.001216844829179631,0.10393752582753862,-0.10393752582753862,0.5034928204122189
attracted,85,44,129,0.001277854997085594,0.0013708758202150273,-0.10137375390818712,0.10137375390818712,0.493440239520107
lowered,85,44,129,0.001277854997085594,0.0013708758202150273,-0.10137375390818712,0.10137375390818712,0.493440239520107
vice,85,44,129,0.001277854997085594,0.0013708758202150273,-0.10137375390818712,0.10137375390818712,0.493440239520107
classical,1192,605,1797,0.017822714433035916,0.018653153014386494,-0.0657024366291419,0.0657024366291419,0.4924023262746377
connection,1137,527,1664,0.017000702446606585,0.016250269554234312,0.06513070855118631,-0.06513070855118631,0.483112267344653
barrier,138,71,209,0.002069975638553857,0.0022026431718061676,-0.08962200855688832,0.08962200855688832,0.4792185168725629
establish,656,303,959,0.009811833983470086,0.009349681155848557,0.06960565680951745,-0.06960565680951745,0.47797740153210627
real,1648,766,2414,0.024637941084159082,0.023612950925726257,0.06130335218392278,-0.06130335218392278,0.47751967658547667
constrains,386,197,583,0.005776502413726106,0.006084224145898155,-0.07487707696730508,0.07487707696730508,0.47695956616534146
thermodynamic,290,133,423,0.004341717855594913,0.004112627460645082,0.07820558388928794,-0.07820558388928794,0.4731229372409747
mode,1546,782,2328,0.02311348249114469,0.024105850097039524,-0.060648661558403344,0.060648661558403344,0.4702208552707675
screening,225,103,328,0.0033702491443602504,0.0031884415144327037,0.08000382792836858,-0.08000382792836858,0.4637068069551198
elucidate,154,79,233,0.0023091063982423887,0.0024490927574628016,-0.08491276520766815,0.08491276520766815,0.46322640100080287
solitonic,60,31,91,0.0009042131850722624,0.0009703952435229968,-0.1019095240530089,0.1019095240530089,0.4608133217554001
come,584,270,854,0.00873574556487169,0.008333076615014942,0.06808159287715368,-0.06808159287715368,0.4596257416805066
free,1902,960,2862,0.028434141894214532,0.029589353377899634,-0.057453903102306435,0.057453903102306435,0.4573115410097734
treating,160,73,233,0.0023987804331255884,0.002264255568220326,0.08326430445825164,-0.08326430445825164,0.4542335182666726
false,235,120,355,0.003519705869165583,0.0037121468839530513,-0.07679892444486566,0.07679892444486566,0.4511883613175245
designs,82,37,119,0.001233017979643994,0.0011552324327654725,0.09401068592224768,-0.09401068592224768,0.4500753825860371
push,115,59,174,0.0017262251715015916,0.0018329687933212162,-0.08656155971957315,0.08656155971957315,0.44707192952059405
presenting,205,94,299,0.0030713356947495852,0.0029111857305689904,0.07725932163292312,-0.07725932163292312,0.4406703647336936
weakening,58,26,84,0.0008743218401111958,0.0008163642524876005,0.09895142719251827,-0.09895142719251827,0.4396066823483514
plans,110,50,160,0.0016514968090989254,0.001555713009457503,0.0861982388119496,-0.0861982388119496,0.43800810695301384
thereof,71,32,103,0.0010686155823581283,0.001001201441730076,0.09401068592224797,-0.09401068592224797,0.4366223741193264
presently,293,135,428,0.004386554873036512,0.00417423985705924,0.0715748139284934,-0.0715748139284934,0.4338476511078517
section,125,57,182,0.0018756818963069244,0.0017713563969070578,0.08256066517870975,-0.08256066517870975,0.43009864201786535
lambda,1052,490,1542,0.015730320285761257,0.015110440220572379,0.05800235390683256,-0.05800235390683256,0.4258233446060645
tracker,78,40,118,0.001173235289721861,0.00124765102738671,-0.08872209182068486,0.08872209182068486,0.4240138333782333
essentially,569,264,833,0.008511560477663693,0.008148239425772466,0.062935281766399,-0.062935281766399,0.42331739440401234
interferometers,254,117,371,0.003803673646295715,0.0036197282893318137,0.07151206168300836,-0.07151206168300836,0.42327230240196034
capture,710,330,1040,0.010618900297418882,0.010181448507439697,0.06069153990740147,-0.06069153990740147,0.4216809998739594
extrapolate,80,41,121,0.0012031266346829276,0.0012784572255937895,-0.08761539105999486,0.08761539105999486,0.4209061824947493
friedmann-robertson-walker,127,58,185,0.0019055732412679909,0.001802162595114137,0.0804958794477664,-0.0804958794477664,0.4206510742717841
delivered,82,42,124,0.001233017979643994,0.0013092634238008687,-0.08656155971957315,0.08656155971957315,0.4179463679163286
generalizes,75,34,109,0.0011283982722802613,0.0010628138381442347,0.08638744471922286,-0.08638744471922286,0.4060624877536848
goes,171,87,258,0.0025631828304114542,0.0026955423431194356,-0.07263918348720369,0.07263918348720369,0.4036434531806351
specify,94,48,142,0.0014123660494103933,0.0014941006130433443,-0.08116325579374219,0.08116325579374219,0.4028006281903847
modification,576,268,844,0.008616180185027425,0.008271464218600783,0.05890568183867203,-0.05890568183867203,0.39698521917481067
wrong,102,52,154,0.0015319314292546592,0.0016173254058716613,-0.0782582559883638,0.0782582559883638,0.3946896538580101
module,105,48,153,0.001576768446696259,0.0014941006130433443,0.07769350869237035,-0.07769350869237035,0.39133852079868076
notice,64,29,93,0.0009639958749943953,0.0009087828471088383,0.08509136823372561,-0.08509136823372561,0.3865951693125011
investigates,135,62,197,0.002025138621112257,0.001925387387942454,0.07287191886409718,-0.07287191886409718,0.38536616599245227
calculating,396,200,596,0.005925959138531438,0.006176642740519393,-0.05977420857862921,0.05977420857862921,0.38207178675323894
strictly,118,60,178,0.0017710621889431915,0.0018637749915282956,-0.07361282620402267,0.07361282620402267,0.38185812977856953
problematic,120,61,181,0.001800953533904258,0.0018945811897353748,-0.07311800693696549,0.07311800693696549,0.3805065970456959
manifests,79,36,115,0.0011881809622023942,0.001124426234558393,0.07956555857665083,-0.07956555857665083,0.37822205879986626
argument,246,114,360,0.003684108266451449,0.0035273096947105757,0.06274721045328054,-0.06274721045328054,0.36951066458519827
temperatures,1023,479,1502,0.015296895783825794,0.014771572040294507,0.05041554417759255,-0.05041554417759255,0.36880071589732855
plates,53,27,80,0.0007995934777085294,0.0008471704506946798,-0.08338556495119982,0.08338556495119982,0.36643362541168384
forward,589,275,864,0.008810473927274357,0.008487107606050337,0.053946656580917705,-0.053946656580917705,0.364826646260093
emerging,359,181,540,0.005372969256751708,0.005591324974584887,-0.057470615384140056,0.057470615384140056,0.3616866788257182
tested,1469,736,2205,0.021962665710143627,0.02268876497951388,-0.04692490921220405,0.04692490921220405,0.36127188220679723
mean-field,61,31,92,0.0009191588575527956,0.0009703952435229968,-0.07825825598836363,0.07825825598836363,0.3547133314279148
simplicity,143,66,209,0.002144704000956523,0.002048612180770771,0.06613165334681097,-0.06613165334681097,0.35361306162953
potentially,1801,901,2702,0.02692462897368067,0.027771787683681957,-0.04469358283323856,0.04469358283323856,0.3531739451124942
seconds,98,45,143,0.0014721487393325264,0.0014016820184221065,0.07076434142999298,-0.07076434142999298,0.3516855651745161
convert,200,101,301,0.0029966073323469187,0.0031268291180185453,-0.06137032855794314,0.06137032855794314,0.350450782262451
exp,67,34,101,0.0010088328924359952,0.0010628138381442347,-0.0752016975550254,0.0752016975550254,0.3478058067048187
ensembles,130,60,190,0.0019504102587095907,0.0018637749915282956,0.06554992146760279,-0.06554992146760279,0.34428611073483345
eras,71,36,107,0.0010686155823581283,0.001124426234558393,-0.07344605992931481,0.07344605992931481,0.3438840907042818
technical,270,136,406,0.004042804405984248,0.00420504605526632,-0.0567651949207242,0.0567651949207242,0.34109145171386657
demand,85,39,124,0.001277854997085594,0.001216844829179631,0.07057892888110795,-0.07057892888110795,0.3407772118807357
topic,179,83,262,0.0026827482102557204,0.0025723175502911184,0.06064290352131195,-0.06064290352131195,0.33791159937924553
nonequilibrium,87,44,131,0.0013077463420466603,0.0013708758202150273,-0.06801515696175624,0.06801515696175624,0.33210453917787713
extend,1636,817,2453,0.024458593014392682,0.0251840670342873,-0.04216987116836868,0.04216987116836868,0.3291558593556428
conventionally,57,26,83,0.0008593761676306625,0.0008163642524876005,0.07407675855348907,-0.07407675855348907,0.32822054620265945
saddle,57,26,83,0.0008593761676306625,0.0008163642524876005,0.07407675855348907,-0.07407675855348907,0.32822054620265945
clean,217,101,318,0.0032506837645159842,0.0031268291180185453,0.05604283572322738,-0.05604283572322738,0.3230976578863831
classify,370,173,543,0.005537371654037573,0.005344875388928252,0.05104504189988574,-0.05104504189988574,0.3215301282310153
modulations,89,41,130,0.001337637687007727,0.0012784572255937895,0.06528350808964445,-0.06528350808964445,0.3182699838878153
emitted,567,266,833,0.008481669132702626,0.008209851822186623,0.04699202159141453,-0.04699202159141453,0.31607930527253586
modifications,639,300,939,0.00955775755130102,0.009257262561227319,0.04608653034276442,-0.04608653034276442,0.31550285059427696
considers,155,72,227,0.0023240520707229224,0.002233449370013247,0.05736884228798096,-0.05736884228798096,0.31147527311442613
evaluating,171,86,257,0.0025631828304114542,0.0026647361449123564,-0.05605629929159961,0.05605629929159961,0.3112783644465229
anticipated,197,99,296,0.002951770314905319,0.003065216721604387,-0.05440861530687081,0.05440861530687081,0.3097880816004828
converted,257,120,377,0.003848510663737315,0.0037121468839530513,0.05204644801293198,-0.05204644801293198,0.3088901622145666
disappear,91,42,133,0.0013675290319687934,0.0013092634238008687,0.06281606431865369,-0.06281606431865369,0.30766301989617834
laser,331,155,486,0.004954490427296776,0.004790363821200826,0.04860145215429797,-0.04860145215429797,0.30075862269615716
data-driven,127,59,186,0.0019055732412679909,0.0018329687933212162,0.05604283572322738,-0.05604283572322738,0.2931661608647408
look,610,287,897,0.009124333049365557,0.008856781984535288,0.042936501327978646,-0.042936501327978646,0.291975511168138
complex,2019,955,2974,0.030182785574436922,0.02943532238686424,0.03617752989794297,-0.03617752989794297,0.2893478594499392
trigger,382,191,573,0.005716719723803973,0.0058993869566556795,-0.0453774821726302,0.0453774821726302,0.2882663271808177
gzk,63,29,92,0.0009490502025138621,0.0009087828471088383,0.06254879958263744,-0.06254879958263744,0.2835086572856071
captured,345,162,507,0.005163729842024242,0.005006007208650381,0.04475315464475439,-0.04475315464475439,0.278833699734753
reasons,258,121,379,0.003863456336217848,0.0037429530821601305,0.04571512888146662,-0.04571512888146662,0.27155569439609756
practically,116,54,170,0.001741170843982125,0.00167893780228582,0.05250898204966672,-0.05250898204966672,0.2699835193938237
roles,168,84,252,0.0025183458129698546,0.002603123748498198,-0.047767492928013064,0.047767492928013064,0.26431614327073366
discriminating,134,67,201,0.0020101929486317236,0.0020794183789778504,-0.04884607232189391,0.04884607232189391,0.2592880278512325
multicomponent,128,64,192,0.001920518913748524,0.0019869997843566124,-0.04909554405706301,0.04909554405706301,0.25837463802805305
radioactive,122,61,183,0.0018308448788653246,0.0018945811897353748,-0.04936940416435639,0.04936940416435639,0.25745827110855213
fix,122,61,183,0.0018308448788653246,0.0018945811897353748,-0.04936940416435639,0.04936940416435639,0.25745827110855213
analog,110,55,165,0.0016514968090989254,0.0017097440004928991,-0.05000614478636157,0.05000614478636157,0.2556308014906696
plots,104,52,156,0.0015618227742157259,0.0016173254058716613,-0.05037922341292696,0.05037922341292696,0.2547297370583172
weaken,96,48,144,0.0014422573943714597,0.0014941006130433443,-0.050948642746734385,0.050948642746734385,0.25355782948820427
operation,309,154,463,0.004625685632725044,0.004759557622993746,-0.04116026651779704,0.04116026651779704,0.25271928455813764
tasks,90,45,135,0.0013525833594882602,0.0014016820184221065,-0.05144159094317808,0.05144159094317808,0.25271478307703926
polarisation,90,45,135,0.0013525833594882602,0.0014016820184221065,-0.05144159094317808,0.05144159094317808,0.25271478307703926
examines,70,35,105,0.0010536699098775948,0.001093620036351314,-0.05368860493357574,0.05368860493357574,0.2503735391555751
showcase,70,35,105,0.0010536699098775948,0.001093620036351314,-0.05368860493357574,0.05368860493357574,0.2503735391555751
tubes,66,33,99,0.000993887219955462,0.0010320076399371553,-0.0542995927842697,0.0542995927842697,0.25005886580141296
recall,60,30,90,0.0009042131850722624,0.0009395890453159176,-0.055366938115978856,0.055366938115978856,0.24975247914719334
read,56,28,84,0.0008444304951501293,0.0008779766489017591,-0.0562038895772411,0.0562038895772411,0.2496942806499732
windows,122,57,179,0.0018308448788653246,0.0017713563969070578,0.04765505023050806,-0.04765505023050806,0.24747061957403393
ingredient,240,113,353,0.0035944342315682495,0.0034965034965034965,0.03985175865143993,-0.03985175865143993,0.23390180403584857
gran,109,51,160,0.0016365511366183921,0.0015865192076645821,0.044793694590267795,-0.044793694590267795,0.2276148752147677
exactly,421,209,630,0.0062996009505447694,0.006453898524383106,-0.03491045058495653,0.03491045058495653,0.22507835272034554
leaves,227,107,334,0.003400140489321317,0.003311666307261021,0.03803704766891116,-0.03803704766891116,0.22115236019230183
concepts,177,88,265,0.002652856865294654,0.002726348541326515,-0.0394231735186401,0.0394231735186401,0.22011914382178743
necessity,132,62,194,0.001980301603670657,0.001925387387942454,0.040571426960787464,-0.040571426960787464,0.21393311645453358
region,4870,2399,7269,0.07279289781643725,0.0739194725978867,-0.022156765536636893,0.022156765536636893,0.19700713713447332
exist,1211,598,1809,0.018106682210166047,0.01843750962693694,-0.02612158531984283,0.02612158531984283,0.19594015670000212
functional,346,164,510,0.005178675514504775,0.005067619605064539,0.03127493057428524,-0.03127493057428524,0.19504202596920453
offered,79,37,116,0.0011881809622023942,0.0011552324327654725,0.04057142696078715,-0.04057142696078715,0.19320819197021152
checked,119,56,175,0.0017860078614237247,0.0017405501986999783,0.03719500773787375,-0.03719500773787375,0.19231619220399643
enhancements,210,104,314,0.0031460640571522517,0.0032192477126397833,-0.033175546842173734,0.033175546842173734,0.19084474304236676
suppress,465,221,686,0.0069572105396882335,0.006823572902868057,0.02798163117608842,-0.02798163117608842,0.1827853688838804
sections,62,29,91,0.0009341045300333288,0.0009087828471088383,0.03964839747255873,-0.03964839747255873,0.1792816707897161
ground,476,235,711,0.007121612936974099,0.007254859677767167,-0.026743683530528396,0.026743683530528396,0.17565459706665582
kept,87,43,130,0.0013077463420466603,0.001340069622007948,-0.03522522184408666,0.03522522184408666,0.17172990724345802
organized,81,40,121,0.0012180723071634608,0.00124765102738671,-0.034614686481234114,0.034614686481234114,0.16628968231269245
prefers,79,39,118,0.0011881809622023942,0.001216844829179631,-0.0343906307204348,0.0343906307204348,0.16435707121895304
eliminated,79,39,118,0.0011881809622023942,0.001216844829179631,-0.0343906307204348,0.0343906307204348,0.16435707121895304
popular,491,242,733,0.007345798024182098,0.007470503065216722,-0.024286168561596596,0.024286168561596596,0.16025250252414913
held,152,72,224,0.0022792150532813223,0.002233449370013247,0.029263504607626986,-0.029263504607626986,0.15849407907527943
device,73,36,109,0.0010985069273191947,0.001124426234558393,-0.033645051871339995,0.033645051871339995,0.15814790572730106
kerr,69,34,103,0.0010387242373970616,0.0010628138381442347,-0.03307622188234887,0.03307622188234887,0.1536189038883618
kev,1676,824,2500,0.025056419913614014,0.025399710421736853,-0.019631753471369723,0.019631753471369723,0.1536075935650514
property,467,230,697,0.0069871018846493,0.00710082868673177,-0.023293223482026084,0.023293223482026084,0.15252913096991627
copious,67,33,100,0.0010088328924359952,0.0010320076399371553,-0.032766431234628496,0.032766431234628496,0.15122102905460225
implementing,223,106,329,0.003340357799399184,0.0032808601090539417,0.02592856312979249,-0.02592856312979249,0.15036213998669565
turned,128,63,191,0.001920518913748524,0.001956193586149533,-0.026552975405974785,0.026552975405974785,0.13960214531047993
ask,70,33,103,0.0010536699098775948,0.0010320076399371553,0.029969324113334073,-0.029969324113334073,0.13918925616538685
feasibility,348,166,514,0.005208566859465842,0.0051292320014786974,0.022143640969473972,-0.022143640969473972,0.13826859000177083
resorting,57,28,85,0.0008593761676306625,0.0008779766489017591,-0.030892801048053645,0.030892801048053645,0.13760726482209526
four-point,55,27,82,0.000829484822669596,0.0008471704506946798,-0.030436685002240855,0.030436685002240855,0.13449485965461558
curvaton,122,60,182,0.0018308448788653246,0.0018637749915282956,-0.025718136099711124,0.025718136099711124,0.1339782738883362
colliding,118,58,176,0.0017710621889431915,0.001802162595114137,-0.025114308512832556,0.025114308512832556,0.12999542129247488
theoretically,399,196,595,0.005970796155973038,0.006053417947691075,-0.01982664715831684,0.01982664715831684,0.12669704696263193
tied,97,46,143,0.001457203066851993,0.0014324882166291857,0.02467866481389204,-0.02467866481389204,0.12264835660785894
package,370,177,547,0.005537371654037573,0.005468100181756569,0.01816168008610229,-0.01816168008610229,0.1145325542964428
covered,345,165,510,0.005163729842024242,0.005098425803271619,0.018361655753353443,-0.018361655753353443,0.1145100715660023
appeared,100,49,149,0.0015020400842935928,0.0015249068112504235,-0.021797766728368036,0.021797766728368036,0.10922065930163795
weakened,98,48,146,0.0014721487393325264,0.0014941006130433443,-0.021353860558438516,0.021353860558438516,0.10656500158436075
realizations,432,207,639,0.006464003347830635,0.006392286127968948,0.01609595846211249,-0.01609595846211249,0.10400352337085118
note,658,322,980,0.009841725328431153,0.009934998921783064,-0.0136085578817893,0.0136085578817893,0.09374353703889493
expansions,107,51,158,0.0016066597916573257,0.0015865192076645821,0.018199484578554935,-0.018199484578554935,0.09225144385847941
screened,88,43,131,0.0013226920145271936,0.001340069622007948,-0.018830783593418027,0.018830783593418027,0.09194698633374943
advantageous,57,27,84,0.0008593761676306625,0.0008471704506946798,0.02063749959202836,-0.02063749959202836,0.09168521349334319
dim,82,39,121,0.001233017979643994,0.001216844829179631,0.019048628241025677,-0.019048628241025677,0.09151001094318759
written,186,89,275,0.0027873679176194533,0.002757154739533594,0.015723205163294222,-0.015723205163294222,0.0883707159116272
opening,268,131,399,0.00401291306102318,0.004051015064230923,-0.01363354913457714,0.01363354913457714,0.08168492629107364
concerned,80,39,119,0.0012031266346829276,0.001216844829179631,-0.016356707890173,0.016356707890173,0.07830760396330118
illustrating,80,39,119,0.0012031266346829276,0.001216844829179631,-0.016356707890173,0.016356707890173,0.07830760396330118
applicability,192,92,284,0.002877041952502653,0.002849573334154832,0.013840337238264371,-0.013840337238264371,0.07823235649055865
exploited,169,81,250,0.002533291485450388,0.00251070515387696,0.012920471077579102,-0.012920471077579102,0.07139145489057665
establishing,207,101,308,0.0031012270397106517,0.0031268291180185453,-0.011861228778576335,0.011861228778576335,0.06800447255093914
scale-invariant,244,119,363,0.0036542169214903823,0.003681340685745972,-0.010668990856202017,0.010668990856202017,0.06291668069143275
attainable,70,34,104,0.0010536699098775948,0.0010628138381442347,-0.012465942207062918,0.012465942207062918,0.058016000759025986
kinds,238,116,354,0.003564542886607183,0.003588922091124734,-0.0098335264764557,0.0098335264764557,0.057743625755673024
obey,152,74,226,0.0022792150532813223,0.002295061766427405,-0.009995925839600128,0.009995925839600128,0.05422739805828152
second-generation,68,33,101,0.0010237785649165284,0.0010320076399371553,-0.01154994532493276,0.01154994532493276,0.053418183122733776
measurable,267,130,397,0.0039979673885426475,0.004020208866023844,-0.008003753109062246,0.008003753109062246,0.047914083849547234
implemented,692,337,1029,0.010349878192769283,0.010397091894889252,-0.0065662688293298644,0.0065662688293298644,0.04555226921081021
employing,570,275,845,0.008526506150144227,0.008487107606050337,0.006681729889837046,-0.006681729889837046,0.04503832967810616
inevitably,127,61,188,0.0019055732412679909,0.0018945811897353748,0.008346093691930958,-0.008346093691930958,0.04374811169708721
submitted,64,31,95,0.0009639958749943953,0.0009703952435229968,-0.00954550590434947,0.00954550590434947,0.043569012611163055
maintained,103,50,153,0.0015468771017351926,0.001555713009457503,-0.008217363080156683,0.008217363080156683,0.04139046835157289
circumstances,129,62,191,0.0019354645862290573,0.001925387387942454,0.007531165196779834,-0.007531165196779834,0.03959506616804667
user,104,50,154,0.0015618227742157259,0.001555713009457503,0.005654811501400824,-0.005654811501400824,0.02851961835760875
energetically,58,28,86,0.0008743218401111958,0.0008779766489017591,-0.006018132409024234,0.006018132409024234,0.026876426384599594
frozen,77,37,114,0.0011582896172413278,0.0011552324327654725,0.0038128769506693846,-0.0038128769506693846,0.018091842344726862
rejection,145,70,215,0.0021745953459175894,0.002171836973599088,0.0018311526818031749,-0.0018311526818031749,0.009842955471669558
runs,376,182,558,0.005627045688920773,0.0056221311727919655,0.0012605630768613419,-0.0012605630768613419,0.00797451044456515
sourced,190,92,282,0.002847150607541586,0.002849573334154832,-0.0012271108506774324,0.0012271108506774324,0.006927589145021265
consisting,598,290,888,0.008944984979599157,0.008949200579156526,-0.0006797542887139716,0.0006797542887139716,0.004615597716625459
grounds,83,40,123,0.0012479636521245273,0.00124765102738671,0.0003614517617403082,-0.0003614517617403082,0.0017422992639722717
